"Id","Fuente","Título","Autores","Año","Revista","DOI","Id base","Tipo de documento","Idioma","Acceso abierto","Palabras clave autor","Palabras clave índice","Resumen","Enlace","Fila origen"
"R001","Scopus","A Microservices-Based Large-Scale Intelligence Framework for Adaptive Anomaly Detection in Distributed Data Streams","Somla; Malladi S.","2026","International Journal of Artificial Intelligence and Machine Learning","10.51483/ijaiml.6.2s.2026.46-54","2-s2.0-105042653358","Article","","All Open Access; Hybrid Gold Open Access","adaptive intelligence; anomaly detection; distributed systems; ensemble methods; Kubernetes; machine learning; microservices","","In the era of modern cloud-native systems, where many services run in the cloud and are distributed in the form of microservices, the conventional monolithic anomaly detection framework is no longer sufficient to process data streams that are generated at a high rate and volume. This study introduces the Microservices-Based Large-Scale Intelligence Framework (MSILF), an adaptive modular framework for real-time anomaly detection in heterogeneous distributed data streams. The MSILF combines a multi-layer ensemble consisting of a MultiLayer perceptron (MLP) classifier, a Local Outlier Factor (LOF) detector, and a Variational Autoencoder (VAE) through a weighted fusion module and is continuously updated by a reinforcement learning (RL) agent. The framework was dockerized and orchestrated using Kubernetes, resulting in horizontal scalability and fault tolerance. An F1 score of 91.9% and end-to-end detection latency of 38 ms were achieved through experimental evaluation on a synthetic microservice telemetry benchmark, outperforming five comparative baselines, including recent deep-learning-based approaches. The results confirmed the effectiveness of using ensemble intelligence with adaptive threshold management in production-scale microservices. © 2026, SvedbergOpen. All rights reserved.","https://www.scopus.com/pages/publications/105042653358?origin=resultslist","2"
"R002","Scopus; WoS","Cloud-Driven Data Analytics for Growing Plants Indoor","Kharraz N.; Szabó I.","2025","AgriEngineering","10.3390/agriengineering7040101","2-s2.0-105003466743","Article","English","All Open Access; Gold Open Access; Green Open Access","artificial intelligence; cloud computing; data analytics; IoT; precision agriculture; Raspberry Pi; real-time data processing; sustainable farming","AGRICULTURE; GROWTH","The integration of cloud computing, IoT (Internet of Things), and artificial intelligence (AI) is transforming precision agriculture by enabling real-time monitoring, data analytics, and dynamic control of environmental factors. This study develops a cloud-driven data analytics pipeline for indoor agriculture, using lettuce as a test crop due to its suitability for controlled environments. Built with Apache NiFi (Niagara Files), the pipeline facilitates real-time ingestion, processing, and storage of IoT sensor data measuring light, moisture, and nutrient levels. Machine learning models, including SVM (Support Vector Machine), Gradient Boosting, and DNN (Deep Neural Networks), analyzed 12 weeks of sensor data to predict growth trends and optimize thresholds. Random Forest analysis identified light intensity as the most influential factor (importance: 0.7), while multivariate regression highlighted phosphorus (0.54) and temperature (0.23) as key contributors to plant growth. Nitrogen exhibited a strong positive correlation (0.85) with growth, whereas excessive moisture (–0.78) and slightly elevated temperatures (–0.24) negatively impacted plant development. To enhance resource efficiency, this study introduces the Integrated Agricultural Efficiency Metric (IAEM), a novel framework that synthesizes key factors, including resource usage, alert accuracy, data latency, and cloud availability, leading to a 32% improvement in resource efficiency. Unlike traditional productivity metrics, IAEM incorporates real-time data processing and cloud infrastructure to address the specific demands of modern indoor farming. The combined approach of scalable ETL (Extract, Transform, Load) pipelines with predictive analytics reduced light use by 25%, water by 30%, and nutrients by 40% while simultaneously improving crop productivity and sustainability. These findings underscore the transformative potential of integrating IoT, AI, and cloud-based analytics in precision agriculture, paving the way for more resource-efficient and sustainable farming practices. © 2025 by the authors.","https://www.scopus.com/pages/publications/105003466743?origin=resultslist","3"
"R003","Scopus","EdgeTwin-DRL: Real-Time Counter-UAS Detection and Response Optimization Using Edge-Assisted Digital Twins and Multi-Agent Deep Reinforcement Learning","Alnaim A.K.; Alwakeel A.M.","2026","Sensors","10.3390/s26175632","2-s2.0-105050300619","Article","","All Open Access; Gold Open Access; Green Open Access","airspace security; counter-drone systems; deep reinforcement learning; digital twin; drone intrusion detection; edge computing; multi-agent reinforcement learning; real-time response optimization","Air traffic control; Aircraft detection; Decision support systems; Deep learning; Deep reinforcement learning; Digital avionics; Digital twin; Drones; E-learning; Edge computing; Fighter aircraft; Intelligent agents; Multi agent systems; Network security; Airspace security; Counter-drone system; Drone intrusion detection; Drone system; Edge computing; Intrusion-Detection; Multi-agent reinforcement learning; Optimisations; Real time response; Real-time response optimization; Reinforcement learnings; aircraft; article; cloud computing; controlled study; decision support system; deep reinforcement learning; digital twin; drone; human; radiofrequency; reaction time; resource allocation; simulation; simulator; Reinforcement learning","The time available for a counter-drone system to detect an unauthorized aircraft and determine an appropriate response can be limited. Although cloud processing remains useful for storage and offline analysis, communication delays may constrain its use in time-critical decision loops. This paper proposes EdgeTwin-DRL, an edge-assisted digital twin framework that integrates multimodal sensing and multi-agent deep reinforcement learning (DRL) for counter-drone detection and response optimization. The digital twin maintains a synchronized representation of the protected airspace using radar, electro-optical/infrared (EO/IR), radio-frequency (RF), and acoustic observations. This synchronized state is used by cooperative DRL actors to adjust computational-resource allocation, detection sensitivity, and candidate countermeasures, while a model-based forward-evaluation assesses proposed responses before they are passed to the simulated response pathway. The framework is evaluated in a simulation testbed in which the RF sensing models are calibrated and independently validated using publicly available datasets, while the remaining sensing components are parameterized using published experimental measurements. Within this calibrated simulation environment, EdgeTwin-DRL achieved a false-positive rate of 1.4% and reduced mean detection-to-response latency by up to 72% relative to the Cloud-DRL baseline and by 26% relative to the MAPPO baseline without calibrated, environment-dependent sensing under the communication and computational assumptions used in the simulator. The evaluation was conducted across modeled urban, suburban, and open-field conditions. These results demonstrate the comparative performance of the proposed architecture within the simulated environment and motivate further investigation of edge-assisted digital twins for counter-drone decision support. Hardware-in-the-loop and controlled field validation are required before operational deployment. © 2026 by the authors.","https://www.scopus.com/pages/publications/105050300619?origin=resultslist","4"
"R004","Scopus; WoS","Secure Fog Computing for Remote Health Monitoring with Data Prioritisation and AI-Based Anomaly Detection","Fahd K.; Parvin S.; Di Serio A.; Venkatraman S.","2025","Sensors","10.3390/s25237329","2-s2.0-105024630931","Article","English","All Open Access; Gold Open Access; Green Open Access","AI-based anomaly detection; edge computing; fog computing; intelligent data prioritisation; smart remote healthcare monitoring","Algorithms; Artificial Intelligence; Cloud Computing; Computer Security; Humans; Monitoring, Physiologic; Remote Sensing Technology; Telemedicine; Wearable Electronic Devices; Anomaly detection; Data privacy; Digital storage; Diseases; Edge computing; Embedded systems; Fog; Information management; Medical computing; Patient treatment; Remote patient monitoring; AI-based anomaly detection; Anomaly detection; Data prioritization; Edge computing; Healthcare monitoring; Intelligent data; Intelligent data prioritization; Real- time; Remote health monitoring; Smart remote healthcare monitoring; algorithm; artificial intelligence; cloud computing; computer security; human; physiologic monitoring; procedures; remote sensing; telemedicine; wearable electronic device; Fog computing","Smart remote health monitoring requires time-critical medical data of patients from IoT-enabled cyber–physical systems (CPSs) to be securely transmitted and analysed in real time for early interventions and personalised patient care. Existing cloud architectures are insufficient for smart health systems due to their inherent issues with latency, bandwidth, and privacy. Fog architectures using data storage closer to edge devices introduce challenges in data management, security, and privacy for effective monitoring of a patient’s sensitive and critical health data. These gaps found in the literature form the main research focus of this study. As an initial modest step to advance research further, we propose an innovative fog-based framework which is the first of its kind to integrate secure communication with intelligent data prioritisation (IDP) integrated into an AI-based enhanced Random Forest anomaly and threat detection model. Our experimental study to validate our model involves a simulated smart healthcare scenario with synthesised health data streams from distributed wearable devices. Features such as heart rate, SpO2, and breathing rate are dynamically prioritised using AI strategies and rule-based thresholds so that urgent health anomalies are transmitted securely in real time to support clinicians and medical experts for personalised early interventions. We establish a successful proof-of-concept implementation of our framework by achieving high predictive performance measures with an initial high score of 93.5% accuracy, 90.8% precision, 88.7% recall, and 89.7% F1-score. © 2025 by the authors.","https://www.scopus.com/pages/publications/105024630931?origin=resultslist","5"
"R005","Scopus; WoS","Memory-efficient deep learning for botnet attack detection in iot networks","Popoola S.I.; Adebisi B.; Ande R.; Hammoudeh M.; Atayero A.A.","2021","Electronics (Switzerland)","10.3390/electronics10091104","2-s2.0-85105391955","Article","English","All Open Access; Gold Open Access; Green Open Access","Botnet; Cybersecurity; Deep learning; Internet of Things; Intrusion detection; Machine learning; Network traffic","INTRUSION DETECTION SYSTEM; INTERNET; THINGS; MITIGATION; FRAMEWORK","Cyber attackers exploit a network of compromised computing devices, known as a botnet, to attack Internet-of-Things (IoT) networks. Recent research works have recommended the use of Deep Recurrent Neural Network (DRNN) for botnet attack detection in IoT networks. However, for high feature dimensionality in the training data, high network bandwidth and a large memory space will be needed to transmit and store the data, respectively in IoT back-end server or cloud platform for Deep Learning (DL). Furthermore, given highly imbalanced network traffic data, the DRNN model produces low classification performance in minority classes. In this paper, we exploit the joint advantages of Long Short-Term Memory Autoencoder (LAE), Synthetic Minority Oversampling Technique (SMOTE), and DRNN to develop a memory-efficient DL method, named LS-DRNN. The effectiveness of this method is evaluated with the Bot-IoT dataset. Results show that the LAE method reduced the dimensionality of network traffic features in the training set from 37 to 10, and this consequently reduced the memory space required for data storage by 86.49%. SMOTE method helped the LS-DRNN model to achieve high classification performance in minority classes, and the overall detection rate increased by 10.94%. Furthermore, the LS-DRNN model outperformed state-of-the-art models. © 2021 by the authors. Licensee MDPI, Basel, Switzerland.","https://www.scopus.com/pages/publications/85105391955?origin=resultslist","6"
"R006","Scopus","Enhancing Advanced Persistent Threat Detection with Federated Learning and Neural Networks for Secure Cloud Computer Environment","Hasan B.F.; Kassara W.A.; Zahi B.R.","2025","Mesopotamian Journal of CyberSecurity","10.58496/MJCS/2025/068","2-s2.0-105026413411","Article","","All Open Access; Hybrid Gold Open Access","Advanced Persistent Threats (APTs); Convolution neural networks (CNN) model; Exploratory Data Analysis (EDA); federated learning (FL); Gated Recurrent Unit (GRU) model","","Rapid internet expansion and global cloud storage use have heightened the risk of stealthy, persistent, multi-stage Advanced Persistent Threats (APTs). Distributed and resource-limited cloud environments make identifying these stealthy and dynamic threats difficult for traditional Intrusion Detection Systems (IDSs). This paper present FedNN-APT, a Federated Learning (FL) and hybrid Neural Network (NN) APT detection system to overcome these difficulties. High detection accuracy and distributed, privacy-preserving training over several cloud devices are achieved by this approach. FedNN-APT integrates Gated Recurrent Units (GRUs) and Convolutional Neural Networks (CNNs) to learn temporal and spatial APT behavior features effectively. The framework trains local models on partitioned datasets using GRU-CNN, 1D-CNN, and GRU-Recurrent Neural Network (RNN) models, then selects the optimal model for federated aggregation. The final global model is collaboratively built while preserving data confidentiality. The system is evaluated using an APT Malware dataset consisting of 11,107 samples. Experimental findings reveal that the hybrid GRU-CNN model outperforms other models with an average accuracy of 0.9977, precision of 0.9989, recall of 1.00, and F1-score of 0.9988. The federated model has 0.99global accuracy across four clients. A comparative evaluation with current APT detection systems underscores the superiority of FedNN-APT, especially regarding detection accuracy and flexibility in resource-limited environments. Finally, in this paper introduced FedNN-APT, an advanced approach that combines federated learning and neural networks for the detection of APT attacks while enhancing data privacy via a cloud environment and the findings indicate that incorporating deep learning models into a federated learning framework offers a promising direction for future study in safe and scalable threat detection in cloud systems. © 2025, Mesopotamian Academic Press. All rights reserved.","https://www.scopus.com/pages/publications/105026413411?origin=resultslist","7"
"R007","Scopus; WoS","Optimizing Alzheimer's Data Analysis Through Multi-Cloud Integration: A Performance and Reliability Approach","Kottapalli R.; Ganteda C.; Bindu I.B.N.H.; Yarlagadda V.O.; Vanga V.V.V.R.; Gorumutchu B.V.; Shaik K.; Ahmad H.; Abdelfattah W.M.; Oqilat O.","2026","Results in Control and Optimization","10.1016/j.rico.2026.100687","2-s2.0-105035076026","Article","English","All Open Access; Gold Open Access","Advanced Classification; Alzheimer's Disease; and Data Handling; Cloud Computing; Cloud Platforms; Comparative Study; Data Analysis; Data Management; Deep Learning; Infrastructure Management; Model Performance; Multi-Cloud Integration; Performance Degradation; Performance Optimization; Predictive Analytics; Predictive Modeling; Proactive Maintenance; Reliability; Scalability; Scalability Challenges","DISEASE PREDICTION; DIAGNOSIS; SYSTEM","Research in Alzheimer's disease demands extensive computational resources and efficient data management due to the large scale and complexity of multimodal biomedical data. This work proposes a multi-cloud integration strategy to enhance performance, scalability, and reliability by leveraging the complementary strengths of Google Cloud Platform (GCP), Microsoft Azure, and Amazon Web Services (AWS). The proposed infrastructure supports scalable computing and storage through AWS, advanced analytics and machine learning workflows via Azure, and high-performance data processing using GCP. Core components include AWS S3 and Azure Blob Storage for resilient data storage, Apache Kafka for real-time data streaming, and Apache Spark for distributed processing. The system is optimized to improve model accuracy (94%), reduce training time (128 minutes), and enable efficient hyperparameter tuning and feature extraction for state-of-the-art deep learning models such as YOLOv4 and EfficientNetB2 used in Alzheimer's detection and classification. Automated scaling and load balancing mechanisms ensure optimal resource utilization, low latency (24ms), and high fault tolerance under varying workloads. Additionally, the architecture demonstrates strong scalability, allowing seamless expansion across cloud environments as data volume and computational demands increase. Performance monitoring and reliability are ensured through cloud-native observability tools such as Prometheus and Grafana, while robust security measures—including data encryption and fine-grained access control—protect sensitive medical data. Overall, the proposed multi-cloud approach significantly enhances the efficiency, reliability, and performance of Alzheimer's disease assessment, providing a robust and scalable solution for advanced research, with further optimization and refinement identified as future work. © 2026 The Author(s)","https://www.scopus.com/pages/publications/105035076026?origin=resultslist","8"
"R008","Scopus; WoS","Dual level dengue diagnosis using lightweight multilayer perceptron with XAI in fog computing environment and rule based inference","R D.; T.S P.K.","2025","Scientific Reports","10.1038/s41598-025-98365-6","2-s2.0-105004917858","Article","English","All Open Access; Gold Open Access; Green Open Access","","Algorithms; Cloud Computing; Deep Learning; Dengue; Dengue Virus; Humans; Machine Learning; Multilayer Perceptrons; Neural Networks, Computer; algorithm; artificial neural network; cloud computing; deep learning; dengue; Dengue virus; diagnosis; human; machine learning; multilayer perceptron","Over the last fifty years, arboviral infections have made an unparalleled contribution to worldwide disability and morbidity. Globalization, population growth, and unplanned urbanization are the main causes. Dengue is regarded as the most significant arboviral illness among them due to its prior dominance in growth. The dengue virus is mostly transmitted to humans by Aedes mosquitoes. The human body infected with dengue virus (DenV) will experience certain adverse impacts. To keep the disease under control, some of the preventative measures implemented by different countries need to be updated. Manual diagnosis is typically employed, and the accuracy of the diagnosis is assessed based on the experience of the healthcare professionals. Because there are so many patients during an outbreak, incompetence also happens. Remote monitoring and massive data storage are required. Though cloud computing is one of the solutions, it has a significant latency, despite its potential for remote monitoring and storage. Also, the diagnosis should be made as quickly as possible. The aforementioned issue has been resolved with fog computing, which significantly lowers latency and facilitates remote diagnosis. This study especially focuses on incorporating machine learning and deep learning techniques in the fog computing environment to leverage the overall diagnostic efficiency of dengue by promoting remote diagnosis and speedy treatment. A dual-level dengue diagnosis framework has been proposed in this study. Level-1 diagnosis is based on the symptoms of the patients, which are sent from the edge layer to the fog. Level-1 diagnosis is done in the fog to manage the storage and computation issues. An optimized and normalized lightweight MLP has been proposed along with preprocessing and feature reduction techniques in this study for the Level-1 Diagnosis in the fog computing environment. Pearson Correlation coefficient has been calculated between independent and target features to aid in feature reduction. Techniques like K-fold cross-validation, batch normalization, and grid search optimization have been used for increasing the efficiency. A variety of metrics have been computed to assess the effectiveness of the model. Since the suggested model is a “black box,” explainable artificial intelligence (XAI) tools such as SHAP and LIME have been used to help explain its predictions. An exceptional accuracy of 92% is attained with the small dataset using the proposed model. The fog layer sends the list of probable cases to the edge layer. Also, a precision of 100% and an F1 score of 90% have been attained using the proposed model. The list of probable cases is sent from the fog layer to the edge layer, where Level-2 Diagnosis is carried out. Level-2 diagnosis is based on the serological test report of the suspected patients of the Level-1 diagnosis. Level-2 diagnosis is done at the edge using the rule-based inference method. This study incorporates dual-level diagnosis, which is not seen in recent studies. The majority of investigations end at Level 1. However, this study minimizes incorrect treatment and fatality rates by using dual-level diagnosis and assisting in confirmation of the disease. © The Author(s) 2025.","https://www.scopus.com/pages/publications/105004917858?origin=resultslist","9"
"R009","Scopus; WoS","Learning-based orchestration for low-latency AI deployment in hybrid cloud–edge platforms","Albugmi A.","2026","Scientific Reports","10.1038/s41598-026-58531-w","2-s2.0-105049667607","Article","English","All Open Access; Gold Open Access; Green Open Access","Adaptive orchestration; Cloud–edge computing; Deep learning deployment; Distributed AI; Inference optimization; MLPerf benchmark; Model placement; Resource-aware scheduling","alanine aminotransferase; article; benchmarking; deep learning; hybrid; latent period; learning; nerve cell network; nonhuman; residual neural network; telemetry; workload","The rapid growth of AI-driven applications in hybrid cloud–edge environments poses substantial challenges to ensuring low latency, high throughput, and effective resource utilization. Conventional deployment models, which are typically fixed or policy-driven, are not sufficiently flexible to respond dynamically to changing workloads and heterogeneous hardware environments. In this work, we introduce and analyze a resource-conscious deep learning-based scheduling system for managing the deployment of AI models on distributed cloud edges. The framework improves inference performance by leveraging real-time system telemetry and model features generated by benchmarks, while maintaining quality of service (QoS) compliance. The proposed system uses a fully connected neural network trained on structured features derived from the MLPerf Inference Benchmark, including compute complexity, memory footprint, and input dimensions. It is guided by real-time data from a hybrid infrastructure (NVIDIA A100/V100 GPUs and Jetson Xavier edge devices) to inform scheduling. Four MLPerf inference workloads – ResNet 50, BERT, SSD ResNet34, and DLRM – were tested and contrasted across various batch sizes and latency thresholds. Generalization experiments with unseen models such as GPT 2 and YOLOv5 yielded > 90% success rates in deployment, with the latency reduction and throughput gain results as presented above. Results of the generalization experiments with unseen models, including GPT 2 and YOLOv5, demonstrated deployment success rates > 90% for the various profiling conditions evaluated, with the latency reduction and throughput improvements as shown above. The results show that learning-based orchestration can be used to deliver space- and resource-aware orchestration solutions that are adaptive for low-latency deployment of AI services in hybrid cloud edge systems, but the effectiveness of the solution will depend on the representativeness of the profiling data and similarity of training and deployment environments. © The Author(s) 2026.","https://www.scopus.com/pages/publications/105049667607?origin=resultslist","10"
"R010","Scopus; WoS","Cognitive ZTNA: A Neuro-Symbolic AI Approach for Adaptive and Explainable Zero Trust Access Control","Alzahrani A.","2026","Mathematics","10.3390/math14071211","2-s2.0-105035552813","Article","English","All Open Access; Gold Open Access; Green Open Access","adaptive trust computation; explainable security; federated access control; hybrid AI systems; neuro-symbolic reasoning; OWL ontologies; transformer-based security; zero trust network access","","Zero Trust Network Access (ZTNA) has emerged as a fundamental paradigm for securing cloud-native and distributed computing environments. However, existing ZTNA implementations remain largely limited by static policy enforcement and opaque machine-learning-based anomaly detection mechanisms, which often lack contextual adaptability, policy awareness, and interpretable decision-making capabilities. These limitations create significant challenges in dynamic multi-cloud environments where access behavior continuously evolves and security decisions must be both accurate and explainable. To address these challenges, this study proposes Cognitive ZTNA framework, a unified neuro-symbolic trust enforcement framework that integrates transformer-based behavioral trust modeling with ontology-guided symbolic reasoning. The proposed architecture enables continuous trust evaluation by combining behavioral access patterns with explicit policy semantics through a hybrid trust fusion mechanism. This design allows the system to capture long-range behavioral dependencies while maintaining policy-compliant and interpretable access control decisions. The framework is evaluated using the CloudZT-Bench-2025 dataset, comprising 4.2 million cross-platform access events derived from enterprise security telemetry, AWS CloudTrail logs, and simulated adversarial scenarios. Experimental results demonstrate that Cognitive ZTNA achieves Precision = 0.96, Recall = 0.93, and F1-score = 0.95, significantly outperforming rule-based and machine-learning baselines while reducing the false positive rate to 0.03. In addition, the system maintains real-time feasibility with an average decision latency of 24 ms and explanation latency below 5 ms, while achieving 92% analyst-rated explanation sufficiency. These findings demonstrate that integrating behavioral intelligence with symbolic policy reasoning enables adaptive, interpretable, and policy-aware Zero Trust enforcement. The proposed framework therefore provides a practical foundation for next-generation ZTNA systems capable of supporting secure, transparent, and context-aware access control in modern cloud environments. © 2026 by the author.","https://www.scopus.com/pages/publications/105035552813?origin=resultslist","11"
"R011","Scopus; WoS","Overhead Reduction Technique for Software-Defined Network Based Intrusion Detection Systems","Janabi A.H.; Kanakis T.; Johnson M.","2022","IEEE Access","10.1109/ACCESS.2022.3184722","2-s2.0-85133708803","Article","English","All Open Access; Gold Open Access; Green Open Access","CSE-CIC-IDS2018 dataset; distribution process; intrusion detection system (IDS); machine learning (ML); Naive Bayes (NB); Naive Bayesa-protection system based distribution process (NB-PSDP); software-defined network (SDN)","Barium compounds; Bayesian networks; Computer crime; Data structures; Digital storage; Feature Selection; Intrusion detection; Learning systems; Network security; Software defined networking; Cancer; CSE-CIC-ids2018 dataset; Distribution process; Features extraction; Intrusion detection system; Intrusion Detection Systems; Intrusion-Detection; Machine learning; Machine-learning; Naive baye; Naive baye - protection system based distribution process; Naive bayes; Protection systems; Security; Software-defined network; Software-defined networks; Process control","In Software-Defined Networks, the Intrusion Detection System is receiving growing attention, due to the expansion of the internet and cloud storage. This system is vital for institutions that use cloud services and have many users. Although the Intrusion Detection System offers several security features, its performance is lagging behind in large enterprise networks. Existing approaches are based on centralised processing and use many features to implement a protection system. Therefore, system overload and poor performance occur on the controller and OpenFlow switches. As a result, the current solutions create issues that must be considered, especially when they are implemented on large networks. Furthermore, enhancements in security applications improve the reliability of networks. Following a literature review of the existing Intrusion Detection Systems, this paper presents a new model that offers decentralised processing and exchanges data over an independent channel, in order to solve issues relating to system overload and poor performance. Our model utilises an appropriate feature selection method to reduce the number of extracted features and minimise the data transmitted over the channels. Additionally, the Naive Bayes algorithm has been employed for flow classification purposes, since it is a fast classifier. We successfully implemented our framework, using the Mininet emulator, which provides a suitable networking environment. Evaluations indicate that our proposed system can detect various attacks with an accuracy of 98.46% and nominal decreasing rates of 1.5% in throughput and 0.7% in latency analyses, when the model is implemented in wide range networks.  © 2013 IEEE.","https://www.scopus.com/pages/publications/85133708803?origin=resultslist","12"
"R012","Scopus; WoS","Enhancing organizational security through proactive cybersecurity risk management and continuous threat monitoring systems","Almaiah M.A.; Alqutaish A.","2026","Telematics and Informatics Reports","10.1016/j.teler.2026.100369","2-s2.0-105050799617","Article","English","All Open Access; Gold Open Access","Anomaly detection; Automated incident response; Cybersecurity monitoring; Risk-adaptive security management; Threat intelligence analytics","","The fact that digital infrastructures are growing at a high rate has increased the type and frequency of risk to and occurrence of cybersecurity challenges to modern organizations. The conventional surveillance means will tend to either use the predetermined principles of detection or separate anomaly detection models that limit their ability to effectively prioritize security occurrences and respond to the appeared threats. This leads to the relevance of dynamic monitoring systems which integrate the behavioral detection as well as the situational risk assessment. The proposed research presents a Risk-Adaptive Continuous Threat Monitoring (RA-CTM) model, which includes the integration of anomaly-based behavioral detection and automatic response mechanisms and contextual estimation of risk. The framework has adopted various enterprise security telemetry including network traffic log, system events and cloud monitoring. The identified anomalies are examined with the aid of likelihood-impact risk model to quantify the degree of cybersecurity risk and enable the adaptive responses. Experimental evaluation demonstrates that the proposed framework achieves a detection accuracy of 95.2%, with a precision of 93.8%, recall of 94.5%, and an F1-score of 94.1%. The comparative analysis indicates that the performance is excellent compared to the performance of the conventional intrusion detection systems and baseline anomaly detection models, which are Isolation Forest, Local Outlier Factor, and One-Class Support Vector Machine. Behavioral anomaly detection and contextual risk modeling are useful to a considerable extent in improving the functionality of cybersecurity monitoring and encouraging proper prioritization of security incidents within the enterprise environment. © 2026 The Author(s). Published by Elsevier B.V. This is an open access article under the CC BY license. http://creativecommons.org/licenses/by/4.0/","https://www.scopus.com/pages/publications/105050799617?origin=resultslist","13"
"R013","Scopus","Intrusion Detection System: An Ensemble Deep Learning Approach for Cloud Computing Using EBWO","Moudiappa V.A.; Nataraj K.; Rajavarman V.N.","2025","Current Applied Science and Technology","10.55003/cast.2025.262276","2-s2.0-86000775868","Article","","All Open Access; Gold Open Access","cloud; darknet convolutional neural network; enhanced black widow optimization algorithm; Hierarchical Multi-scale LSTM; intrusion detection system","","Cloud computing is the industry standard for data storage, sharing, processing, and other services. It experienced numerous security problems as a result of the regular attacks. These security issues are worsened by the variety of attack situations that exist. One of the most established safety measures applied to cloud computing is the intrusion detection system (IDS). An effective security model is necessary for the IDS system, though, to increase cloud security. In this study, we used ensemble categorization methods and a feature selection algorithm to construct an effective IDS for the cloud environment. The proposed BOT-IOT, CSE-CIC-IDS 2018, and Ciciddos datasets were pre-processed, which involved cleaning the data, applying one hot encoding, and normalizing steps. The Enhanced Black Widow Optimization (EBWO) algorithm was employed to choose the most advantageous reduced feature sets from the provided incursion datasets. We used an ensemble of Hierarchical Multi-scale LSTM (HMLSTM) and Darknet Convolutional Neural Network (DNetCNN) to categorize the attacks. The combination of DNetCNN and HMLSTM was used to identify intrusions, effectively classifying attacks, lowering false alarm rates, and increasing detection rates. Simulation research showed that the proposed strategy performed better than the baseline in terms of F-Score, DR, and FPR, as well as accuracy, detection rate, and precision. © 2024 by King Mongkut’s Institute of Technology Ladkrabang, Thailand.","https://www.scopus.com/pages/publications/86000775868?origin=resultslist","14"
"R014","Scopus; WoS","Adaptive Data Prefetching for File Storage Systems Using Online Machine Learning","Savva G.; Herodotou H.","2026","Big Data and Cognitive Computing","10.3390/bdcc10010028","2-s2.0-105028522443","Article","English","All Open Access; Gold Open Access; Green Open Access","data prefetching; Hoeffding tree; online machine learning; smart storage systems; SOKNL; streaming ML","Big data; Digital storage; E-learning; Electronic document exchange; Learning systems; Machine learning; Data pre-fetching; Data-prefetching; Hoeffding tree; Machine-learning; Online machine learning; Online machines; Smart storage system; SOKNL; Storage systems; Streaming ML; Online systems","Data prefetching is essential for modern file storage systems operating in large-scale cloud and data-intensive environments, where high performance increasingly depends on intelligent, adaptive mechanisms. Traditional rule-based methods and recently proposed machine learning-based techniques often struggle to cope with the complex and rapidly evolving data access patterns characteristic of big-data workloads. In this paper, we introduce an online, streaming machine learning (SML) approach for predictive data prefetching that retrieves useful data into the cache ahead of time. We present a novel online training framework that extracts features in real time and continuously updates streaming ML models to learn and adapt from large and dynamic access streams. Building on this framework, we design new SML-driven prefetching algorithms that decide when, how, and what data to prefetch into the cache with minimal overhead. Extensive experiments using production traces from Huawei Technologies Inc. and Google workloads from the SNIA IOTTA repository demonstrate that our intelligent policies consistently deliver the highest byte hits among competing approaches, achieving 97% prefetch byte precision and reducing data access latency by up to 2.8 times. These results show that streaming ML can deliver immediate performance gains and offers a scalable foundation for future adaptive storage systems. © 2026 by the authors.","https://www.scopus.com/pages/publications/105028522443?origin=resultslist","15"
"R015","Scopus","Interpretable Deep Learning Defences via User Anomaly Detection in Cloud Platforms","Kapre M.; Sahu P.K.; Verma R.; Vincent N.R.; Wankhade N.R.; Pawar M.S.; Ji C.","2026","Journal of Intelligent Decision Making and Information Science","10.59543/jidmis.v3.659","2-s2.0-105045390649","Article","","All Open Access; Hybrid Gold Open Access","-Interpretable Deep Learning; Behavioral Modeling; Cloud Security; Explainable AI; User Anomaly Detection","","Cloud platforms are the targets of highly advanced attacks that are designed to circumvent traditional rule based IDSs, such as: credential misuse, insider threats, privilege escalation, lateral movements, etc. To protect against user attacks, this paper introduces an interpretable deep learning defence framework in the context of user anomaly detection for both IaaS and PaaS cloud service layers and SaaS application layer. Multi-source authentication logs/records, APIs, networks logs are combined into integrated behavioural tensors and classified as anomalies by processing with the recurrent neural network with attention-based temporal weights. The mathematical model for access probability distribution, the model for anomaly scoring and temporal sequence modeling, as well as the model for Mahalanobis-distance-based deviation analysis further enhance the analysis's rigor and interpretability. Experimental results show that the detection accuracy achieved is 97.4%, followed by 96.8% precision, 97.9% recall and 97.3% F1-score, which are much higher than those of the conventional rule-based and black-box deep learning IDSs. © 2026, Nexora Academic Press. All rights reserved.","https://www.scopus.com/pages/publications/105045390649?origin=resultslist","16"
"R016","Scopus; WoS","Unmanned Aerial Vehicles-based blockchain-inspired Intelligent framework for collaborative intrusion detection","Aljumah A.; Ahanger T.A.; Ullah I.","2026","ICT Express","10.1016/j.icte.2025.12.008","2-s2.0-105025543086","Article","English","All Open Access; Gold Open Access; Green Open Access","Blockchain; Internet of Things; Intrusion detection; Security; UAV","OF-THE-ART; NETWORKS; IOT","Unmanned Aerial Vehicles (UAVs) are increasingly deployed across diverse domains such as surveillance, logistics, and disaster management. However, ensuring the safety, security, and trustworthiness of UAV operations remains a significant challenge, primarily due to vulnerabilities in centralized data processing architectures. Traditional UAV systems rely on remote cloud servers to perform machine learning (ML)-based analytics, which introduces issues such as data exposure, latency, scalability bottlenecks, and susceptibility to cyberattacks during data transmission and storage. These challenges underscore the urgent need for a decentralized, verifiable, and privacy-preser ving learning mechanism that can support collaborative UAV intelligence without centralized control. To address these limitations, this study proposes a blockchain-enabled distributed ML framework that facilitates secure, peer-to-peer collaboration among UAV nodes. The framework integrates blockchain’s immutable ledger and smart contracts with decentralized ML models, enabling UAVs to share and validate trained models rather than raw data. This ensures data confidentiality, integrity, and transparency throughout the learning process. A stacking-based ensemble mechanism is employed to enhance predictive performance through collaborative knowledge aggregation. The proposed system is experimentally validated using a collaborative intrusion detection (ID) scenario using the KDD99 network attack data set and real-world implementation. The results demonstrate significant improvements in detection accuracy, latency and F1-score compared to conventional centralized ML methods, achieving an average accuracy of 97.9%, latency 198ms, and F1-score exceeding 97%. These outcomes confirm that the integration of blockchain and decentralized ML effectively mitigates cybersecurity risks while enabling scalable, trustworthy UAV intelligence. © 2025 The Authors.","https://www.scopus.com/pages/publications/105025543086?origin=resultslist","17"
"R017","Scopus; WoS","Sustainable Smart Facility: A Real-Time Internet of Things-Based Environmental Monitoring and Predictive Control System Using Amazon Web Services Cloud Services","Mohammed H.; Burai M.; Ibrahim R.","2026","IET Wireless Sensor Systems","10.1049/wss2.70035","2-s2.0-105046601169","Article","English","All Open Access; Gold Open Access","anomaly detection; cloud computing; environmental monitoring; ESP32 microcontroller; Internet of Things (IoT); Message Queuing Telemetry Transport (MQTT); serverless architecture; smart facility; Z-score","Anomaly detection; Distributed database systems; Facilities; Hazards; Internet of things; Microcontrollers; Network security; Predictive control systems; Sensor nodes; Anomaly detection; Cloud-computing; Environmental Monitoring; ESP32 microcontroller; Internet of thing; Message queuing telemetry transport; Real- time; Serverless architecture; Smart facility; Z-scores; Cloud computing","Industrial facilities face critical environmental hazards—including temperature surges, humidity imbalances and combustible gas leaks—that existing monitoring solutions fail to anticipate, responding only after threshold violations occur and leaving a window of risk between hazard onset and system response. This paper presents Sustainable Smart Facility (SSF), a novel Internet of Things (IoT)–cloud architecture combining real-time environmental sensing with a predictive anomaly-detection layer to enable proactive hazard mitigation. An ESP32 microcontroller continuously samples DHT11 temperature/humidity and MQ2 gas sensors, transmitting readings via secure MQTT over transport layer security (TLS) to AWS IoT Core. A serverless AWS Lambda function applies both rule-based threshold logic and a lightweight Z-score anomaly detection algorithm to classify environmental states and issue actuator commands—controlling a ventilation fan and a servo-operated window—before critical thresholds are breached. Sensor data are persisted in Amazon DynamoDB for real-time querying and archived in Amazon S3 in JSON format for longitudinal analysis via AWS Glue and Amazon Athena. Amazon simple notification service (SNS) delivers immediate email alerts to facility managers upon threshold violation or anomaly detection. Comprehensive experiments over a 30-day deployment demonstrate end-to-end latency of (Formula presented.) ms, MQTT delivery reliability of 99.3%, Lambda execution time of (Formula presented.) ms, anomaly-detection F1-score of 93.0% and a false-positive rate of 2.1%. Scalability tests confirm sub-linear latency growth to 50 concurrent sensor nodes below 800 ms. Comparative evaluation against five state-of-the-art IoT monitoring systems shows SSF achieves the best balance of responsiveness, reliability, predictive capability and cost efficiency ($0.0023 per 1000 readings). © 2026 The Author(s). IET Wireless Sensor Systems published by John Wiley & Sons Ltd on behalf of The Institution of Engineering and Technology.","https://www.scopus.com/pages/publications/105046601169?origin=resultslist","18"
"R018","Scopus","SmartTrust: a hybrid deep learning framework for real-time threat detection in cloud environments using Zero-Trust Architecture","Lilhore U.K.; Simaiya S.; Alroobaea R.; Baqasah A.M.; Alsafyani M.; Alhazmi A.; Khan M.M.","2025","Journal of Cloud Computing","10.1186/s13677-025-00764-7","2-s2.0-105009543756","Article","","All Open Access; Gold Open Access; Green Open Access","Anomaly detection; Cloud computing; Cloud security; LSTM deep learning; Reinforcement learning; SmartTrust framework; Zero-Trust architecture","Architecture; Behavioral research; Cloud computing architecture; Cloud security; Complex networks; Computer architecture; Decision making; Deep learning; Network architecture; Network security; Trusted computing; Anomaly detection; Cloud securities; Cloud-computing; Learning frameworks; LSTM deep learning; Real- time; Reinforcement learnings; Smarttrust framework; Threat detection; Zero-trust architecture; Anomaly detection","The rapid growth of cloud computing has brought scalability and flexibility to modern organizations, but it has also introduced a new wave of complex and evolving security threats. Traditional security mechanisms, such as static rule-based systems and Multi-Factor Authentication (MFA), often fall short of identifying advanced attacks like insider threats, privilege escalation, and data breaches. Addressing this gap, we propose SmartTrust, a hybrid deep learning framework designed for real-time threat detection in cloud environments built on Zero-Trust Architecture (ZTA) principles. SmartTrust integrates CNN, LSTM, and Transformer models to analyze spatial and temporal patterns in network traffic and user behaviours. Unlike conventional models, it leverages Reinforcement Learning to enable adaptive decision-making, allowing it to adjust responses based on real-time contextual signals dynamically. To ensure transparency and tamper-proof event tracking, the framework also incorporates blockchain-based logging that is aligned with ZTA compliance. We evaluated SmartTrust on two benchmark datasets, CIC-IoT 2023 and UNSW-NB15, which simulate realistic cloud-based attack scenarios. The model achieved detection rates of 99.19% for insider threats, 98.23% for privilege escalation, and 99.27% for data breaches while reducing false positives by over 40% compared to existing approaches. Though the model’s complexity introduces higher computational demands, its performance demonstrates that SmartTrust offers a robust, intelligent, and adaptive alternative to traditional cloud security solutions capable of evolving with today’s rapidly changing threat landscape. © The Author(s) 2025.","https://www.scopus.com/pages/publications/105009543756?origin=resultslist","19"
"R019","Scopus; WoS","Explaining Performance Issues of Cloud Applications From Logs Using Rule Induction and Dempster-Shafer Theory","Harutyunyan A.; Poghosyan A.; Davtyan E.; Petrosyan K.; Baloian N.","2026","IEEE Access","10.1109/ACCESS.2026.3686885","2-s2.0-105037038463","Article","English","All Open Access; Gold Open Access; Green Open Access","Automated RCA; Dempster-Shafer theory; event types; feature importance; interpretable ML; log analytics; rule induction; tree methods; uncertainty","Anomaly detection; Cloud analytics; Cloud storage; Computation theory; Failure (mechanical); Learning algorithms; Trees (mathematics); Automated root-cause analyze; Dempster-Shafer theory; Event Types; Feature importance; Interpretable ML; Log analytic; Root cause analysis; Rule induction; Tree method; Uncertainty; Induction logging","This study focuses on the explainability of AI operations for diagnosing degradations in cloud applications. Log data can provide essential contextual information on misbehaving applications in monitoring, evaluated against a key performance indicator (KPI). We describe an approach to learning conditions that lead to unacceptable KPI states using tree-based and rule-induction algorithms, including a rule-validation framework based on the Dempster-Shafer theory of evidence. The latter also provides a 'what-if' analysis mechanism to test user or expert hypotheses about the application's performance. These algorithms produce specific rules that explain anomalous behavior as disturbances in log event-type distributions. Event types (clusters of similar log messages) significantly reduce log volume and enable efficient analytics (e.g., anomaly and change detection) on these structures. Our methods infer event types exhibiting frequency imbalances, which can degrade application performance, and then trace those types back to raw log messages for complete interpretation and root-cause analysis (RCA). We present experimental insights from Elastic Sky X Integrated (ESXi) hosts in a private cloud environment that demonstrate the viability of the proposed framework for explainable cloud administration. The framework combines time-series data with unstructured event-log data collected from data-center resources. Experimental validation across three distinct failure scenarios (compute thrashing, network congestion, and storage saturation) demonstrated the model's robustness. The approach achieved a true positive rate of 98% for compute anomalies, 97% for network failures, and 99% for storage bottlenecks. Compared to traditional threshold-based monitoring, the proposed method significantly reduces false positives by distinguishing benign high-latency states from true system failures. In particular, event-log-only models achieved low recall (0.118), while the proposed multimodal fusion substantially improved detection performance and interpretability.  © 2026 The Authors.","https://www.scopus.com/pages/publications/105037038463?origin=resultslist","20"
"R020","Scopus; WoS","An intrusion detection system using modified-firefly algorithm in cloud environment","Ghosh P.; Sarkar D.; Sharma J.; Phadikar S.","2021","International Journal of Digital Crime and Forensics","10.4018/IJDCF.2021030105","2-s2.0-85101369421","Article","English","All Open Access; Gold Open Access","Cloud computing; Feature selection; Firefly algorithm (FA); Intrusion detection system (IDS); NSL-KDD dataset; Particle swarm optimization (PSO)","Bioluminescence; Classification (of information); Computer crime; Digital storage; Feature extraction; Intrusion detection; Network security; Optimization; Classification accuracy; Cloud computing technologies; Cloud environments; Data mining process; Feature selection methods; Intrusion Detection Systems; Malicious activities; Modified firefly algorithms; Data mining","The present era is being dominated by cloud computing technology which provides services to the users as per demand over the internet. Satisfying the needs of huge people makes the technology prone to activities which come up as a threat. Intrusion detection system (IDS) is an effective method of providing data security to the information stored in the cloud which works by analyzing the network traffic and informs in case of any malicious activities. In order to control high amount of data stored in cloud, data is stored as per relevance leading to distributed computing. To remove redundant data, the authors have implemented data mining process such as feature selection which is used to generate an optimum subset of features from a dataset. In this paper, the proposed IDS provides security working upon the idea of feature selection. The authors have prepared a modified-firefly algorithm which acts as a proficient feature selection method and enables the NSL-KDD dataset to consume less storage space by reducing dimensions as well as less training time with greater classification accuracy. © 2021 IGI Global. All rights reserved.","https://www.scopus.com/pages/publications/85101369421?origin=resultslist","21"
"R021","Scopus","Building Flexible, Scalable, and Machine Learning-Ready Multimodal Oncology Datasets","Tripathi A.; Waqas A.; Venkatesan K.; Yilmaz Y.; Rasool G.","2024","Sensors","10.3390/s24051634","2-s2.0-85187469800","Article","","All Open Access; Gold Open Access; Green Open Access","cancer; cloud computing; data lake; data warehouse; deep learning; embeddings analysis; machine learning; multimodal; oncology","Humans; Neoplasms; Reproducibility of Results; Cost effectiveness; Data acquisition; Data integration; Deep learning; Diagnosis; Digital storage; Diseases; Learning systems; Metadata; Oncology; Cancer; Cloud-computing; Data lake; Data systems; Deep learning; Embedding analyse; Embeddings; Machine-learning; Multi-modal; Multimodal integration; human; neoplasm; reproducibility; Data warehouses","The advancements in data acquisition, storage, and processing techniques have resulted in the rapid growth of heterogeneous medical data. Integrating radiological scans, histopathology images, and molecular information with clinical data is essential for developing a holistic understanding of the disease and optimizing treatment. The need for integrating data from multiple sources is further pronounced in complex diseases such as cancer for enabling precision medicine and personalized treatments. This work proposes Multimodal Integration of Oncology Data System (MINDS)—a flexible, scalable, and cost-effective metadata framework for efficiently fusing disparate data from public sources such as the Cancer Research Data Commons (CRDC) into an interconnected, patient-centric framework. MINDS consolidates over 41,000 cases from across repositories while achieving a high compression ratio relative to the 3.78 PB source data size. It offers sub-5-s query response times for interactive exploration. MINDS offers an interface for exploring relationships across data types and building cohorts for developing large-scale multimodal machine learning models. By harmonizing multimodal data, MINDS aims to potentially empower researchers with greater analytical ability to uncover diagnostic and prognostic insights and enable evidence-based personalized care. MINDS tracks granular end-to-end data provenance, ensuring reproducibility and transparency. The cloud-native architecture of MINDS can handle exponential data growth in a secure, cost-optimized manner while ensuring substantial storage optimization, replication avoidance, and dynamic access capabilities. Auto-scaling, access controls, and other mechanisms guarantee pipelines’ scalability and security. MINDS overcomes the limitations of existing biomedical data silos via an interoperable metadata-driven approach that represents a pivotal step toward the future of oncology data integration. © 2024 by the authors.","https://www.scopus.com/pages/publications/85187469800?origin=resultslist","22"
"R022","Scopus; WoS","AutoScaleAI: An AI-Powered Framework for Cloud Resource Optimization Using Telemetry Analytics","Gouri F.; Kota C.P.K.; Shivnatri M.; Jain K.","2026","IEEE Access","10.1109/ACCESS.2026.3677437","2-s2.0-105034431169","Article","English","All Open Access; Gold Open Access; Green Open Access","AI telemetry analytics; anomaly detection; Azure infrastructure; cloud computing; cost reduction; distributed applications; gradient boosting; hybrid AI systems; real-time scaling; resource forecasting","Adaptive boosting; Anomaly detection; Balancing; Cloud analytics; Digital storage; Learning systems; Machine learning; Program processors; Telemetering; Telemetering equipment; AI systems; AI telemetry analytic; Anomaly detection; Azure infrastructure; Cloud-computing; Costs reduction; Distributed applications; Gradient boosting; Hybrid AI system; Real- time; Real-time scaling; Resource forecasting; Time-scaling; Cost reduction","Cloud infrastructure operators face increasing challenges in balancing performance, cost, and reliability due to dynamic workloads and complex interdependencies. This paper presents AutoScaleAI, an AI-driven telemetry analytics framework designed to proactively optimize cloud resource utilization and reduce operational costs. The framework integrates a hybrid prediction model combining Gradient Boosting Machines (GBM) and Long Short-Term Memory (LSTM) networks to forecast short-horizon CPU, memory, and network utilization trends, enabling proactive scaling decisions. It further incorporates a two-tier anomaly detection engine combining Isolation Forest (IF) and Variational Autoencoders (VAE) to identify sudden workload surges, latency deviations, and telemetry drift that may violate service level objectives. Telemetry data modeled on real-world Azure deployments (synthetic simulations validated against historical traces) are used to train and evaluate the system across compute, storage, and network dimensions. In addition, we conduct a controlled real-world pilot on Azure Kubernetes Service (AKS) with live telemetry and production APIs, validating end-to-end feasibility and quantifying operational overhead. Experimental results show that AutoScaleAI achieves up to 38% cost reduction and a 35% increase in resource efficiency, outperforming traditional threshold-based and deep reinforcement learning baselines. Additionally, the system achieves a decision latency of 235 milliseconds, making it suitable for real-time cloud optimization scenarios. AutoScaleAI is further validated through real-world case studies in e-commerce, finance, and healthcare environments. This work contributes a scalable and adaptive solution for AI-powered cloud management, offering practical benefits for both hyperscale providers and enterprise consumers.  © 2013 IEEE.","https://www.scopus.com/pages/publications/105034431169?origin=resultslist","23"
"R023","Scopus","Ai Powered Wearable Fall Prevention Device","Bhange V.; Shende P.; Ambudkar B.","2026","Journal of Intelligent Decision Making and Information Science","10.59543/jidmis.v3.453","2-s2.0-105044814805","Article","","All Open Access; Hybrid Gold Open Access","-Fall Prevention; Artificial Intelligence; Health Monitoring; Real-Time Monitoring; Wearable Devices","","Falls are still among the causes of injury, hospitalization, and loss of independence in older adults across the world. The traditional fall detection systems mostly involve hard-wired fall detector systems that are operated using fixed threshold-based acceleration techniques, which are not usually flexible to accommodate individual movement patterns, and therefore have a high rate of false alarms. In this paper, the algorithm design and development of an AI-enabled wearable fall prevention device will be presented which consists of multi-sensor fusion, dynamic thresholding, and machine learning algorithms to provide an accurate real-time fall detector and health monitor. The suggested system has an ESP32 microcontroller with an MPU9250 inertial movement block to track the motion accurately and an in-built blood pressure, heart rate, and pressure sensor to measure physiological and impact-related variables. The system can improve distinguishing between everyday activities and the actual falls through the combination of acceleration, angular velocity, and vital signs data. A machine learning model is used to learn actively user-specific movement features, which is more sensitive and specific compared to the conventional fixed threshold methods. At the edge, real-time processing of data is done to reduce latency, whereas cloud integration with the help of AWS guarantees scalable communication, secure storage, and remote access. Special mobile app will afford caregivers graphical representation of vital signs, fall history and real-time emergency notifications. The combination of smart analytics, active wearable sensing, and cloud-based notification will help minimize the response time, increase the safety of the elderly and the quality of life in general because of proactive fall preventive measures and continuous health tracking. © 2026, Nexora Academic Press. All rights reserved.","https://www.scopus.com/pages/publications/105044814805?origin=resultslist","24"
"R024","Scopus; WoS","Securing cloud-enabled smart cities by detecting intrusion using spark-based stacking ensemble of machine learning algorithms","Ghazi M.R.; Raghava N.S.","2024","Electronic Research Archive","10.3934/ERA.2024060","2-s2.0-85192984939","Article","English","All Open Access; Gold Open Access; Green Open Access","cloud security; IDS; pigeon-inspired optimizer; PSO; smart cities; spark","FEATURE-SELECTION; DETECTION SYSTEM; ATTACK DETECTION; BIG DATA; ARTIFICIAL-INTELLIGENCE; ANOMALY DETECTION; IOT; CLASSIFIER; DEEP; INTERNET","With the use of cloud computing, which provides the infrastructure necessary for the efficient delivery of smart city services to every citizen over the internet, intelligent systems may be readily integrated into smart cities and communicate with one another. Any smart system at home, in a car, or in the workplace can be remotely controlled and directed by the individual at any time. Continuous cloud service availability is becoming a critical subscriber requirement within smart cities. However, these cost-cutting measures and service improvements will make smart city cloud networks more vulnerable and at risk. The primary function of Intrusion Detection Systems (IDS) has gotten increasingly challenging due to the enormous proliferation of data created in cloud networks of smart cities. To alleviate these concerns, we provide a framework for automatic, reliable, and uninterrupted cloud availability of services for the network data security of intelligent connected devices. This framework enables IDS to defend against security threats and to provide services that meet the users’ Quality of Service (QoS) expectations. This study’s intrusion detection solution for cloud network data from smart cities employed Spark and Waikato Environment for Knowledge Analysis (WEKA). WEKA and Spark are linked and made scalable and distributed. The Hadoop Distributed File System (HDFS) storage advantages are combined with WEKA’s Knowledge flow for processing cloud network data for smart cities. Utilizing HDFS components, WEKA’s machine learning algorithms receive cloud network data from smart cities. This research utilizes the wrapper-based Feature Selection (FS) approach for IDS, employing both the Pigeon Inspired Optimizer (PIO) and the Particle Swarm Optimization (PSO). For classifying the cloud network traffic of smart cities, the tree-based Stacking Ensemble Method (SEM) of J48, Random Forest (RF), and eXtreme Gradient Boosting (XGBoost) are applied. Performance evaluations of our system were conducted using the UNSW-NB15 and NSL-KDD datasets. Our technique is superior to previous works in terms of sensitivity, specificity, precision, false positive rate (FPR), accuracy, F1 Score, and Matthews correlation coefficient (MCC). © 2024 the Author(s), licensee AIMS Press. This is an open access article distributed under the terms of the Creative Commons Attribution License (http://creativecommons.org/licenses/by/4.0)","https://www.scopus.com/pages/publications/85192984939?origin=resultslist","25"
"R025","Scopus; WoS","Explainable time series features for hard disk drive failure prediction","Li W.; Zhou H.; Radhakrishnan S.; Kamarthi S.","2025","Engineering Applications of Artificial Intelligence","10.1016/j.engappai.2025.110674","2-s2.0-105002147938","Article","English","All Open Access; Hybrid Gold Open Access","Explainable artificial intelligence; Feature extraction; Hard disk drive; Hard drive prognostics; Prognostics and health management","Diagnosis; Hard disk storage; Explainable artificial intelligence; Failures prediction; Features extraction; Hard Disk Drive; Hard drive prognostic; Hard drives; Monitoring analysis; Prognostic and health management; Self-monitoring; Self-reporting; Predictive maintenance","Reliable data storage is crucial for industry digitalization and cloud infrastructure. To prevent data loss and improve maintenance efficiency in data centers, timely replacement of Hard Disk Drives (HDDs) is critical. HDDs are equipped with Self-Monitoring, Analysis, and Reporting Technology (SMART) to track key performance indicators with empirically established thresholds. In recent years, various machine learning models have utilized SMART time series data for early HDD failure prediction. However, decision-makers need greater transparency and explainability to trust and implement these data-driven models. In this work, we proposed a framework that extracts explainable features from the SMART time series and visualizes the feature impact on short-term HDD failure prediction using SHapley Additive exPlanations (SHAP) analysis. We trained an eXtreme Gradient Boosting (XGBoost) model with information-rich features and evaluated the failure detection rate and false alarm rate. We demonstrated the effectiveness of the proposed approach on Backblaze data for Quarter 1 and Quarter 2 of 2022. The model provided a 74.7% failure detection rate with only a 0.73% false alarm rate on the test data from Quarter 3 of 2022, outperforming an existing explainable model benchmark of a 54.68% failure detection rate and an 11.85% false alarm rate. In addition, the sensitivity analysis optimizes the signal length and the lead time to improve prediction accuracy and inform predictive maintenance policies. The results demonstrate the potential of the proposed framework for effective HDD failure prediction with explainable features. The proposed framework is also applicable to other sensor-based industrial equipment monitoring applications. © 2025 The Authors","https://www.scopus.com/pages/publications/105002147938?origin=resultslist","26"
"R026","Scopus; WoS","Differential and Access Policy Based Privacy-Preserving Model in Cloud Environment","Gupta R.; Singh A.K.","2022","Journal of Web Engineering","10.13052/jwe1540-9589.2132","2-s2.0-85126439974","Article","English","All Open Access; Gold Open Access","access control.; Cloud computing; differential privacy; machine learning; privacy-preserving","","Cloud computing has multiple benefits in terms of minimum cost, maximum efficiency, and high scalability, which prompts shifting a large amount of data from the local machine to the cloud environment for storage, computation, and data sharing among various parties stakeholders. However, owners do not fully trust the cloud platform operated by a third party. Therefore, security and privacy emerge as critical issues while sharing data among different parties. In this paper, a novel privacy-preserving model is proposed by utilizing encryption, differential privacy, and machine learning approaches. It facilitates data owners to share their data securely in the cloud environment. The model defines access policy and communication protocol among the involved untrusted parties for data processing and privacy preservation. The proposed model is evaluated by executing experiments using distinct datasets. The achieved results reveal that the proposed model provides high accuracy, precision, recall, and f1-score up to 98%, 98%, 97%, and 97%, respectively, over the state of the art methods. © 2022 River Publishers. All rights reserved.","https://www.scopus.com/pages/publications/85126439974?origin=resultslist","27"
"R027","Scopus; WoS","An IoT-Based Predictive Maintenance Framework Using a Hybrid Deep Learning Model for Smart Industrial Systems","Aleran A.; Almukhalfi H.; Noor A.; Alluhaibi R.; Hafez A.; Noor T.H.","2026","Computers, Materials and Continua","10.32604/cmc.2025.070741","2-s2.0-105027936237","Article","English","All Open Access; Gold Open Access","deep learning; industrial fault diagnosis; Internet of Things (IoT); LSTM-CNN hybrid model; Predictive maintenance; remaining useful life (RUL); smart industrial systems","Complex networks; Convolution; Convolutional neural networks; Deep neural networks; Digital storage; Failure analysis; Fault detection; Fighter aircraft; Learning systems; Long short-term memory; Maintainability; Predictive maintenance; Preventive maintenance; Safety engineering; Convolutional neural network; Deep learning; Faults diagnosis; Hybrid model; Industrial fault diagnose; Industrial systems; Internet of thing; Long short-term memory-convolutional neural network hybrid model; Predictive maintenance; Remaining useful life; Remaining useful lives; Short term memory; Smart industrial system; NASA","Modern industrial environments require uninterrupted machinery operation to maintain productivity standards while ensuring safety and minimizing costs. Conventional maintenance methods, such as reactive maintenance (i.e., run to failure) or time-based preventive maintenance (i.e., scheduled servicing), prove ineffective for complex systems with many Internet of Things (IoT) devices and sensors because they fall short in detecting faults at early stages when it is most crucial. This paper presents a predictive maintenance framework based on a hybrid deep learning model that integrates the capabilities of Long Short-Term Memory (LSTM) Networks and Convolutional Neural Networks (CNNs). The framework integrates spatial feature extraction and temporal sequence modeling to accurately classify the health state of industrial equipment into three categories, including Normal, Require Maintenance, and Failed. The framework uses a modular pipeline that includes IoT-enabled data collection along with secure transmission methods to manage cloud storage and provide real-time fault classification. The FD004 subset of the NASA C-MAPSS dataset, containing multivariate sensor readings from aircraft engines, serves as the training and evaluation data for the model. Experimental results show that the LSTM-CNN model outperforms baseline models such as LSTM-SVM and LSTM-RNN, achieving an overall average accuracy of 86.66%, precision of 86.00%, recall of 86.33%, and F1-score of 86.33%. Contrary to the previous LSTM-CNN–based predictive maintenance models that either provide a binary classification or rely on synthetically balanced data, our paper provides a three-class maintenance state (i.e., Normal, Require Maintenance, and Failed) along with threshold-based labeling that retains the true nature of the degradation. In addition, our work also provides an IoT-to-cloud-based modular architecture for deployment. It offers Computerized Maintenance Management System (CMMS) integration, making our proposed solution not only technically sound but also practical and innovative. The solution achieves real-world industrial deployment readiness through its reliable performance alongside its scalable system design. Copyright © 2025 The Authors.","https://www.scopus.com/pages/publications/105027936237?origin=resultslist","28"
"R028","Scopus; WoS","Eco-FinOps: a causal-agentic framework for energy-efficient and explainable cloud cost optimization","Sreejindeth P.; Padmavathy T.","2026","Frontiers in Artificial Intelligence","10.3389/frai.2026.1861514","2-s2.0-105044295849","Article","English","All Open Access; Gold Open Access; Green Open Access","AIOps; anomaly detection; causal inference; cloud cost optimization; FinOps; green cloud; LLM safety; RAG","COMPUTING ENVIRONMENTS; AWARE","Two converging crises—uncontrolled operational expenditure and significant environmental hazards—have been aggravated by the exponential scaling of cloud infrastructure. This has led to a greater focus on the efficiency of Financial Operations (FinOps). Current monitoring methods exhibit a major flaw: passive dashboards require constant human monitoring and lead to alert fatigue, whereas deep learning models require substantial Graphics Processing Unit (GPU) resources and operate as opaque “black boxes.” This lack of interpretability contradicts the sustainability goals these tools promise to support. This study proposes Eco-FinOps, a causal-agentic framework that autonomously and energy-efficiently optimizes cloud costs, designed strictly for commodity Central Processing Unit (CPU) environments without discrete GPU requirements. The system uses Polars-based telemetry ingestion, the Peter-Clark (Algorithm) (PC) algorithm for causal graph construction, and DoWhy for effect estimation to mathematically distinguish genuine workload fluctuations from inefficient resource usage. This study targets the “zombie” resource pattern—provisioned instances that utilize only 0.2%-5% CPU while maintaining 60%–90% memory consumption. Furthermore, a LangGraph-coordinated Retrieval-Augmented Generation (RAG) pipeline enables Small Language Models to generate auditable, human-verifiable remediation scripts. Evaluated on five fault-injection scenarios from the Alibaba Cluster Trace dataset, the framework achieves a Precision of 0.89, a recall of 0.86, and an F1-score of 0.87. Causal verification successfully eliminates 39% of false positive anomalies, raising Precision by 38 points over static threshold rules and outperforming neural autoencoder baselines by 15 F1 points. Copyright © 2026 Sreejindeth and Padmavathy.","https://www.scopus.com/pages/publications/105044295849?origin=resultslist","29"
"R029","Scopus; WoS","Toward Efficient Intrusion Detection System Using Hybrid Deep Learning Approach","Aldallal A.","2022","Symmetry","10.3390/sym14091916","2-s2.0-85138528792","Article","English","All Open Access; Gold Open Access; Green Open Access","deep learning; feature selection; GRU; intrusion detection system; LSTM; Pearson correlation; RNN","FEATURE-SELECTION; WIRELESS NETWORK; MACHINE; FOREST","The increased adoption of cloud computing resources produces major loopholes in cloud computing for cybersecurity attacks. An intrusion detection system (IDS) is one of the vital defenses against threats and attacks to cloud computing. Current IDSs encounter two challenges, namely, low accuracy and a high false alarm rate. Due to these challenges, additional efforts are required by network experts to respond to abnormal traffic alerts. To improve IDS efficiency in detecting abnormal network traffic, this work develops an IDS using a recurrent neural network based on gated recurrent units (GRUs) and improved long short-term memory (LSTM) through a computing unit to form Cu-LSTMGRU. The proposed system efficiently classifies the network flow instances as benign or malevolent. This system is examined using the most up-to-date dataset CICIDS2018. To further optimize computational complexity, the dataset is optimized through the Pearson correlation feature selection algorithm. The proposed model is evaluated using several metrics. The results show that the proposed model remarkably outperforms benchmarks by up to 12.045%. Therefore, the Cu-LSTMGRU model provides a high level of symmetry between cloud computing security and the detection of intrusions and malicious attacks. © 2022 by the author.","https://www.scopus.com/pages/publications/85138528792?origin=resultslist","30"
"R030","Scopus","Intelligent Threat Detection: Adaptive Weighted Security Index and Enhanced Bi-LSTM Residual Network for Cloud Protection","Ali M.A.; Singh A.","2026","International Journal of Computer Networks and Applications","10.22247/ijcna/2026/18","2-s2.0-105038009285","Article","","All Open Access; Gold Open Access","Adaptive Weighted Network Security Index (AWNSI); Bi-LSTM-Deep Residual Network (Bi-LSTM-DRN); Index Terms – Cloud Computing; Intrusion Detection System (IDS); Particle Swarm Optimization (PSO) and Random Forest (RF)","","– The dynamism of the global computer electronics market has enhanced the embracement of cloud computing (CC) technologies given the fact that they easily connect with the networking and computing systems. Cloud computing has huge computing capabilities, storage capacity and is more powerful than conventional computing systems. Nevertheless, its complicated structure and high-resource requirements present serious security risks, such as the ability to be affected by network overloads and other cyberattacks launched by hacked smart objects. Intrusion Detection System (IDS) have become important in detecting an intrusion in a cloud system. Traditional IDS methods, namely Support Vector Machine (SVM), Random Forest (RF), Convolutional Neural Network (CNN), and conventional Long Short-Term Memory (LSTM) networks, usually have poor performance with high false-negative, and poor detection results. In an attempt to overcome these constraints, this paper presents an Improved Bidirectional LSTM-based Deep Residual Network (Bi-LSTM-DRN) combined with an Adaptive weighted Network Security Index (AWNSI) protocol to detect intrusion in cloud computing systems in real-time. AWNSI is a system that provides an evaluation of network traffic in a systematic way with adaptive weighting to emphasize on the essential security parameters to enhance detection sensitivity and contextual accuracy. In addition, Particle Swarm Optimization (PSO) is also utilized in optimization of the weighting process and rapid convergence of the network. The suggested framework is written in Python and tested on standard intrusion detection datasets, and its performance is measured by the accuracy, precision, recall, and F1-score indicators. The experimental findings prove that the Bi-LSTM-DRN using AWNSI and PSO is superior to the conventional deep learning and machine learning-based IDS systems and provides a very accurate, adaptive and efficient machine used to secure modern cloud computing scenarios. © Ever Science Publications.","https://www.scopus.com/pages/publications/105038009285?origin=resultslist","31"
"R031","Scopus; WoS","Adaptive and scalable protection framework for virtual machines leveraging deep learning and dynamic defense","Kanthasamy D.; Vinoth Kumar C.N.S.","2025","Scientific Reports","10.1038/s41598-025-26221-8","2-s2.0-105022904703","Article","English","All Open Access; Gold Open Access; Green Open Access","Adaptive defense; Adaptive feature encoder; Anomaly detection; Cloud security; Density-aware clustering; Dynamic mitigation controller; Transformer–boosting classifier; Virtual machine security","article; benchmarking; classifier; decision making; deep learning; diagnosis; exhaustion; false positive result; feature extraction; human; latent period; mitigation; outlier detection; telemetry; workload","Virtual Machines (VMs) serve as dynamic execution environments that trade-off workload isolation, performance, and elastic scalability in the cloud. However, the flexibility of VMs which allows for efficiency also makes them susceptible to stealthy and adaptive cyber threats such as resource exhaustion, privilege escalation, and lateral movement. In such environments, the traditional signature- and heuristic-based defenses often encounter difficulties, resulting in high false-positive rates and low-rank under changing attack conditions. To mitigate these limitations, we present a flexible defense system which combines feature extraction, anomaly detection, classification and mitigation in a single pipeline. The system consists of an Adaptive Feature Encoder for concise behavior representation, a Density-Aware Clustering for anomaly detection, a Transformer–Boosting Classifier for timely threat identification, and a Dynamic Mitigation Controller for prompt decision making at runtime, and with low overhead. Experiments on benchmark VM telemetry datasets (ToN-IoT and CSE-CIC-IDS2018) indicate that VMShield provides 99.8% accuracy, 99.7% precision, 99.6% F1-score, and reduces false positives by 35% compared to state-of-the-art baselines. Stress testing ensures scalability, keeping detection latency at ~ 240 ms and overhead under 7%. By integrating the accuracy with operational resilience, proposed adaptive and scalable protection framework offers a practical defense to protect the cloud-hosted VMs from the emerging adversarial threats. © The Author(s) 2025.","https://www.scopus.com/pages/publications/105022904703?origin=resultslist","32"
"R032","Scopus","Detection of Intruder in Cloud Computing Environment using Swarm Inspired based Neural Network","Nishika; Solanki K.; Dalal S.","2021","International Journal of Advanced Computer Science and Applications","10.14569/IJACSA.2021.0120952","2-s2.0-85119213087","Article","","All Open Access; Gold Open Access; Green Open Access","Cloud computing; cuckoo search; feed forward back propagation neural network (FFBPNN); intrusion detection system","Backpropagation; Cloud computing; Computer crime; Digital storage; Feedforward neural networks; Network security; Optimization; Quality of service; Torsional stress; Cloud computing environments; Cloud computing services; Cloud-computing; Cuckoo searches; F measure; Feed forward back propagation neural network; Feed-forward back-propagation neural networks; Intrusion Detection Systems; Large amounts of data; Neural-networks; Intrusion detection","Cloud computing services offered a resource pool with a wide range of storage for large amounts of data. Cloud services are generally used as a demand-driven private or open data forum, and the increase in use has led to security concerns. Therefore, it is necessary to design an accurate Intrusion Detection System (IDS) to identify the suspected node in the cloud computing environment. This is possible by monitoring network traffic so that the quality of service and performance of the system can be maintained. Several researchers have worked on designing valid IDS with the help of a machine learning approach. A single classification algorithm seems to be impossible to detect intruders with high accuracy. Therefore, a hybrid approach is presented. This approach is a combination of Cuckoo Search. CS as an optimization algorithm and Feed Forward Back Propagation Neural Network (FFBPNN) as a multi-class classification approach. The user's request to access cloud data is collected and essential features are selected using CS as an optimization approach. The selected features are used to train FFBPNN with reduced training time and complexity. The experimental analysis has been performed in terms of precision, recall, F-measure, and accuracy. The evaluated value for parameters i.e., precision (85.5%), recall (86.4%), F-measure (85.9%), and accuracy (86.22%) are observed. At last, the parameters are also compared with the existing approach. © 2021. All Rights Reserved.","https://www.scopus.com/pages/publications/85119213087?origin=resultslist","33"
"R033","Scopus; WoS","Intelligent Soil Analytics for Forensic Applications: Emerging Technologies, Trends, and Transformative Paradigms","Nagesh D.; Kumari K.; Tripathi A.K.; Chittayil Raveendran V.; Dalal J.; Sekar P.","2026","Engineering Reports","10.1002/eng2.70538","2-s2.0-105030498088","Article","English","All Open Access; Gold Open Access; Green Open Access","digital twin; DNA metagenomics; forensic soil analysis; intelligent soil systems; nanobiosensors","Agriculture; Decision making; Digital forensics; Digital twin; Environmental impact; Environmental regulations; Forensic engineering; Land use; Learning algorithms; Learning systems; Machine learning; Soil conservation; Soil surveys; Soils; Sustainable development; DNA metagenomic; Forensic applications; Forensic soil analyze; Forensic soils; Intelligent soil system; Metagenomics; Nanobiosensor; Soil analysis; Soil health; Soil systems; Digital storage","Soil is important trace evidence in forensic investigations. Its complex makeup varies by location. Traditional soil analysis methods in forensic science have some issues. They can be subjective. They also lack real-time capabilities and do not work well with modern analytical tools. This article summarizes recent advancements in smart soil analysis for forensic uses. It highlights new technologies, research trends, and major developments. Key innovations include the application of nanobiosensors for detecting biochemical soil signatures, DNA metagenomics for microbial fingerprinting, and remote or proximal soil sensing for spatial mapping. The use of these technologies with AI and machine learning has led to better classification models. It also supports digital twin architectures that mimic soil behavior in real time. Recent studies show that using soil sensor data with supervised learning algorithms, such as Random Forest and SVM, can reach classification accuracies above 90%. Cloud-based frameworks improve forensic traceability. They allow for the storage, syncing, and remote analysis of soil evidence. This technological convergence is changing forensic methods. It improves the precision, reproducibility, and legal strength of soil evidence. It also creates connections across agriculture, environmental monitoring, and land-use planning. The review highlights important challenges. These include data standardization, sensor calibration, and legal admissibility. It also suggests a roadmap for future research. Intelligent soil analytics is key to next-gen forensic science. It has wide effects on justice, sustainability, and caring for the environment. In addition to its forensic applications, these technologies benefit agriculture and land management, allowing for more informed decisions on soil conservation and nutrient optimization. Real-time monitoring capabilities enable immediate interventions to address soil health issues, resulting in increased crop yields and reduced environmental impacts. The integration of AI and sensor technology into soil management practices thus holds transformative potential for both forensic science and sustainable agriculture, ensuring long-term soil health and ecological balance. © 2026 The Author(s). Engineering Reports published by John Wiley & Sons Ltd.","https://www.scopus.com/pages/publications/105030498088?origin=resultslist","34"
"R034","Scopus; WoS","A Cloud Intrusion Detection Systems Based on DNN Using Backpropagation and PSO on the CSE-CIC-IDS2018 Dataset","Alzughaibi S.; El Khediri S.","2023","Applied Sciences (Switzerland)","10.3390/app13042276","2-s2.0-85149337107","Article","English","All Open Access; Gold Open Access; Green Open Access","artificial neural networks; backpropagation; cloud computing; CSE-CIC-IDS2018; deep learning; intrusion detection system; multi-layer perceptron; particle swarm optimization","NEURAL-NETWORK","Cloud computing (CC) is becoming an essential technology worldwide. This approach represents a revolution in data storage and collaborative services. Nevertheless, security issues have grown with the move to CC, including intrusion detection systems (IDSs). Intruders have developed advanced tools that trick the traditional IDS. This study attempts to contribute toward solving this problem and reducing its harmful effects by boosting IDS performance and efficiency in a cloud environment. We build two models based on deep neural networks (DNNs) for this study: the first model is built on a multi-layer perceptron (MLP) with backpropagation (BP), and the other is trained by MLP with particle swarm optimization (PSO). We use these models to deal with binary and multi-class classification on the updated cybersecurity CSE-CIC-IDS2018 dataset. This study aims to improve the accuracy of detecting intrusion attacks for IDSs in a cloud environment and to enhance other performance metrics. In this study, we document all aspects of our experiments in depth. The results show that the best accuracy obtained for binary classification was 98.97% and that for multi-class classification was 98.41%. Furthermore, the results are compared with those from the related literature. © 2023 by the authors.","https://www.scopus.com/pages/publications/85149337107?origin=resultslist","35"
"R035","Scopus; WoS","Blockchain-based security mechanism for the medical data at fog computing architecture of internet of things","Ngabo D.; Wang D.; Iwendi C.; Anajemba J.H.; Ajao L.A.; Biamba C.","2021","Electronics (Switzerland)","10.3390/electronics10172110","2-s2.0-85113955580","Article","English","All Open Access; Gold Open Access; Green Open Access","Blockchain; Cloud of things; Distributed ledger; Elliptic curve cryptography; Fog and edge computing; Fog layer; Medical data; Privacy; Security mechanism","FRAMEWORK; SYSTEM; IOT","The recent developments in fog computing architecture and cloud of things (CoT) technology includes data mining management and artificial intelligence operations. However, one of the major challenges of this model is vulnerability to security threats and cyber-attacks against the fog computing layers. In such a scenario, each of the layers are susceptible to different intimidations, including the sensed data (edge layer), computing and processing of data (fog (layer), and storage and management for public users (cloud). The conventional data storage and security mechanisms that are currently in use appear to not be suitable for such a huge amount of generated data in the fog computing architecture. Thus, the major focus of this research is to provide security countermeasures against medical data mining threats, which are generated from the sensing layer (a human wearable device) and storage of data in the cloud database of internet of things (IoT). Therefore, we propose a public-permissioned blockchain security mechanism using elliptic curve crypto (ECC) digital signature that that supports a distributed ledger database (server) to provide an immutable security solution, transaction transparency and prevent the patient records tampering at the IoTs fog layer. The blockchain technology approach also helps to mitigate these issues of latency, centralization, and scalability in the fog model. © 2021 by the authors. Licensee MDPI, Basel, Switzerland.","https://www.scopus.com/pages/publications/85113955580?origin=resultslist","36"
"R036","Scopus","Design and Experimental Evaluation of a Secure Cloud File-Sharing System with Expiring Tokens and Distributed Key Custody","Mrunalini M.; Venkatesh C.; Suneetha K.; Kumari K.","2026","Journal of Intelligent Decision Making and Information Science","10.59543/jidmis.v3.1307","2-s2.0-105046652494","Article","","All Open Access; Hybrid Gold Open Access","cloud file sharing; cryptographic expiration; expiring access token; proof of possession; threshold cryptography","","Public cloud file sharing enhances accessibility and scalability but still suffer from the same issues as bearer tokens and centralized key services: credential theft, credential replay, single point compromise, and continued key availability after credential expiration. To tackle these deficiencies, this study presents a file-sharing prototype system which is a combination of AES-256GCM encryption, ES256 recipient-bound JSON Web Tokens, proof-ofpossession signatures, nonce based replay prevention, atomic single use enforcement, and 3-of-5 Shamir threshold key sharing. A set of trials was employed to evaluate the cryptographic processing, token attacks, threshold recovery, guardian failures, expiration behaviour, and concurrent access, along with synthetic access logs for anomaly detection. The legitimate access succeeded in all trials, while most of the other types of attacks (expired, modified, replayed, stolen-token attacks) reached 0% success rate. Key reconstruction failed with less than 3 guardian failures, was still possible with a maximum of 2 guardian failures and was not possible after deletion of guardian shares. The threshold design had a small amount of extra latency across centralized baseline designs and was able to serve 100 concurrent requests with 100% success. The study concludes that with a combination of recipient bound temporal authorization with distributed key custody, auditable cryptographic expiration becomes possible. The most significant contribution it makes is the union of different features in an integrated and experimented verified workflow, which consists of secure access, replay resistance, threshold recovery, and verifiable post-expiry key unavailability. © 2026, Nexora Academic Press. All rights reserved.","https://www.scopus.com/pages/publications/105046652494?origin=resultslist","37"
"R037","Scopus; WoS","Cloud-Based Intrusion Detection Approach Using Machine Learning Techniques","Attou H.; Guezzaz A.; Benkirane S.; Azrour M.; Farhaoui Y.","2023","Big Data Mining and Analytics","10.26599/BDMA.2022.9020038","2-s2.0-85153493342","Article","English","All Open Access; Gold Open Access; Green Open Access","anomaly detection; cloud security; features engineering; random forest","Digital storage; Feature extraction; Information management; Intrusion detection; Network security; Access network; Anomaly detection; Cloud securities; Cloud-based; Cloud-computing; Feature engineerings; Intrusion detection approaches; Machine learning techniques; Network resource; Random forests; Anomaly detection","Cloud computing (CC) is a novel technology that has made it easier to access network and computer resources on demand such as storage and data management services. In addition, it aims to strengthen systems and make them useful. Regardless of these advantages, cloud providers suffer from many security limits. Particularly, the security of resources and services represents a real challenge for cloud technologies. For this reason, a set of solutions have been implemented to improve cloud security by monitoring resources, services, and networks, then detect attacks. Actually, intrusion detection system (IDS) is an enhanced mechanism used to control traffic within networks and detect abnormal activities. This paper presents a cloud-based intrusion detection model based on random forest (RF) and feature engineering. Specifically, the RF classifier is obtained and integrated to enhance accuracy (ACC) of the proposed detection model. The proposed model approach has been evaluated and validated on two datasets and gives 98.3% ACC and 99.99% ACC using Bot-IoT and NSL-KDD datasets, respectively. Consequently, the obtained results present good performances in terms of ACC, precision, and recall when compared to the recent related works.  © 2018 Tsinghua University Press.","https://www.scopus.com/pages/publications/85153493342?origin=resultslist","38"
"R038","Scopus; WoS","Federated and Quantized-Based Intrusion Detection for Embedded On-Board Automotive Networks","Adil M.; Javeed D.; Kumar P.","2026","IEEE Transactions on Intelligent Transportation Systems","10.1109/TITS.2025.3645854","2-s2.0-105027994157","Article","English","All Open Access; Hybrid Gold Open Access","cloud vehicle; collaborative learning; intra-vehicular network; Intrusion detection system","Anomaly detection; Data privacy; Digital storage; Distributed computer systems; Embedded systems; Fleet operations; Hybrid vehicles; Intelligent vehicle highway systems; Internet protocols; Network intrusion; Traffic control; Vehicle detection; Automotive networks; Cloud vehicle; Collaborative learning; Flow efficiency; Impact modelling; Intra-vehicular network; Intrusion Detection Systems; Network traffic; Transportation impacts; Vehicular networks; Intrusion detection","Intelligent vehicles rely on hybrid On-Board Automotive Networks (OANs), such as Time-Sensitive Networking (TSN) and Controller Area Networks (CAN), to support autonomous driving and ADAS. Securing these networks is challenging due to resource constraints, heterogeneous protocols, and evolving attacks. We propose an embedded-optimized, privacy-preserving collaborative IDS for hybrid OANs. Leveraging Cloud Vehicle Functions (CVFs), the framework enables robust model training across vehicles without sharing raw data. To efficiently process multi-protocol traffic, we introduce the Network Traffic Temporal Encoder (NTTE), which transforms network packets into temporal traffic images for anomaly detection. These NTTE representations are analyzed by TCNnet, a lightweight neural network designed for efficient embedded deployment. To make TCNnet suitable for resource-constrained embedded systems, we propose post-training quantization, significantly reducing its computational and storage demands. Evaluated on real traffic, the quantized TCNnet maintains over 99% detection accuracy, while reducing model size by over 91% and memory footprint by 51%, enabling practical deployment on resource-constrained ECUs. To link IDS outputs to real-world transportation outcomes, we develop the Transportation Impact Modeling Module (TIMM), which maps network-level detection performance to vehicle-level safety metrics (collision likelihood and Safety Message Delivery Ratio, SMDR) and fleet-level traffic indicators (Vehicle Flow Efficiency, VFE). TIMM simulations across Urban, Suburban, and Highway scenarios show the IDS reduces expected collisions by up to 97.9%, while maintaining high traffic flow efficiency (VFE = 0.949–0.995) and message reliability (SMDR = 0.988–0.994). These results demonstrate that the proposed IDS not only excels in network-level detection but also directly enhances vehicular safety and traffic performance, confirming its practical applicability in Intelligent Transportation Systems. © 2000-2011 IEEE.","https://www.scopus.com/pages/publications/105027994157?origin=resultslist","39"
"R039","Scopus","Multi-dimensional resource management with deep deterministic policy gradient for digital twin-enabled Industrial Internet of Things in 6 generation","Hu Y.; Cao N.; Lu H.; Jiang Y.; Liu Y.; He X.","2024","Transactions on Emerging Telecommunications Technologies","10.1002/ett.4962","2-s2.0-85188548718","Article","","All Open Access; Bronze Open Access","","Computer architecture; Data handling; Deep learning; Digital storage; Energy utilization; Green computing; Learning systems; Network architecture; Reinforcement learning; Collaboration architecture; Computing communication; Computing resource; Data-driven applications; Deterministics; Distributed learning; Knowledge learning; Multi dimensional; Policy gradient; Resource management; Internet of things","In the era of sixth generation mobile networks (6G), industrial big data is rapidly generated due to the increasing data-driven applications in the Industrial Internet of Things (IIoT). Effectively processing such data, for example, knowledge learning, on resource-limited IIoT devices becomes a challenge. To this end, we introduce a cloud-edge-end collaboration architecture, in which computing, communication, and storage resources are flexibly coordinated to alleviate the issue of resource constraints. To achieve better performance in hyper-connected experience, real-time communication, and sustainable computing, we construct a novel architecture combining digital twin (DT)-IIoT with edge networks. In addition, considering the energy consumption and delay issues in distributed learning, we propose a deep reinforcement learning-based method called deep deterministic policy gradient with double actors and double critics (D4PG) to manage the multi-dimensional resources, that is, CPU cycles, DT models, and communication bandwidths, enhancing the exploration ability and improving the inaccurate value estimation of agents in continuous action spaces. In addition, we introduce a synchronization threshold for distributed learning framework to avoid the synchronization latency caused by stragglers. Extensive experimental results prove that the proposed architecture can efficiently conduct knowledge learning, and the intelligent scheme can also improve system efficiency by managing multi-dimensional resources. © 2024 John Wiley & Sons, Ltd.","https://www.scopus.com/pages/publications/85188548718?origin=resultslist","40"
"R040","Scopus; WoS","Edge-Optimized Automatic Number Plate Recognition for IoT-Based Smart Parking Using YOLOv8","Ebrahimishadman M.; Souri A.","2026","Computers, Materials and Continua","10.32604/cmc.2026.084246","2-s2.0-105046102553","Article","English","All Open Access; Gold Open Access","Automatic number plate recognition (ANPR); edge computing; Internet of Things (IoT); PaddleOCR; Raspberry Pi; smart parking systems; YOLOv8","Ablation; Automatic identification; Automatic vehicle identification; Deep learning; Edge detection; Learning systems; Optical character recognition; Optical data processing; Parking; Pipeline processing systems; Pipelines; Automatic number plate recognition; Automatic number plates recognition; Edge computing; Internet of thing; Optical-; Paddleocr; Raspberry pi; Smart parking; Smart parking systems; YOLOv8; Edge computing","Automatic Number Plate Recognition (ANPR) is widely used in Intelligent Transportation Systems (ITS) and smart parking applications, but running deep learning-based ANPR directly on low-power edge devices remains difficult because of computation time, memory, and latency limitations. In this study, we develop an edge-oriented ANPR pipeline for an Internet of Things (IoT)-based sensor-triggered stop-and-go smart parking platform, targeting deployment on a resource-constrained edge device. The pipeline combines YOLOv8 for license plate detection, PaddleOCR for text recognition, and a rule-based normalization stage to reduce Optical Character Recognition (OCR) errors caused by spacing inconsistencies and plate-format variations. In the OCR-only ablation study conducted on cropped plate images, PaddleOCR outperformed the other OCR options evaluated, achieving up to 96.0% exact-match accuracy and 98.78% character-level accuracy, with an average OCR-only processing time of 52.55 ms per image. When evaluated as a complete end-to-end pipeline on a Raspberry Pi with ONNX Runtime, the system achieved 83.5% exact-match accuracy and 94.83% character-level accuracy, with an average end-to-end latency of 1713 ms per image, indicating that edge-side operation is feasible for sensor-triggered parking entry and exit events despite CPU-only hardware constraints. In addition to the ANPR module, the proposed platform connects edge devices with Firebase services and Flutter-based user applications for parking status updates, user interaction, reservation matching, and access logs. These results show that a low-cost edge-based ANPR architecture can support practical sensor-triggered smart parking operations without depending on continuous cloud-side inference. © 2026 The Authors.","https://www.scopus.com/pages/publications/105046102553?origin=resultslist","41"
"R041","Scopus; WoS","S-Edge: A Multi-Region Edge Computing Framework With Adaptive Data Compression and Dynamic Load Balancing","Husain E.; Patel D.; Kore V.; Gupta M.; Sharmiladevi S.","2026","IEEE Access","10.1109/ACCESS.2026.3696637","2-s2.0-105040196001","Article","English","All Open Access; Gold Open Access; Green Open Access","adaptive compression; anomaly detection; dynamic load balancing; Edge computing","Anomaly detection; Balancing; Cryptography; Data compression; Digital storage; Dynamic loads; Edge detection; Internet of things; Resource allocation; System stability; Adaptive compression; Anomaly detection; Bandwidth usage; Centralised; Cloud systems; Computing frameworks; Data integrity; Dynamic load balancing; Dynamic load distribution; Edge computing; Edge computing","The growth of Internet of Things (IoT) devices has posed serious problems in terms of bandwidth usage, latency, and data integrity in centralised cloud systems. Edge computing can help resolve these problems by processing data closer to the source, but existing frameworks frequently lack built-in mechanisms for dynamic load distribution and adaptive data optimisation. This paper presents S-Edge, a multi-region edge computing framework that combines real-time anomaly detection, smart load balancing, and dynamic compression to maximise resource utilisation. A smart-switching compression layer is introduced that selects dynamically among ZLIB, BZ2, and LZMA based on data priority and compression efficiency threshold τ = 0.5, achieving significant storage reduction. The system employs a capacity-aware load balancing algorithm that redistributes traffic across regions when utilisation exceeds Lthresh = 1000 bytes (80% capacity), maintaining system stability. Anomaly detection using Isolation Forest achieves a precision, recall, and F1-score of 0.99 under controlled simulation conditions, representing an upper bound specific to the deliberately separated synthetic distributions used; robustness analysis under overlapping distributions yields F1 of 0.39-0.63 depending on overlap severity. Security is provided through AES-256-GCM encryption and SHA-256 integrity checks. The system achieves a primary storage recovery latency of under 1 ms, with asynchronous multi-region replication completing within approximately 153 ms. Experimental results confirm the applicability of the framework to scalable, resource-constrained IoT deployments.  © 2026 The Authors.","https://www.scopus.com/pages/publications/105040196001?origin=resultslist","42"
"R042","Scopus","Precision Care in Cardiac Arrest: ICECAP (PRECICECAP) Study Protocol and Informatics Approach","Elmer J.; He Z.; May T.; Osborn E.; Moberg R.; Kemp S.; Stover J.; Moyer E.; Geocadin R.G.; Hirsch K.G.","2022","Neurocritical Care","10.1007/s12028-022-01464-9","2-s2.0-85127654315","Article","","All Open Access; Green Open Access","Brain injury; Cardiac arrest; Machine learning; Outcome; Precision medicine; Prognosis","Cardiopulmonary Resuscitation; Critical Care; Humans; Hypothermia, Induced; Informatics; Intensive Care Units; Out-of-Hospital Cardiac Arrest; biological marker; algorithm; area under the curve; Article; artificial intelligence; artificial neural network; blood pressure; brain injury; breathing rate; cloud computing; computer assisted tomography; controlled study; deep learning; diagnostic test accuracy study; digital imaging and communications in medicine; electrocardiography; electroencephalography; follow up; heart arrest; heart ventricle fibrillation; human; hypothermia; information processing; information science; information storage; intensive care; intensive care unit; machine learning; magnetoencephalography; nuclear magnetic resonance imaging; personalized medicine; plethysmography; principal component analysis; prognosis; quality control; random forest; Rankin scale; receiver operating characteristic; software; waveform; induced hypothermia; out of hospital cardiac arrest; procedures; resuscitation","Background: Most trials in critical care have been neutral, in part because between-patient heterogeneity means not all patients respond identically to the same treatment. The Precision Care in Cardiac Arrest: Influence of Cooling duration on Efficacy in Cardiac Arrest Patients (PRECICECAP) study will apply machine learning to high-resolution, multimodality data collected from patients resuscitated from out-of-hospital cardiac arrest. We aim to discover novel biomarker signatures to predict the optimal duration of therapeutic hypothermia and 90-day functional outcomes. In parallel, we are developing a freely available software platform for standardized curation of intensive care unit–acquired data for machine learning applications. Methods: The Influence of Cooling duration on Efficacy in Cardiac Arrest Patients (ICECAP) study is a response-adaptive, dose-finding trial testing different durations of therapeutic hypothermia. Twelve ICECAP sites will collect data for PRECICECAP from multiple modalities routinely used after out-of-hospital cardiac arrest, including ICECAP case report forms, detailed medication data, cardiopulmonary and electroencephalographic waveforms, and digital imaging and communications in medicine files (DICOMs). We partnered with Moberg Analytics to develop a freely available software platform to allow high-resolution critical care data to be used efficiently and effectively. We will use an autoencoder neural network to create low-dimensional representations of all raw waveforms and derivative features, censored at rewarming to ensure clinical usability to guide optimal duration of hypothermia. We will also consider simple features that are historically considered to be important. Finally, we will create a supervised deep learning neural network algorithm to directly predict 90-day functional outcome from large sets of novel features. Results: PRECICECAP is currently enrolling and will be completed in late 2025. Conclusions: Cardiac arrest is a heterogeneous disease that causes substantial morbidity and mortality. PRECICECAP will advance the overarching goal of titrating personalized neurocritical care on the basis of robust measures of individual need and treatment responsiveness. The software platform we develop will be broadly applicable to hospital-based research after acute illness or injury. © 2022, Springer Science+Business Media, LLC, part of Springer Nature and Neurocritical Care Society.","https://www.scopus.com/pages/publications/85127654315?origin=resultslist","43"
"R043","Scopus; WoS","Secured framework for IoT based healthcare application","Nagavel V.; Bhuvaneswari P.T.V.; Ramesh P.; Tamaraiselvi K.","2026","Scientific Reports","10.1038/s41598-026-51036-6","2-s2.0-105043728349","Article","English","All Open Access; Gold Open Access; Green Open Access","Blockchain; Data security; Diabetes prediction; Internet of Things (IoT); Machine learning; Smart Healthcare","Blockchain; Computer Security; Delivery of Health Care; Digital Health; Humans; Internet of Things; Machine Learning; blockchain; computer security; digital health; health care delivery; human; internet of things; machine learning","The Internet of Things (IoT) allows continuous health monitoring through the interconnection of wearable and medical devices with computing and storage infrastructures. As cyber threats grow and the sensitivity of healthcare information increases, data integrity, privacy, and access control become critical concerns in digital healthcare environments. This paper proposes a secure IoT-based healthcare framework that integrates machine learning and blockchain techniques for data protection and intelligent health risk assessment.The proposed framework uses cryptographic hashing, Merkle tree construction, digital signatures, and a threshold-based blockchain validation mechanism to enhance the integrity and secure handling of healthcare data in a permissioned simulation environment. The blockchain validation mechanism is evaluated through simulated tampering, replay, and high-load scenarios to assess the integrity verification capability of the proposed framework.Various machine learning models are trained and evaluated on medical datasets to predict disease risk, and their performance is measured using accuracy, precision, recall, and F1-score metrics. The framework is implemented in Python and deployed in a scalable cloud-based environment. Experimental results demonstrate that the proposed framework improves healthcare data integrity verification and supports reliable predictive performance for secure digital healthcare applications. © The Author(s) 2026.","https://www.scopus.com/pages/publications/105043728349?origin=resultslist","44"
"R044","Scopus","Decentralized Tele-Rehabilitation via Edge AI-Oracle Architecture for Spatiotemporal Pain Assessment","Bilous N.; Ostapchenko D.; Ahekian I.; Frohme M.","2026","Sensors","10.3390/s26134136","2-s2.0-105045255726","Article","","All Open Access; Gold Open Access; Green Open Access","computer vision; Edge AI; IPFS; LSTM; MediaPipe; Oracle problem; pain assessment; smart contracts; tele-rehabilitation; Trusted Execution Environment","Algorithms; Artificial Intelligence; Humans; Long Short Term Memory; Pain Measurement; Telerehabilitation; Authentication; Biometrics; Blockchain; Chains; Computer privacy; Insurance; Medical computing; Network security; Patient rehabilitation; Trusted computing; Decentralised; Edge AI; Filesystem; Interplanetary file system; Mediapipe; Oracle problem; Pain assessment; Short term memory; Telerehabilitation; Trusted execution environments; algorithm; artificial intelligence; human; long short term memory network; pain measurement; procedures; telerehabilitation; Computer vision","Remote tele-rehabilitation requires objective pain assessment, but existing approaches fail in two distinct ways. Self-report scales such as the Visual Analog Scale and the Numeric Pain Rating Scale are easy to falsify, opening a special case of the Oracle problem in blockchain-based insurance. Cloud-based computer vision handles falsification but transmits raw biometric video off the patient’s device, violating privacy requirements. A decentralized Edge AI-Oracle architecture is proposed that combines MediaPipe Face Mesh landmark extraction with a recurrent classifier mapping Action-Unit feature sequences to a learned pain score aligned with the Prkachin and Solomon Pain Intensity scale. The recurrent cell is selected empirically across short-context (T = 2) and long-context (T = 120 frames at 24 fps) regimes, with a two-layer Long Short-Term Memory (LSTM) network adopted for deployment. Inference and Elliptic Curve Digital Signature Algorithm (ECDSA) signing run inside an ARM TrustZone Trusted Execution Environment (TEE). Biometric logs are stored off-chain on the InterPlanetary File System (IPFS). Smart contracts anchor results on-chain and open a 24 h optimistic verification window for an off-chain Watchtower auditor. On SynPAIN the LSTM reaches F1 = 0.683 on T = 120 video (leave-one-stratum-out), with a directional but non-significant advantage over Gated Recurrent Unit (GRU) (Wilcoxon p = 0.167). Cross-dataset validation on BioVid Heat Pain Database Part A (87 subjects, 174 paired observations, leave-one-subject-out) yields F1 = 0.519 for LSTM and 0.499 for GRU (Wilcoxon p = 0.549). A processor-only TEE surrogate benchmark estimates 1.96 ms (FP32) and 0.45 ms (INT8) inference latency at T = 120 with a 0.34 MB footprint and 707 µs ECDSA signing latency, leaving the INT8 inference latency more than an order of magnitude below the 33 ms per-frame budget. The dual-layer storage reduces gas costs by a factor of 23.4 (160,261 vs. 3,744,872 gas), corresponding to an illustrative mainnet cost of approximately 0.53 USD per submission at 1 gwei, rising to roughly 16 USD at a busier 30 gwei, and falling to approximately 0.005 USD on Arbitrum One (April 2026 reference parameters), so that continuous monitoring is economically practical on Layer-2. An adaptive-adversary analysis of the Watchtower shows that gross score tampering is detected at every usable operating threshold, whereas a rational adversary who inflates by less than the dispute threshold, or who shapes the injected score to fall just inside it, evades detection. Because the false-positive rate reaches zero only for (Formula presented.), the protocol bounds rather than eliminates patient-side fraud and motivates a zero-knowledge proof-of-inference successor. The framework is architecturally and economically feasible as a cryptographically verifiable, privacy-preserving tele-rehabilitation substrate aligned with General Data Protection Regulation (GDPR) and Health Insurance Portability and Accountability Act (HIPAA) requirements through the Zero-Video Transmission principle, while remaining economically viable under post-Dencun mainnet and Layer-2 conditions. Recognition accuracy on real-world data and robustness to small-magnitude tampering remain limitations that the interchangeable recognition and audit components must improve before clinical deployment. © 2026 by the authors.","https://www.scopus.com/pages/publications/105045255726?origin=resultslist","45"
"R045","Scopus; WoS","A hybrid intrusion detection approach based on message queuing telemetry transport (MQTT) protocol in industrial internet of things","Francis G.T.; Souri A.; İnanç N.","2024","Transactions on Emerging Telecommunications Technologies","10.1002/ett.5030","2-s2.0-85201570424","Article","English","All Open Access; Hybrid Gold Open Access","","Computer viruses; Copper scrap; Cyber attacks; Decision trees; Deep learning; Intrusion detection; Network intrusion; Network security; Queueing networks; Queueing theory; Random forests; Telemetering systems; Communications protocols; Critical challenges; Cyber security; Cyber-attacks; Hybrid intrusion detection; Industrial controls; Intrusion detection approaches; Random forest methods; Random forests; Transport protocols; Industrial internet of things (IIoT)","The number of attacks against Industrial Internet of Things (IIoT) devices has increased over the past years, particularly on widely used communication protocols like Message Queuing Telemetry Transfer (MQTT). The fast increase in IIoT applications brings both critical challenges and technical gaps in cybersecurity. On the other hand, traditional cyber-attack detection approaches scrap to address and support the run-time responsibilities of IIoT environments. This study presents a hybrid Genetic Algorithm and Random Forest (GA_RF) method for detecting cyber-attacks in Industrial Control Machines (ICS) that use MQTT protocol in the IIoT environment. This architecture integrates ICS with edge devices and cloud servers, using a GA_RF algorithm to detect anomalies in data collected by sensors. Normal data is processed locally and then sent to the cloud for storage and return, ensuring continuous monitoring and security. Also, the MQTT-IOT-IDS2020 dataset as a real test case was applied for prediction of the proposed GA_RF method with compare to some other powerful machine and deep learning models. The experimental results show that the proposed GA_RF method has an optimum accuracy of 99.87%–100% for detecting cyber-attacks. This hybrid algorithm also achieved 0–0.0015 in Mean Absolute Error (MAE) and 100% in Precision, Recall, and F-score factors. This result led to the proposed architecture, which connects the ICS to a server while running GA_RF on the IIoT environment. In conclusion, this study indicates the effectiveness of GA_RF and aims to improve security by using the MQTT protocol in IIoT. © 2024 John Wiley & Sons Ltd.","https://www.scopus.com/pages/publications/85201570424?origin=resultslist","46"
"R046","Scopus","An intelligent cloud firewall framework for multi-cloud security using lstm anomaly detection and federated learning","V A.; S K.S.R.","2026","Scientific Reports","10.1038/s41598-026-53470-y","2-s2.0-105046653172","Article","","All Open Access; Gold Open Access; Green Open Access","Anomaly detection; Blockchain audit; Deep learning; Intelligent firewall; LSTM; Tenant isolation; Threat detection; Zero trust","algorithm; article; blockchain; clinical article; clinical audit; cloud computing; controlled study; deep learning; diagnosis; federated learning; human; logging; long short term memory network; outlier detection; quantum cryptography; reaction time; simulation; software as a service; vulnerability","The evolving nature of the threat landscape against cloud services is outpacing the capabilities of traditional security measures. Current firewall implementations in cloud services may provide a foundational layer of security, but they have significant limitations regarding their ability to respond to recently identify zero day vulnerabilities and to protect sensitive information from potential attacks utilizing quantum computing, as well as validating audit logs in multi-tenanted, shared cloud service landscapes. In this research, we present an innovative integrated approach to addressing each of these limitations by combining AI driven Anomaly detection techniques with post quantum cryptography authentication, a Zero Trust Architecture (ZTA), and blockchain based audit logging. Our proposed AI enhanced cloud firewall uses a Long Short Term Memory (LSTM) deep learning model to analyze and classify traffic patterns across IaaS), Platform-as-a-Service (PaaS), and Software-as-a-Service (SaaS) environments and dynamically creates adaptive firewall policies with sub-second response times. Experimental testing on simulated cloud traffic sets demonstrated that our proposed framework achieved a detection rate of 94.7% and a False Positive Rate (FPR) of 2.1%, representing improvements of 24.7% and 12.9%, respectively, when compared to traditional rule-based firewalls. Additionally, the blockchain anchored audit logging mechanism will create tamper proof audit logs, and the post-quantum cryptography layer will prevent attacks using the CRYSTALS-Kyber and CRYSTALS-Dilithium algorithms. These test results demonstrate that our proposed framework is a scalable, resilient, and security hardened solution for future generations of cloud computing landscapes. © The Author(s) 2026.","https://www.scopus.com/pages/publications/105046653172?origin=resultslist","47"
"R047","Scopus; WoS","A Secure Access Framework for IoT–Cloud Integration With Blockchain and Bi-GCN","Kavitha M.S.; Gayathri Devi K.","2025","IET Information Security","10.1049/ise2/6512865","2-s2.0-105023952129","Article","English","All Open Access; Gold Open Access","bidirectional graph convolutional network; blockchain; cloud platforms; Internet of Things; self-adaptive security","Access control; Cloud computing architecture; Convolution; Decentralized control; Digital storage; Internet of things; Network security; Public key cryptography; Trusted computing; Bidirectional graph convolutional network; Block-chain; Cloud integrations; Cloud platforms; Cloud-computing; Convolutional networks; Innovative environments; Real-time data; Self adaptive securities; Storage capability; Blockchain; Economic and social effects","Digital advancements have made cloud computing and IoT essential for innovative environments such as healthcare and industry. Cloud platforms offer scalable compute and storage capabilities, whereas IoT devices generate real-time data. However, there are significant challenges faced while integrating the IoT with cloud to achieve robust, scalable, and secure access control. Traditional centralized models, such as static rule-based mechanisms and public key infrastructure (PKI), are prone to single points of failure and suffer from limited scalability and poor adaptability. To address these issues, this paper proposes a decentralized access control architecture that combines blockchain with a hybrid bidirectional graph convolutional network (Bi-GCN). The framework integrates ciphertext policy-attribute based encryption (CP-ABE) with trusted platform module (TPM)–based pseudonymous identities and the blockchain smart contracts for fine- and hardware-assisted access control. A generative adversarial network (GAN)-assisted prevalidation layer filters sybil, tampering, and spoofing attempts before block inclusion, enhancing integrity and reducing overhead. Bi-GCN supports real-time anomaly detection, trust adaptation, and behavior profiling, while smart contracts enforce adaptive role-attribute policies. Experimental results show that the proposed model outperforms existing methods across key metrics, including 0.97 accuracy, 0.98 F-measure, and minimal security overhead of 0.7%. Although it introduces slight latency due to advanced processing, the benefits of secure and intelligent access management outweigh the trade-off. The integration of blockchain ensures decentralized and immutable policy enforcement, while Bi-GCN facilitates self-adaptive security, making the architecture suitable for dynamic IoT–cloud ecosystems. Copyright © 2025 Kavitha M. S. and Gayathri Devi K. IET Information Security published by John Wiley & Sons Ltd.","https://www.scopus.com/pages/publications/105023952129?origin=resultslist","48"
"R048","Scopus","Adaptive Ensemble Models for Robust Intrusion Detection in Cloud Environment on Imbalanced Dataset","Swarnalatha K.; Narisetty N.; Kancherla G.R.; Guntupalli N.; Rao S.M.; Kalidindi A.","2025","International Journal of Advanced Computer Science and Applications","10.14569/IJACSA.2025.0160829","2-s2.0-105015371342","Article","","All Open Access; Gold Open Access; Green Open Access","cloud computing; ensemble model; feature selection; intrusion detection system; machine learning; Resampling methods","Classification (of information); Computational efficiency; Computer crime; Intrusion detection; Learning systems; Network security; Set theory; Cloud-computing; Computational time; Ensemble learning; Ensemble models; Features selection; Intrusion Detection Systems; Machine-learning; Random forests; Resampling method; Second phase; Cloud computing; Feature extraction","The rapid development of Information storage and sharing technologies brings new challenges in protecting against network security attacks. In this study, ensemble learning models are evaluated to enhance the performance of a network intrusion detection system (NIDS) with three phases through machine learning approaches. In the first phase, the unbalanced dataset is processed through four re-sampling techniques, such as SMOTE, RUS, RUS+ROS, and RUS+SMOTE, for balancing treatment. In the second phase, Random Forest feature selection is imposed for these four balanced datasets. Finally, three Ensemble Models named as EM1, EM2 and EM3 are designed using six basic classifiers and thus evaluated. In earlier studies, the first and second phases were evaluated through an SVM binary classifier for four feature subsets. The four feature subsets are obtained through Random Forest feature selection with the four different thresholds of Cumulative Feature Importance Scores (CFIS) (85%, 90%, 95% and 99%). With the observation of the evaluated results, three challenges were identified: i) The highest accuracy obtained through the re-sampling method required maximum computational time. ii) Different thresholds of CFIS exhibit instability in performance metrics as well as computational times, even though the number of features is less. iii) The adopted multi-class SVM classifier’s efficiency to detect the attacks within minimum computational time and without compromising accuracy when compared to earlier works is yet to be ascertained. In this study, an attempt has been made to address these challenges with ensemble learning. Three ensemble models are chosen for the evaluation process conducted on the adopted CIIDS -2017 dataset. Finally, the comparative results are presented, and decisive discussions are carried out for implementing the prevention and mitigation algorithms by security professionals. © (2025), (Science and Information Organization). All rights reserved.","https://www.scopus.com/pages/publications/105015371342?origin=resultslist","49"
"R049","Scopus","Bluefin Trevally Optimization Driven CNN-Transformer Hybrid Framework for Privacy-preserving Secure Cloud Storage Systems","George S.S.; Kolikipogu R.; Sowbhagya M.P.; Poornima D.; Sushma T.N.; Naitik S.T.; Holi G.; Dharamvir; Nawkhare R.N.; Mathew K D.","2026","International Journal of Intelligent Engineering and Systems","10.22266/ijies2026.1031.26","2-s2.0-105051579055","Article","","All Open Access; Hybrid Gold Open Access","Bluefin trevally optimization; CNN-transformer; Cross-dataset generalization; Deep learning; Intrusion detection system; Network security; Privacy-preserving encryption; Secure cloud storage","","With the rapid implementation of cloud computing and increasing cyber-attacks, one of the most significant challenges is to ensure secure data storage and detection after it was intruded. This paper proposes a new and hybrid of Convolutional Neural Network (CNN)-Transformer framework for intrusion-aware privacy-preserving server-based cloud storage systems using Bluefin Trevally Optimization (BTO). It uses deep learning-driven intrusion detection with quantum-inspired encryption and attribute-based access control in an integrated manner to offer a comprehensive and secure cloud environment. The integrated model consists of a convolutional neural network for extracting local features and the more global level information captured by Transformer architectures and Bluefin Trevally Optimization (BTO) is used to optimize model-level parameters along with security. Adopting a diverse set of traffic scenarios, we test on three benchmark datasets (NSL-KDD; CICIDS2017; UNSW-NB15) representing legacy, modern and realistic network traffic respectively for a rigorous evaluation. The proposed framework achieves the highest binary classification accuracies of 99.32, 98.74, and 97.92, with corresponding AUC values of 0.999, 0.994, and 0.988 on the NSL-KDD, CICIDS2017, and UNSW-NB15 datasets, respectively. The results show excellent generalising from training classes, are resistant to class imbalance, and increase the accuracy with which minority attack classes are detected. Furthermore, high entropy (7.999) and improved avalanche effect (51.6) are obtained by the proposed Quantum Convolutional Neural Network (QCNN)-based encryption mechanism for data confidentiality assurance. Experimental results show that the proposed framework achieves high accuracy in intrusion detection, good cryptographic security and low computational overhead. The framework is thus suitable for deployment in cloud environments that demand low-latency intrusion detection and secure data protection, as inferred from the measured inference latency. This article is licensed under a Creative Commons Attribution-ShareAlike 4.0 International License. License details: https://creativecommons.org/licenses/by-sa/4.0/","https://www.scopus.com/pages/publications/105051579055?origin=resultslist","50"
"R050","Scopus; WoS","IoT-Based Architecture with AI-Ready Analytics for Medical Waste Management: System Design and Pilot Validation","Akhmetzhanova S.; Oralbekova Z.; Bayakhmetov A.; Abduvalova A.; Yeshmakhanova T.; Berdygulova A.; Toktarkozha G.","2026","Applied Sciences (Switzerland)","10.3390/app16063081","2-s2.0-105034061630","Article","English","All Open Access; Gold Open Access; Green Open Access","AI-ready data pipeline; cloud computing; edge computing; Espressif Systems 32 (ESP32); internet of things (IoT); medical waste management; real-time monitoring; smart healthcare","Computer architecture; Data communication systems; Digital storage; Health care; Information management; Internet of things; Medical computing; Medical information systems; Network architecture; Predictive analytics; Solid wastes; Waste management; Artificial intelligence-ready data pipeline; Cloud-computing; Data pipelines; Edge computing; Espressif system 32; Global positioning; Internet of thing; Medical waste management; Real time monitoring; Smart healthcare; accuracy; architecture; Article; artificial intelligence; decision making; design; environment; information storage; infrastructure; machine learning; mathematical model; medical waste management; monitoring; nonhuman; performance; pilot validation; planning; predictive model; protocol; reliability; Simple Mail Transfer Protocol; slow wave sleep; system design; validation study; waste management; Decision support systems; Edge computing","Internet-of-Things (IoT) sensing can improve traceability, safety, and efficiency of medical waste handling, yet many deployments remain fragmented, lack an end-to-end system architecture, and do not provide the structured data pipelines needed for artificial intelligence (AI) analytics. This paper presents a layered IoT-based system design for medical waste management that integrates: (i) Espressif Systems 32 (ESP32)-based edge devices for fill-level and Global Positioning System (GPS) telemetry; (ii) secure network communication; (iii) a cloud backend for data ingestion, storage, and analytics; and (iv) operator dashboards with event-driven alerting. The architecture extends our prior GPS-enabled tracking and route optimization by adding sensor-driven state monitoring, threshold-based decision support, and a time-series data pipeline designed for future AI-driven predictive analytics. In a 30-day pilot with five containers, the system collected one reading every 15 min (14,400 total readings). The backend demonstrated efficient processing with an average Application Programming Interface (API) response time of 45 ms, sub-50 ms database write latency, and high uptime; alerts were delivered promptly upon threshold violations. Compared with a fixed-schedule baseline, the system enabled condition-based collection scheduling with zero data loss. The proposed design emphasizes modularity, fault tolerance, and integration readiness for hospital information systems, providing a practical blueprint for scalable smart-healthcare waste logistics and a foundation for machine learning-based predictive waste management. © 2026 by the authors.","https://www.scopus.com/pages/publications/105034061630?origin=resultslist","51"
"R051","Scopus","Cloud-Continuum-Based Deep Learning Optimization Framework for Next-Generation Healthcare Data Performance on IoT Platform","Aravindh G.; Sridhar K.P.","2026","International Journal of Advanced Computer Science and Applications","10.14569/IJACSA.2026.0170262","2-s2.0-105038860408","Article","","All Open Access; Gold Open Access; Green Open Access","Cloud; continuum; device; edge; fog; healthcare data; next-generation; orchestration; performance; platforms","Cloud analytics; Cloud computing architecture; Data privacy; Deep learning; Digital storage; Edge computing; Fog computing; Health care; Medical computing; Sports; Continuum; Data performance; Edge; Healthcare data; Learning optimizations; Next-generation; Optimization framework; Orchestration; Performance; Platform; Clouds; Fog","The development of healthcare data performance analysis is becoming more driven by the incorporation of intelligent computing paradigms that guarantee real-time, scalable, and personalized feedback for coaches and athletes. However, existing healthcare data analytics systems are challenged with severe issues such as decision-making latency, processing capacity limitations at the edge, data fragmentation, and the inability to integrate across heterogeneous computing environments seamlessly. Athletic data in this scenario refers to a combination of biomechanical factors (motion capture, joint angles, gait patterns), biometric signals (heart rate, oxygen saturation, muscle activity), and sport-specific performance indicators (workload, speed, and acceleration). This paper introduces the Cloud-Continuum-based Deep Learning Optimization Framework (CC-DLOF). This novel architecture leverages the synergistic potential of edge, fog, and cloud computing to provide a dynamic and smart healthcare data performance on an IoT platform. CC-DLOF is a hierarchical continuum architecture, with real-time data gathering and lightweight analytics performed in the edge layer, contextual processing and federated learning in the fog layer, and global intelligence, deep model training, and long-term data storage in the cloud layer. A new Cloud-Fog-Edge Orchestration Device (CFEOD) provides dynamic allocation of computational tasks in terms of latency sensitivity and device capability. At the same time, a blockchain-supported access control is used to maintain data security and privacy. Simulation analysis, done in a simulated training environment that combines with real-world data sets, illustrates the performance of the framework in mitigating latency by 35%, increasing model accuracy by 22%, and boosting system scalability and reliability. CC-DLOF is a revolutionary way in healthcare data technology, leading to smart, responsive, and safe next-generation healthcare data performance on an IoT platform. © (2026), (Science and Information Organization). All rights reserved.","https://www.scopus.com/pages/publications/105038860408?origin=resultslist","52"
"R052","Scopus; WoS","Deep Learning Based Anomaly Detection for Fog-Assisted IoVs Network","Yaqoob S.; Hussain A.; Subhan F.; Pappalardo G.; Awais M.","2023","IEEE Access","10.1109/ACCESS.2023.3246660","2-s2.0-85149368339","Article","English","All Open Access; Gold Open Access; Green Open Access","anomaly detection; Fog computing; fog-assisted IoVs; Internet of Vehicles; smooth communication","Benchmarking; Convolution; Deep learning; Digital storage; Edge computing; Feature extraction; Fog computing; Heuristic algorithms; Information dissemination; Intrusion detection; Network architecture; Network security; Roads and streets; Security systems; Vehicle to vehicle communications; Vehicles; Anomaly detection; Cloud-computing; Edge computing; Fog-assisted internet of vehicle; Heuristics algorithm; Internet of vehicle; Network intrusions; Security; Smooth communication; Fog","Internet of vehicles (IoVs) allows millions of vehicles to be connected and share information for various purposes. The main applications of IoVs are traffic management, emergency messages delivery, E-health, traffic, and temperature monitoring. On the other hand, IoVs lack in location awareness and geographic distribution, which is critical for some IoVs applications such as smart traffic lights and information sharing in vehicles. To support these topographies, fog computing was proposed as an appealing and novel term, which was integrated with IoVs to extend storage, computation, and networking. Unfortunately, it is also challenged with various security and privacy hazards, which is a serious concern of smart cities. Therefore, we can formulate that Fog-assisted IoVs (Fa-IoVs), are challenged by security threats during information dissemination among mobile nodes. These security threats of Fa-IoVs are considered as anomalies which is a serious concern that needs to be addressed for smooth Fa-IoVs network communication. Here, smooth communication refers to less risk of important data loss, delay, communication overhead, etc. This research work aims to identify research gaps in the Fa-IoVs network and present a deep learning-based dynamic scheme named CAaDet (Convolutional autoencoder Aided anomaly detection) to detect anomalies. CAaDet exploits convolutional layers with a customized autoencoder for useful feature extraction and anomaly detection. Performance evaluation of the proposed scheme is done by using the F1-score metric where experiments are carried out by exploiting a benchmark dataset named NSL-KDD. CAaDet also observes the behavior of fog nodes and hidden neurons and selects the best match to reduce false alarms and improve F1-score. The proposed scheme achieved significant improvement over existing schemes for anomaly detection. Identified research gaps in Fa-IoVs can give future directions to researchers and attract more attention to this new era.  © 2013 IEEE.","https://www.scopus.com/pages/publications/85149368339?origin=resultslist","53"
"R053","Scopus; WoS","Remote Sensing Tool for Reservoir Volume Estimation","Pimenta J.; Fernandes J.N.; Azevedo A.","2025","Remote Sensing","10.3390/rs17040619","2-s2.0-85219193440","Article","English","All Open Access; Gold Open Access; Green Open Access","machine learning; remote sensing; reservoir volume; satellite imagery; water resources management","Building components; Reservoirs (water); Water management; Cloud cover; Machine-learning; Management IS; Remote sensing tools; Remote-sensing; Reservoir volume; Volume estimations; Water flood; Water resources management; Water security; Flood control","Efficient reservoir management is essential for ensuring water security and flood control, as well as hydroelectric power generation. Accurate volume measurements are key to optimizing these functions, but traditional methods—such as in situ measurements and physical surveys—are often time-consuming, costly, and unfeasible in many regions due to financial or geographical limitations. This study introduces a novel globally accessible remote sensing tool designed to overcome these challenges by providing a more effective approach to reservoir volume estimation. The tool leverages high-resolution satellite imagery from Sentinel-2 and integrates it with official storage capacity data and the GLOBAthy dataset to calculate surface area and reservoir volume across varying water levels over user-defined timeframes. Users can select reservoirs, date ranges, and cloud cover thresholds via an intuitive interface, which then generates time-series data of reservoir volumes. The tool employs machine learning algorithms to improve the precision of water surface delineation and volume calculations, accounting for complex environmental factors like cloud cover and built structures such as bridges. This remote sensing tool was tested on reservoirs of varying sizes and topographies in Portugal and California, USA, demonstrating a high accuracy with a Mean Absolute Percentage Error (MAPE) of 5.35% and a correlation coefficient (R2) of 0.90 when compared to official records. By offering a cost-effective, scalable, totally remote, and timely solution, the tool enables improved reservoir monitoring, particularly in remote or otherwise inaccessible areas. Ultimately, this research contributes to global water resources management, enhancing the sustainability and resilience of reservoir operations around the world. © 2025 by the authors.","https://www.scopus.com/pages/publications/85219193440?origin=resultslist","54"
"R054","Scopus; WoS","Secure IoT Healthcare Architecture with Deep Learning-Based Access Control System","Thilagam K.; Beno A.; Vanitha Lakshmi M.; Wilfred C.B.; George S.M.; Karthikeyan M.; Peroumal V.; Ramesh C.; Karunakaran P.","2022","Journal of Nanomaterials","10.1155/2022/2638613","2-s2.0-85131381136","Article","English","All Open Access; Green Open Access; Hybrid Gold Open Access","","Access control; Convolutional neural networks; Data Analytics; Data privacy; Deep learning; Digital storage; Health care; Information management; Wearable technology; Access control systems; Convolutional neural network; Data augmentation; Data storage; Healthcare systems; Massive data; Medical data; Privacy leakages; Processing capability; Traditional management; Internet of things","The existing healthcare system based on traditional management involves the storage and processing of large quantities of medical data. The incorporation of the Internet of Things (IoT) and its gradual maturation has led to the evolution of IoT-enabled healthcare with extraordinary data processing capability and massive data storage. Due to the advancement in the Industrial Internet of Things (IIoT), the resulting system is aimed at building an intelligent healthcare system that can monitor the medical health of the patient by means of a wearable device that is monitored remotely. The data that is gathered by the wearable IoT module is stored in the cloud server which is subject to privacy leakage and attacks by unauthorized users and attackers. To address this security issue, an IoT-based deep learning-based privacy preservation and data analytics system is proposed in this work. Data is collected from the user, and the sensitive information is segregated and separated. Using a convolutional neural network (CNN), the health-related information is analyzed in the cloud, devoid of users' privacy information. Thus, a secure access control module is introduced that works based on the user attributes for the IoT-Healthcare system. A relationship between the users' trust and attributes is discovered using the proposed work. The precision, recall, and F1 score of the proposed CNN classifier are achieved at 95%. With the increase in the size of the training set, higher performance is attained. When data augmentation is added, the system performs better without data augmentation. Further, the accuracy of around 98% is achieved with an increased user count. Experimental analysis indicates the robustness and effectiveness of the proposed system with respect to low privacy leakage and high data integrity.  © 2022 K. Thilagam et al.","https://www.scopus.com/pages/publications/85131381136?origin=resultslist","55"
"R055","Scopus; WoS","An IoT-Based Real-Time Monitoring and Alert System for Sea Turtle Nest Protection","Skrivanos A.G.; Kouretas I.; Simantiris N.; Malaperdas G.; Peppas K.P.","2026","Applied Sciences (Switzerland)","10.3390/app16104839","2-s2.0-105040200250","Article","English","All Open Access; Gold Open Access; Green Open Access","conservation technology; environmental monitoring; internet of things; real-time telemetry; sea turtles; sensor networks","Environmental protection; Environmental technology; Learning systems; Machine learning; Telemetering; Telemetering equipment; Alert systems; Conservation technologies; Environmental Monitoring; Low-costs; Real time monitoring system; Real- time; Real-time telemetry; Sea turtles; Sensors network; Telemetry systems; animal experiment; Article; awareness; controlled study; female; feminization; humidity; light exposure; machine learning; monitoring; nesting; nonhuman; risk factor; sea turtle; sex chromosome; sex determination; telemetry; temperature; vibration; workflow; Internet of things; Sensor networks","This paper presents a low-cost Internet-of-Things (IoT) telemetry and alerting system for monitoring and protecting sea turtle nests. The proposed platform integrates temperature, humidity, vibration, ultrasonic proximity, and ambient light sensors into an autonomous sensing node based on the ESP8266 microcontroller. Measurements are transmitted wirelessly to a cloud backend for real-time visualization and rule-based alert generation. The system is designed to support continuous nest-level monitoring and rapid response to environmental and anthropogenic threats such as overheating, artificial light exposure during hatching, and physical disturbance. In contrast to approaches that require extensive historical datasets or machine-learning models, the proposed solution employs transparent threshold-based rules that provide reliable operation without training data. The platform emphasizes low cost, ease of deployment, and scalability, making it suitable for large-scale conservation deployments across multiple nesting sites. It provides conservation practitioners with actionable situational awareness that complements existing field-based monitoring and protection strategies. © 2026 by the authors.","https://www.scopus.com/pages/publications/105040200250?origin=resultslist","56"
"R056","Scopus; WoS","An Ameliorated Multiattack Network Anomaly Detection in Distributed Big Data System-Based Enhanced Stacking Multiple Binary Classifiers","Alhabshy A.A.; Hameed B.I.; Eldahshan K.A.","2022","IEEE Access","10.1109/ACCESS.2022.3174482","2-s2.0-85131289625","Article","English","All Open Access; Gold Open Access; Green Open Access","Anomaly-based IDS; ensemble learning; intrusion detection system; machine learning","Big data; Binary trees; Classification (of information); Cybersecurity; Data mining; Decision support systems; Decision trees; Denial-of-service attack; Digital storage; Distributed computer systems; Errors; Feature extraction; Hierarchical systems; Information management; Internet of things; Intrusion detection; Learning systems; Malware; Network architecture; Network security; Anomaly based intrusion detection systems; Attack modeling; Binary classifiers; Classification algorithm; Distributed database; Ensemble learning; Features extraction; Intrusion Detection Systems; Intrusion-Detection; Telecommunications traffic; Computer architecture","The growth of the Internet of Things (IoT) generates new processing, networking infrastructure, data storage, and management capabilities. This massive volume of data may be used to provide high-value information for decision support and data-intensive science research, etc. However, owing to the nature of IoT in distribution, virtualisation, cloud integration, and internet connectivity, the IoT environment is prone to various cyber-attacks and security issues. Hence, the increasing frequency and potency of recent attacks and constantly evolving attack vectors necessitate the development of improved detection methods. Therefore, this study proposes a distributed computing-based security model to safeguard big data systems. The proposed ensemble multi binary attack model (EMBAM) is an intrusion detection system (IDS) that offers a unique anomaly based IDS to detect normal behaviour and abnormal attack(s), for example, threats in a network. EMBAM ensembles multiple binary classifiers into a single model through stacking. The core binary model is a decision tree classifier with hyperparameters optimised using the grid search method. The use of multiple binary classifiers allows each binary classifier to adopt the limitations of the others. Empirical analysis of the experimental profile of the EMBAM has been discussed with eight-plus state-of-the-art methods using performance metrics, such as accuracy, detection rate, precision, specificity, false alarm rate, and F1-score. EMBAM can recognise multiple attack types as a star plug and play advantageous in a highly dynamic scheme. The proposed approach outperforms existing approaches on the UNSW-NB15 dataset and yields competitive results on the CICIDS2017 dataset.  © 2013 IEEE.","https://www.scopus.com/pages/publications/85131289625?origin=resultslist","57"
"R057","Scopus; WoS","An early-life NAND flash endurance prediction system","Fitzgerald B.; Ryan C.; Sullivan J.","2021","IEEE Access","10.1109/ACCESS.2021.3124604","2-s2.0-85118621786","Article","English","All Open Access; Gold Open Access; Green Open Access","Classification; Endurance; Gradient boosting; Machine learning; NAND flash; Prediction; Retention; Solid state drives","Adaptive boosting; Codes (symbols); Error correction; Flash memory; Forecasting; Liquid crystal displays; Machine learning; Memory architecture; NAND circuits; Smartphones; Erase cycling; Error correcting code; Error correction codes; Gradient boosting; NAND Flash; Program/erase; Raw bit error rates; Retention; Solid state drive; Three-dimensional display; Threshold voltage","NAND flash memory - ubiquitous in today's world of smart phones, SSDs (solid state drives), and cloud storage - has a number of well-known reliability problems. NAND data contains bit errors, which require the use of error correcting codes (ECCs). The raw bit error rate (RBER) increases with program-erase (P-E) cycling, and the number of P-E cycles the device can withstand before the RBER exceeds the ECC capability is called its endurance. ECC operates on data stored in a sector of NAND, and there is a large variation in the endurance of sectors within a device and across devices, resulting in excessively conservative endurance specifications. This research shows, for the first time, that a sector's true endurance can be predicted with remarkable accuracy, using a combination of the sector's location within the device, and measurements taken at the very beginning of life. Real-world data is gathered on millions of NAND sectors using a custom-built test platform. Optimised machine learning classification models are built from the raw data to predict if a sector will pass or fail to a fixed ECC threshold, after a target P-E cycling level has been reached. A novel technique is demonstrated that uses different ECC thresholds for model training and testing, which allows the models to be tuned so that they never misclassify samples that would fail. This eliminates ECC failures and data loss, allowing simpler, less expensive ECC schemes to be used for modern NAND devices. It also enables significant endurance extensions to be achieved. © 2021 Institute of Electrical and Electronics Engineers Inc.. All rights reserved.","https://www.scopus.com/pages/publications/85118621786?origin=resultslist","58"
"R058","Scopus; WoS","AI-Driven Hybrid Architecture for Secure, Reconstruction-Resistant Multi-Cloud Storage","Ahmed M.; Yuan J.-S.","2026","Future Internet","10.3390/fi18020070","2-s2.0-105031064437","Article","English","All Open Access; Gold Open Access","adaptive data management; AES-128 encryption; AI-driven adaptive fragmentation; hybrid multi-cloud architecture; predictive modeling; secure cloud storage; telemetry-based optimization; VeraCrypt local vault","Architecture; Cloud computing architecture; Cloud storage; Cryptography; Linear regression; Memory architecture; Network architecture; Network security; Telemetering; Adaptive data management; Adaptive fragmentation; AES-128 encryption; Artificial intelligence-driven adaptive fragmentation; Cloud architectures; Hybrid multi-cloud architecture; Multi-clouds; Optimisations; Predictive models; Secure cloud storages; Telemetry-based optimization; Veracrypt local vault; Telemetering equipment","Cloud storage continues to experience recurring provider-side breaches, raising concerns about the confidentiality and recoverability of user data. This study addresses this challenge by introducing an Artificial Intelligence (AI)-driven hybrid architecture for secure, reconstruction-resistant multi-cloud storage. The system applies telemetry-guided fragmentation, where fragment sizes are dynamically predicted from real-time bandwidth, latency, memory availability and disk I/O, eliminating the predictability of fixed-size fragmentation. All payloads are compressed, encrypted with AES-128 and dispersed across independent cloud providers, while two encrypted fragments are retained within a VeraCrypt-protected local vault to enforce a distributed trust threshold that prevents cloud-only reconstruction. Synthetic telemetry was first used to evaluate model feasibility and scalability, followed by hybrid telemetry integrating real Microsoft system traces and Cisco network metrics to validate generalization under realistic variability. Across all evaluations, XGBoost and Random Forest achieved the highest predictive accuracy, while Neural Network and Linear Regression models provided moderate performance. Security validation confirmed that partial-access and cloud-only attack scenarios cannot yield reconstruction without the local vault fragments and the encryption key. These findings demonstrate that telemetry-driven adaptive fragmentation enhances predictive reliability and establishes a resilient, zero-trust framework for secure multi-cloud storage. © 2026 by the authors.","https://www.scopus.com/pages/publications/105031064437?origin=resultslist","59"
"R059","Scopus; WoS","AudioUnlock: Device-to-Device Authentication via Acoustic Signatures and One-Class Classifiers","Anistoroaei A.; Iosif P.; Burlacu C.; Berdich A.; Groza B.","2025","Sensors","10.3390/s25216510","2-s2.0-105021652254","Article","English","All Open Access; Gold Open Access; Green Open Access","acoustic signature; loudspeaker; machine learning; microphone; smartphone fingerprinting","Audio acoustics; Classification (of information); Classifiers; Digital storage; Learning systems; Loudspeakers; Smartphones; Support vector machines; Acoustic fingerprint; Acoustic signature; Device authentications; Learning classifiers; Machine-learning; Multiple devices; One-class classifier; Smart phones; Smartphone fingerprinting; Training machines; adult; aging; altitude; article; classification algorithm; classifier; cloud computing; controlled study; diagnosis; environmental disease; human; information storage; learning; machine learning; microphone; one class support vector machine; smartphone; Microphones","Acoustic fingerprints can be used for device-to-device authentication due to manufacturing-induced variations in microphones and speakers. However, previous works have focused mostly on recognizing single devices from a set of multiple devices, which may not be sufficiently realistic since in practice, a single device has to be recognized from a very large pool of devices that are not available for training machine learning classifiers. Therefore, in this work, we focus on one-class classification algorithms, namely one-class Support Vector Machine and the local outlier factor. As such, learning the fingerprint of a single device is sufficient to recognize the legitimate device and reject all other attempts to impersonate it. The proposed application can also rely on cloud-based deployment to free the smartphone from intensive computational tasks or data storage. For the experimental part, we rely both on smartphones and an automotive-grade Android headunit, exploring in-vehicle environments as the main area of application. We create a dataset consisting of more than 5000 measurements and achieve a recognition rate ranging from 50% to 100% for different devices under various environmental conditions such as distance, altitude, and component aging. These conditions also serve as our limitations, however, we propose different solutions for overcoming them, which are part of our threat model. © 2025 by the authors.","https://www.scopus.com/pages/publications/105021652254?origin=resultslist","60"
"R060","Scopus; WoS","Cloud-Based Architecture for Hydrophone Data Acquisition and Processing of Surface and Underwater Vehicle Detection","Pérez Carrasco F.; Fernández García A.; García A.; Ruiz Bejerano V.; Gutiérrez Á.; Belmonte-Hernández A.","2025","Journal of Marine Science and Engineering","10.3390/jmse13081455","2-s2.0-105014326693","Article","English","All Open Access; Gold Open Access; Green Open Access","AIS integration; cloud computing; edge computing; hydrophones; maritime surveillance; underwater acoustic sensing; vehicle detection","Cloud computing architecture; Computer architecture; Data acquisition; Data handling; Digital storage; Embedded systems; Learning algorithms; Machine learning; Underwater acoustics; Vehicle detection; Vehicles; Waterway transportation; Acoustic sensing; AIS integration; Cloud-based architectures; Cloud-computing; Edge computing; Hydrophone data; Maritime-surveillance; Surface vehicles; Underwater acoustic sensing; Vehicles detection; Edge computing; Hydrophones","This paper presents a cloud-based architecture for the acquisition, transmission, and processing of acoustic data from hydrophone arrays, designed to enable the detection and monitoring of both surface and underwater vehicles. The proposed system offers a modular and scalable cloud infrastructure that supports real-time and distributed processing of hydrophone data collected in diverse aquatic environments. Acoustic signals captured by heterogeneous hydrophones—featuring varying sensitivity and bandwidth—are streamed to the cloud, where several machine learning algorithms can be deployed to extract distinguishing acoustic signatures from vessel engines and propellers in interaction with water. The architecture leverages cloud-based services for data ingestion, processing, and storage, facilitating robust vehicle detection and localization through propagation modeling and multi-array geometric configurations. Experimental validation demonstrates the system’s effectiveness in handling high-volume acoustic data streams while maintaining low-latency processing. The proposed approach highlights the potential of cloud technologies to deliver scalable, resilient, and adaptive acoustic sensing platforms for applications in maritime traffic monitoring, harbor security, and environmental surveillance. © 2025 by the authors.","https://www.scopus.com/pages/publications/105014326693?origin=resultslist","61"
"R061","Scopus","RAGMail: a cloud-based retrieval-augmented framework for reducing hallucinations in LLM text generation","Sanyal P.; Rathore K.; Arjunan R.V.","2026","Scientific Reports","10.1038/s41598-026-38913-w","2-s2.0-105031598362","Article","","All Open Access; Gold Open Access; Green Open Access","AI personalization; Cloud native architecture; Cold email generation; Factualness evaluation; Generative AI; Large language models; Natural language processing; Weighting LLM","article; cloud computing; cold; controlled study; diagnosis; generative artificial intelligence; hallucination; human; information retrieval; large language model; natural language processing","Cold emailing is used to personalize, target emails for outreach without prior contact. Automating this personalized cold email generation process can significantly improve outreach efficiency for job seekers, particularly in competitive industries. It streamlines the process of composition, saves time and increases engagement, tailored to a specific industry or role. In today’s competitive market, where job application is made easy, such a tool scales communication and boosts the conversion rate. The cold email generator. RAGMail, is an intelligent cold email generator that is cloud-integrated and uses Retrieval-Augmented Generation (RAG) to reduce hallucinations. The cloud-native infrastructure on which the system is built makes use of services including managed Large Language Model (LLMs) APIs, scalable vector databases, and object storage. With real-time document retrieval and cloud-hosted, metadata-aware templates, RAGMail guarantees high personalization accuracy and factual foundation. This cloud-native architecture provides elastic scalability, low-latency inference, and real-time personalization at scale, all while protecting data and user privacy with role-based access control and encrypted storage. Beyond job applications, the approach can be applied to a wide range of outreach sectors, including sales, academia, and commercial relationships, where factual accuracy and context sensitivity are critical. The system ensures high availability and load balancing during peak demand periods by utilizing distributed cloud resources. The models exhibit open-domain conversational capabilities, generalize effectively to scenarios beyond the trained data, and as verified by human evaluations, substantially reduce the well-known problem of knowledge hallucination in state-of-the-art chatbots. The proposed framework offers a scalable and reliable solution for generating contextually grounded, high-quality cold emails using Retrieval-Augmented Generation. © The Author(s) 2026.","https://www.scopus.com/pages/publications/105031598362?origin=resultslist","62"
"R062","Scopus","Enhanced secure storage and data privacy management system for big data based on multilayer model","Ting T.; Li M.","2025","Scientific Reports","10.1038/s41598-025-16624-y","2-s2.0-105014937548","Article","","All Open Access; Gold Open Access; Green Open Access","Big data; Cloud computing; Cloud storage model; Information management; Machine learning; Privacy; Security","anonymization; article; bandwidth; big data; clinical audit; cloud computing; controlled study; data integrity; data privacy; dispersion; encoding; encryption; human; information storage; information system; machine learning; privacy; reliability; statistical analysis","As big data systems expand in scale and complexity, managing and securing sensitive data—especially personnel records—has become a critical challenge in cloud environments. This paper proposes a novel Multi-Layer Secure Cloud Storage Model (MLSCSM) tailored for large-scale personnel data. The model integrates fast and secure ChaCha20 encryption, Dual Stage Data Partitioning (DSDP) to maintain statistical reliability across blocks, k-anonymization to ensure privacy, SHA-512 hashing for data integrity, and Cauchy matrix-based dispersion for fault-tolerant distributed storage. A key novelty lies in combining cryptographic and statistical methods to enable privacy-preserving partitioned storage, optimized for distributed Cloud Computing Environments (CCE). Data blocks are securely encoded, masked, and stored in discrete locations across several cloud platforms, based on factors such as latency, bandwidth, cost, and security. They are later retrieved with integrity verification. The model also includes audit logs, load balancing, and real-time resource evaluation. To validate the system, experiments were tested using the MIMIC-III dataset on a 20-node Hadoop cluster. Compared to baseline models such as RDFA, SDPMC, and P&XE, the proposed model achieved a reduction in encoding time to 250 ms (block size 75), a CPU usage of 23% for 256 MB of data, a latency as low as 14 ms, and a throughput of up to 139 ms. These results confirm that the model offers superior security, efficiency, and scalability for cloud-based big data storage applications. © The Author(s) 2025.","https://www.scopus.com/pages/publications/105014937548?origin=resultslist","63"
"R063","Scopus; WoS","Deep Learning-Based Privacy-Preserving Data Transmission Scheme for Clustered IIoT Environment","Lakshmanna K.; Kavitha R.; Geetha B.T.; Nanda A.K.; Radhakrishnan A.; Kohar R.","2022","Computational Intelligence and Neuroscience","10.1155/2022/8927830","2-s2.0-85132273527","Article","English","All Open Access; Green Open Access; Hybrid Gold Open Access","","Computer Security; Deep Learning; Information Storage and Retrieval; Internet of Things; Privacy; Deep learning; Gradient methods; Information management; Internet of things; Learning systems; Multi agent systems; Privacy-preserving techniques; Stochastic models; Stochastic systems; Cloud servers; Data-transmission; Leading industry; Machine-learning; Massive quantities; Memory modeling; Privacy preserving; Security and privacy; Transmission schemes; Transport energy; computer security; information retrieval; privacy; Digital storage","The Industrial Internet of Things (IIoT) has received significant attention from several leading industries like agriculture, mining, transport, energy, and healthcare. IIoT acts as a vital part of Industry 4.0 that mainly employs machine learning (ML) to investigate the interconnection and massive quantity of the IIoT data. As the data are generally saved at the cloud server, security and privacy of the collected data from numerous distributed and heterogeneous devices remain a challenging issue. This article develops a novel multi-agent system (MAS) with deep learning-based privacy preserving data transmission (BDL-PPDT) scheme for clustered IIoT environment. The goal of the BDL-PPDT technique is to accomplish secure data transmission in clustered IIoT environment. The BDL-PPDT technique involves a two-stage process. Initially, an enhanced moth swarm algorithm-based clustering (EMSA-C) technique is derived to choose a proper set of clusters in the IIoT system and construct clusters. Besides, multi-agent system is used to enable secure inter-cluster communication. Moreover, multi-head attention with bidirectional long short-term memory (MHA-BLSTM) model is applied for intrusion detection process. Furthermore, the hyperparameter tuning process of the MHA-BLSTM model can be carried out by the stochastic gradient descent with momentum (SGDM) model to improve the detection rate. For examining the promising performance of the BDL-PPDT technique, an extensive comparison study takes place and the results are assessed under varying measures. A significant amount of capital is required. It goes without saying that one of the most obvious industrial IoT concerns is the high cost of adoption. Secure data storage and management connectivity failures are common among IoT devices due to the massive amount of data they create. The simulation results demonstrate the enhanced outcomes of the BDL-PPDT technique over the recent methods. Despite the fact that the offered BDL-PPDT technique has an accuracy of just 98.15 percent, it produces the best feasible outcome. Because of the data analysis conducted as detailed above, it was determined that the BDL-PPDT technique outperformed the other current techniques on a range of different criteria and was thus recommended.  © 2022 Kuruva Lakshmanna et al.","https://www.scopus.com/pages/publications/85132273527?origin=resultslist","64"
"R064","Scopus; WoS","Development of a cloud-assisted classification technique for the preservation of secure data storage in smart cities","Kumar A.; Khan S.B.; Pandey S.K.; Shankar A.; Maple C.; Mashat A.; Malibari A.A.","2023","Journal of Cloud Computing","10.1186/s13677-023-00469-9","2-s2.0-85162733153","Article","English","All Open Access; Gold Open Access; Green Open Access","Cloud; Data protection; Intrusion detection; Machine learning; Smart cities","Classification (of information); Data Analytics; Digital storage; Intrusion detection; Network security; Support vector machines; Biomedical community; Classification technique; Cloud-computing; Data analytics; Heterogeneous data; Intrusion-Detection; Machine-learning; Processing power; Secure data storage; Storage capacity; Smart city","Cloud computing is the most recent smart city advancement, made possible by the increasing volume of heterogeneous data produced by apps. More storage capacity and processing power are required to process this volume of data. Data analytics is used to examine various datasets, both structured and unstructured. Nonetheless, as the complexity of data in the healthcare and biomedical communities grows, obtaining more precise results from analyses of medical datasets presents a number of challenges. In the cloud environment, big data is abundant, necessitating proper classification that can be effectively divided using machine language. Machine learning is used to investigate algorithms for learning and data prediction. The Cleveland database is frequently used by machine learning researchers. Among the performance metrics used to compare the proposed and existing methodologies are execution time, defect detection rate, and accuracy. In this study, two supervised learning-based classifiers, SVM and Novel KNN, were proposed and used to analyses data from a benchmark database obtained from the UCI repository. Initially, intrusions were detected using the SVM classification method. The proposed study demonstrated how the novel KNN used for distance capacity outperformed previous studies. The accuracy of the results of both approaches is evaluated. The results show that the intrusion detection system (IDS) with a 98.98% accuracy rate produces the best results when using the suggested system. © 2023, The Author(s).","https://www.scopus.com/pages/publications/85162733153?origin=resultslist","65"
"R065","Scopus","DLBIoT: Deep Learning and Blockchain for IoT Secure Architecture","Moawad M.M.; Madbouly M.M.; Guirguis S.K.","2023","International Journal of Intelligent Engineering and Systems","10.22266/ijies2023.1231.20","2-s2.0-85177636820","Article","","All Open Access; Bronze Open Access","Blockchain; Cyberattacks; DL; Internet of things security; Intrusion detection","","The internet of things (IoT) has been industrializing in a variety of real-world implementations to improve human life. As IoT becomes more industrialized, a huge portion of data is being generated by various devices. Edge, Fog, and Cloud security is a topical issue associated with data storage, managing, or processing systems. Once an attack occurs, it has irreversible and disastrous effects on the development of IoT. Therefore, many security systems have been proposed and implemented for the sake of system security. So, this study consists of three steps based on deep learning, and blockchain for IoT (DLBIoT) architecture security. BoT-IoT and TON-IoT datasets are utilized to demonstrate the DLBIoT, also, the performance was measured using a variety of metrics. Results indicate that the proposed architecture is more efficient than other systems. DLBIoT architecture reaches an approximately 5 % increase for F1-Score compared to DT, NB, RF, and TP2SF. Also, the proposed architecture has simultaneously displayed an accuracy of 98.9% that increases steadily as the Learning Rate increases. Additionally, DLBIoT architecture may be utilized for real-time IoT applications. © (2023), (Intelligent Network and Systems Society). All Rights Reserved.","https://www.scopus.com/pages/publications/85177636820?origin=resultslist","66"
"R066","Scopus; WoS","Cyber-shield machine learning: an intrusion detection system with blockchain-powered secure log storage across network nodes","Pawar T.; Rao J.; Patil P.","2025","Sigma Journal of Engineering and Natural Sciences","10.14744/sigma.2025.00066","2-s2.0-105007467201","Article","English","All Open Access; Gold Open Access","Blockchain, Collaborative Intrusion Detection; Learning-Based Ensemble Model; Machine Learning; Privacy Preservation","","Intrusion detection and blockchain technology have been extensively studied to enhance data privacy and identify current and potential cyber attacks. In this approach, machine learning algorithms can identify complicated malicious occurrences simultaneously by protecting data privacy. This model is utilized to offer more security and privacy in the cloud to protect networks. This research proposes an innovative Intrusion Detection System imposing blockchain technology which employs consensus mechanisms and compares different machine learning methods including XGBoost, Random Forest, Decision Tree, and Extra Tree. This system is developed to enhance data privacy, security, and protect Internet-of-Things networks. The utilization of ant colony optimization further improves accuracy during real-time data analysis. The aim of the study is to extend the application of machine learning for network intrusion detection and to conduct a comparative analysis of the proposed ant colony algorithms with other existing studies in terms of accuracy, recall, and precision measures. The high accuracy and strong intrusion detection capability of the model are verified through experimental evaluations using datasets such as NSL-KDD and CICIDS2017. Proposed system shows effectiveness by using creative technology integration for mitigating cyber security risks. The experimental result shows that a machine learning algorithm using ant colony optimization achieves 99% accuracy. This model represents a significant progression towards addressing a resilient solution for cyber security challenges and to tackle new cyber threats. Copyright 2021, Yıldız Technical University.","https://www.scopus.com/pages/publications/105007467201?origin=resultslist","67"
"R067","Scopus; WoS","Deep Instance Segmentation With Automotive Radar Detection Points","Liu J.; Xiong W.; Bai L.; Xia Y.; Huang T.; Ouyang W.; Zhu B.","2023","IEEE Transactions on Intelligent Vehicles","10.1109/TIV.2022.3168899","2-s2.0-85127239086","Article","English","All Open Access; Green Open Access","automotive radar; Autonomous driving; clustering; deep learning; environmental perception; instance segmentation; semantic segmentation","Classification (of information); Deep learning; Digital storage; Inference engines; Object detection; Radar cross section; Semantic Segmentation; Signal detection; Tracking radar; Automotive radar; Autonomous driving; Clusterings; Deep learning; Environmental perceptions; Instance segmentation; Point cloud compression; Point-clouds; Radar cross-sections; Radar detection; Semantic segmentation; Semantics","Automotive radar provides reliable environmental perception in all-weather conditions with affordable cost, but it hardly supplies semantic and geometry information due to the sparsity of radar detection points. With the development of automotive radar technologies in recent years, instance segmentation becomes possible by using automotive radar. Its data contain contexts such as radar cross section and micro-Doppler effects, and sometimes can provide detection when the field of view is obscured. The outcome from instance segmentation could be potentially used as the input of trackers for tracking targets. The existing methods often utilize a clustering-based classification framework, which fits the need of real-time processing but has limited performance due to minimum information provided by sparse radar detection points. In this paper, we propose an efficient method based on clustering of estimated semantic information to achieve instance segmentation for the sparse radar detection points. In addition, we show that the performance of the proposed approach can be further enhanced by incorporating the visual multi-layer perceptron. The effectiveness of the proposed method is verified by experimental results on the popular RadarScenes dataset, achieving 89.53% mean coverage and 86.97% mean average precision with the IoU threshold of 0.5, which is superior to other approaches in the literature. More significantly, the consumed memory is around 1MB, and the inference time is less than 40 ms, indicating that our proposed algorithm is storage and time efficient. These two criteria ensure the practicality of the proposed method in real-world systems.  © 2016 IEEE.","https://www.scopus.com/pages/publications/85127239086?origin=resultslist","68"
"R068","Scopus","Artificial Intelligence Enabled Zero-Trust Cyber Security Framework for Smart Healthcare Infrastructure","Selvaperumal P.; Sahoo L.K.; Tomar A.; Ingale K.; Radha N.; Patel D.J.; Verma S.; R H.","2026","International Journal of Artificial Intelligence and Machine Learning","10.51483/ijaiml.6.2s.2026.204-217","2-s2.0-105042624162","Article","","All Open Access; Hybrid Gold Open Access","Artificial Intelligence; Cybersecurity Framework; Intrusion Detection; IoMT Security; Smart Healthcare; Zero-Trust Security","","Smart infrastructure deployment in healthcare, such as the Internet of Medical Things (IoMT) devices, cloud-based clinical platforms and intelligent patient monitoring systems, has greatly enhanced the vulnerabilities of the healthcare infrastructure. Traditional perimeter security solutions are not enough to defend against advanced attacks like ransomware, unauthorised access, data breaches or insider threats. These challenges led to proposing an AI-enabled Zero-Trust Cyber Security Framework for smart healthcare infrastructure that continuously verifies the users, devices, and network activities before providing access to critical medical resources. The plan in the proposed infrastructure is to combine Zero-Trust Architecture (ZTA) principles with an AI-based threat detection system that can detect unusual behavior and patterns of malicious traffic in real time. An adaptive intrusion detection, dynamic trust evaluation and intelligent access control are implemented with the help of a hybrid deep learning model. The experimental validation has been performed on cybersecurity datasets related to the healthcare industry and simulated smart healthcare traffic scenarios. The proposed framework achieves high results for attack detection accuracy, low false positive and low authentication latency compared to the conventional security techniques, as shown by results. The framework improves security resilience, scalability and instant protection for the next generation smart healthcare ecosystems. © 2026, SvedbergOpen. All rights reserved.","https://www.scopus.com/pages/publications/105042624162?origin=resultslist","69"
"R069","Scopus","Review of the progress in 3D defect detection methods; [三维缺陷检测技术研究进展]","Wang C.; Chen Y.; Liu S.; Chen D.","2026","Journal of Image and Graphics","10.11834/jig.250111","2-s2.0-105029969691","Article","","All Open Access; Bronze Open Access","3D vision; computer vision; deep learning; defect detection; multimodal; review","","With the rapid development of modern manufacturing，consumers and producers have increasingly higher demands for product quality and safety. However，various defects such as dents，cracks，and bubbles inevitably occur during production，which may directly affect product performance. Therefore，early detection and accurate identification of defects are crucial for ensuring product quality and improving production efficiency. Traditional 2D defect detection methods only provide surface information of objects，making them inconsiderably effective in detecting deep or internal defects. Additionally，factors such as lighting，texture，and shadows can significantly influence the stability and robustness of 2D images in complex environments. In recent years，3D defect detection technology has gradually become a research hotspot. By utilizing 3D data，such as point clouds and depth maps，it provides more comprehensive and accurate information，capturing the geometric shape，spatial distribution，and depth of objects，thereby enhancing detection accuracy and reliability. However，there is currently no systematic and comprehensive review article that tackles 3D defect detection technologies. This study aims to fill this gap by providing a thorough review of existing 3D defect detection methods and exploring future research directions. This paper first introduces the background of defect detection， highlighting the limitations of 2D defect detection technologies in detecting complex 3D objects and deep defects， and emphasizes the advantages of 3D defect detection technologies. Traditional 2D methods， which rely on image features such as texture analysis， edge detection， and morphological processing， have achieved certain success in surface defect detection. However， they struggle with complex 3D objects and internal defects because of their reliance on 2D images. By contrast， 3D defect detection technologies leverage point clouds and depth maps to provide a more comprehensive analysis of surface and internal structures， making them more suitable for modern industrial applications. Subsequently， this paper systematically summarizes the current research status of 3D defect detection from two perspectives: traditional and deep learning. In traditional methods， 3D defect detection is mainly divided into three categories: methods based on local features in point clouds， methods based on point cloud registration， and methods based on point cloud segmentation. Methods based on local features in point clouds detect defects by extracting local features such as depth， area， and slope， combined with threshold settings. These methods exhibit robustness and computational efficiency but lack utilization of global contextual information. For example， they can effectively detect common industrial defects like dents and protrusions but may miss defects that require a global understanding of the object’s structure. Methods based on point cloud registration align target point clouds with model data and identify defects by comparing differences. Their performance depends on the accuracy and efficiency of the registration algorithm. While these methods excel in utilizing global information and shape consistency， they face challenges in computational complexity and error accumulation. Methods based on point cloud segmentation detect defects by segmenting point clouds and extracting regional features. They excel in local feature extraction and fine-grained localization but may lose global information. These methods are computationally efficient in the preprocessing stage but may suffer from segmentation errors and parameter sensitivity. In deep learning methods， 3D defect detection is divided into point cloud-based methods and multimodal fusion-based methods. Point cloud-based methods automatically learn point cloud features through neural networks， making them suitable for complex surfaces. However， they involve intricate data processing and require significant computational resources. For instance， these methods can handle irregular shapes and textures but may struggle with real-time applications owing to their computational demands. Multimodal fusion-based methods combine information from multiple modalities such as RGB images and point cloud data， significantly improving detection accuracy and robustness. Specific methods include teacher-student network-based methods， memory bank-based methods， reconstruction based methods， and methods leveraging contrastive language-image pretraining (CLIP), Teacher-student network-based methods achieve efficient feature learning through knowledge distillation or reverse distillation， offering advantages such as model lightweighting and high detection sensitivity. However， their performance heavily depends on the quality of the teacher network and the precision of feature matching. Memory bank-based methods enable rapid detection by storing multimodal features but incur high storage costs. Reconstruction-based methods analyze defect locations through reconstruction errors but exhibit low sensitivity to minor defects. These methods leverage the spatial and texture features of 3D data but require complex model training and high-quality reconstruction networks. CLIP-based methods leverage cross-modal characteristics for zero-shot detection， offering strong adaptability but requiring high computational costs. They are promising for their ability to generalize across different defect types but may need task-specific optimizations to improve performance. Moreover， this paper summarizes commonly used public datasets in the field of 3D defect detection， including the MVTec 3D Anomaly Detection (MVTec 3D-AD), Eyecandies， Real 3D-AD， Play-Doh made (PD-REAL), Anomaly ShapeNet， and Multi-pose Anomaly Detection datasets. These datasets provide various samples and annotations， enabling researchers to train， validate， and evaluate their methods effectively. This paper also introduces evaluation metrics such as the image level area under the receiver operating characteristic curve (I-AUROC), pixel-level area under the receiver operating characteristic curve (P-AUROC), and area under the precision-recall operating curve (AUPRO), along with their definitions and calculation methods. I-AUROC measures a model’s ability to distinguish between normal and defective images at the image level， while P-AUROC evaluates pixel-level defect localization. AUPRO focuses on the overlap between predicted and actual defect regions， providing a more detailed assessment of detection performance. Finally， this study analyzes the current challenges in 3D defect detection， including data quality， large-scale data processing， real-time performance， and the integration of domain knowledge with algorithms. Data quality remains a critical issue， given that noisy or incomplete data can significantly affect detection accuracy. Large-scale data processing is another challenge， especially in industrial applications where real-time performance is essential. The integration of domain knowledge with advanced algorithms can enhance detection performance but requires interdisciplinary collaboration. This study further explores future research directions， such as cross-modal information fusion， the application of augmented reality and virtual reality technologies， and the optimization of real-time performance and efficiency. Cross-modal fusion can improve detection accuracy by combining complementary information from different data sources. Augmented reality and virtual reality technologies can enhance defect visualization and interaction， providing intuitive solutions for industrial applications. Real-time performance optimization is crucial for deploying 3D defect detection systems in production lines， where efficiency and speed are paramount. In conclusion， 3D defect detection is a critical and challenging task with broad applications in various fields. This paper provides a comprehensive review of traditional and deep learning methods in 3D defect detection， summarizes existing datasets and evaluation metrics， and discusses current challenges and future directions. By addressing these challenges and exploring new research avenues， this study aims to inspire further advancements in 3D defect detection technologies， ultimately contributing to improved product quality and manufacturing efficiency. © 2026, Editorial and Publishing Board of JIG. All rights reserved.","https://www.scopus.com/pages/publications/105029969691?origin=resultslist","70"
"R070","Scopus; WoS","Cloud-Based Smart Contract Analysis in FinTech Using IoT-Integrated Federated Learning in Intrusion Detection","Kollu V.N.; Janarthanan V.; Karupusamy M.; Ramachandran M.","2023","Data","10.3390/data8050083","2-s2.0-85160214243","Article","English","All Open Access; Gold Open Access; Green Open Access","cloud computing; FinTech; intrusion detection system; IoT federated learning architecture; smart contract analysis","5G mobile communication systems; Artificial intelligence; Computer architecture; Computer crime; Computer software; Finance; Internet of things; Intrusion detection; Learning systems; Network security; Scalability; Trusted computing; Area under the ROC curve; Cloud-based; Cloud-computing; F measure; Intrusion Detection Systems; Intrusion-Detection; IoT federated learning architecture; Learning architectures; Smart contract analyse; Trust values; Smart contract","Data sharing is proposed because the issue of data islands hinders advancement of artificial intelligence technology in the 5G era. Sharing high-quality data has a direct impact on how well machine-learning models work, but there will always be misuse and leakage of data. The field of financial technology, or FinTech, has received a lot of attention and is growing quickly. This field has seen the introduction of new terms as a result of its ongoing expansion. One example of such terminology is “FinTech”. This term is used to describe a variety of procedures utilized frequently in the financial technology industry. This study aims to create a cloud-based intrusion detection system based on IoT federated learning architecture as well as smart contract analysis. This study proposes a novel method for detecting intrusions using a cyber-threat federated graphical authentication system and cloud-based smart contracts in FinTech data. Users are required to create a route on a world map as their credentials under this scheme. We had 120 people participate in the evaluation, 60 of whom had a background in finance or FinTech. The simulation was then carried out in Python using a variety of FinTech cyber-attack datasets for accuracy, precision, recall, F-measure, AUC (Area under the ROC Curve), trust value, scalability, and integrity. The proposed technique attained accuracy of 95%, precision of 85%, RMSE of 59%, recall of 68%, F-measure of 83%, AUC of 79%, trust value of 65%, scalability of 91%, and integrity of 83%. © 2023 by the authors.","https://www.scopus.com/pages/publications/85160214243?origin=resultslist","71"
"R071","Scopus","Behavior-Aware Access Control for IoT Networks Using Lightweight Machine Learning at the Gateway Level","Alduwayl Y.; Alessa A.; Frikha M.","2026","International Journal of Advanced Computer Science and Applications","10.14569/IJACSA.2026.0170688","2-s2.0-105044582065","Article","","All Open Access; Gold Open Access; Green Open Access","Behavioral-aware access control; edge intelligence; gateway-based security; intrusion detection; IoT security; lightweight machine learning; random forest","Anomaly detection; Authentication; Data privacy; Gateways (computer networks); Internet of things; Learning systems; Network security; Random forests; Supervised learning; Telemetering; Telemetering equipment; Behavioral-aware access control; Edge intelligence; Gateway-based security; Heterogeneous devices; Internet of thing security; Intrusion-Detection; Lightweight machine learning; Lightweight machines; Machine-learning; Random forests; Intrusion detection","The growing amount of heterogeneous devices with scarce resources is compromising the security of the Internet of Things (IoT), as they are more likely to adapt to a fixed and identity-based access control. Conventional security systems tend to assume that once a device is authenticated, the network may be exposed to credential theft, firmware, and insider abuse. In this study a behavior-sensitive access control solution is presented, which integrates lightweight supervised Machine Learning (ML) on the IoT gateway to provide dynamic authorization. Unlike the traditional passive intrusion detection models, the proposed framework uses a Supervised Random Forest model to process real-time statistical feature summaries in terms of mean, standard deviation, and sparsity of the IoT telemetry data. The method converts the output of anomaly detection directly into access (full, restricted or blocked) levels. The system was implemented on a Flask-based gateway and tested with ToN-IoT benchmark dataset. The results of the experiments show an anomaly-class recall of 0.9986 (99.86%) with 91,169 correctly detected attack and 125 false negatives among the 91,294 attack instances, for a securityoriented Zero Trust profile. As an example, when rounded to two decimal places, this value is 1.00, but the unrounded value is reported so as not to suggest 100% detection. The enforcement layer focuses on reducing risk and removes or filters out requests that were determined to be malicious or unauthorized in the scenarios. The architecture is designed to provide low latency through feature extraction and inference on the edge, which provides data privacy because telemetry processing is locally done without relying on the cloud. © 2026 Science and Information Organization. All right reserved","https://www.scopus.com/pages/publications/105044582065?origin=resultslist","72"
"R072","Scopus","A two-level security-aware reactive caching for IoT-edge data centers using deep learning and hyperledger fabric blockchain-driven access control","Marwan M.; Ait Temghart H.; Ait Temghart A.; Lazaar M.","2026","Discover Internet of Things","10.1007/s43926-026-00422-7","2-s2.0-105044550690","Article","","All Open Access; Gold Open Access","Attribute-based access control; Cache placement and eviction policies; Cloud-edge-end collaboration; Graph neural networks; Hyperledger fabric blockchain; IoT; Role-based access control","Authentication; Blockchain; Deep learning; Digital storage; Graph neural networks; Network security; Attribute based access control; Block-chain; Cache placement; Cache placement and eviction policy; Cloud-edge-end collaboration; Graph neural networks; Hyperledger fabric blockchain; IoT; Role-based Access Control; Security-aware; Economic and social effects","Data placement in next-generation networks identifies frequently requested content and proactively stores it in edge nodes during off-peak periods to reduce retrieval latency. However, existing cache placement and eviction policies mainly focus on prediction algorithms, thereby neglecting the critical role of storage constraints in cloud–edge environments. Given this, we propose a reactive caching strategy that combines recommender systems with blockchain-enabled access logging, ensuring that caching decisions are perfectly tailored to each authenticated end device. Specifically, we introduce a two-phase framework built on Graph Neural Networks (GNNs) and the Hyperledger Fabric platform. First, we proposed a hybrid approach, the ARBAC scheme, by combining the strengths of Attribute-Based Access Control (ABAC) and Role-Based Access Control (RBAC). Next, we integrated chaincodes (i.e. programs that consist of smart contracts) to support the distributed ledger, creating a permanent and tamper-resistant record. Second, GNN models are employed to predict popular content for each authorized IoT device. Empirical evaluation confirms the superiority of the proposed GraphSAGE model; by utilizing generalized aggregation functions and neighborhood sampling, it outperforms LSTM, CNN, GCN, and GAT, yielding improvements of up to approximately 20% in R², 18% in F1-score, and 17% in precision, recall, and NDCG, respectively. Crucially, by exploiting its consensus mechanism and on-chain identity management, the blockchain-based ARBAC model guarantees fine-grained query verification while optimizing the trade-off between security and edge content caching performance. © The Author(s) 2026.","https://www.scopus.com/pages/publications/105044550690?origin=resultslist","73"
"R073","Scopus; WoS","DeepGrass: A transformer-based approach for enhanced grassland management through Sentinel-2 time series spectral signature and vegetation indices forecasting","Farbo A.; Parsons D.; Borgogno-Mondino E.; Oliveira J.","2026","Remote Sensing of Environment","10.1016/j.rse.2026.115545","2-s2.0-105042586401","Article","English","All Open Access; Hybrid Gold Open Access","Deep learning; Grassland management; Irregular time series; Precision agriculture; Reflectance forecasting; Transfer learning; Vegetation indices forecasting","Finland; Sweden; Climate models; Digital storage; Economics; Ecosystems; Forecasting; Learning systems; Precision agriculture; Reflection; Time series; Vegetation; Water resources; Deep learning; Grassland management; Irregular time series; Precision Agriculture; Reflectance forecasting; Spectral band; Times series; Transfer learning; Vegetation index; Vegetation index forecasting; factor productivity; grassland; machine learning; NDVI; precision agriculture; satellite data; sustainability; time series analysis; Deep learning","Grasslands are vital ecosystems that offer numerous ecological services, including water regulation, carbon storage, climate mitigation, and pollination. They support diverse flora and fauna, serving as essential habitats for many species, and are fundamental to livestock grazing, thereby contributing to food production and rural economies. Accurate forecasting of grassland productivity aids in setting appropriate stocking rates, ensuring sustainable grazing practices, and assists in planning for forage availability and water resources, enhancing overall management efficiency and environmental sustainability. In this study, we developed DeepGrass, an encoder-decoder transformer model designed to forecast all 10 Sentinel-2 spectral bands (SBs) and 28 vegetation indices (VIs) over the coming 15 days at field-level. The model was trained and validated using data from grasslands across Sweden, spanning three phenological seasons (2020−2022) for a total of 565,614 grassland fields, with additional inference testing on 2023 data (for a total of 87,738 grassland fields in Sweden and 44,764 in Finland) to simulate real-world and generalization applicability. DeepGrass achieved competitive results with respect to other state-of-the-art approaches, focused solely on NDVI forecasting, and demonstrated consistent results across all VIs and SBs, for example: NDVI with RMSE ranging from 0.028 (t + 1) to 0.105 (t + 15); NDMI with RMSE ranging from 0.038 (t + 1) to 0.115 (t + 15); Red band with RMSE ranging from 0.0075 (t + 1) to 0.0205 (t + 15); and NIR band with RMSE ranging from 0.028 (t + 1) to 0.073 (t + 15). Notably, VIs derived from forecasted SBs exhibited performance comparable to that of directly forecasted VIs. This finding implies that, in practice, all desired VIs can be computed a posteriori from the forecasted SBs without necessitating separate model retraining for each specific VI. Additionally, the model trained on field-average time series performed reasonably well on pixel-level data, suggesting computational efficiency without compromising accuracy. The availability of satellite observations in the input time series was crucial, especially for long-term forecasts, emphasizing the need to assess cloud coverage to evaluate model output reliability. This advanced forecasting approach provides a valuable tool for monitoring grassland dynamics. Accurate forecasting of SBs and VIs is vital for effective grassland management, enabling informed decisions for grazing, mowing, and conservation practices. © 2026 The Authors. Published by Elsevier Inc. This is an open access article under the CC BY-NC-ND license. http://creativecommons.org/licenses/by-nc-nd/4.0/","https://www.scopus.com/pages/publications/105042586401?origin=resultslist","74"
"R074","Scopus","Design and Validation of an IoT-Enabled Safety Monitoring System for Agricultural UAV Operations","Girijalaxmi G.; Hegadi R.S.","2026","Journal of Trends in Computer Science and Smart Technology","10.36548/jtcsst.2026.3.006","2-s2.0-105044724854","Article","","All Open Access; Gold Open Access","Agricultural UAVs; DHT11 and MPU6050 Sensors; IoT-Based Monitoring; Safety Monitoring System; Threshold-Based Anomaly Detection","","The challenges faced by Unmanned Aerial Vehicles (UAVs) used in precision agriculture are growing. Operational risks arise from harsh conditions, such as abnormal flight behaviors, extended missions, and environmental circumstances. Current flight controllers primarily focus on navigation and stabilization, with only limited ability to monitor real-time safety. This study presents a low-cost, real-time safety monitoring platform for agricultural UAVs using an ESP32 microcontroller integrated with an MPU6050 inertial measurement unit (IMU) and a DHT11 temperature sensor. The system continuously measures roll, pitch, and on-board temperature, sending telemetry data to a cloud-based IoT platform for visualization and alerts. An empirically derived, threshold-based anomaly detection plan, based on over 100 normal flight data points, more than 20 Pixhawk crash log analyses, and observations of climatic conditions from 28 Indian states, allows for timely detection of abnormal operating conditions. The monitoring module has a sampling rate of 30-40 Hz and uses persistence-based detection logic to ensure that sustained anomalies are present over a 125-165 ms timespan. It was experimentally verified that roll and pitch estimates based on an atan2-based approach have a mean absolute error of 7.62° and 13.52°, respectively, compared to reference flight controller measurements. Temperature validation shows that the DHT11 sensor's temperature readings do not exceed the ±4.6°C deviation limit relative to the reference readings. These findings reveal that the suggested framework offers a scalable, cost-effective, and easily implemented solution for safety monitoring and early detection of abnormal flight conditions in agricultural UAV delivery. © 2026 Inventive Research Organization.","https://www.scopus.com/pages/publications/105044724854?origin=resultslist","75"
"R075","Scopus; WoS","DaaS: Dew Computing as a Service for Intelligent Intrusion Detection in Edge-of-Things Ecosystem","Singh P.; Kaur A.; Aujla G.S.; Batth R.S.; Kanhere S.","2021","IEEE Internet of Things Journal","10.1109/JIOT.2020.3029248","2-s2.0-85101248125","Article","English","All Open Access; Green Open Access","Deep belief networks (DBNs); dew computing; Edge of Things (EoT); intrusion detection; smart false alarm filter","Alarm systems; Computer crime; Data as a service (DaaS); Deep learning; Digital storage; Ecosystems; Errors; Internet of things; Privacy by design; Reliability analysis; Storage as a service (STaaS); Classification accuracy; Communication delays; False alarm reductions; Filtration accuracies; Internet of Things (IOT); Intrusion Detection Systems; Privacy and security; Simulated environment; Intrusion detection","Edge of Things (EoT) enables the seamless transfer of services, storage, and data processing from the cloud layer to edge devices in a large-scale distributed Internet of Things (IoT) ecosystems (e.g., Industrial systems). This transition raises the privacy and security concerns in the EoT paradigm distributed at different layers. Intrusion detection systems (IDSs) are implemented in EoT ecosystems to protect the underlying resources from attackers. However, the current IDSs are not intelligent enough to control the false alarms, which significantly lower the reliability and add to the analysis burden on the IDSs. In this article, we present a Dew Computing as a Service (DaaS) for intelligent intrusion detection in EoT ecosystems. In DaaS, a deep learning-based classifier is used to design an intelligent alarm filtration mechanism. In this mechanism, the filtration accuracy is improved (or sustained) by using deep belief networks. In the past, the cloud-based techniques have been applied for offloading the EoT tasks, which increases the middle layer burden and raises the communication delay. Here, we introduce the dew computing features that are used to design the smart false alarm reduction system. DaaS, when experimented in a simulated environment, reflects lower response time to process the data in the EoT ecosystem. The revamped DBN model achieved the classification accuracy up to 95%. Moreover, it depicts a 60% improvement in the latency and 35% workload reduction of the cloud servers as compared to edge IDS. © 2014 IEEE.","https://www.scopus.com/pages/publications/85101248125?origin=resultslist","76"
"R076","Scopus","Adaptive Anomaly Detection Algorithm for Real-Time Identification of Phishing and Credential Stuffing Attacks in E-Learning Systems Using Deep Reinforcement Learning","Madaminova N.; Maxammatov A.; Sadchikova S.; Altibaeva G.; Hamdamova M.; Alimov Z.; Jurayeva S.","2026","Journal of Internet Services and Information Security","10.58346/JISIS.2026.I2.013","2-s2.0-105042637220","Article","","All Open Access; Gold Open Access","Adaptive Anomaly Detection; Credential Stuffing Attacks; Deep Reinforcement Learning; E-Learning Cybersecurity; Learning Management Systems; Phishing Attack Detection; Real-Time Intrusion Detection","","The quick embrace of e-learning software programs and cloud-based LMS has greatly enhanced digital education through better access and scalability of the platform. Nevertheless, with the reliance on the use of online authentication platforms, there is also a higher susceptibility to cyberattacks such as phishing attacks and credential stuffing attacks. These attacks utilize vulnerabilities in the user authentication process, stolen credentials, and deceptive communication tactics to gain unauthorized access, steal academic credentials, and disrupt the entire learning process. Traditional methods of intrusion detection and static machine learning have proven less effective in adapting to dynamic attack patterns and have a high percentage of false positives. To mitigate these problems, this paper proposes a novel Adaptive Anomaly Detection Algorithm that uses Deep Reinforcement Learning (DRL) to Real-Time Identify Phishing and Credential Stuffing Attacks in E-Learning Systems. The proposed approach involves the use of behavioral analysis, sequential anomaly detection, and adaptive policy optimization. Data pre-processing, behavioral feature extraction, state-action-based deep reinforcement learning, attack categorization, and adaptive mechanisms will form the basis of the proposed algorithm. Among behavioral features considered are failed login attempts, rate of IP change, session time, URL reputation, and device mismatch. Evaluation through experiments was carried out using a mixed cybersecurity data set that contained 125,000 instances with phishing attacks, credential stuffing, and legitimate users' actions. The developed DRL model attained outstanding results with an accuracy of 98.4%, precision of 98.1%, recall of 97.8%, and F1-score of 97.9% while having a minimum of false positives of 1.9%. A comparative study indicates remarkable improvements compared to SVM, Random Forest, CNN, and LSTM techniques. The findings prove the effectiveness of adaptive reinforcement learning in improving cybersecurity capabilities in contemporary e-learning environments. © 2026, Innovative Information Science and Technology Research Group. All rights reserved.","https://www.scopus.com/pages/publications/105042637220?origin=resultslist","77"
"R077","Scopus; WoS","A Cloud Based Optimization Method for Zero-Day Threats Detection Using Genetic Algorithm and Ensemble Learning","Nkongolo M.; van Deventer J.P.; Kasongo S.M.; Zahra S.R.; Kipongo J.","2022","Electronics (Switzerland)","10.3390/electronics11111749","2-s2.0-85131036621","Article","English","All Open Access; Gold Open Access; Green Open Access","cloud computing; machine learning; UGRansome1819; zero-day attacks","INTRUSION DETECTION SYSTEM; ANOMALY DETECTION","This article presents a cloud-based method to classify 0-day attacks from a novel dataset called UGRansome1819. The primary objective of the research is to classify potential unknown threats using Machine Learning (ML) algorithms and cloud services. Our study contribution uses a novel anomaly detection dataset that carries 0-day attacks to train and test ML algorithms using Amazon Web Services such as S3 bucket and SageMaker. The proposed method used Ensemble Learning with a Genetic Algorithm (GA) optimizer having three ML algorithms such as Naive Bayes (NB), Random Forest (RF), and Support Vector Machine (SVM). These algorithms analyze the dataset by combining each classifier and assessing the classification accuracy of 0-day threats. We have implemented several metrics such as Accuracy, F1-Score, Confusion Matrix, Recall, and Precision to evaluate the performance of the selected algorithms. We have then compared the UGRansome1819 performance complexity with existing datasets using the same optimization settings. The RF implementation (before and after optimization) remains constant on the UGRansome1819 that outperformed the CAIDA and UNSWNB-15 datasets. The optimization technique only improved in Accuracy on the UNSWNB-15 and CAIDA datasets but sufficient performance was achieved in terms of F1-Score with UGRansome1819 using a multi-class classification scheme. The experimental results demonstrate a UGRansome1819 classification ratio of 1% before and after optimization. When compared to the UNSWNB-15 and CAIDA datasets, UGRansome1819 attains the highest accuracy value of 99.6% (prior optimization). The Genetic Algorithm was used as a feature selector and dropped five attributes of the UGRansome1819 causing a decrease in the computational time and over-fitting. The straightforward way to improve the model performance to increase its accuracy after optimization is to add more data samples to the training data. Doing so will add more details to the data and fine-tune the model will result in a more accurate and optimized performance. The experiments demonstrate the instability of single classifiers such as SVM and NB and suggest the proposed optimized validation technique which can aggregate weak classifiers (e.g., SVM and NB) into an ensemble of the genetic optimizer to enhance the classification performance. The UGRansome1819 model’s specificity and sensitivity were estimated to be 100% with three predictors of threatening classes (Signature, Synthetic Signature, and Anomaly). Lastly, the test classification accuracy of the SVM model improved by 6% after optimization. © 2022 by the authors. Licensee MDPI, Basel, Switzerland.","https://www.scopus.com/pages/publications/85131036621?origin=resultslist","78"
"R078","Scopus","Energy-Efficient Service Placement for Latency-Sensitive Applications in Edge Computing","Premsankar G.; Ghaddar B.","2022","IEEE Internet of Things Journal","10.1109/JIOT.2022.3162581","2-s2.0-85127530305","Article","","All Open Access; Green Open Access; Hybrid Gold Open Access","Deep neural network (DNN) model placement; edge computing; optimization; service placement","Digital storage; Edge computing; Energy efficiency; Energy utilization; Green computing; Optimization; Cloud-computing; Computational modelling; Deep neural network model placement; Edge computing; Energy-consumption; Load modeling; Neural network model; Optimisations; Optimization.; Service placements; Deep neural networks","Edge computing is a promising solution to host artificial intelligence (AI) applications that enable real-time insights on user-generated and device-generated data. This requires edge computing resources (storage and compute) to be widely deployed close to end devices. Such edge deployments require a large amount of energy to run as edge resources are typically overprovisioned to flexibly meet the needs of time-varying user demand with a low latency. Moreover, AI applications rely on deep neural network (DNN) models that are increasingly larger in size to support high accuracy. These DNN models must be efficiently stored and transferred, so as to minimize their energy consumption. In this article, we model the problem of energy-efficient placement of services (namely, DNN models) for AI applications as a multiperiod optimization problem. The formulation jointly places services and schedules requests such that the overall energy consumption is minimized and latency is low. We propose a heuristic that efficiently solves the problem while taking into account the impact of placing services across time periods. We assess the quality of the proposed heuristic by comparing its solution to a lower bound of the problem, obtained by formulating and solving a Lagrangian relaxation of the original problem. Extensive simulations show that our proposed heuristic outperforms baseline approaches in achieving a low energy consumption by packing services on a minimal number of edge nodes, while at the same time keeping the average latency of served requests below a configured threshold in nearly all time periods. © 2014 IEEE.","https://www.scopus.com/pages/publications/85127530305?origin=resultslist","79"
"R079","Scopus; WoS","Prioritized and predictive intelligence of things enabled waste management model in smart and sustainable environment","Mishra S.; Jena L.; Tripathy H.K.; Gaber T.","2022","PLoS ONE","10.1371/journal.pone.0272383","2-s2.0-85136339318","Article","English","All Open Access; Gold Open Access; Green Open Access","","Algorithms; Artificial Intelligence; Cloud Computing; Humans; Intelligence; Waste Management; toxic gas; Article; artificial intelligence; environment; internet of things; random forest; waste; waste management; algorithm; cloud computing; human; intelligence","Collaborative modelling of the Internet of Things (IoT) with Artificial Intelligence (AI) has merged into the Intelligence of Things concept. This recent trend enables sensors to track required parameters and store accumulated data in cloud storage, which can be further utilized by AI based predictive models for automatic decision making. In a smart and sustainable environment, effective waste management is a concern. Poor regulation of waste in surrounding areas leads to rapid spread of contagious disease risks. Traditional waste object management requires more working staff, increases effort, consumes time and is relatively ineffective. In this research, an Intelligence of Things Enabled Smart Waste Management (IoT-SWM) model with predictive capabilities is developed. Here, local sinks (LS) are deployed in specified locations. At every instant, the current status of smart bins in each LS is notified to users to determine the priority level of LS to be emptied. Based on aggregated sensor values for the three smart bins, LS weight and poison gas value, the priority order of emptying LS is computed, and decision is made whether to notify the users with an alert message or not. It also helps in predicting the LS, which is likely to be filled up at a faster rate based on assigned timestamp. This model is implemented in real time with many LS and it was observed that bins, which were close to more crowded sites filled up faster compared to sparse populated areas. Random forest algorithm was used to predict whether an alert notification is to be sent or not. An average mean of 95.8% accuracy was noted while using 60 decision trees in random forest algorithm. The average mean execution latency recorded for training and testing sets is 13.06 sec and 14.39 sec respectively. Observed accuracy rate, precision, recall and f1-score parameters were 95.8%, 96.5%, 98.5% and 97.2% respectively. Model buildup and the validation time computed were 3.26 sec and 4.25 sec respectively. It is also noted that at a threshold value of 0.93 in LS level, the maximum accuracy rate reached was 95.8%. Thus, based on the prediction of random forest approach, a decision to notify the users is taken. Obtained outcome indicates that the waste level can be efficiently determined, and the overflow of dustbins can be easily checked in time.  © 2022 Mishra et al. This is an open access article distributed under the terms of the Creative Commons Attribution License, which permits unrestricted use, distribution, and reproduction in any medium, provided the original author and source are credited.","https://www.scopus.com/pages/publications/85136339318?origin=resultslist","80"
"R080","Scopus","BLOCKCHAIN-DRIVEN TRANSFORMER-BASED INTRUSION DETECTION AND ACCESS CONTROL SYSTEM (BDL-IDACS)","Ramya C.; Suphalakshmi A.","2026","Journal of Engineering and Technology for Industrial Applications","10.5935/jetia.v12i60.3620","2-s2.0-105049693787","Article","","All Open Access; Gold Open Access","Attention Models; Blockchain-Assisted Security; Cloud–IoT Security; Cyber Attack Detection; Deep Learning; Fully Homomorphic Encryption; Intrusion Detection System (IDS); Smart Contracts","","The increasing complexity of cyber threats across IoT-cloud infrastructures necessitates the use of innovative, flexible, and confidentiality-preserving prevention techniques. The Blockchain-Assisted Hybrid Attention-Based Intrusion Detection and Access Control System (BHA-IDACS) is presented in this paper. The primary detection module employs an Adaptive Spatio-Temporal Representation Architecture-Self-Attention and Intersample Attention Transformer (Astra-SAINT) to precisely detect evolving intrusion tendencies. A heron optimization algorithm (HOA) is utilized for tuning the model thereby improving accuracy of detection and convergence. Fully Homomorphic Encryption (FHE) maintains the security of data and storage of encrypted data in unsecured cloud and blockchain circumstances. On a Consortium Blockchain, all encrypted transactions and audit trails are maintained by a Proof-of-Stake Authority (PoSA) consensus method. Additionally, based on user behavior and trust level, Smart Contract-Based Dynamic Access Control independently enforces permission and authentication regulations. The suggested model provides better precision, recall, F1-score, F2-score, specificity, and Cohen's Kappa values in addition to a mean accuracy of 99.16%. Furthermore, statistical analysis using confidence intervals and low standard deviation values demonstrates that Astra-SAINT is reliable and consistent across all validation folds. These results demonstrate the efficacy of the suggested Astra-SAINT framework as a scalable and dependable intrusion detection method for protecting IoT environments of the next decade. © 2026 by authors and Galileo Institute of Technology and Education of the Amazon (ITEGAM).","https://www.scopus.com/pages/publications/105049693787?origin=resultslist","81"
"R081","Scopus; WoS","An Edge–Cloud Integrated Smart Monitoring System for Sustainable Freshwater Fishpond Management","Hanif M.F.A.; Sarvghadi M.A.","2026","Jurnal Kejuruteraan","10.17576/jkukm-2026-38(5)-24","2-s2.0-105051067274","Article","English","All Open Access; Gold Open Access","cloud computing; edge computing; water monitoring; Water quality","","Water quality is a critical determinant of fish health and productivity in freshwater aquaculture, with parameters such as pH, dissolved oxygen (DO), temperature, and turbidity directly influencing growth, metabolism, and disease susceptibility. Traditional monitoring methods, based on manual sampling and laboratory analysis, are often slow, labor-intensive, and unable to detect rapid environmental changes. This paper presents the design and implementation of a hybrid edge–cloud integrated smart monitoring system for sustainable freshwater fishpond management. The system employs an ESP32-based edge node to collect real-time water quality data, detect threshold violations locally, and trigger immediate responses, including LED/buzzer alarms and actuator activation, while simultaneously sending email alerts via SMTP. Long-term data storage, visualization, and remote access are enabled through a cloud platform integrated with MQTT-based data publishing. Experimental evaluation demonstrated a total detection-to-action latency of 3.4 s, local alerts in 1.0 s, email notifications within 7.0 s, and cloud synchronization latency of 150 ms. Sensor measurements achieved high accuracy, with maximum deviations of only ±0.11 pH units, 0.3 mg/L DO, 0.21 NTU turbidity, and 0.2°C temperature. The system maintained 100% uptime during stable network conditions, confirming its reliability for continuous aquaculture monitoring. By combining low-latency local decision-making with cloud-based analytics, the proposed solution enhances operational efficiency, supports proactive management, and aligns with SDG 6 (Clean Water and Sanitation) and SDG 14 (Life Below Water). Future work will focus on integrating machine learning models for predictive water quality analysis and expanding the platform to other aquaculture and smart farming applications. © 2026, National University of Malaysia. All rights reserved.","https://www.scopus.com/pages/publications/105051067274?origin=resultslist","82"
"R082","Scopus","Cloud Access Security Brokers: An easy-implement Method for Accessing Cloud Services Securely","Basim I.; Fakhfakh A.; Makhlouf A.M.","2025","WSEAS Transactions on Information Science and Applications","10.37394/23209.2025.22.17","2-s2.0-85217130720","Article","","All Open Access; Gold Open Access","authentication; CASBs; Cloud Access Security Brokers; cloud compliance; CSE-CICIDS database; encryption; machine learning; real-time threat detection; security policy enforcement; single sign-on","","In this changing digital age, cloud services have become very common. But the main challenge is to provide secure access to cloud services for retailers and users and also for providers. Read here The Important Role of Cloud Access Security Brokers (CASBs). Either on-premise or cloud, CASBs take the place of hardened enforcement points of security in policy that are capable of bringing corporate security policy together, layering it on top of cloud resource access. These essential functions include authentication, single sign-on, authorization, credential mapping, device profiling, encryption, tokenization, many more. But in general, the most common challenges for CASBS provide these in the cloud: threat detection, access control policy enforcement, risk assessment, data protection and compliance. The literature survey presented in this paper focuses on these threats and vulnerabilities, and clearly highlight the requirement of improved protective processes in Cloud computing. Complementing CASBs with machine learning (ML) is at the heart of our proposed solution. If you are only looking at how well ML algorithms worked in detecting real-time threats, or in automating access control policies, comprehensive risk assessments, classifying sensitive data and monitoring compliance Machine learning techniques like Decision Tree and Random Forest algorithms have been applied with the initiative taken by us on CSE-CICIDS database, a real-world dataset that is described with the characteristics for cloud utilization behaviors along with limited numbers of security violation incidents occurred. The Random Forest Algorithm is performing considerably better than others, it has perfect precision, recall and F1-scores, it is able to predict all the records in the data set correctly. © 2025 World Scientific and Engineering Academy and Society. All rights reserved.","https://www.scopus.com/pages/publications/85217130720?origin=resultslist","83"
"R083","Scopus; WoS","Intrusion Detection Based on Bidirectional Long Short-Term Memory with Attention Mechanism","Yang Y.; Tu S.; Ali R.H.; Alasmary H.; Waqas M.; Amjad M.N.","2023","Computers, Materials and Continua","10.32604/cmc.2023.031907","2-s2.0-85139068626","Article","English","All Open Access; Gold Open Access; Green Open Access","attention mechanism; bi-LSTM; Fog computing; intrusion detection","Brain; Classification (of information); Digital storage; Fog; Fog computing; Geographical distribution; Internet of things; Long short-term memory; Network security; Attention mechanisms; Bi-LSTM; Cloud-computing; Computational capacity; Data storage; High demand; Intrusion-Detection; Processing capability; Realtime processing; Traffic data; Intrusion detection","With the recent developments in the Internet of Things (IoT), the amount of data collected has expanded tremendously, resulting in a higher demand for data storage, computational capacity, and real-time processing capabilities. Cloud computing has traditionally played an important role in establishing IoT. However, fog computing has recently emerged as a new field complementing cloud computing due to its enhanced mobility, location awareness, heterogeneity, scalability, low latency, and geographic distribution. However, IoT networks are vulnerable to unwanted assaults because of their open and shared nature. As a result, various fog computing-based security models that protect IoT networks have been developed. A distributed architecture based on an intrusion detection system (IDS) ensures that a dynamic, scalable IoT environment with the ability to disperse centralized tasks to local fog nodes and which successfully detects advanced malicious threats is available. In this study, we examined the time-related aspects of network traffic data. We presented an intrusion detection model based on a two-layered bidirectional long short-term memory (Bi-LSTM) with an attention mechanism for traffic data classification verified on the UNSW-NB15 benchmark dataset. We showed that the suggested model outperformed numerous leading-edge Network IDS that used machine learning models in terms of accuracy, precision, recall and F1 score. © 2023 Tech Science Press. All rights reserved.","https://www.scopus.com/pages/publications/85139068626?origin=resultslist","84"
"R084","Scopus","Intrusion detection system in distributed cloud computing: Hybrid clustering and classification methods","Samunnisa K.; Kumar G.S.V.; Madhavi K.","2023","Measurement: Sensors","10.1016/j.measen.2022.100612","2-s2.0-85143895199","Article","","All Open Access; Gold Open Access; Green Open Access","Distributed cloud computing; Gaussian Mixture Model; Intrusion detection system; K-means clustering; NSL-KDD; Random Forest","Alarm systems; Classification (of information); Cloud security; Cost effectiveness; Digital storage; Errors; Gaussian distribution; Intrusion detection; K-means clustering; Machine learning; Zero-day attack; Anomaly based IDS; Cloud-computing; Distributed cloud computing; Distributed clouds; Gaussian Mixture Model; Hybrid classification; Intrusion Detection Systems; K-means++ clustering; NSL-KDD; Random forests; Distributed cloud","Cloud Computing is popular nowadays due to its storage and data access services. Security and privacy are prime concerns when network threats increase. Cloud computing offers organizations and enterprises a scalable, flexible, and cost-effective infrastructure to store data on the Web. An anomaly-based IDS implementation protects the integrity of the data in a database by identifying and quarantining records when something appears to have changed unexpectedly. Machine learning based clustering and classification methods are used for anomaly based IDS attack classification and scalability in advanced networking environments. Machine learning is a fast, efficient, and adaptable approach to develop intrusion detection models that can deal with emerging threats, i.e., known and unknown attacks (including zero-day attacks). This paper proposes an efficient Hybrid clustering and classification models for implementing an anomaly-based IDS for malicious attack type classifications such as normal (no intrusion), DoS, Probe, U2R, and R2L using threshold-based functions, and the results are tested with two different threshold values (e), 0.01 & 0.5. The experiments have been performed on two tested datasets, namely, NSL-KDD and KDDcup99. Detection rate, False alarm ratio, and accuracy have been used to study the performance of the proposed methodology. After applying the proposed approach, the K-means with random forest has been shown at two different threshold values to have a better classification accuracy, detection rate, and false alarm rate of 99.85%, 99.78% and 0.09% on the NSL-KDD dataset and 98.27%, 98.12% and 2.08% respectively on the KDDcup99 dataset. © 2022 The Authors","https://www.scopus.com/pages/publications/85143895199?origin=resultslist","85"
"R085","Scopus","Edge-to-Cloud Continual Learning for Privacy-Preserving Chronic Disease Management","Babu D.S.; Vidyasagar V.; Saritha B.; Parati N.; Chippada N.; Dhanasree V.; Channapragada C.S.C.","2026","Journal of Computing and Biomedical Informatics","10.56979/1002/2026/1194","2-s2.0-105037388711","Article","","All Open Access; Gold Open Access","Chronic Disease Management; Continual Learning; Edge-to-Cloud Computing; Personalized Treatment; Privacy-Preserving Machine Learning; Wearable Biosensors","","Chronic disease management requires continuous monitoring and adaptive treatment strategies, yet traditional healthcare systems suffer from fragmented data collection and reactive interventions. This study presents an edge-to-cloud continual learning architecture that integrates wearable biosensor networks, longitudinal patient data, and privacy-preserving machine learning to enable personalized treatment recommendations. The system employs a three-tier computational model: edge devices perform low-latency real-time signal processing (135 ms), cloud servers provide secure storage and federated model aggregation, and continual learning algorithms adapt treatment plans as patient conditions evolve. The architecture implements iCaRL-based incremental learning with K=500 exemplar replay, combined with differential privacy (ε=2.1) and Paillier homomorphic encryption to protect patient confidentiality during model updates. A prospective clinical validation study enrolled N=132 patients (diabetes n=77, cardiac n=30, respiratory n=25) across three urban clinics over 12 weeks. The edge-to-cloud system achieved 92.6% treatment recommendation accuracy (95% CI: 90.1-95.1%), representing a 6% improvement over cloud-only baseline (86.8%) and 17.6% improvement over static models (75.0%). The hybrid architecture reduced end-to-end latency by 65.3% compared to cloud-only processing (255 ms vs. 735 ms), meeting the <2-second requirement for acute clinical alerts. Privacy evaluation demonstrated membership inference attack AUC of 0.50 (indicating formal privacy safety, threshold ≤0.55) while maintaining clinical accuracy. Backward transfer analysis showed 98.1% retention of prior knowledge after 100 learning rounds, with only 0.2% degradation, demonstrating effective mitigation of catastrophic forgetting. These results establish the feasibility of privacy-preserving, adaptive chronic disease management systems that combine edge intelligence with cloud-based population learning while maintaining patient confidentiality and clinical effectiveness. © 2026, Research Center of Computing and Biomedical Informatics. All rights reserved.","https://www.scopus.com/pages/publications/105037388711?origin=resultslist","86"
"R086","Scopus; WoS","An Intelligent Intrusion Detection System in Smart Grid Using PRNN Classifier","Ganesan P.; Arockia Edwin Xavier S.","2023","Intelligent Automation and Soft Computing","10.32604/iasc.2023.029264","2-s2.0-85141064092","Article","English","All Open Access; Hybrid Gold Open Access","anomaly detection; detection rate; fault rectification; harmonics elimination; improved aquila swarm optimization; Intrusion detection system; power quality enhancement; smart grid; unified power quality controller","","Typically, smart grid systems enhance the ability of conventional power system networks as it is vulnerable to several kinds of attacks. These vulnerabilities might cause the attackers or intruders to collapse the entire network system thus breaching the confidentiality and integrity of smart grid systems. Thus, for this purpose, Intrusion detection system (IDS) plays a pivotal part in offering a reliable and secured range of services in the smart grid framework. Several existing approaches are there to detect the intrusions in smart grid framework, however they are utilizing an old dataset to detect anomaly thus resulting in reduced rate of detection accuracy in real-time and huge data sources. So as to overcome these limitations, the proposed technique is presented which employs both real-time raw data from the smart grid network and KDD99 dataset thus detecting anomalies in the smart grid network. In the grid side data acquisition, the power transmitted to the grid is checked and enhanced in terms of power quality by eradicating distortion in transmission lines. In this approach, power quality in the smart grid network is enhanced by rectifying the fault using a FACT device termed UPQC (Unified Power Quality Controller) and thereby storing the data in cloud storage. The data from smart grid cloud storage and KDD99 are pre-processed and are optimized using Improved Aquila Swarm Optimization (IASO) to extract optimal features. The probabilistic Recurrent Neural Network (PRNN) classifier is then employed for the prediction and classification of intrusions. At last, the performance is estimated and the outcomes are projected in terms of grid voltage, grid current, Total Harmonic Distortion (THD), voltage sag/swell, accuracy, precision, recall, F-score, false acceptance rate (FAR), and detection rate of the classifier. The analysis is compared with existing techniques to validate the proposed model efficiency. © 2023, Tech Science Press. All rights reserved.","https://www.scopus.com/pages/publications/85141064092?origin=resultslist","87"
"R087","Scopus","Securing cloud data with machine learning: trends, gaps, and performance metrics","Omogbehin B.I.; Sigwele T.; Semong T.; Maenge A.; Nedev Z.; Hlomani H.","2026","IAES International Journal of Artificial Intelligence","10.11591/ijai.v15.i1.pp44-55","2-s2.0-105031486799","Article","","All Open Access; Gold Open Access","Adversarial attacks; Cloud computing security; Data access control; Deep learning; Machine learning","","The increasing reliance on cloud computing has raised significant concerns about the security of data access control, as traditional models are insufficient in managing the dynamic and large-scale nature of cloud environments. This review evaluates machine learning (ML)-based approaches to improve cloud data security, with a particular focus on advancements in anomaly detection and insider threat prevention. Deep learning (DL) models emerge as the most dominant, utilized by 47% of the studies due to their superior ability to process large datasets and adapt to real-time environments. Random forest models are also prominent, being adopted in 20% of the studies for their strong performance in anomaly detection and categorization. TensorFlow stands out as the most widely used tool, featuring in nearly 37% of the reviewed works, while datasets like Amazon Access and computer emergency response team (CERT) are employed in 20% and 13% of the research, respectively. Anomaly detection and prevention are critical priorities, accounting for 41.2% of the research objectives. However, gaps remain, with 21.7% of the studies noting adversarial vulnerabilities and 13% identifying limitations in dataset diversity. The review recommends further development of ML models to address these challenges, expanding dataset diversity, and improving real-time monitoring techniques to enhance cloud data security. © This is an open access article under the CC BY-SA license. https://creativecommons.org/licenses/by-sa/4.0/","https://www.scopus.com/pages/publications/105031486799?origin=resultslist","88"
"R088","Scopus; WoS","Dew-Cloud-Based Hierarchical Federated Learning for Intrusion Detection in IoMT","Singh P.; Gaba G.S.; Kaur A.; Hedabou M.; Gurtov A.","2023","IEEE Journal of Biomedical and Health Informatics","10.1109/JBHI.2022.3186250","2-s2.0-85134354506","Article","English","All Open Access; Green Open Access","Dew computing; federated learning; internet of medical things (IoMT); intrusion detection system (IDS); machine learning","Algorithms; Cloud Computing; COVID-19; Humans; Internet; Internet of Things; Cloud computing; Cybersecurity; Diagnosis; Digital storage; Internet of things; Intrusion detection; Learning algorithms; Medical imaging; Network security; Purchasing; Sensitive data; Cloud-computing; Computational modelling; Dew computing; Federated learning; Internet of medical thing; Intrusion detection system; Intrusion Detection Systems; Intrusion-Detection; Machine-learning; Medical diagnostic imaging; Medical services; Article; artificial neural network; cloud computing; computer model; convolutional neural network; electronic medical record; health care personnel; learning algorithm; long term memory; machine learning; time series analysis; algorithm; cloud computing; human; Internet; Machine learning","The coronavirus pandemic has overburdened medical institutions, forcing physicians to diagnose and treat their patients remotely. Moreover, COVID-19 has made humans more conscious about their health, resulting in the extensive purchase of IoT-enabled medical devices. The rapid boom in the market worth of the internet of medical things (IoMT) captured cyber attackers' attention. Like health, medical data is also sensitive and worth a lot on the dark web. Despite the fact that the patient's health details have not been protected appropriately, letting the trespassers exploit them. The system administrator is unable to fortify security measures due to the limited storage capacity and computation power of the resource-constrained network devices'. Although various supervised and unsupervised machine learning algorithms have been developed to identify anomalies, the primary undertaking is to explore the swift progressing malicious attacks before they deteriorate the wellness system's integrity. In this paper, a Dew-Cloud based model is designed to enable hierarchical federated learning (HFL). The proposed Dew-Cloud model provides a higher level of data privacy with greater availability of IoMT critical application(s). The hierarchical long-term memory (HLSTM) model is deployed at distributed Dew servers with a backend supported by cloud computing. Data pre-processing feature helps the proposed model achieve high training accuracy (99.31%) with minimum training loss (0.034). The experiment results demonstrate that the proposed HFL-HLSTM model is superior to existing schemes in terms of performance metrics such as accuracy, precision, recall, and f-score.  © 2013 IEEE.","https://www.scopus.com/pages/publications/85134354506?origin=resultslist","89"
"R089","Scopus; WoS","Intelligent optimization mechanism based on an objective function for efficient home appliances control in an embedded edge platform","Xu R.; Jin W.; Hong Y.; Kim D.-H.","2021","Electronics (Switzerland)","10.3390/electronics10121460","2-s2.0-85108122823","Article","English","All Open Access; Gold Open Access; Green Open Access","EdgeX; Embedded edge system; Microservice; Objective function; Optimization; Smart home","INTERNET; PARADIGM","In recent years the ever-expanding internet of things (IoT) is becoming more empowered to revolutionize our world with the advent of cutting-edge features and intelligence in an IoT ecosystem. Thanks to the development of the IoT, researchers have devoted themselves to technologies that convert a conventional home into an intelligent occupants-aware place to manage electric resources with autonomous devices to deal with excess energy consumption and providing a comfortable living environment. There are studies to supplement the innate shortcomings of the IoT and improve intelligence by using cloud computing and machine learning. However, the machine learning-based autonomous control devices lack flexibility, and cloud computing is challenging with latency and security. In this paper, we propose a rule-based optimization mechanism on an embedded edge platform to provide dynamic home appliance control and advanced intelligence in a smart home. To provide actional control ability, we design and developed a rule-based objective function in the EdgeX edge computing platform to control the temperature states of the smart home. Compared to cloud computing, edge computing can provide faster response and higher quality of services. The edge computing paradigm provides better analysis, processing, and storage abilities to the data generated from the IoT sensors to enhance the capability of IoT devices concerning computing, storage, and network resources. In order to satisfy the paradigm of distributed edge computing, all the services are implemented as microservices. The microservices are connected to each other through REST APIs based on the constrained IoT devices to provide all the functionalities that accomplish a trade-off between energy consumption and occupant-desired environment setting for the smart home appliances. We simulated our proposed system to control the temperature of a smart home; through experimental findings, we investigated the application against the delay time and overall memory consumption by the embedded edge system of EdgeX. The result of this research work suggests that the implemented services operated efficiently in the raspberry pi 3 hardware of IoT devices. © 2021 by the authors. Licensee MDPI, Basel, Switzerland. This article is an open access article distributed under the terms and conditions of the Creative Commons Attribution (CC BY) license (https:// creativecommons.org/licenses/by/ 4.0/).","https://www.scopus.com/pages/publications/85108122823?origin=resultslist","90"
"R090","Scopus; WoS","Deep Learning Based Intrusion Detection in Cloud Services for Resilience Management","Sreenivasa Chakravarthi S.; Jagadeesh Kannan R.; Anantha Natarajan V.; Gao X.-Z.","2022","Computers, Materials and Continua","10.32604/cmc.2022.022351","2-s2.0-85122759446","Article","English","All Open Access; Gold Open Access","Anomaly detection; Auto-encoder; Deep learning; Migration; Network flow data; Support vector machine","Cloud computing; Deep learning; Developing countries; Digital storage; Intrusion detection; Network architecture; Network coding; Planning; Sustainable development; Web services; Anomaly detection; Auto encoders; Cloud services; Cloud-computing; Deep learning; Flow data; Migration; Network flow data; Networks flows; Support vectors machine; Support vector machines","In the global scenario one of the important goals for sustainable development in industrial field is innovate new technology, and invest in building infrastructure. All the developed and developing countries focus on building resilient infrastructure and promote sustainable developments by fostering innovation. At this juncture the cloud computing has become an important information and communication technologies model influencing sustainable development of the industries in the developing countries. As part of the innovations happening in the industrial sector, a new concept termed as ‘smart manufacturing’ has emerged, which employs the benefits of emerging technologies like internet of things and cloud computing. Cloud services deliver an on-demand access to computing, storage, and infrastructural platforms for the industrial users through Internet. In the recent era of information technology the number of business and individual users of cloud services have been increased and larger volumes of data is being processed and stored in it. As a consequence, the data breaches in the cloud services are also increasing day by day. Due to various security vulnerabilities in the cloud architecture; as a result the cloud environment has become non-resilient. To restore the normal behavior of the cloud, detect the deviations, and achieve higher resilience, anomaly detection becomes essential. The deep learning architectures-based anomaly detection mechanisms uses various monitoring metrics characterize the normal behavior of cloud services and identify the abnormal events. This paper focuses on designing an intelligent deep learning based approach for detecting cloud anomalies in real time to make it more resilient. The deep learning models are trained using features extracted from the system level and network level performance metrics observed in the Transfer Control Protocol (TCP) traces of the simulation. The experimental results of the proposed approach demonstrate a superior performance in terms of higher detection rate and lower false alarm rate when compared to the Support Vector Machine (SVM). © 2022 Tech Science Press. All rights reserved.","https://www.scopus.com/pages/publications/85122759446?origin=resultslist","91"
"R091","Scopus; WoS","Artificial-Intelligence-Integrated Autonomous IoT Alert System for Real-Time Remote Fire and Smoke Detection in Live Video Streams","Panindre P.; Acharya S.; Kalidindi N.; Kumar S.","2025","IEEE Internet of Things Journal","10.1109/JIOT.2025.3598979","2-s2.0-105013777929","Article","English","All Open Access; Hybrid Gold Open Access","Firefighting; Internet of Things (IoT); object detection; surveillance cameras","Automation; Cameras; Closed circuit television systems; Data streams; Distributed computer systems; Fire extinguishers; Fires; Inference engines; Internet protocols; Network architecture; Network layers; Network security; Object recognition; Security systems; Smoke; Smoke detectors; Video streaming; Amazon web services; Application layers; Bounding-box; Closed circuit television; Firefighting; Live video; Objects detection; Real- time; Surveillance cameras; Video frame; Object detection","Video surveillance via closed-circuit television (CCTV) is ubiquitous across the world today, with a multiplicity of monitoring objectives. However, Internet of Things (IoT)-enabled real-time automated detection of fire and smoke has not been a part of the CCTV repertoire so far. The present study addresses the feasibility and establishes a methodology for detecting fire and smoke solely from live video streams using a novel IoT-centric framework with minimal latency and higher accuracy, and without the need for additional data, such as from thermal or multispectral imaging streams. In our design, CCTV/IP cameras serve purely as Perception Layer nodes that stream raw video (without on-device inference or preprocessing), transmitting via IoT network protocols (RTSP/real-time messaging protocol (RTMP)/SDP) to a centralized Application Layer for artificial intelligence (AI) inference. It is shown that available AI object detection models (EfficientDet, Faster-RCNN, you only look once (YOLO), and their variants) that have been trained and tested with a comprehensive dataset of fire and smoke images are able to detect fire and smoke from video streams with varied accuracies that make the stand-alone models unreliable for practical applications. By uniquely integrating multiple AI algorithms into an end-to-end IoT architecture (Perception–Network–Application layers), as well as incorporating a novel technique of monitoring and analyzing the area of dynamically assigned bounding boxes around detected fire and smoke regions, the overall accuracy is significantly increased, creating a robust system for detecting all classes of fire within the same system. The dynamic analysis of bounding box areas over consecutive frames allows the system to differentiate between real, live fires, and static images or objects that resemble fire, thereby significantly reducing false positives. The framework leverages IoT camera nodes streaming via RTSP/RTMP/SDP to cloud-hosted ingestion servers on amazon web service (AWS) EC2 (Application Layer), where video frames are continuously extracted and fed to an AI ensemble. Detected events, validated by multimodel consensus, are stored in S3 and trigger alerts in real-time via AWS simple notification service (SNS)/simple email service (SES) based on custom risk thresholds. The mean Average Precision (mAP)@0.5 and detection time of Scaled-YOLOv4 (80.6%, 0.016 s/video frame) and EfficientDet (78.1%, 0.019 s/video frame) are found to be better than that of Faster-RCNN (67.8%, 0.054 s/video frame), highlighting the applicability of Scaled-YOLOv4 and EfficientDet for high-throughput, low-latency real-time detections within IoT-driven surveillance ecosystems. © 2014 IEEE.","https://www.scopus.com/pages/publications/105013777929?origin=resultslist","92"
"R092","Scopus; WoS","Cloud-based healthcare framework for real-time anomaly detection and classification of 1-D ECG signals","Nawaz M.; Ahmed J.","2022","PLoS ONE","10.1371/journal.pone.0279305","2-s2.0-85144637994","Article","English","All Open Access; Gold Open Access; Green Open Access","","Algorithms; Arrhythmias, Cardiac; Cloud Computing; Delivery of Health Care; Electrocardiography; Humans; Signal Processing, Computer-Assisted; accuracy; Article; artificial intelligence; autoencoder; classification; classification accuracy; cloud computing; deep learning; electrocardiogram; electrocardiography; health care system; human; k nearest neighbor; long short term memory network; mean absolute error; multilabel classification; outlier detection; P wave; QRS complex; recurrent neural network; signal detection; support vector machine; T wave; algorithm; cloud computing; health care delivery; heart arrhythmia; procedures; signal processing","Real-time data collection and pre-processing have enabled the recognition, realization, and prediction of diseases by extracting and analysing the important features of physiological data. In this research, an intelligent end-to-end system for anomaly detection and classification of raw, one-dimensional (1D) electrocardiogram (ECG) signals is given to assess cardiovascular activity automatically. The acquired raw ECG data is pre-processed carefully before storing it in the cloud, and then deeply analyzed for anomaly detection. A deep learning-based auto-encoder(AE) algorithm is applied for the anomaly detection of 1D ECG time-series signals. As a next step, the implemented system identifies it by a multi-label classification algorithm. To improve the classification accuracy and model robustness the improved feature-engineered parameters of the large and diverse datasets have been incorporated. The training has been done using the amazon web service (AWS) machine learning services and cloud-based storage for a unified solution. Multi-class classification of raw ECG signals is challenging due to a large number of possible label combinations and noise susceptibility. To overcome this problem, a performance comparison of a large set of machine algorithms in terms of classification accuracy is presented on an improved feature-engineered dataset. The proposed system reduces the raw signal size up to 95% using wavelet time scattering features to make it less compute-intensive. The results show that among several state-of-the-art techniques, the long short-term memory (LSTM) method has shown 100% classification accuracy, and an F1 score on the three-class test dataset. The ECG signal anomaly detection algorithm shows 98% accuracy using deep LSTM auto-encoders with a reconstructed error threshold of 0.02 in terms of absolute error loss. Our approach provides performance and predictive improvement with an average mean absolute error loss of 0.0072 for normal signals and 0.078 for anomalous signals. © 2022 Nawaz, Ahmed. This is an open access article distributed under the terms of the Creative Commons Attribution License, which permits unrestricted use, distribution, and reproduction in any medium, provided the original author and source are credited.","https://www.scopus.com/pages/publications/85144637994?origin=resultslist","93"
"R093","Scopus; WoS","A hybrid deep learning intrusion detection model for fog computing environment","Kalaivani K.; Chinnadurai M.","2021","Intelligent Automation and Soft Computing","10.32604/iasc.2021.017515","2-s2.0-85111643620","Article","English","All Open Access; Hybrid Gold Open Access","CNN and LSTM; Deep learning; Fog computing; IDS; IoT","INTERNET; THINGS","Fog computing extends the concept of cloud computing by providing the services of computing, storage, and networking connectivity at the edge between data centers in cloud computing environments and end devices. Having the intelligence at the edge enables faster real-time decision-making and reduces the amount of data forwarded to the cloud. When enhanced by fog computing, the Internet of Things (IoT) brings low latency and improves real time and quality of service (QoS) in IoT applications of augmented reality, smart grids, smart vehi-cles, and healthcare. However, both cloud and fog computing environments are vulnerable to several kinds of attacks that can lead to unexpected loss. For exam-ple, a denial of service (DoS) attack can block authenticated users by rendering network resources unavailable and consuming network bandwidth unnecessarily. This paper proposes an intrusion classification model using a convolutional neural network (CNN) and Long Short-Term Memory networks (LSTM) to obtain the advantages of deep learning methods in order to accurately predict such attacks. The proposed integrated CNN with LSTM-based Fog Computing Intrusion Detection ICNN-FCID model is used for multi-class attack classification. Our proposed model is demonstrated using NSL-KDD, a benchmark dataset, and pro-vides attack detection accuracy of about 96.5%. Comparisons of the accuracy of our model with both traditional and other recent deep learning approaches show that our model is superior in performance. The ICNN-FCID model can be used in fog layer devices where network traffic is monitored and the attacks are detected. As a result, the cloud server and fog layer devices can be protected from malicious users and are always available in providing services to IoT devices. © 2021, Tech Science Press. All rights reserved.","https://www.scopus.com/pages/publications/85111643620?origin=resultslist","94"
"R094","Scopus; WoS","Energy-efficient SDN routing with deep learning for data center networks","Lloret J.; Romero O.; Leon A.","2026","Sustainable Computing: Informatics and Systems","10.1016/j.suscom.2026.101368","2-s2.0-105037953219","Article","English","All Open Access; Green Open Access; Hybrid Gold Open Access","Deep learning; Energy consumption; Green networks; Network architecture; OpenFlow; Routing algorithms; Software Defined Networking","Data centers; Digital storage; Energy efficiency; Energy utilization; Green computing; Network architecture; Network topology; Routing algorithms; Data center networks; Deep learning; Energy-consumption; Energy-savings; Green networks; Network topology; Openflow; Real networks; Routings; Software-defined networkings; Software defined networking","The exponential growth of cloud storage services has led to a sharp increase in energy consumption across data center networks. To address this challenge, we propose a Software-Defined Networking (SDN)-based architecture focused on energy-efficient routing. The core of the system is a novel routing algorithm that combines Shortest Path First (SPF) principles with a deep learning decision module to dynamically select low-energy paths while maintaining quality of service. Network devices exchange status information using a custom extension of the OpenFlow protocol, allowing the SDN controller to make data-driven routing decisions based on real-time energy and performance metrics. The proposed architecture is validated through simulations and experiments on real network topologies, demonstrating energy savings under both synthetic and production-like traffic conditions. Experimental validation using both simulated and real network topologies shows that the proposed GMPC approach reduces energy consumption compared to standard OSPF routing, achieving energy savings of up to 7% in simulated mesh topologies and approximately 5% in real network environments, while maintaining QoS within acceptable thresholds. © 2026 The Authors","https://www.scopus.com/pages/publications/105037953219?origin=resultslist","95"
"R095","Scopus; WoS","Bridging accuracy and interpretability in solar forecasting: A regional ensemble learning approach","Aldossary S.M.; Alameen A.","2026","Energy Reports","10.1016/j.egyr.2026.109136","2-s2.0-105030343961","Article","English","All Open Access; Gold Open Access","Arid climates; Ensemble learning; Explainable artificial intelligence; Solar irradiance forecasting","Digital storage; Solar irradiance; Solar power generation; Solar radiation; Storage management; Weather forecasting; Arid climates; Ensemble learning; Ensemble learning approach; Explainable artificial intelligence; Grid stability; Interpretability; Photovoltaic systems; Solar forecasting; Solar irradiance forecasting; Solar irradiances; Mean square error","Accurate solar irradiance forecasting is critical for optimizing photovoltaic systems, enhancing grid stability, and supporting energy storage management, particularly in regions with high climatic variability like Saudi Arabia. However, existing models often lack either the precision to handle dynamic atmospheric conditions or the interpretability needed for operational trust. This study addresses these challenges by developing a modular solar forecasting dashboard that balances accuracy and transparency for five climatically diverse Saudi cities: Riyadh, Jeddah, Abha, Dammam, and Qassim. The proposed framework combines Random Forest regression with physics-informed feature engineering (e.g., hour-cloud interactions) and Shapley Additive Explanations to ensure interpretable predictions. Empirical results demonstrated robust performance, with determination coefficients exceeding 0.90 across all regions and root mean squared errors as low as 92.4 watts per square meter in Dammam. A residual-based alert system flagged significant deviations (±100 watts per square meter), revealing Riyadh’s high alert rate (32.2%) due to dust-induced variability. Feature analysis confirmed the dominance of temporal-cloud interactions, accounting for 38%–42% of prediction variance. The study provides a scalable, interpretable solution for solar forecasting, aligning with Saudi Vision 2030’s renewable energy goals. Future work will integrate real-time satellite data and adaptive alert thresholds to further enhance operational utility. © 2026 The Authors.","https://www.scopus.com/pages/publications/105030343961?origin=resultslist","96"
"R096","Scopus; WoS","Design of a multi-layered privacy-preserving architecture for secure medical data exchange in cloud environments","Muthuvel S.; Priya S.; Sampath Kumar K.","2026","Scientific Reports","10.1038/s41598-026-40122-4","2-s2.0-105035030938","Article","English","All Open Access; Gold Open Access; Green Open Access","Attribute-based encryption; Cloud-based e-health systems; Graph neural network; Haze optimization; SHA-256 verification module","article; cloud computing; confidentiality; controlled study; data integrity; encryption; energy consumption; fatigue; graph neural network; haze; human; outlier detection; privacy; teleconsultation; telehealth","Cloud-based e-health systems make medical data widely accessible for treatment, teleconsultation, and analytics; however, the moment clinical records are pushed to an external cloud, they are exposed to a combination of threats: curious insiders, colluding storage providers, and silent data tampering. Most existing attribute-based encryption (ABE) or standalone anomaly detection solutions address these threats in isolation. To address this gap, this work presents a unified, lifecycle-oriented security framework that integrates Server-Aided Revocable Attribute-Based Encryption (SR-ABE) to enforce fine-grained, revocable access control without requiring the re-encryption of historical data. The cryptographic layer is further strengthened through haze optimization-guided key generation, which enhances key-space exploration and randomness during the encryption process. Data integrity is ensured using a SHA-256–based verification mechanism applied at both the storage and access stages. In addition, an intelligent monitoring layer based on a heterogeneous Mixed Graph Neural Network (MGNN) model interacts with patterns among users, devices, and resources to enable continuous event-driven anomaly detection within the system”s operational latency bounds. Under this integrated design, the proposed model attains 99.1% training accuracy and 96.7% testing accuracy, converges with very low errors (training loss 0.0126, testing loss 0.0357), executes faster than prior approaches with an execution time of 10.4 ms at 50 epochs, sustains a high service throughput of 852–901 kbps even when multiple users are active, operates with reduced energy consumption of 0.214 J, maintains low access latency of 6.6 ms, and raises core security indicators to 99.12% data confidentiality and 98.53% data integrity. This shows that combining SR-ABE, HO-based key generation, cryptographic integrity checks, and MGNN-driven surveillance in a single pipeline delivers both stronger privacy guarantees and better runtime performance than existing cloud e-health security schemes. © The Author(s) 2026.","https://www.scopus.com/pages/publications/105035030938?origin=resultslist","97"
"R097","Scopus","Advances in Malware Analysis and Detection in Cloud Computing Environments: A Review","Rao S.M.; Jain A.","2024","International Journal of Safety and Security Engineering","10.18280/ijsse.140122","2-s2.0-85187660690","Article","","All Open Access; Hybrid Gold Open Access","cloud computing; cyber-physical systems (CPS); data security; intrusion detection; machine learning (ML); malware detection; network security","","Cloud computing, integral for data storage and online services, presents significant advantages over traditional data storage and distribution methods, including enhanced convenience, on-demand storage, scalability, and cost efficiency. Its growing adoption in securing Internet of Things (IoT) and cyber-physical systems (CPS) against various cyber threats offers numerous opportunities. Despite the continuous evolution of malware and the lack of a universally effective detection method, cloud environments provide a promising approach for malware detection. Cloud computing, recognized for its efficiency, scalability, flexibility, and reliability on elastic resources, is widely utilized in the IT industry to support IT infrastructure and services. However, one of the foremost security challenges faced is malware attacks. Certain antivirus scanners struggle to detect metamorphic or encrypted malware in cloud environments due to complexity and scale, allowing such threats to evade detection. High detection rates with precision in reducing false positives are essential. Machine learning (ML) classifiers, a vital component in Artificial Intelligence (AI) systems, require training on extensive data volumes to develop credible models with high detection rates. Traditional detection methods face challenges in identifying complex malware, as modern malware employs contemporary packaging and obfuscation techniques to circumvent security measures. This paper provides a detailed discussion on detecting malware in cloud environments and the advantages of cloud computing in safeguarding IoT and CPS from cyber attacks. It presents a survey on malware analysis and detection models, aiding researchers in identifying limitations of traditional malware detection models in cloud environments and inspiring the design of innovative models with enhanced quality of service levels. Copyright: ©2024 The authors.","https://www.scopus.com/pages/publications/85187660690?origin=resultslist","98"
"R098","Scopus","Intelligent Cybersecurity Analytics and Predictive Network Process Monitoring Using Relational, Graph-Based, and Streaming Data Systems","Kapadia M.; Pendyala V.S.","2026","Eng","10.3390/eng7080363","2-s2.0-105048223244","Article","","All Open Access; Gold Open Access","Apache Cassandra; Apache Kafka; big data architecture; cybersecurity analytics; intrusion detection system (IDS); Neo4j; network traffic analysis; Redshift","Analytical models; Big data; Cybersecurity; Digital storage; Graph Databases; Intrusion detection; Predictive analytics; Query processing; Real time systems; Apache cassandrum; Apache kafkum; Big data architecture; Cassandras; Cyber security; Cybersecurity analytic; Data architectures; Intrusion detection system; Intrusion Detection Systems; Neo4j; Network traffic analysis; Red shift; Article; artificial intelligence; big data; computer security; controlled study; data system; data warehouse; graph neural network; information processing; ingestion; intrusion detection system; machine learning; nonhuman; prediction; process monitoring; process optimization; simulation; traffic; workload; Economic and social effects","In today’s increasingly complicated network environments, effective cybersecurity analytics necessitate scalable data processing systems that can handle massive amounts of diverse traffic data. This article compares relational, graph-based, and streaming data systems for cybersecurity analytics using the CICIDS2017 dataset. We specifically compare a columnar cloud data warehouse (Amazon Redshift) with a graph database (Neo4j) using example analytical queries to investigate trade-offs in query expressiveness, performance, and data modeling flexibility. In addition, we evaluate a real-time data intake pipeline built on Apache Kafka and Apache Cassandra to investigate ingestion throughput and low-latency storage features under simulated streaming workloads. The systems are examined independently to highlight their strengths and weaknesses in batch analytics, relationship-centric analysis, and real-time monitoring. The findings offer practical insights into how alternative data models and processing paradigms impact cybersecurity analytical tasks, as well as recommendations for selecting optimal data systems for network traffic analytics and intrusion detection use cases. © 2026 by the authors.","https://www.scopus.com/pages/publications/105048223244?origin=resultslist","99"
"R099","Scopus","GMD-AD: A Graph Metric Dimension-Based Hybrid Framework for Privacy-Preserving Anomaly Detection in Distributed Databases","Awadelkarim A.M.","2026","Mathematical and Computational Applications","10.3390/mca31010028","2-s2.0-105031146503","Article","","All Open Access; Gold Open Access","anomaly detection; cybersecurity; distributed databases; graph neural networks; graph theory; intrusion detection; k-metric anti-dimension; metric dimension; privacy preservation; scalability","","Distributed databases are increasingly used in enterprise and cloud environments, but their distributed architecture introduces significant security challenges, including data leaks and insider threats. In the context of escalating cyber threats targeting large-scale distributed databases and cloud-native microservice architectures, this paper presents Graph Metric Dimension-based Anomaly Detection (GMD-AD), a novel graph-structure model designed to enhance cybersecurity in distributed databases by leveraging the metric dimension of interaction graphs; further, GMD-AD addresses the critical need for real-time, low-overhead, and privacy-aware anomaly detection mechanisms. The model introduces a compact resolving set as landmarks to detect intrusions through distance vector variations with minimal computational overhead. The proposed framework offers four major contributions, including sequential metric dimension updates to support dynamic topologies; a parallel BFS strategy to enable scalable processing; the incorporation of the k-metric anti-dimension to provide provable privacy against re-identification attacks; and a hybrid pipeline in which resolving-set subgraphs are processed by graph neural networks prior to final classification using gradient boosting. Experiments conducted on the SockShop microservices benchmark and a real MongoDB sharded cluster with injected anomalies reveal 60% reduced localization latency (1200 ms → 480 ms), stable detection accuracy (>0.997), increased noise robustness (F1 0.95 → 0.97) and a drop of re-identification success rate from the baseline by 40 percentage points (68% → 28%) when k = 3, ℓ = 2. We demonstrated up to 60% latency reduction and 40% privacy improvement over baselines, validated on real MongoDB clusters. The findings show that GMD-AD is a scalable, real-time and privacy-preserving HTTP anomaly detection solution for both distributed database systems and microservice architectures. © 2026 by the author.","https://www.scopus.com/pages/publications/105031146503?origin=resultslist","100"
"R100","Scopus; WoS","Enhancing Ransomware Resilience in Cloud-Based HR Systems through Moving Target Defense","Barach J.","2026","Computers, Materials and Continua","10.32604/cmc.2025.071705","2-s2.0-105024848809","Article","English","All Open Access; Gold Open Access","anomaly detection; cloud security; container mutation; HR SaaS; moving target defense; Ransomware defense","Authentication; Cryptography; Data privacy; Hardening; Human resource management; Malware; Network security; Software as a service (SaaS); Wages; Anomaly detection; Cloud based platforms; Cloud securities; Cloud-based; Container mutation; Human resource saa; Moving target defense; Privacy compliance; Ransomware defense; Resource system; Anomaly detection","Human Resource (HR) operations increasingly rely on cloud-based platforms that provide hiring, payroll, employee management, and compliance services. These systems, typically built on multi-tenant microservice architectures, offer scalability and efficiency but also expand the attack surface for adversaries. Ransomware has emerged as a leading threat in this domain, capable of halting workflows and exposing sensitive employee records. Traditional defenses such as static hardening and signature-based detection often fail to address the dynamic requirements of HR Software as a Service (SaaS), where continuous availability and privacy compliance are critical. This paper presents a Moving Target Defense (MTD) framework for HR SaaS that combines container mutation, IP hopping, and node reassignment to randomize the attack surface without pausing services. Many prior defenses for cloud or IoT rely on static hardening or signature-driven detection and do not meet HR SaaS needs such as uninterrupted sessions, privacy compliance, and live service continuity. This paper presents a MTD framework for HR SaaS that combines container mutation, IP hopping, and node reassignment to randomize the attack surface without pausing services. The framework runs on Kubernetes and uses a KL-divergence–based anomaly detector that monitors HR access logs across five modules (onboarding, employee records, leave, payroll, and exit). In simulation with realistic HR traffic, the approach reaches 96.9% average detection accuracy with AUC 0.94–0.98, cuts mean time to containment to 91.4 s, and lowers the ransomware encryption rate to 13.2%. Measured overheads for CPU, memory, and per-mutation latency remain modest. Compared with prior MTD and non-MTD baselines, the design provides stronger containment without service interruption and aligns with zero-trust and compliance goals. Its modular implementation and control-plane orchestration support stepwise, enterprise-scale deployment in HR SaaS environments. Copyright © 2025 The Author.","https://www.scopus.com/pages/publications/105024848809?origin=resultslist","101"
"R101","Scopus; WoS","A machine learning based authentication and intrusion detection scheme for IoT users anonymity preservation in fog environment","Oliullah K.; Whaiduzzaman M.; Mahi Md.J.N.; Jan T.; Barros A.","2025","PLOS ONE","10.1371/journal.pone.0323954","2-s2.0-105008505546","Article","English","All Open Access; Gold Open Access; Green Open Access","","Algorithms; Cloud Computing; Computer Security; Humans; Internet of Things; Machine Learning; article; cloud computing; cryptography; detection algorithm; diagnosis; ensemble learning; hash function; human; machine learning; open access publishing; outlier detection; sensitive personal information; symmetric encryption; algorithm; cloud computing; computer security; internet of things","Authentication is a critical challenge in fog computing security, especially as fog servers provide services to many IoT users. The conventional authentication process often requires disclosing sensitive personal information, such as usernames, emails, mobile numbers, and passwords that end users are reluctant to share with intermediary services (i.e., Fog servers). With the rapid growth of IoT networks, existing authentication methods often fail to balance low computational overhead with strong security, leaving systems vulnerable to various attacks, including unauthorized access and data interception. Additionally, traditional intrusion detection methods are not well-suited for the distinct characteristics of IoT devices, resulting in a low accuracy in applying existing anomaly detection methods. In this paper, we incorporate a two-step authentication process, starting with anonymous authentication using a secret ID with Elliptic Curve Cryptography (ECC), followed by an intrusion detection algorithm for users flagged as suspicious activity. The scheme allows users to register with a Cloud Service Provider (CSP) using encrypted credentials. The CSP responds with a secret number reserved in the Fog node for the IoT user. To access the services provided by the Fog Service Provider (FSP), IoT users must submit a secret ID. Furthermore, we introduce a staked ensemble learning approach for intrusion detection that achieves 99.86% accuracy, 99.89% precision, 99.96% recall, and a 99.91% F1-score in detecting anomalous instances, with a support count of 50,376. This approach is applied when users fail to provide a correct secret ID. Our proposed scheme utilizes several hash functions through symmetric encryption and decryption techniques to ensure secure end-to-end communication. © 2025 Oliullah et al. This is an open access article distributed under the terms of the Creative Commons Attribution License, which permits unrestricted use, distribution, and reproduction in any medium, provided the original author and source are credited.","https://www.scopus.com/pages/publications/105008505546?origin=resultslist","102"
"R102","Scopus","Lightweight Threshold-Based Real-Time Distributed Denial of Service Attack Detection with WebSocket Alerts","Saudagar S.; Jagnade G.; Shelke M.; Belhe S.; Gorde S.; Bhosle A.","2025","International Journal of Safety and Security Engineering","10.18280/ijsse.151220","2-s2.0-105031640719","Article","","All Open Access; Hybrid Gold Open Access","cybersecurity; Distributed Denial of Service detection; Node.js; real-time monitoring; WebSocket","","As digital platforms increasingly dominate day-to-day activities, ensuring robust and reliable security mechanisms has become a critical necessity. Among various cyber threats, Denial of Service (DoS) and Distributed Denial of Service (DDoS) attacks are widely studied, as they directly threaten service availability by overwhelming systems with excessive requests, making services inaccessible to legitimate users. Conventional DDoS detection techniques are often unsuitable for lightweight deployments because they rely heavily on expensive hardware or complex machine learning (ML) models. This work proposes a lightweight and scalable DDoS anomaly detection framework capable of identifying real-time anomalies from server log data. The system visualizes abnormal traffic patterns using WebSocket communication with a Node.js server. The web application, hosted on Google Cloud Storage (GCS), includes a real-time monitoring dashboard that is updated regularly. Experimental findings confirm the effectiveness of the proposed system in identifying high request rates with low latency, achieving 0.002 s latency and approximately 97.0% alert accuracy. The proposed solution is particularly suitable for small- to medium-sized online platforms, as it provides a cost-effective, scalable, and efficient real-time DDoS detection approach without requiring complex and intensive resource infrastructure. © 2025 The authors. This article is published by IIETA and is licensed under the CC BY 4.0 license (http://creativecommons.org/licenses/by/4.0/).","https://www.scopus.com/pages/publications/105031640719?origin=resultslist","103"
"R103","Scopus; WoS","A proposed secure framework for protecting cloud-based educational systems from hacking","El-Sofany H.; El-Seoud S.A.; Karam O.H.; Bouallegue B.; Ahmed A.M.","2024","Egyptian Informatics Journal","10.1016/j.eij.2024.100505","2-s2.0-85198334613","Article","English","All Open Access; Gold Open Access","Cloud computing; CNN; Cyberattacks; Digital signature; E-learning; Education system; GLCM","Authentication; Cloud security; Cloud storage; Covariance matrix; Deep learning; E-learning; Learning systems; Personal computing; Sensitive data; Cloud-based; Cloud-computing; Covariance matrices; Cyber-attacks; E - learning; Education systems; Educational systems; Encryption technique; Gray-level; Gray-level covariance matrix; Cryptography","Educational institutions and users involved in the whole learning process frequently have concerns about the storage and processing of sensitive data and essential apps in the cloud. Security and privacy issues have emerged as a major challenge, limiting cloud computing's implementation in educational environments. Several users have yet to meet this security challenge, which is linked to the system's multi-tenancy nature and the outsourcing of resources and data. This study proposes a secure framework for protecting cloud-based educational systems from hacking using a unique encryption technique, as well as a deep learning-based classification for cloud attack detection. Initially, we preprocess the data and extract features using a gray-level covariance matrix (GLCM). Next, we propose a classification based on multiple convolutional neural networks (M−CNN) to detect attacks in the cloud environment. Finally, we propose a modified digital signature algorithm (MDSA) for data encryption and decryption. The proposed technique achieved high security rates, with an accuracy of 97.7%, sensitivity of 96%, specificity of 94.3%, precision of 99.6%, and recall of 97%. Comparative evaluations showed that the proposed mechanism outperformed other encryption techniques. This novel model enhances the security of cloud-based educational systems and promotes users’ confidence in such platforms. © 2024","https://www.scopus.com/pages/publications/85198334613?origin=resultslist","104"
"R104","Scopus; WoS","AI-Driven Intelligent Intrusion Detection for Real-Time Network Threat Analysis in Enterprise and Cloud Networks","Egho-Promise E.I.; Udoh E.; Gashi E.; Ola B.; Chennareddy V.; Yerabolu M.R.","2026","Information (Switzerland)","10.3390/info17070669","2-s2.0-105045979097","Article","English","All Open Access; Gold Open Access","AI-Driven Intrusion Detection; Anomaly Detection; explainable AI (XAI); high-throughput networks; Hybrid Enterprise–Cloud Networks; network security; real-time threat analysis; TAN-GRU","Anomaly detection; Cloud computing; Computational efficiency; Computer crime; Computer networks; Dimensionality reduction; Embedded systems; Intrusion detection; Throughput; AI-driven intrusion detection; Anomaly detection; Cloud networks; Explainable AI (XAI); High-throughput; High-throughput network; Hybrid enterprise–cloud network; Intrusion-Detection; Networks security; Real- time; Real-time threat analyze; TAN-gated recurrent unit; Threats analysis; Network security","The rapid advancement of enterprise and cloud networks has significantly increased the complexity and scale of cyber threats, making conventional signature-based Intrusion Detection Systems (IDSs) insufficient. This paper presents the concept of an Intelligent Hybrid-Inference Network Intrusion Detection System (IHI-NIDS) powered by AI for real-time threat detection in high-velocity enterprise and cloud environments. IHI-NIDS combines Gated Recurrent Units (GRUs) for temporal sequence modelling with a multi-head self-attention mechanism, accounting for both short-range packet dynamics and long-range dependencies that signal multi-stage attacks. The system supports hybrid datasets that combine enterprise packet flows (PCAP/NetFlow) and cloud telemetry (VPC Flow Logs). It uses strong scaling and dimensionality reduction via PCA as the main approach to guarantee computational efficiency. Assessment of a composite dataset of 1.2 million flows indicates a detection rate of 97.8, recall of 96.1, F1-score of 96.5, and false alarm rate of 2.1, validating the capability to detect both enterprise-level and cloud-based threats. SHAP-based explainability highlights key features that affect predictions, which security analysts can use. Based on latency measurements, it can be deployed in real time to high-throughput networks, whereas temporal generalisation tests demonstrate its ability to withstand unobserved attack sequences. This article makes IHI-NIDS a scalable, interpretable, high-performance solution for current hybrid network security, filling the gap between operational viability and predictive AI-based defence. © 2026 by the authors.","https://www.scopus.com/pages/publications/105045979097?origin=resultslist","105"
"R105","Scopus","DYNAMIC ATTRIBUTE FILTERING FOR HIGH-ACCURACY MALICIOUS ACTIVITY RECOGNITION IN CLOUD PLATFORMS","Rao S.M.; Jain A.","2026","Archives for Technical Sciences","10.70102/afts.2026.1835.471","2-s2.0-105041549168","Article","","All Open Access; Gold Open Access","cloud computing systems; cloud security; dynamic attribute filtering; feature selection; intrusion detection; machine learning; malicious activity detection","","Cloud computing is a critical infrastructure to the modern digital services, which provides the ability to store data on a scale, distributed computing, and the ability to deploy services flexibly. Moreover, the high rate of cloud environment development has also contributed to the risk of malicious intrusions like the spread of malware, unauthorized access, insider threats, and suspicious network activity. Such threats are hard to detect because of the very high dimensionality of cloud activity datasets and redundant or irrelevant attributes. This research suggests a Dynamic Attribute Filtration framework to identify malicious activities in cloud environments with high accuracy to report this issue. The proposed system dynamically determines the importance of attributes based on statistical measures of importance (information gain and correlation analysis), and selects the useful features based on an adaptive threshold mechanism. The filtered feature set is then used by a machine learning classifier to differentiate between normal and malicious cloud activities. It was tested with Python and traditional cloud security datasets with thousands of networks and system activity records. According to the Investigational results, the proposed method considerably extends detection performance in opposition to the traditional feature selection methods. The explicit model has an accuracy of 98.2%, precision of 97.8%, recall of 98.5%, and a F1-score of 98.1% with a false positive rate of 1.6%. The comparative analysis, with no filtering and all feature models, had an accuracy of 94.1%, and the static feature selection methods led to an accuracy of about 95.6. The proposed framework saved the time of computational processing approximately 20-25%, which is more efficient when it comes to large-scale data analysis of clouds. The findings indicate the effectiveness of dynamic attribute filtering in developing malicious activity recognition in cloud settings. The proposed framework increases the detection accuracy, minimizes false alarms, and provides an efficient method to protect modern cloud infrastructures. © 2026, Technical institute of Bijeljina. All rights reserved.","https://www.scopus.com/pages/publications/105041549168?origin=resultslist","106"
"R106","Scopus","Integrating Machine Learning–Driven Threat Detection with Advanced Cryptographic Solutions for Secure Cloud and Web Applications","Sharma T.; Siddiqui F.; Chopra K.; Ahmed J.","2026","International Journal of Wireless and Microwave Technologies","10.5815/ijwmt.2026.04.19","2-s2.0-105049963099","Article","","All Open Access; Gold Open Access","Adaptive Threat Detection; Cloud Computing Security; Deep Reinforcement Learning; Distributed Cybersecurity; Federated Learning; Intrusion Detection Sys-tems; Privacy-Preserving Security; Web Application Security","","With the accelerated proliferation of cloud services and web-based applications, exposure to sophisticated cyber threats like zero-day vulnerabilities, advanced persistent threats, and application-layer attacks, has sharply increased. Conventional intrusion detection systems, along with cryptographic security mechanisms, often do not fulfill the requirements of adaptive detection, privacy preservation, and variety of scalability within distributed systems. To alleviate these problems, this paper suggests a cross-layer adaptive security model, which includes, in the secure cloud and web applications, machine learning-based anomaly detection complemented with advanced cryptographic security. The model combines, in this context, lightweight local anomaly detection, federated learning, selective privacy, and a deep reinforcement learning-based threat detection and security orchestration. Through federated learning, active participation in the learning process is assured, while the selective privacy mechanism preserves the model parameters. The deep reinforcement learning agent adjusts the interaction, aggregation, and privacy settings according to demands of the adaptive system and the environment. The assessment of the model is realized through the CSE-CIC-IDS2018, CIC-IDS2017, and the CSIC 2010 HTTP benchmark datasets to verify the model in detection, generalization, and operational effectiveness. The results of the performed tests reflect an accuracy of 97.9%, a F1 score of 97.5%, a false positive rate of 1.8%, and a detection latency of 36 ms, surpassing performance of conventional federated and centralized state-of-the-art models. Cross-dataset testing validates the model effectiveness in the presence of highly variable traffic. The results suggest that adaptive orchestration, federated learning, and selective privacy preservation, when combined, substantially boost intrusion detection, decrease communication overhead, and ensure privacy preservation. Therefore, this framework is a scalable and robust approach to intrusion detection within contemporary cloud and web settings. © 2026, Modern Education and Computer Science Press. All rights reserved.","https://www.scopus.com/pages/publications/105049963099?origin=resultslist","107"
"R107","Scopus","A Hybrid Data Protection Mechanisms Using Attribute Based Encryption and Role Based Access Control Mechanism for Digital Music Classrooms","Song L.","2025","Journal of Cyber Security and Mobility","10.13052/jcsm2245-1439.1451","2-s2.0-105024941145","Article","","All Open Access; Gold Open Access","access control; anomaly detection; attribute-based encryption (abe); Cloud security; data protection; digital music classrooms; intrusion detection; network security; role-based access control (RBAC); secure data storage","Access control models; Anomaly detection; Benchmarking; Computer music; Cryptography; Data privacy; Digital storage; Network security; Teaching; Anomaly detection; Attribute-based encryption; Attribute-based encryptions; Cloud securities; Digital music; Digital music classroom; Intrusion-Detection; Networks security; Role-based Access Control; Secure data storage; Intrusion detection","Network Security in Cloud-Based Digital Music Classrooms (NS-CDMC) is a novel architecture that secures critical educational environments. RBAC, fine-grained ABE, dynamic TBAR, secure session creation, data integrity verification, and proactive anomaly-based intrusion detection are used in NS-CDMC. The NS-CDMC model has demonstrated superior performance across critical security metrics compared to several benchmark methods. Key results include an Anomaly Detection Rate (ADR) of 0.96, outperforming other methods and indicating the model’s ability to detect sophisticated threats and insider misuse. The model handles access requests efficiently with an Access Control Decision Latency of 48 ms, comparable to or lower than other benchmark techniques. Additionally, the NS-CDMC model has a substantially lower False Positive Rate (FPR) of 0.03, minimizing unnecessary interruptions and improving operational smoothness in digital music classrooms. Simulations for the NS-CDMC model captured access choices, trust score changes, anomaly scores, and Attribute-Based Encryption (ABE) policy applications. The NS-CDMC security framework provides a secure, real-time, and user-friendly environment for digital music classrooms using ABE, Trust-Based Access Refinement (TBAR), and anomaly detection. ABE restricts content decryption to authorized users based on roles, courses, and instruments. TBAR dynamically adjusts access control based on user trust scores, which reflect behavior in the system. © 2025 River Publishers","https://www.scopus.com/pages/publications/105024941145?origin=resultslist","108"
"R108","Scopus; WoS","Intrusion detection in cloud computing based on time series anomalies utilizing machine learning","Al-Ghuwairi A.-R.; Sharrab Y.; Al-Fraihat D.; AlElaimat M.; Alsarhan A.; Algarni A.","2023","Journal of Cloud Computing","10.1186/s13677-023-00491-x","2-s2.0-85169162683","Article","English","All Open Access; Gold Open Access; Green Open Access","Cloud Computing Security; Facebook Prophet; Features Selection; Granger Causality; Intrusion Detection; Machine Learning; Time Series Analysis","Anomaly detection; Cloud computing; Efficiency; Errors; Feature Selection; Forecasting; Harmonic analysis; Intrusion detection; Mean square error; Network security; Social networking (online); Cloud computing securities; Cloud-computing; Facebook; Facebook prophet; Features selection; Granger Causality; Intrusion-Detection; Machine-learning; Time-series analysis; Times series; Time series analysis","The growth of cloud computing is hindered by concerns about privacy and security. Despite the widespread use of network intrusion detection systems (NIDS), the issue of false positives remains prevalent. Furthermore, few studies have approached the intrusion detection problem as a time series issue, requiring time series modeling. In this study, we propose a novel technique for the early detection of intrusions in cloud computing using time series data. Our approach involves a method for Feature Selection (FS) and a prediction model based on the Facebook Prophet model to assess its efficiency. The FS method we propose is a collaborative feature selection model that integrates time series analysis techniques with anomaly detection, stationary, and causality tests. This approach specifically addresses the challenge of misleading connections between time series anomalies and attacks. Our results demonstrate a significant reduction in predictors employed in our prediction model, from 70 to 10 predictors, while improving performance metrics such as Mean Absolute Error (MAE), Mean Squared Error (MSE), Root Mean Squared Error (RMSE), Mean Absolute Percentage Error (MAPE), Median Absolute Percentage Error (MdAPE), and Dynamic Time Warping (DTW). Furthermore, our approach has resulted in reduced training, prediction, and cross-validation times of approximately 85%, 15%, and 97%, respectively. Although memory consumption remains similar, the utilization time has been significantly reduced, resulting in substantial resource usage reduction. Overall, our study presents a comprehensive methodology for effective early detection of intrusions in cloud computing based on time series anomalies, employing a collaborative feature selection model and the Facebook Prophet prediction model. Our findings highlight the efficiency and performance improvements achieved through our approach, contributing to the advancement of intrusion detection techniques in the context of cloud computing security. © 2023, Springer-Verlag GmbH Germany, part of Springer Nature.","https://www.scopus.com/pages/publications/85169162683?origin=resultslist","109"
"R109","Scopus","LM-GA: A Novel IDS with AES and Machine Learning Architecture for Enhanced Cloud Storage Security","Thilagam T.; Aruna R.","2023","Journal of Machine and Computing","10.53759/7669/jmc202303008","2-s2.0-85160249776","Article","","All Open Access; Hybrid Gold Open Access","Cloud Security; Convolutional Neural Network; Hybrid Deep Learning; Intrusion Detection System; Lion Mutated-Genetic Algorithm; Long Short-Term Memory","","Cloud Computing (CC) is a relatively new technology that allows for widespread access and storage on the internet. Despite its low cost and numerous benefits, cloud technology still confronts several obstacles, including data loss, quality concerns, and data security like recurring hacking. The security of data stored in the cloud has become a major worry for both Cloud Service Providers (CSPs) and users. As a result, a powerful Intrusion Detection System (IDS) must be set up to detect and prevent possible cloud threats at an early stage. Intending to develop a novel IDS system, this paper introduces a new optimization concept named Lion Mutated-Genetic Algorithm (LM-GA) with the hybridization of Machine Learning (ML) algorithms such as Convolutional Neural Network (CNN) and Long Short-Term Memory (LSTM). Initially, the input text data is preprocessed and balanced to avoid redundancy and vague data. The preprocessed data is then subjected to the hybrid Deep Learning (DL) models namely the CNN-LSTM model to get the IDS output. Now, the intruded are discarded and non-intruded data are secured using Advanced Encryption Standard (AES) encryption model. Besides, the optimal key selection is done by the proposed LM-GA model and the cipher text is further secured via the steganography approach. NSL-KDD and UNSW-NB15 are the datasets used to verify the performance of the proposed LM-GA-based IDS in terms of average intrusion detection rate, accuracy, precision, recall, and F-Score. © 2023 The Authors. Published by AnaPub Publications. This is an open access article under the CC BY-NC-ND license. (http://creativecommons.org/licenses/by-nc-nd/4.0/)","https://www.scopus.com/pages/publications/85160249776?origin=resultslist","110"
"R110","Scopus; WoS","Artificial intelligence-powered cloud security strategies for protecting critical clinical operations in healthcare environments","Dixit R.S.; Choudhary S.L.; Arya N.; Nathani N.; Bhowmik C.; Roy V.; Jain S.","2026","Scientific Reports","10.1038/s41598-026-55522-9","2-s2.0-105048301831","Article","English","All Open Access; Gold Open Access; Green Open Access","Artificial intelligence; Behavioral access control; Clinical operations protection; Cloud security; Federated threat intelligence; Healthcare cybersecurity; Intelligent threat detection","Artificial Intelligence; Autoencoder; Bayes Theorem; Cloud Computing; Computer Security; Delivery of Health Care; Humans; Internet of Things; artificial intelligence; autoencoder; Bayes theorem; cloud computing; computer security; health care delivery; human; internet of things","The increasing use of cloud computing in hospitals, telemedicine, the Internet of Medical Things (IoMT) and real-time patient monitoring has made for an increasing trend of artificial intelligence-driven cloud security in hospitals. The growing reliance on distributed healthcare clouds layers the cyber-attack surface, however, with critical clinical operations now at risk from ransomware attacks, insider threats, API exploitation, and advanced persistent attacks. This research study introduces a novel AI-integrated cloud security framework tailored for safeguarding mission critical applications in the healthcare sector featuring an intelligent threat detection component, a probabilistic risk evaluation system, and an adaptive response orchestration system. The proposed architecture is built-in by using telemetry normalization, probabilistic behaviour modelling, deep autoencoders for anomaly detection, Bayesian approach for threat probability estimation, multi-objective risk scoring and reinforcement learning for adaptive mitigation. An experimental validation was performed with the CICIDS2017 dataset including around two million samples of network traffic data across various attack categories. The experimental results show that excellent performances have been achieved with an accuracy of 0.96, precision of 0.95, recall of 0.94, F1score of 0.95 and AUC of 0.98 with low latency of around 26 ms and reduced false positive rate of 0.03. A comparative analysis against the current cloud security methods also confirms the effectiveness of the proposed framework in delivering better operational security, response time and the availability of clinical services, providing the continuous clinical service that healthcare organizations require. The research showcases how incorporating AI with responsive cloud security mechanisms can offer a scalable and resilient defense against today’s healthcare cloud infrastructures. © The Author(s) 2026.","https://www.scopus.com/pages/publications/105048301831?origin=resultslist","111"
"R111","Scopus","Real-Time Analysis and Intervention of Classroom Behavior Using Multi-Modal Fusion and Spatiotemporal Context","Zhao K.; Sun G.","2026","Applied Sciences (Switzerland)","10.3390/app16094069","2-s2.0-105038637148","Article","","All Open Access; Gold Open Access; Green Open Access","Adaptive Support; Engagement Analysis; Multimodal Fusion; Semantic Consistency; Smart Learning Environment","Association reactions; Computer aided instruction; Computer architecture; Distributed computer systems; Feedback; Pattern recognition; Students; Teaching; Verification; Activity recognition; Adaptive support; Conventional methods; Engagement analysis; Identification of individuals; Learning environments; Multi-modal fusion; Real time analysis; Semantic consistency; Smart learning environment; architecture; Article; behavior; behavioral intervention; classroom behavior; cloud computing; collaborative learning; computer vision; encryption; feedback system; human; latent period; learning environment; machine learning; multi modal fusion; philosophy; radiofrequency identification; recognition; reliability; smart learning environment; spatiotemporal analysis; spatiotemporal context; Semantics","Analyzing classroom engagement is essential for developing effective smart learning environments. Conventional methods often face challenges in achieving reliable identification of individual students, accurately recognizing their behavioral states, and providing timely support. This paper presents a multimodal sensing and supportive feedback system built upon an end–edge–cloud collaborative architecture. By integrating RFID-based seat association, fingerprint verification, and computer vision-based activity analysis, the system establishes a reliable link between student identity and observed activities. Key computational tasks, including activity recognition, spatiotemporal context matching, and rule-based assessment, are executed locally on edge nodes. This enables low-latency, privacy-conscious feedback delivered via Bluetooth, effectively avoiding delays associated with cloud processing. Experimental results indicate that the proposed system significantly enhances both activity recognition accuracy and identity–behavior association reliability in typical classroom scenarios while substantially reducing the average feedback latency compared to traditional approaches. © 2026 by the authors.","https://www.scopus.com/pages/publications/105038637148?origin=resultslist","112"
"R112","WoS","Energy-efficient meta-classifier model for log access anomaly detection in healthcare systems","Matos, M; Gomes, F; Nogueira, F; Almeida, F","2026","INTERNATIONAL JOURNAL OF INTELLIGENT COMPUTING AND CYBERNETICS","10.1108/IJICC-08-2025-0548","WOS:001634540000001","Article","English","hybrid","Anomaly detection; Healthcare access logs; Meta-classifier; Hybrid model","","PurposeDetecting anomalous access to electronic health records (EHRs) is critical for safeguarding patient privacy and ensuring compliance with healthcare regulations. Traditional anomaly detection methods often struggle in this domain due to extreme class imbalance, limited labelled data and the subtlety of insider threats. This study proposes a lightweight, hybrid anomaly detection framework that integrates unsupervised, supervised and rule-based approaches using a meta-classifier architecture.Design/methodology/approachAn experimental and model-development approach is employed, combining machine learning techniques with domain-inspired rule modelling to construct a hybrid anomaly detection framework for healthcare access logs. Performance of the algorithm is measured using standard classification metrics such as precision, recall, F1-score and accuracy.FindingsEvaluated on a synthetic but realistic dataset of 50.000 normal and 500 labelled anomalous healthcare access events, the proposed framework achieved superior performance compared to standalone models as well as other hybrid models, with an F1-score of 0.8989 and recall of 0.8180. It also maintained low inference latency (0.028 ms) and energy consumption (4.03e-07 kg CO2), making it suitable for deployment in resource-constrained clinical environments.Originality/valueThis study highlights the potential of a hybrid meta-classifier to enhance anomaly detection in healthcare access logs, capturing both subtle and obvious anomalies while outperforming conventional models and remaining efficient, scalable and practical for real-time monitoring.","0","2"
"R113","WoS","Enhancing Ransomware Resilience in Cloud-Based HR Systems through Moving Target Defense","Barach, J","2026","CMC-COMPUTERS MATERIALS & CONTINUA","10.32604/cmc.2025.071705","WOS:001643050700001","Article","English","gold","Ransomware defense; moving target defense; HR SaaS; anomaly detection; container mutation; cloud security","","Human Resource (HR) operations increasingly rely on cloud-based platforms that provide hiring, payroll, employee management, and compliance services. These systems, typically built on multi-tenant microservice architectures, offer scalability and efficiency but also expand the attack surface for adversaries. Ransomware has emerged as a leading threat in this domain, capable of halting workflows and exposing sensitive employee records. Traditional defenses such as static hardening and signature-based detection often fail to address the dynamic requirements of HR Software as a Service (SaaS), where continuous availability and privacy compliance are critical. This paper presents a Moving Target Defense (MTD) framework for HR SaaS that combines container mutation, IP hopping, and node reassignment to randomize the attack surface without pausing services. Many prior defenses for cloud or IoT rely on static hardening or signature-driven detection and do not meet HR SaaS needs such as uninterrupted sessions, privacy compliance, and live service continuity. This paper presents a MTD framework for HR SaaS that combines container mutation, IP hopping, and node reassignment to randomize the attack surface without pausing services. The framework runs on Kubernetes and uses a KL-divergence-based anomaly detector that monitors HR access logs across five modules (onboarding, employee records, leave, payroll, and exit). In simulation with realistic HR traffic, the approach reaches 96.9% average detection accuracy with AUC 0.94-0.98, cuts mean time to containment to 91.4 s, and lowers the ransomware encryption rate to 13.2%. Measured overheads for CPU, memory, and per-mutation latency remain modest. Compared with prior MTD and non-MTD baselines, the design provides stronger containment without service interruption and aligns with zero-trust and compliance goals. Its modular implementation and control-plane orchestration support stepwise, enterprise-scale deployment in HR SaaS environments.","0","3"
"R114","WoS","Edge-Optimized Automatic Number Plate Recognition for IoT-Based Smart Parking Using YOLOv8","Ebrahimishadman, M; Souri, A","2026","CMC-COMPUTERS MATERIALS & CONTINUA","10.32604/cmc.2026.084246","WOS:001839162900001","Article","English","gold","Automatic number plate recognition (ANPR); edge computing; Internet of Things (IoT); PaddleOCR; Raspberry Pi; smart parking systems; YOLOv8","","Automatic Number Plate Recognition (ANPR) is widely used in Intelligent Transportation Systems (ITS) and smart parking applications, but running deep learning-based ANPR directly on low-power edge devices remains difficult because of computation time, memory, and latency limitations. In this study, we develop an edge-oriented ANPR pipeline for an Internet of Things (IoT)-based sensor-triggered stop-and-go smart parking platform, targeting deployment on a resource-constrained edge device. The pipeline combines YOLOv8 for license plate detection, PaddleOCR for text recognition, and a rule-based normalization stage to reduce Optical Character Recognition (OCR) errors caused by spacing inconsistencies and plate-format variations. In the OCR-only ablation study conducted on cropped plate images, PaddleOCR outperformed the other OCR options evaluated, achieving up to 96.0% exact-match accuracy and 98.78% character-level accuracy, with an average OCR-only processing time of 52.55 ms per image. When evaluated as a complete end-to-end pipeline on a Raspberry Pi with ONNX Runtime, the system achieved 83.5% exact-match accuracy and 94.83% character-level accuracy, with an average end-to-end latency of 1713 ms per image, indicating that edge-side operation is feasible for sensor-triggered parking entry and exit events despite CPU-only hardware constraints. In addition to the ANPR module, the proposed platform connects edge devices with Firebase services and Flutter-based user applications for parking status updates, user interaction, reservation matching, and access logs. These results show that a low-cost edge-based ANPR architecture can support practical sensor-triggered smart parking operations without depending on continuous cloud-side inference.","0","4"
"R115","WoS","False Data Injection Attack Detection Method Based on Deep Learning With Multi-Scale Feature Fusion","Ji, JP; Liu, Y; Chen, J; Yao, ZW; Zhang, MD; Gong, YY","2024","IEEE ACCESS","10.1109/ACCESS.2024.3418883","WOS:001262675200001","Article","English","Green Submitted, gold","Feature extraction; Vectors; Logic gates; Data models; Training; Topology; Convolutional neural networks; Cyberattack; False data injection attack; convolution neural network; feature fusion; multi-scale convolution; dynamic state estimation","","Cyber-attacks, especially the false data injection attack (FDIA), are gradually becoming a common way to threaten the regular operation of power grid. However, the FDIA is challenging to detect because it prevents the bad data detection mechanism in the energy management system from destroying the integrity of measurement information. Aiming at the problem of the FDIA detection in smart grids, this paper presents a FDIA detection method based on deep learning with multi-scale feature fusion. First, the improved convolution neural network (ICNN) is used to predict measurement data by combining convolution neural network with the Inception v1 module. Then, the attention mechanism is introduced into the ICNN to extract and fuse full and partial features of measurement data. By fitting the function between measurement and state vectors, the state data are generated with predicted measurement data. Eventually, the threshold of divergence is obtained to determine whether the FDIA occurs or not by the difference in probability distribution between predicted and actual state vectors. The performance of the proposed method is evaluated in the IEEE 14-node and 39-node test systems. The results show that the proposed method can accurately detect the existence of FDIA in time. This method has definite robustness to noise and distributed generation switching.","0","5"
"R116","WoS","A T-CNN time series classification method based on Gram matrix","Wang, JL; Li, S; Ji, WT; Jiang, T; Song, BY","2022","SCIENTIFIC REPORTS","10.1038/s41598-022-19758-5","WOS:000858344700037","Article","English","Green Submitted, gold","","","Time series classification is a basic task in the field of streaming data event analysis and data mining. The existing time series classification methods have the problems of low classification accuracy and low efficiency. To solve these problems, this paper proposes a T-CNN time series classification method based on a Gram matrix. Specifically, we perform wavelet threshold denoising on time series to filter normal curve noise, and propose a lossless transformation method based on the Gram matrix, which converts the time series to the time domain image and retains all the information of events. Then, we propose an improved CNN time series classification method, which introduces the Toeplitz convolution kernel matrix into convolution layer calculation. Finally, we introduce a Triplet network to calculate the similarity between similar events and different classes of events, and optimize the squared loss function of CNN. The proposed T-CNN model can accelerate the convergence rate of gradient descent and improve classification accuracy. Experimental results show that, compared with the existing methods, our T-CNN time series classification method has great advantages in efficiency and accuracy.","0","6"
"R117","WoS","Explainable anomaly detection in spacecraft telemetry","Cuéllar, S; Santos, M; Alonso, F; Fabregas, E; Farias, G","2024","ENGINEERING APPLICATIONS OF ARTIFICIAL INTELLIGENCE","10.1016/j.engappai.2024.108083","WOS:001187183000001","Article","English","hybrid","Anomaly detection; Spacecraft telemetry; Explainable machine learning; Time-series analysis","FAULT-DETECTION; IDENTIFICATION; NETWORKS","As spacecraft missions become more complex and ambitious, it becomes increasingly important to track the status and health of the spacecraft in real-time to ensure mission success. Anomaly detection is a crucial part of spacecraft telemetry analysis, allowing engineers to quickly identify unexpected or abnormal behaviour reflected on spacecraft data and take appropriate corrective action. Traditional statistical methods based on threshold setting are often inadequate for detecting anomalies in this context, requiring the development of more sophisticated techniques that can handle the high -dimensional, non-linear, and non -stationary nature of spacecraft telemetry data such as machine learning -based techniques. This article presents an approach for anomaly detection using machine -learning techniques for spacecraft telemetry. The identification of anomaly types present on two real telemetry datasets from NASA is performed to incorporate information of magnitude, frequency, and waveform from known anomalies into the feature extraction process. Then, a machine -learningbased model is trained with the obtained features and tested with unknown real data. The proposed method achieves 95.3% of precision and 100% of Recall, giving a F05 score of 96.2% in both datasets, outperforming the metrics obtained on the existing related works, demonstrating that the inclusion of known anomalies can improve the performance of the data -driven models. Finally, an explainability analysis is performed to understand why a particular data instance has been identified as anomalous, proving the effectiveness of the feature extraction process.","0","7"
"R118","WoS","AREP: an adaptive, machine learning-based algorithm for real-time anomaly detection on network telemetry data","Farkas, K","2023","NEURAL COMPUTING & APPLICATIONS","10.1007/s00521-022-08000-y","WOS:000882759300006","Article","English","hybrid","Anomaly detection; Machine learning; LSTM; Network telemetry; Time series; AREP","","Abnormal behaviour detection is an essential task of real-time monitoring to secure the reliable operation of ICT infrastructures. This paper presents AREP, an adaptive, long short-term memory-based machine learning algorithm for real-time anomaly detection on network telemetry data. AREP is an improved version of Alter-Re-2, the direct predecessor algorithm developed by our research team. AREP introduces automatic tuning of its two key parameters and includes an offset compensation component to increase accuracy. Unfortunately, AREP and its predecessors perform well only on time series showing specific patterns. Thus, we propose also a data type classification method to identify patterns on which AREP performs best. Moreover, we use an extended range of metrics in our performance evaluations, including area under the curve (AUC). AUC computation is based on receiver operating characteristic (ROC) curves. However, generating ROC curves is not straightforward due to the inherent adaptive threshold technique used by AREP and its predecessors, so we had to develop a novel ROC curve generation approach for these algorithms. We show through rigorous experiments that on network time series following specific data patterns AREP overperforms its predecessors and produces similar or even better performance than other state-of-the-art algorithms.","0","8"
"R119","WoS","Intrusion detection in cloud computing based on time series anomalies utilizing machine learning","Al-Ghuwairi, AR; Sharrab, Y; Al-Fraihat, D; Alelaimat, M; Alsarhan, A; Algarni, A","2023","JOURNAL OF CLOUD COMPUTING-ADVANCES SYSTEMS AND APPLICATIONS","10.1186/s13677-023-00491-x","WOS:001057883500001","Article","English","Green Submitted, gold","Intrusion Detection; Cloud Computing Security; Features Selection; Time Series Analysis; Granger Causality; Facebook Prophet; Machine Learning","FEATURE-SELECTION; CHALLENGES; SYSTEMS","The growth of cloud computing is hindered by concerns about privacy and security. Despite the widespread use of network intrusion detection systems (NIDS), the issue of false positives remains prevalent. Furthermore, few studies have approached the intrusion detection problem as a time series issue, requiring time series modeling. In this study, we propose a novel technique for the early detection of intrusions in cloud computing using time series data. Our approach involves a method for Feature Selection (FS) and a prediction model based on the Facebook Prophet model to assess its efficiency. The FS method we propose is a collaborative feature selection model that integrates time series analysis techniques with anomaly detection, stationary, and causality tests. This approach specifically addresses the challenge of misleading connections between time series anomalies and attacks. Our results demonstrate a significant reduction in predictors employed in our prediction model, from 70 to 10 predictors, while improving performance metrics such as Mean Absolute Error (MAE), Mean Squared Error (MSE), Root Mean Squared Error (RMSE), Mean Absolute Percentage Error (MAPE), Median Absolute Percentage Error (MdAPE), and Dynamic Time Warping (DTW). Furthermore, our approach has resulted in reduced training, prediction, and cross-validation times of approximately 85%, 15%, and 97%, respectively. Although memory consumption remains similar, the utilization time has been significantly reduced, resulting in substantial resource usage reduction. Overall, our study presents a comprehensive methodology for effective early detection of intrusions in cloud computing based on time series anomalies, employing a collaborative feature selection model and the Facebook Prophet prediction model. Our findings highlight the efficiency and performance improvements achieved through our approach, contributing to the advancement of intrusion detection techniques in the context of cloud computing security.","0","9"
"R120","WoS","Cloud-Based Intrusion Detection Approach Using Machine Learning Techniques","Attou, H; Guezzaz, A; Benkirane, S; Azrour, M; Farhaoui, Y","2023","BIG DATA MINING AND ANALYTICS","10.26599/BDMA.2022.9020038","WOS:001079611500006","Article","English","Green Submitted, gold","cloud security; anomaly detection; features engineering; random forest","SECURITY ISSUES; CHALLENGES; ENSEMBLE","Cloud computing (CC) is a novel technology that has made it easier to access network and computer resources on demand such as storage and data management services. In addition, it aims to strengthen systems and make them useful. Regardless of these advantages, cloud providers suffer from many security limits. Particularly, the security of resources and services represents a real challenge for cloud technologies. For this reason, a set of solutions have been implemented to improve cloud security by monitoring resources, services, and networks, then detect attacks. Actually, intrusion detection system (IDS) is an enhanced mechanism used to control traffic within networks and detect abnormal activities. This paper presents a cloud-based intrusion detection model based on random forest (RF) and feature engineering. Specifically, the RF classifier is obtained and integrated to enhance accuracy (ACC) of the proposed detection model. The proposed model approach has been evaluated and validated on two datasets and gives 98.3% ACC and 99.99% ACC using Bot-IoT and NSL-KDD datasets, respectively. Consequently, the obtained results present good performances in terms of ACC, precision, and recall when compared to the recent related works.","0","10"
"R121","WoS","Deep Learning Based Intrusion Detection in Cloud Services for Resilience Management","Chakravarthi, SS; Kannan, RJ; Natarajan, VA; Gao, XZ","2022","CMC-COMPUTERS MATERIALS & CONTINUA","10.32604/cmc.2022.022351","WOS:000770817300046","Article","English","gold","Anomaly detection; network flow data; deep learning; migration; auto-encoder; support vector machine","ANOMALY DETECTION; NETWORK","In the global scenario one of the important goals for sustainable development in industrial field is innovate new technology, and invest in building infrastructure. All the developed and developing countries focus on building resilient infrastructure and promote sustainable developments by fostering innovation. At this juncture the cloud computing has become an important information and communication technologies model influencing sustainable development of the industries in the developing countries. As part of the innovations happening in the industrial sector, a new concept termed as 'smart manufacturing' has emerged, which employs the benefits of emerging technologies like internet of things and cloud computing. Cloud services deliver an on-demand access to computing, storage, and infrastructural platforms for the industrial users through Internet. In the recent era of information technology the number of business and individual users of cloud services have been increased and larger volumes of data is being processed and stored in it. As a consequence, the data breaches in the cloud services are also increasing day by day. Due to various security vulnerabilities in the cloud architecture; as a result the cloud environment has become non-resilient. To restore the normal behavior of the cloud, detect the deviations, and achieve higher resilience, anomaly detection becomes essential. The deep learning architectures-based anomaly detection mechanisms uses various monitoring metrics characterize the normal behavior of cloud services and identify the abnormal events. This paper focuses on designing an intelligent deep learning based approach for detecting cloud anomalies in real time to make it more resilient. The deep learning models are trained using features extracted from the system level and network level performance metrics observed in the Transfer Control Protocol (TCP) traces of the simulation. The experimental results of the proposed approach demonstrate a superior performance in terms of higher detection rate and lower false alarm rate when compared to the Support Vector Machine (SVM).","0","11"
"R122","WoS","A SIEM-Integrated Cybersecurity Prototype for Insider Threat Anomaly Detection Using Enterprise Logs and Behavioural Biometrics","Mohamed, MS; Arabo, A","2026","ELECTRONICS","10.3390/electronics15010248","WOS:001657315300001","Article","English","Green Submitted, gold","insider threat; anomaly detection; SIEM; Splunk MLTK; convolutional neural networks; behavioural biometrics; calibration; precision-recall; class imbalance; 1D CNN","","Insider threats remain a serious concern for organisations in both public and private sectors. Detecting anomalous behaviour in enterprise environments is critical for preventing insider incidents. While many prior studies demonstrate promising results using deep learning on offline datasets, few address real-time operationalisation or calibrated alert control within a Security Information and Event Management (SIEM) workflow. This paper presents a SIEM-integrated prototype that fuses the Computer Emergency Response Team Insider Threat Test Dataset (CERT) enterprise logs (Logon, Device, HTTP, and Email) with behavioural biometrics from the Balabit mouse dynamics dataset. Per-modality one-dimensional convolutional neural network (1D CNN) branches are trained independently using imbalance-aware strategies, including downsampling, class weighting, and focal loss. A unified 20 x N feature schema ensures train-serve parity and consistent feature validation during live inference. Post-training calibration using Platt and isotonic regression enables analyst-controlled threshold tuning and stable alert budgeting inside the SIEM. The models are deployed in Splunk's Machine Learning Toolkit (MLTK), where dashboards visualise anomaly timelines, risky users or hosts, and cross-stream overlaps. Evaluation emphasises operational performance, precision-recall balance, calibration stability, and throughput rather than headline accuracy. Results show calibrated, controllable alert volumes: for Device, precision approximate to 0.70 at recall approximate to 0.30 (PR-AUC = 0.468, ROC-AUC = 0.949); for Logon, ROC-AUC = 0.936 with an ultra-low false-positive rate at a conservative threshold. Batch CPU inference sustains approximate to 70.5 k windows/s, confirming real-time feasibility. This study's main contribution is to demonstrate a calibrated, multi-modal CNN framework that integrates directly within a live SIEM pipeline. It provides a reproducible path from offline anomaly detection research to Security Operations Centre (SOC)-ready deployment, bridging the gap between academic models and operational Cybersecurity practice.","0","12"
"R123","WoS","Applying One-Class Algorithms for Data Stream-Based Insider Threat Detection","Peccatiello, RB; Gondim, JJC; Garcia, LPF","2023","IEEE ACCESS","10.1109/ACCESS.2023.3293825","WOS:001038310200001","Article","English","Green Submitted, gold","Insider threat detection; data stream; machine learning; one-class classification","CLASSIFICATION; NETWORK","An insider threat is anyone who has legitimate access to a particular organization's network and uses that access to harm that organization. Insider threats may act with or without intent, but when they have an intention, they usually also have some specific motivation. This motivation can vary, including but not limited to personal discontent, financial issues, and coercion. It is hard to face insider threats with traditional security solutions because those solutions are limited to the signature detection paradigm. To overcome this restriction, researchers have proposed using Machine Learning which can address Insider Threat issues more comprehensively. Some of them have used batch learning, and others have used stream learning. Batch approaches are simpler to implement, but the problem is how to apply them in the real world. That is because real insider threat scenarios have complex characteristics to address by batch learning. Although more complex, stream approaches are more comprehensive and feasible to implement. Some studies have also used unsupervised and supervised Machine Learning techniques, but obtaining labeled samples makes it hard to implement fully supervised solutions. This study proposes a framework that combines different data science techniques to address insider threat detection. Among them are using semi-supervised and supervised machine learning, data stream analysis, and periodic retraining procedures. The algorithms used in the implementation were Isolation Forest, Elliptic Envelop, and Local Outlier Factor. This study evaluated the results according to the values obtained by the precision, recall, and F1-Score metrics. The best results were obtained by the ISOF algorithm, with 0.78 for the positive class (malign) recall and 0.80 for the negative class (benign) recall.","0","13"
"R124","WoS","Cyber-shield machine learning: an intrusion detection system with blockchain-powered secure log storage across network nodes","Pawar, T; Rao, J; Patil, P","2025","SIGMA JOURNAL OF ENGINEERING AND NATURAL SCIENCES-SIGMA MUHENDISLIK VE FEN BILIMLERI DERGISI","10.14744/sigma.2025.00066","WOS:001519032700002","Article","English","gold","Blockchain, Collaborative Intrusion Detection; Learning-Based Ensemble Model; Machine Learning; Privacy Preservation","","Intrusion detection and blockchain technology have been extensively studied to enhance data privacy and identify current and potential cyber attacks. In this approach, machine learning algorithms can identify complicated malicious occurrences simultaneously by protecting data privacy. This model is utilized to offer more security and privacy in the cloud to protect networks. This research proposes an innovative Intrusion Detection System imposing blockchain technology which employs consensus mechanisms and compares different machine learning methods including XGBoost, Random Forest, Decision Tree, and Extra Tree. This system is developed to enhance data privacy, security, and protect Internet-of-Things networks. The utilization of ant colony optimization further improves accuracy during real-time data analysis. The aim of the study is to extend the application of machine learning for network intrusion detection and to conduct a comparative analysis of the proposed ant colony algorithms with other existing studies in terms of accuracy, recall, and precision measures. The high accuracy and strong intrusion detection capability of the model are verified through experimental evaluations using datasets such as NSL-KDD and CICIDS2017. Proposed system shows effectiveness by using creative technology integration for mitigating cyber security risks. The experimental result shows that a machine learning algorithm using ant colony optimization achieves 99% accuracy. This model represents a significant progression towards addressing a resilient solution for cyber security challenges and to tackle new cyber threats.","0","14"
"R125","WoS","Enhancing MQTT Intrusion Detection in IoT Using Machine Learning and Feature Engineering","Putro, IH; Ahmad, T; Ijtihadie, RM","2025","IEEE OPEN JOURNAL OF THE COMMUNICATIONS SOCIETY","10.1109/OJCOMS.2025.3610132","WOS:001586175900011","Article","English","Green Submitted, gold","Security; Protocols; Internet of Things; Intrusion detection; Feature extraction; Eavesdropping; Accuracy; Terminology; Stochastic processes; MQTT; intrusion detection system; feature engineering; machine learning; network security; network security","SECURITY","The Internet of Things (IoT) has accelerated and broadened adoption, creating an extensive range of security issues, particularly in resource-constrained IoT protocols such as Message Queuing Telemetry Transport (MQTT). Being designed as a lightweight and security-limited protocol makes MQTT vulnerable to various types of attacks. Although studies on securing the Internet of Things (IoT) have grown substantially and obtained a degree of maturity in several areas, studies based on machine learning (ML) and feature engineering (FE) to identify and classify threats on MQTT-based networks remain limited. This work suggests the use of ML and FE approaches to improve the performance of MQTT-based intrusion detection systems (IDS). We assessed seven machine learning models: Stochastic Gradient Descent (SGD), Logistic Regression (LR), Random Forests (RF), Decision Tree (DT), Na & iuml;ve Bayes (NB), k-Nearest Neighbors (k-NN), and XGBoost to detect and classify network traffic anomalies. Our proposed framework was built based on the Euclidean distance method to generate new features and outperform existing models. After applying the proposed framework, the k-NN model achieves an accuracy of 98.90% and maintains a well-balanced and high performance of precision (99.11%), recall (99.66%), and F-1 score (99.39%) metrics. As far as FPR improvement is concerned, the DT model indicates the best improvement, from 63.98% to 11.79%. The DT model also demonstrates a significant improvement in specificity percentage, increasing from 39.02% to 97.03%. The results of this study emphasize the necessity of embedding ML-based security mechanisms into MQTT networks to mitigate emerging cyber threats and enhance the overall security framework.","0","15"
"R126","WoS","Intrusion detection model of UAV system based on machine learning and neural network","Zhou, WG; Li, B; Zeng, X","2026","FRONTIERS IN PHYSICS","10.3389/fphy.2025.1660104","WOS:001661773200001","Article","English","Green Submitted, gold","machine learning; graph neural networks; unmanned aerial vehicle systems; intrusion detection; malignant traffic","","Introduction With the growing complexity and scale of cyber attacks, intrusion detection for unmanned aerial vehicle (UAV) systems has become a critical challenge in modern network security. UAVs have unique constraints including limited battery life, restricted data-transmission distance, and small data-storage capacity, while malicious activities can disrupt their power usage, communication, and data storage-highlighting the need for dedicated intrusion-detection solutions. Traditional traffic detection methods lack efficient modeling of local and global features, making it difficult to capture complex data patterns.Methods We propose an intrusion detection model integrating machine learning and neural networks. First, UAV data is cleaned, and traditional feature selection techniques (filtering, packaging, embedding) are used to separate key and non-key features. Non-key features are mapped to the key feature subspace via CNN + LSTM for feature fusion, and the fused features serve as model inputs. Machine learning and neural networks are then combined to detect UAV network traffic.Results Testing on public datasets ISCXVPN2016, CICIDS2018, TON IoT, and CIC IoT 2023 shows that our method improves accuracy by up to 3%, F1 score by up to 4%, and recall by up to 3% compared to the three major feature selection techniques.Discussion The integration of CNN + LSTM enables effective modeling of local and global features, addressing the limitations of traditional methods. The model's optimization for feature fusion and UAV-specific constraints ensures it is suitable for resource-constrained UAV systems, providing reliable intrusion detection.","0","16"
"R127","WoS","Machine Learning-Enhanced Attribute-Based Authentication for Secure IoT Access Control","Saleem, J; Raza, U; Hammoudeh, M; Holderbaum, W","2025","SENSORS","10.3390/s25092779","WOS:001486846500001","Article","English","Green Submitted, gold","attribute-based authentication; machine learning; hybrid ML; IoT; random forest; security; Industry 4.0","BIOMETRICS; FRAMEWORK; INTERNET","The rapid growth of Internet of Things (IoT) devices across industrial and critical sectors requires robust and efficient authentication mechanisms. Traditional authentication systems struggle to balance security, privacy and computational efficiency, particularly in resource-constrained environments such as Industry 4.0. This research presents the SmartIoT Hybrid Machine Learning (ML) Model, a novel integration of Attribute-Based Authentication and a lightweight machine learning algorithm designed to enhance security while minimising computational overhead. The SmartIoT Hybrid ML Model utilises Random Forest classifiers for real-time anomaly detection, dynamically assessing access requests based on user attributes, login patterns and behavioural analysis. The model enhances identity protection while enabling secure authentication without exposing sensitive information by incorporating privacy-preserving Attribute-Based Credentials and Attribute-Based Signatures. Our experimental evaluation demonstrates 86% authentication accuracy, 88% precision and 96% recall, significantly outperforming existing solutions while maintaining an average response time of 112ms, making it suitable for low-power IoT devices. Comparative analysis with state-of-the-art authentication frameworks shows the model's security resilience, computational efficiency and adaptability in real-world IoT applications.","0","17"
"R128","WoS","Artificial Intelligence-Based Insider-Threat Detection: A Hybrid Explainable Framework with Automated Response and Privilege Containment","Alkharabsheh, AR; Binsalma, G; Alharmi, M; Alshateri, R; Altaee, S; Sweidan, M","2026","COMPUTERS","10.3390/computers15070426","WOS:001831546000001","Article","English","gold","incident response; insider; cybersecurity; explainable artificial intelligence (XAI); hybrid machine learning; insider-threat detection; SHAP; user behavior analytics","","Insider threats continue to be the most persistent and most destructive threat to cybersecurity; malicious or negligent users work only in the real-time restricted area of the organization and are gradually breaking the boundaries of company norms. Conventional rule-based and statistical detection methods have difficulty detecting inconspicuous, context-dependent, and ever-changing behavior, leading to detection delays and high false-positive rates. Our paper introduces an explainable AI-based Insider-Threat Detection (AIB-ITD) model that integrates enterprise telemetry-including email, web, logon/VPN, and file events-into a unified behavioral framework. The effectiveness of combining heterogeneous behavioral indicators observed in AIB-ITD is consistent with recent behavioral analytics implementations that have demonstrated the value of multimodal user-behavior profiling for insider-threat identification in enterprise environments. The proposed AIB-ITD framework is based on anomaly-driven processing, unsupervised models (Isolation Forest, PCA reconstruction, and Autoencoder) are combined with sequential modeling (with an LSTM Autoencoder) to model both static and temporal deviations in behavior. An ensemble strategy is applied to combine the outputs of these models to yield a probabilistic insider risk score. To improve transparent analysis and to help the analyst gain trust, SHapley Additive Explanations (SHAP) is used to keep every detection outcome transparent and interpretable using the features. It also integrates feature correlation analysis, static vs sequential-model comparisons, and SHAP stability assessment to validate methodological robustness and reproducibility. An experimental review of the hybrid ensemble using the SEI/CMU CERT Insider Threat Dataset reveals that it performs better than single models for anomaly detection and stability, especially with the inclusion of temporal patterns. The assessment prioritizes anomaly score consistency and reliable risk ranking, rather than classification accuracy, to better reflect real deployment scenarios. In addition, an Automated Response and Privilege Containment (ARPC) feature automatically converts risk scores to multilevel mitigation actions that serve to protect the privacy of the user as the least privileged policies are enforced promptly. The proposed model showed superior robustness, stability, and operational effectiveness to classical methods, especially in the presence of scarce labeled data. Through hybrid anomaly recognition, explainable AI and automated response, AIB-ITD is a practical and scalable solution for next-generation insider-threat detection in enterprise systems.","0","18"
"R129","WoS","Development of a cloud-assisted classification technique for the preservation of secure data storage in smart cities","Kumar, A; Khan, SB; Pandey, SK; Shankar, A; Maple, C; Mashat, A; Malibari, AA","2023","JOURNAL OF CLOUD COMPUTING-ADVANCES SYSTEMS AND APPLICATIONS","10.1186/s13677-023-00469-9","WOS:001009766600001","Article","English","Green Submitted, gold","Cloud; Smart cities; Data protection; Intrusion detection; Machine learning","PRIVACY PRESERVATION","Cloud computing is the most recent smart city advancement, made possible by the increasing volume of heterogeneous data produced by apps. More storage capacity and processing power are required to process this volume of data. Data analytics is used to examine various datasets, both structured and unstructured. Nonetheless, as the complexity of data in the healthcare and biomedical communities grows, obtaining more precise results from analyses of medical datasets presents a number of challenges. In the cloud environment, big data is abundant, necessitating proper classification that can be effectively divided using machine language. Machine learning is used to investigate algorithms for learning and data prediction. The Cleveland database is frequently used by machine learning researchers. Among the performance metrics used to compare the proposed and existing methodologies are execution time, defect detection rate, and accuracy. In this study, two supervised learning-based classifiers, SVM and Novel KNN, were proposed and used to analyses data from a benchmark database obtained from the UCI repository. Initially, intrusions were detected using the SVM classification method. The proposed study demonstrated how the novel KNN used for distance capacity outperformed previous studies. The accuracy of the results of both approaches is evaluated. The results show that the intrusion detection system (IDS) with a 98.98% accuracy rate produces the best results when using the suggested system.","0","19"
"R130","WoS","MQTTEEB-D: A high-fidelity benchmark for real-time MQTT anomaly detection using machine learning techniques","Allaga, H; Biniz, M; Farchane, A","2026","AD HOC NETWORKS","10.1016/j.adhoc.2025.104062","WOS:001612518600003","Article","English","hybrid","Internet of Things; MQTT protocol; Anomaly detection system; Machine learning; Cybersecurity; Class imbalance; Tree ensembles; Boosting algorithms; Feature engineering; Network security; IoT security","INTRUSION DETECTION; INTERNET","Message Queuing Telemetry Transport (MQTT) is essential for resource-constrained Internet of Things (IoT) environments; however, its widespread adoption has introduced significant security vulnerabilities. Although machine learning (ML) offers a promising solution for anomaly detection, existing models are often hindered by unrealistic data, severe class imbalances, and high computational costs. To address these limitations, we present a comprehensive ML framework for MQTT anomaly detection benchmarked on MQTTEEB-D, a high-fidelity dataset from a physical IoT testbed. Our framework evaluates a diverse suite of algorithms, including tree ensembles and boosting methods, on both original imbalanced and balanced data. We assessed performance using standard metrics, imbalance-stable metrics such as the Matthews Correlation Coefficient (MCC), and a Performance-Efficiency Score (PES) to quantify the trade-off between predictive power and computational cost. Our results establish a new state-of-the-art, with the top models achieving over 98.8% accuracy and F1-score. These models also yielded dramatic efficiency gains, including a 43-fold reduction in training time and a 299-fold speedup in inference latency over previous benchmarks. Critically, we found that a model's resilience to class imbalance is more vital for real-world deployment than its peak performance on artificially balanced data. Simpler tree-based models remained robust under imbalanced conditions, where more complex algorithms failed. These findings provide a new benchmark and reorient model selection towards efficient, reliable, and deployable IoT security systems.","0","20"
"R131","WoS","T-HFAM IDS: A low-latency machine learning framework for adaptive threat detection in IoT networks","Rawat, R; Rawat, H; Rawat, A; Rajavat, A","2026","ARRAY","10.1016/j.array.2026.101100","WOS:001837281100001","Article","English","gold","IoT security; Machine learning; Anomaly detection; Edge computing; Cyber threat analytics","INTRUSION; SYSTEMS","With the rapid expansion of IoT networks, ensuring real-time security against sophisticated cyberattacks has become critical. Existing intrusion detection approaches often struggle with dynamic, low-signal threats and resource constraints on edge devices, creating a need for adaptive and efficient solutions. To address this gap, this research proposes a Transformer-based Hybrid Feature Attention Mechanism (T-HFAM) IDS (intrusion detection systems) that combines temporal modeling with dynamic feature prioritization to detect diverse attacks such as DoS, backdoors, and reconnaissance. The novelty lies in integrating multi-head temporal attention with residual skip connections for enhanced anomaly detection while maintaining low-latency edge deployment. The framework leverages the widely recognized TON_IoT dataset, encompassing network traffic and telemetry logs from heterogeneous IoT environments. Experimental results demonstrate superior performance over traditional machine learning and LSTM models, achieving over 99% accuracy and F1-score with minimal resource consumption. The study concludes that T-HFAM-IDS provides a robust, scalable, and energy-efficient solution for modern IoT security challenges, with future work focusing on federated learning, blockchain integration, and cross-domain adaptability to further enhance resilience and generalization.","0","21"
"R132","WoS","Federated MapReduce fractional deep learning for scalable and privacy-aware intrusion detection in cloud computing","Yellanki, VS; Sah, B","2026","DISCOVER COMPUTING","10.1007/s10791-026-10585-0","WOS:001878601400001","Article","English","gold","Federated learning; Intrusion detection systems; Cloud computing security; Fractional deep learning; Distributed MapReduce processing","NETWORK","Conventional intrusion detection systems (IDSs) are not suitable for large-scale, heterogeneous, and privacy-sensitive cloud environments, owing to the rapid adoption of cloud computing and Internet of Things (IoT) technologies, which have resulted in an increasing scale and complexity of cyberattacks. Current machine learning, deep learning, and federated IDS methods are typically centralised, cannot be scaled to provide high service availability, are inefficient at distributing data preprocessing, are not robust enough to converge under non-IID data distributions, and lack proper adaptive optimisations. In order to overcome these drawbacks, in this paper, a Federated MapReduce-Enabled Fractional Deep Learning Framework (FedMR-FFNet) is proposed to provide scalable and privacy-preserving intrusion detection in cloud computing. The proposed structure includes MapReduce-based distributed preprocessing to process features in a large scale efficiently, HSBOA-driven ensemble feature selection to select informative features of an intrusion, Fractional Feedforward Network (FFNet) learning to address the issues of complex nonlinear intrusion pattern representations, Taylor Wave Search Algorithm (TWSA) for optimizing the model parameters adaptively, and an adaptive federated aggregation strategy to assign weights to the clients based on their dataset size, loss, update consistency, and noise level to enhance the robustness under heterogeneous non-IID environments. The proposed framework is validated through extensive experiments conducted on the NSL-KDD, CIC-IDS2017 and TON_IoT datasets. The methods of FedMR-FFNet show high accuracy (99.18%), precision (99.03%), recall (98.94%) and F1-score (98.98%), and the convergence speed is stable, reducing the computational time and improving the accuracy, precision, recall and F1-score relative to conventional machine learning, deep learning and federated IDS. Moreover, the framework exhibits high cross-dataset generalisation, communication efficiency, scalability and privacy preservation, which presents a promising solution to intelligent intrusion detection in modern distributed cloud and IoT infrastructures.","0","22"
"R133","WoS","Practical Intrusion Detection of Emerging Threats","Mills, R; Marnerides, AK; Broadbent, M; Race, N","2022","IEEE TRANSACTIONS ON NETWORK AND SERVICE MANAGEMENT","10.1109/TNSM.2021.3091517","WOS:000767855700041","Article","English","Green Submitted","Intrusion detection; Anomaly detection; Labeling; Telemetry; Security; Real-time systems; Internet of Things; Intrusion detection; machine learning; cyber threat intelligence","","The Internet of Things (IoT), in combination with advancements in Big Data, communications and networked systems, offers a positive impact across a range of sectors including health, energy, manufacturing and transport. By virtue of current business models adopted by manufacturers and ICT operators, IoT devices are deployed over various networked infrastructures with minimal security, opening up a range of new attack vectors. Conventional rule-based intrusion detection mechanisms used by network management solutions rely on pre-defined attack signatures and hence are unable to identify new attacks. In parallel, anomaly detection solutions tend to suffer from high false positive rates due to the limited statistical validation of ground truth data, which is used for profiling normal network behaviour. In this work we go beyond current solutions and leverage the coupling of anomaly detection and Cyber Threat Intelligence (CTI) with parallel processing for the profiling and detection of emerging cyber attacks. We demonstrate the design, implementation, and evaluation of Citrus: a novel intrusion detection framework which is adept at tackling emerging threats through the collection and labelling of live attack data by utilising diverse Internet vantage points in order to detect and classify malicious behaviour using graph-based metrics as well as a range of machine learning (ML) algorithms. Citrus considers the importance of ground truth data validation and its flexible software architecture enables both the real-time and offline profiling, detection and classification of emerging cyber-attacks under optimal computational costs. Thus, establishing it as a viable and practical solution for next generation network defence and resilience strategies.","0","23"
"R134","WoS","AI-Driven Hybrid Architecture for Secure, Reconstruction-Resistant Multi-Cloud Storage","Ahmed, M; Yuan, JS","2026","FUTURE INTERNET","10.3390/fi18020070","WOS:001701193300001","Article","English","gold","adaptive data management; AES-128 encryption; AI-driven adaptive fragmentation; hybrid multi-cloud architecture; predictive modeling; secure cloud storage; telemetry-based optimization; VeraCrypt local vault","","Cloud storage continues to experience recurring provider-side breaches, raising concerns about the confidentiality and recoverability of user data. This study addresses this challenge by introducing an Artificial Intelligence (AI)-driven hybrid architecture for secure, reconstruction-resistant multi-cloud storage. The system applies telemetry-guided fragmentation, where fragment sizes are dynamically predicted from real-time bandwidth, latency, memory availability and disk I/O, eliminating the predictability of fixed-size fragmentation. All payloads are compressed, encrypted with AES-128 and dispersed across independent cloud providers, while two encrypted fragments are retained within a VeraCrypt-protected local vault to enforce a distributed trust threshold that prevents cloud-only reconstruction. Synthetic telemetry was first used to evaluate model feasibility and scalability, followed by hybrid telemetry integrating real Microsoft system traces and Cisco network metrics to validate generalization under realistic variability. Across all evaluations, XGBoost and Random Forest achieved the highest predictive accuracy, while Neural Network and Linear Regression models provided moderate performance. Security validation confirmed that partial-access and cloud-only attack scenarios cannot yield reconstruction without the local vault fragments and the encryption key. These findings demonstrate that telemetry-driven adaptive fragmentation enhances predictive reliability and establishes a resilient, zero-trust framework for secure multi-cloud storage.","0","24"
"R135","WoS","Unsupervised-explainable anomaly detection in large-scale estuarine acoustic telemetry data","Zaza, S; Atemkeng, M; Murray, TS; Filmalter, JD; Cowley, PD","2026","ECOLOGICAL INFORMATICS","10.1016/j.ecoinf.2026.103672","WOS:001707396300001","Article","English","Green Submitted, gold","Acoustic telemetry; Argyrosomus japonicus; Machine learning; Deep learning; Breede estuary; Dusky kob","ARGYROSOMUS-JAPONICUS SCIAENIDAE; DETECTION RANGE; MOVEMENT; FISH","Acoustic telemetry data play a vital role in understanding the behaviour and movement of aquatic animals. However, these datasets, which often consist of millions of individual detections, frequently contain anomalous movements that pose significant challenges. Traditionally, anomalous movements can be identified either manually or through basic statistical methods, approaches that are time-consuming and prone to high rates of unidentified anomalies in large datasets. This study focuses on the development of automated classifiers for a large telemetry dataset comprising detections from 50 acoustically tagged dusky kob (Argyrosomus japonicus ) monitored in the Breede Estuary, South Africa. Using an array of 16 acoustic receivers deployed throughout the estuary between 2016 and 2021, resulting in the collection of over three million individual detections. This paper presents detailed guidelines for data pre-processing, resampling strategies, labelling process, feature engineering, data splitting methodologies, and the selection and interpretation of machine learning (ML) and deep learning (DL) models for anomaly detection. Among the evaluated models, neural network autoencoder (NN-AE) demonstrated superior performance, aided by our proposed threshold-finding algorithm. NN-AE achieved a high recall with no false normals (i.e., no misclassifications of anomalous movements as normal patterns), a critical factor in ensuring that no true anomalies are overlooked. In contrast, other models exhibited false normal fractions exceeding 0.9, indicating they failed to detect the majority of true anomalies-a significant limitation for telemetry studies where undetected anomalies can distort interpretations of movement patterns. While the NN-AE's performance highlights its reliability and robustness in detecting anomalies, it faced challenges in accurately learning normal movement patterns when these patterns gradually deviated from anomalous ones. To the best of our knowledge, this study represents the first effort to develop automated methods leveraging ML and DL to address anomalous detections in acoustic telemetry data.","0","25"
"R136","WoS","A Comparative Deep Learning Framework for Multivariate Time Series Anomaly Detection in Satellite Telemetry","Rustemli, AC; Sahin, G; Akin, E; Adewole, KS; Rustemli, S","2026","APPLIED SCIENCES-BASEL","10.3390/app16115694","WOS:001789732300001","Article","English","Green Submitted, gold","satellite telemetry; multivariate time series; point level anomaly detection; deep learning; BiLSTM; Transformer; Hybrid BiLSTM-Transformer; Hybrid BiGRU-Transformer; BiGRU; Focal Loss; temporal label smoothing; data preprocessing; high-dimensional sensor systems","TRANSFORMER","This study compares deep learning models for point-level anomaly detection in multichannel satellite telemetry data. Raw event-based telemetry was converted into segment-based multivariate time series without windowing or feature extraction, allowing models to learn system behavior at each time step. Preprocessing included channel alignment, training set-based normalization, missing value imputation, and temporal label smoothing, while Focal Loss and segment-level oversampling addressed class imbalance. Five architectures, BiLSTM, BiGRU, Transformer, Hybrid BiLSTM-Transformer, and Hybrid BiGRU-Transformer, were evaluated, with thresholds optimized on a validation set. The results show that hybrid models combining recurrent networks and attention mechanisms effectively capture both short- and long-term dependencies. The standalone BiGRU model achieves the highest overall classification performance in terms of F1 score and accuracy. In contrast, the Hybrid BiGRU-Transformer architecture does not outperform BiGRU in classification metrics but provides superior temporal stability, improved boundary sensitivity, and better interpretability in anomaly detection tasks.","0","26"
"R137","WoS","Artificial Intelligence Algorithms for Detecting and Classifying MQTT Protocol Internet of Things Attacks","Alzahrani, A; Aldhyani, THH","2022","ELECTRONICS","10.3390/electronics11223837","WOS:000887130200001","Article","English","Green Submitted, gold","cybersecurity; MQTT; deep learning; artificial intelligence; machine learning","MACHINE; PREDICTION","The Internet of Things (IoT) grew in popularity in recent years, becoming a crucial component of industrial, residential, and telecommunication applications, among others. This innovative idea promotes communication between physical components, such as sensors and actuators, to improve process flexibility and efficiency. Smart gadgets in IoT contexts interact using various message protocols. Message queuing telemetry transfer (MQTT) is a protocol that is used extensively in the IoT context to deliver sensor or event data. The aim of the proposed system is to create an intrusion detection system based on an artificial intelligence algorithm, which is becoming essential in the defense of the IoT networks against cybersecurity threats. This study proposes using a k-nearest neighbors (KNN) algorithm, linear discriminant analysis (LDA), a convolutional neural network (CNN), and a convolutional long short-term memory neural network (CNN-LSTM) to identify MQTT protocol IoT intrusions. A cybersecurity system based on artificial intelligence algorithms was examined and evaluated using a standard dataset retrieved from the Kaggle repository. The dataset was injected by five attacks, namely brute-force, flooding, malformed packet, SlowITe, and normal packets. The deep learning algorithm achieved high performance compared with the developing security system using machine learning algorithms. The performance accuracy of the KNN method was 80.82%, while the accuracy of the LDA algorithm was 76.60%. The CNN-LSTM model attained a high level of precision (98.94%) and is thus very effective at detecting intrusions in IoT settings.","0","27"
"R138","WoS","Toward Efficient Intrusion Detection System Using Hybrid Deep Learning Approach","Aldallal, A","2022","SYMMETRY-BASEL","10.3390/sym14091916","WOS:000856666100001","Article","English","Green Submitted, gold","intrusion detection system; deep learning; LSTM; GRU; RNN; feature selection; Pearson correlation","FEATURE-SELECTION; WIRELESS NETWORK; MACHINE; FOREST","The increased adoption of cloud computing resources produces major loopholes in cloud computing for cybersecurity attacks. An intrusion detection system (IDS) is one of the vital defenses against threats and attacks to cloud computing. Current IDSs encounter two challenges, namely, low accuracy and a high false alarm rate. Due to these challenges, additional efforts are required by network experts to respond to abnormal traffic alerts. To improve IDS efficiency in detecting abnormal network traffic, this work develops an IDS using a recurrent neural network based on gated recurrent units (GRUs) and improved long short-term memory (LSTM) through a computing unit to form Cu-LSTMGRU. The proposed system efficiently classifies the network flow instances as benign or malevolent. This system is examined using the most up-to-date dataset CICIDS2018. To further optimize computational complexity, the dataset is optimized through the Pearson correlation feature selection algorithm. The proposed model is evaluated using several metrics. The results show that the proposed model remarkably outperforms benchmarks by up to 12.045%. Therefore, the Cu-LSTMGRU model provides a high level of symmetry between cloud computing security and the detection of intrusions and malicious attacks.","0","28"
"R139","WoS","CubeSat cybersecurity dataset for intrusion detection (CuCD-ID): Labelled NOS3/cFS telemetry (raw","Fayyaz, Y; Afrasiabi, SN; Yang, L; El-Khatib, K","2026","DATA IN BRIEF","10.1016/j.dib.2026.112598","WOS:001705095000001","Article; Data Paper","English","Green Submitted, gold","Intrusion detection; CubeSats; On-orbit dataset; Cybersecurity; NOS3; CCSDS; Cyber-physical systems; Space system security; On-board machine learning","","This data article presents the CubeSat Cybersecurity Dataset for Intrusion Detection (CuCD-ID), a collection of labelled command and telemetry data designed to support machine learning-based security research for space systems. The data were generated in a high-fidelity software-in-the-loop environment using NASA's Operational Simulator for Small Satellites (NOS3) running the core Flight System (cFS). Telemetry was captured across five scripted scenarios: one nominal case and four adversarial tactics aligned with the Space Attack Research and Tactic Analysis (SPARTA) framework, specifically command flooding, false data injection, storage exhaustion, and defence impairment. All scenarios were driven by commands issued from the COSMOS v4 ground station software. The repository contains two primary tabular datasets in Comma-Separated Values (CSV) format: a raw, balanced dataset with 25,0 0 0 records and 31 features, and an augmented, noised dataset with 22,465 records and 23 features. Each record contains features parsed from Consultative Committee for Space Data Systems (CCSDS) packet headers or engineered from a 20-second sliding window, alongside system-level metrics and a numeric class label. The augmented data incorporates nine documented noise categories to emulate plausible in-orbit disturbances and im prove model robustness against benign variability: White Noise, Analog Outliers, Gaps, Trends, Signal Shifts, Frequency Changes, Sensor Dropout, Magnitude Warping, and Window Time Warping. The dataset is suitable for developing and benchmarking supervised and unsupervised intrusion detection methods, including on-board and Tiny Machine Learning applications. All COSMOS v4 scripts used to generate the scenarios are also provided to ensure full reproducibility and enable extension of the data collection. (c) 2026 The Authors. Published by Elsevier Inc. This is an open access article under the CC BY-NC-ND license (http://creativecommons.org/licenses/by-nc-nd/4.0/)","0","29"
"R140","WoS","A Real-Time Multi-Tier Machine Learning Intrusion Detection Framework for Securing Ground Control Station-UAV Communications","Hadi, HJ; Khan, MK; Ahmad, N","2026","IEEE OPEN JOURNAL OF THE COMMUNICATIONS SOCIETY","10.1109/OJCOMS.2026.3683883","WOS:001746929700001","Article","English","Green Submitted, gold","Payloads; Jamming; Telemetry; Aerospace and electronic systems; Military aircraft; Space technology; Aerospace control; Electronic warfare; Feeds; Broadcasting; UAVs; ground control station (GCS); command and control (C2) link; intrusion detection system (IDS); machine learning; dataset","","UAVs are widely used in mission-critical tasks but remain vulnerable due to open communication links. Especially, the Ground Control Station to UAV (G2U) communication channel is particularly vulnerable, often exploited for large-scale intrusions due to its multi-connectivity and openness. To address these risks, significant efforts have been devoted to developing Intrusion Detection Systems (IDS) based on machine learning for UAVs. However, most existing ML-based IDS solutions concentrate on UAV operations rather than G2U communication, lack real-time detection capability, and rely heavily on limited or synthetic datasets. To address this gap, we present GCS-NIDD, a real-time dataset that captures both normal and malicious traffic across nine attack types, including Replay, DoS/DDoS, Evil Twin, and Fake Landing attacks, among others. We build a physical testbed using actual UAV devices (PX4 Vision Dev Kit V1.5) and diverse GCS platforms (laptops, Tablets) to emulate real G2U communication scenarios. Furthermore, we propose G2UIDS, a multi-tier IDS framework that leverages complementary strengths of ML models across three layers, Tier 1 (LightGBM) performs anomaly detection to separate normal and malicious traffic, Tier 2 (TabNet) conducts fine-grained multi-class attack classification, and Tier 3 (BLS) focuses on detecting zero-day attacks. These outputs are combined through decision-level fusion, ensuring both accuracy and robustness. Unlike prior simulation-based solutions, G2UIDS is deployed and evaluated in a real operational environment. Experimental results demonstrate that G2UIDS achieves 93.16% accuracy and a 94.80% detection rate, significantly outperforming existing methods while maintaining low computational overhead.","0","30"
"R141","WoS","Improved Ant Colony Optimization and Machine Learning Based Ensemble Intrusion Detection Model","Vanitha, S; Balasubramanie, P","2023","INTELLIGENT AUTOMATION AND SOFT COMPUTING","10.32604/iasc.2023.032324","WOS:000875839900015","Article","English","hybrid","Network intrusion detection system (NIDS); internet of things (IOT); ensemble learning; statistical flow features; botnet; ensemble technique; improved ant colony optimization (IACO); feature selection","ALGORITHM; INTERNET; IOT","Internet of things (IOT) possess cultural, commercial and social effect in life in the future. The nodes which are participating in IOT network are basi-cally attracted by the cyber-attack targets. Attack and identification of anomalies in IoT infrastructure is a growing problem in the IoT domain. Machine Learning Based Ensemble Intrusion Detection (MLEID) method is applied in order to resolve the drawback by minimizing malicious actions in related botnet attacks on Message Queue Telemetry Transport (MQTT) and Hyper-Text Transfer Proto-col (HTTP) protocols. The proposed work has two significant contributions which are a selection of features and detection of attacks. New features are chosen from Improved Ant Colony Optimization (IACO) in the feature selection, and then the detection of attacks is carried out based on a combination of their possible proper-ties. The IACO approach is focused on defining the attacker's important features against HTTP and MQTT. In the IACO algorithm, the constant factor is calculated against HTTP and MQTT based on the mean function for each element. Attack detection, the performance of several machine learning models are Distance Deci-sion Tree (DDT), Adaptive Neuro-Fuzzy Inference System (ANFIS) and Mahala-nobis Distance Support Vector Machine (MDSVM) were compared with predicting accurate attacks on the IoT network. The outcomes of these classifiers are combined into the ensemble model. The proposed MLEID strategy has effec-tively established malicious incidents. The UNSW-NB15 dataset is used to test the MLEID technique using data from simulated IoT sensors. Besides, the pro-posed MLEID technique has a greater detection rate and an inferior rate of false-positive compared to other conventional techniques.","0","31"
"R142","WoS","Unsupervised Diffusion-Guided LSTM for Anomaly Detection in Water Distribution Networks","Rustam, F; Jurcut, AD; Salauddin, M","2026","IEEE ACCESS","10.1109/ACCESS.2026.3683296","WOS:001746859000024","Article","English","Green Submitted, gold","Telemetry; Aerospace and electronic systems; Feeds; Broadcasting; Broadcast technology; Programmable logic devices; Data communication; Internet of Things; Communication systems; Water distribution systems; machine learning; unsupervised learning; autoencoder; anomaly detection","","Water distribution systems (WDS) are critical cyber-physical infrastructures that increasingly rely on sensor-driven monitoring and automated control. This increased connectivity also exposes WDS to cyber and physical attacks. Identifying these threats through data-driven anomaly detection remains challenging due to high-dimensional telemetry, strong temporal dependencies, severe class imbalance, and evolving operating conditions. Traditional anomaly detection methods often rely on linear assumptions, static thresholds, or limited temporal modeling, which restrict their ability to capture the nonlinear and dynamic behavior of real WDS environments. In this work, we propose Diff-Water, a diffusion-based anomaly detection framework designed for multivariate WDS telemetry. The proposed approach models normal system behavior using a variance-preserving diffusion process with a cosine noise schedule and learns reverse diffusion dynamics through an EpsLSTM noise-prediction network conditioned on sinusoidal time embeddings. To improve detection robustness, we further introduce a weighted multi-sample reconstruction-based anomaly scoring strategy that aggregates reconstruction errors across diffusion timesteps. These design choices enable the model to capture complex temporal dynamics and provide stable anomaly scoring under noisy industrial telemetry. We evaluate Diff-Water on two widely used benchmark datasets, WADI and BATADAL, and compare it with statistical, machine learning, and deep learning baselines. On the WADI dataset, Diff-Water achieves an F1-score of 0.748 with a false-positive rate of 0.85 FP/h, while on BATADAL, it achieves an F1-score of 0.824 with 0.386 FP/h, demonstrating strong detection performance across different water network configurations. Compared with recent diffusion-based approaches, Diff-Water provides a more practical efficiency-accuracy trade-off by integrating temporal modeling and reporting deployment-oriented metrics such as false positives per hour and inference throughput.","0","32"
"R143","WoS","A novel machine learning pipeline to detect malicious anomalies for the Internet of Things","Shukla, RM; Sengupta, S","2022","INTERNET OF THINGS","10.1016/j.iot.2022.100603","WOS:000862155700005","Article","English","Green Submitted","IoT; Anomaly detection; Ensemble learning; Predictive analytics","","Anomaly detection is an imperative problem in the field of the Internet of Things (IoT). The anomalies are considered as samples that do not follow a normal pattern and significantly differ from the expected values. There can be numerous reasons an IoT sensor data is anomalous. For example, it can be due to abnormal events, IoT sensor faults, or malicious manipulation of data generated from IoT devices. There has been wide-scale research done on anomaly detection problems in general, i.e., finding the samples in data that differ significantly from the expected values. However, there has been limited work done to figure out the inherent cause of the anomalies in IoT sensor data. Accordingly, once an abnormal data sample has been observed, the challenge of detecting whether the anomaly is due to an abnormal event or IoT sensor data manipulation by an attacker has not been explored in detail. In this paper, rather than finding the typical anomalies, we propose a method to detect malicious anomalies. The given paper puts forward an idea of where anomalies in IoT can be categorized into different types. Consequently, rather than finding an anomalous sample point, our method filters only malicious anomalies in the measured IoT data. Initially, we provide an attack model for the IoT sensor data and show how the model can affect the decision-making abilities of IoT-based applications by introducing malicious anomalies. Further, we design a novel Machine Learning (ML) based method to detect these malicious anomalies. Our ML method is inspired by ensemble machine learning and uses threshold and aggregation methods rather than the traditional methods of output aggregation in ensemble learning. The proposed ML architecture is tested using pollutant, telemetry, and vehicular traffic data obtained from the state of California. Simulation results show that our architecture performs with a decent accuracy for various sizes of malicious anomalies. In particular, by setting the parameters of the anomaly detector, the precision, recall, and F-score values of 93%, 94%, and 93% are obtained; i.e., a well-balance between all three metrics. By varying model parameters either precision or recall value can be increased further at the cost of other showing that the model is tunable to meet the application requirement.","0","33"
"R144","WoS","Dew-Cloud-Based Hierarchical Federated Learning for Intrusion Detection in IoMT","Singh, P; Gaba, GS; Kaur, A; Hedabou, M; Gurtov, A","2023","IEEE JOURNAL OF BIOMEDICAL AND HEALTH INFORMATICS","10.1109/JBHI.2022.3186250","WOS:000965128600001","Article","English","Green Submitted","Medical services; Computational modeling; Intrusion detection; Training; Cloud computing; Medical diagnostic imaging; Servers; Dew computing; federated learning; internet of medical things (IoMT); intrusion detection system (IDS); machine learning","HEALTH-CARE-SYSTEM; MEDICAL DEVICES; INTERNET; THINGS; FRAMEWORK; SECURE; IOT","The coronavirus pandemic has overburdened medical institutions, forcing physicians to diagnose and treat their patients remotely. Moreover, COVID-19 has made humans more conscious about their health, resulting in the extensive purchase of IoT-enabled medical devices. The rapid boom in the market worth of the internet of medical things (IoMT) captured cyber attackers' attention. Like health, medical data is also sensitive and worth a lot on the dark web. Despite the fact that the patient's health details have not been protected appropriately, letting the trespassers exploit them. The system administrator is unable to fortify security measures due to the limited storage capacity and computation power of the resource-constrained network devices'. Although various supervised and unsupervised machine learning algorithms have been developed to identify anomalies, the primary undertaking is to explore the swift progressing malicious attacks before they deteriorate the wellness system's integrity. In this paper, a Dew-Cloud based model is designed to enable hierarchical federated learning (HFL). The proposed Dew-Cloud model provides a higher level of data privacy with greater availability of IoMT critical application(s). The hierarchical long-term memory (HLSTM) model is deployed at distributed Dew servers with a backend supported by cloud computing. Data pre-processing feature helps the proposed model achieve high training accuracy (99.31%) with minimum training loss (0.034). The experiment results demonstrate that the proposed HFL-HLSTM model is superior to existing schemes in terms of performance metrics such as accuracy, precision, recall, and f-score.","0","34"
"R145","WoS","Feature Selection for Malicious Detection on Industrial IoT Using Machine Learning","Chuang, HY; Chen, RM","2024","SENSORS AND MATERIALS","10.18494/SAM4666","WOS:001223039700003","Article","English","gold","industrial IoT (IIoT); intrusion detection system; network security; network features","","The rapid deployment of IoT devices for enhanced convenience and increased production efficiency has resulted in a significant rise in the potential for cyberattacks. Consequently, the detection of malicious attacks has become a crucial concern in industrial IoT (IIoT) applications. Furthermore, IoT usage is continuously expanding, with new functional IoT devices connecting to the network daily, leading to a substantial increase in network traffic. To address the need for an intrusion detection system (IDS) to identify malicious attacks under a high-traffic condition, a highly efficient IDS is essential. In this study, an IDS based on machine learning (ML) with a reduced set of features on the TON_IoT dataset is employed. The TON_IoT includes telemetry data, operating systems data, and network data for an IoT network. A Pearson correlation coefficient (PCC) was applied to assess the correlations among packet features, and a filtering rule based on the Jamovi software's frequency table was used to identify the most essential features within the TON_IoT dataset. Finally, the 45 original features were narrowed down to 10 core features for the IDS to effectively detect intrusion activities. To evaluate the detection performance of malicious intrusion activities using the yielded set of 10 core features, we utilized evaluation metrics including accuracy, precision, recall, and F 1-score. Four ML techniques, namely, K-Nearest Neighbors, Random Forest, Na & iuml;ve Bayes, and eXtreme Gradient Boosting, were tested. The experimental results demonstrated that the four ML techniques could detect multiple types of attack with an accuracy exceeding 96% and with a recall rate over 97%, underscoring the effectiveness and efficiency of utilizing the reduced 10 core features for malicious attack detection while maintaining a high level of accuracy.","0","35"
"R146","WoS","Satellite On-Orbit Anomaly Detection Method Based on a Dynamic Threshold and Causality Pruning","Chen, SY; Jin, G; Ma, XY","2021","IEEE ACCESS","10.1109/ACCESS.2021.3088439","WOS:000673398600001","Article","English","Green Submitted, gold","Entropy; Satellites; Anomaly detection; Telemetry; Predictive models; Data models; Space vehicles; Dynamic threshold; causality pruning; anomaly detection; GRU; on-orbit satellite","TIME-SERIES; TRANSFER ENTROPY; NETWORK","It is difficult for existing deep learning-based satellite on-orbit anomaly detection methods to define the residual-based detection threshold and identify false anomalies. To solve the above problems, this paper proposes both a detection threshold determination and dynamic correction method and a causality-based false anomaly identification and pruning method. We use the GRU (Gated Recurrent Unit) to model and predict the telemetry parameters to obtain the residual vector; determine and dynamically correct the threshold according to the prescribed false positive rate; propose an improved multivariate transfer entropy method to identify the causal relationships between the telemetry parameters; and, based on the causality, determine whether the detected parameter anomalies are false. Experiments show that the precision, recall, and F1-score of the method proposed in this paper are superior to the current typical method, and the false positive rate is significantly reduced, demonstrating the effectiveness of the proposed method.","0","36"
"R147","WoS","Spacecraft Telemetry Anomaly Detection Based on Parametric Causality and Double-Criteria Drift Streaming Peaks over Threshold","Zeng, ZF; Jin, G; Xu, C; Chen, SY; Zhang, L","2022","APPLIED SCIENCES-BASEL","10.3390/app12041803","WOS:000767663300001","Article","English","Green Submitted, gold","anomaly detection; causality; double criteria; DSPOT; spacecraft","RECONSTRUCTION; INFERENCE","Most of the spacecraft telemetry anomaly detection methods based on statistical models suffer from the problems of high false negatives, long time consumption, and poor interpretability. Besides, complex interactions, which may determine the propagation of anomalous mode between telemetry parameters, are often ignored. To discover the complex interaction between spacecraft telemetry parameters and improve the efficiency and accuracy of anomaly detection, we propose an anomaly detection framework based on parametric causality and Double-Criteria Drift Streaming Peaks Over Threshold (DCDSPOT). We propose Normalized Effective Transfer Entropy (NETE) to reduce the error and noise caused by nonstationarity of the data in the calculation of transfer entropy, and then apply NETE to improve the Multivariate Effective Source Selection (MESS) causal inference algorithm to infer parametric causality. We define the Weighted Source Parameter (WSP) of the target parameter to be detected, then DSPOT is employed to set multi-tier thresholds for target parameter and WSP. At last, two criteria are formulated to determine anomalies. Additionally, to cut the time consumption of the DCDSPOT, we apply Probability Weighted Moments (PWM) for parameter estimation of Generalized Pareto Distribution (GPD). Experiments on real satellite telemetry dataset shows that our method has higher recall and F1-score than other commonly used methods, and the running time is also significantly reduced.","0","37"
"R148","WoS","Adaptive Data Prefetching for File Storage Systems Using Online Machine Learning","Savva, G; Herodotou, H","2026","BIG DATA AND COGNITIVE COMPUTING","10.3390/bdcc10010028","WOS:001670704600001","Article","English","Green Submitted, gold","online machine learning; smart storage systems; data prefetching; Hoeffding tree; SOKNL; streaming ML","","Data prefetching is essential for modern file storage systems operating in large-scale cloud and data-intensive environments, where high performance increasingly depends on intelligent, adaptive mechanisms. Traditional rule-based methods and recently proposed machine learning-based techniques often struggle to cope with the complex and rapidly evolving data access patterns characteristic of big-data workloads. In this paper, we introduce an online, streaming machine learning (SML) approach for predictive data prefetching that retrieves useful data into the cache ahead of time. We present a novel online training framework that extracts features in real time and continuously updates streaming ML models to learn and adapt from large and dynamic access streams. Building on this framework, we design new SML-driven prefetching algorithms that decide when, how, and what data to prefetch into the cache with minimal overhead. Extensive experiments using production traces from Huawei Technologies Inc. and Google workloads from the SNIA IOTTA repository demonstrate that our intelligent policies consistently deliver the highest byte hits among competing approaches, achieving 97% prefetch byte precision and reducing data access latency by up to 2.8 times. These results show that streaming ML can deliver immediate performance gains and offers a scalable foundation for future adaptive storage systems.","0","38"
"R149","WoS","Machine Learning-Based Prediction of Long-Term Intraocular Pressure Fluctuations in Open-Angle Glaucoma","Englisch, CN; Trouvain, AM; Wakili, P; Wolf, MJ; Dick, HB; Mansouri, K; Hoffmann, EM; Mackert, MJ; Langenbucher, A; Alexandersson, J; Boden, KT; Szurman, P","2026","OPHTHALMOLOGY SCIENCE","10.1016/j.xops.2026.101240","WOS:001803234400001","Article","English","gold","Glaucoma; Artificial intelligence; Machine learning; Intraocular pressure; Fluctuation","OCULAR PERFUSION-PRESSURE; CONTACT-LENS SENSOR; RISK-FACTOR; IOP; PERFORMANCE; PROGRESSION; TELEMETRY; PATTERNS; SAFETY; CURVE","Objective: To investigate the predictability of long-term intraocular pressure (IOP) fluctuations in open-angle glaucoma eyes implanted with a telemetric IOP sensor. Design: A prospective, open-label, single-arm, multicenter study. Subjects: Twenty-four patients were enrolled, including 20 with primary open-angle glaucoma, 2 with pseudoexfoliative, 1 with pigmentary, and 1 with uveitic glaucoma. Mean age was 65.2 +/- 10.2 years. Methods: Telemetric IOP measurements were aggregated into nyctohemeral means. The first 90 postoperative days were excluded. A rolling reference framework was applied, in which temporally paired observations were generated by comparing each eligible day with a future time point at fixed prediction horizons. The relationship between short-term (7, 14, or 28 days) and long-term (273 or 364 days) fluctuations was assessed using Pearson correlation. Multivariate regression was applied to predict long-term fluctuations based on short-term data. In addition, supervised machine learning with a Random Forest Classifier was used to predict long-term fluctuations from clinical, demographic, and IOP-derived features. For each horizon (273 or 364 days) and threshold (+2.0, +3.0, and +4.0 mmHg), changes in mean nyctohemeral IOP were calculated. Outcomes were labeled as 1 if the increase met or exceeded the threshold and 0 otherwise. Main Outcome Measures: Predictability of long-term IOP fluctuations at 273 and 364 days. Results: Short-term fluctuations correlated only weakly with long-term variability (Pearson r <= 0.33) and explained at most 15.2% in regression analysis. Across 1224 Random Forest Classifier models, 47 met inclusion criteria of area under the receiver operating characteristic curve (AUROC) >0.8 and sensitivity and specificity >0.7 (27 for 364 days, 20 for 273 days). On average, 5563 +/- 116 valid pairings from 9.2 +/- 0.8 patients were used per configuration. Five final configurations were selected for each threshold-horizon combination based on the highest F1 values. Performance metrics included AUROC 0.81 to 0.86, cross-validated AUROC 0.78 to 0.83, accuracy 0.72 to 0.81, sensitivity 0.72 to 0.78, specificity 0.70 to 0.82, precision 0.32 to 0.44, and F1 value 0.44 to 0.56. All models included 7, 14, and 28-day fluctuations, mean nyctohemeral IOP, ocular pulse amplitude, age, body mass index, and central corneal thickness as predictors, with mean nyctohemeral IOP contributing most (38%-55%). Conclusions: Long-term IOP fluctuations can be predicted from baseline clinical and demographic data combined with IOP-related features. Telemetric devices and remote IOP monitoring, combined with predictive modeling, could reduce the burden of time-intensive procedures and health care costs while supporting individualized care in the face of rising demand. Financial Disclosure(s): Proprietary or commercial disclosure may be found in the Footnotes and Disclosures at the end of this article. Ophthalmology Science 2026;6:101240 (c) 2026 American Academy of Ophthalmology, Inc. Published by Elsevier Inc. This is an open access article under the CC BY license (http://creativecommons.org/ licenses/by/4.0/).","0","39"
"R150","WoS","Machine Learning Classification of Pacemaker Low-Longevity Status Using Device Interrogation Reports","Neupane, S; Goswami, T","2026","APPLIED SCIENCES-BASEL","10.3390/app16105134","WOS:001774278600001","Article","English","Green Submitted, gold","pacemaker; battery longevity; machine learning; cross-validation; telemetry; generator replacement; clinical decision support; remote monitoring","LEADS","Pacemaker generator replacement remains clinically important because battery depletion influences the timing of elective replacement procedures and associated procedural risk. This study investigated whether routinely available pacemaker interrogation-derived telemetry can classify devices with manufacturer-estimated low longevity status, defined as remaining device life below 12 months. A total of 39 Medtronic pacemaker interrogation snapshots were analyzed, including 11 single-chamber, 21 dual-chamber, and 7 triple-chamber CRT-P devices. Four machine learning classifiers, namely, Na & iuml;ve Bayes, HistGradientBoosting, Logistic Regression, and Random Forest, were evaluated using leave-one-out cross-validation as the primary internal validation strategy, with bootstrap 95% confidence intervals calculated from aggregated out-of-fold predictions. The study is application-based rather than algorithmic, focusing on transparent comparison and interpretation of established classifiers for pacemaker-specific low-longevity classification. Logistic Regression achieved the strongest LOOCV performance, with ROC-AUC 0.941, accuracy 0.872, precision 0.958, recall 0.852, and F1-score 0.902. Random Forest also showed favorable performance, with ROC-AUC 0.855 and F1-score 0.873. Parsimonious baseline analysis showed that months since implantation plus battery voltage achieved ROC-AUC 0.883, accuracy 0.846, and F1-score 0.875, approaching the full Logistic Regression model. SHAP analysis identified months since implantation, battery voltage, and right ventricular capture threshold as the most influential predictors. These findings suggest that routine interrogation variables can classify manufacturer-estimated low-longevity status, but the incremental benefit of full multivariable machine learning over simple predictors was modest. Because the endpoint was based on manufacturer-estimated longevity rather than observed clinical battery failure or generator replacement timing, larger longitudinal and multi-manufacturer validation studies are needed before clinical application.","0","40"
"R151","WoS","SDAP-K: A Kerberos-Assisted Secure Data Auditing Protocol for Cloud Storage","Murugan, T; Badusha, NANM; Kumar, PM; Perumal, V","2026","FUTURE INTERNET","10.3390/fi18080411","WOS:001859796000001","Article","English","gold","cloud computing security; secure data auditing; Kerberos authentication; N-ary hash tree; integrity verification; error localization; data recovery","VERIFICATION","Cloud storage services have become a fundamental component of modern computing infrastructures, enabling scalable and cost-effective data management. However, outsourcing data to remote cloud servers introduces significant security challenges, particularly in ensuring data integrity, secure access control, and efficient auditing of stored information. Existing cloud auditing schemes primarily focus on integrity verification and often rely on trusted third-party auditors, leading to additional trust assumptions, communication overhead, and metadata management complexity. To address these limitations, this research presents a Kerberos-Assisted Secure Data Auditing Protocol (SDAP-K) that integrates authenticated service exchange with lightweight integrity verification for outsourced cloud storage. The proposed framework employs Kerberos-based mutual authentication and ticket-driven access control to establish secure communication among the Data Owner, Authentication Server, Metadata Server, and Cloud Data Server. To verify storage correctness, an N-ary hash tree with the Modified Murmur hash algorithm is used to enable efficient file- and block-level auditing without requiring a trusted third-party auditor. The framework further incorporates metadata-assisted auditing, dynamic data operations, and an error localization and recovery mechanism that identifies and restores corrupted data blocks. Security analysis demonstrates that the proposed protocol mitigates unauthorized access, replay attacks, impersonation attempts, and malicious data modification. Experimental results indicate that SDAP-K reduces storage execution time by 18.6%, retrieval time by 24.3%, update time by 21.8%, file-level auditing overhead by 31.5%, and block-level auditing latency by 36.2% compared with state-of-the-art research, while eliminating the need for a trusted third-party auditor. The results indicate that the proposed framework offers a practical, lightweight, and reliable solution for secure cloud data auditing in enterprise cloud storage environments.","0","41"
"R152","WoS","Intrusion Detection Based on Bidirectional Long Short-Term Memory with Attention Mechanism","Yang, YJ; Tu, SS; Ali, RH; Alasmary, H; Waqas, M; Amjad, MN","2023","CMC-COMPUTERS MATERIALS & CONTINUA","10.32604/cmc.2023.031907","WOS:000886509600016","Article","English","Green Submitted, gold","Fog computing; intrusion detection; bi-LSTM; attention mechanism","DEEP LEARNING APPROACH; IMPERSONATION ATTACK DETECTION; DETECTION SYSTEM; INTERNET; AUTOENCODER; SECURITY; NETWORK","With the recent developments in the Internet of Things (IoT), the amount of data collected has expanded tremendously, resulting in a higher demand for data storage, computational capacity, and real-time processing capabilities. Cloud computing has traditionally played an important role in establishing IoT. However, fog computing has recently emerged as a new field complementing cloud computing due to its enhanced mobility, location awareness, heterogeneity, scalability, low latency, and geographic distribution. However, IoT networks are vulnerable to unwanted assaults because of their open and shared nature. As a result, various fog computing-based security models that protect IoT networks have been developed. A distributed archi-tecture based on an intrusion detection system (IDS) ensures that a dynamic, scalable IoT environment with the ability to disperse centralized tasks to local fog nodes and which successfully detects advanced malicious threats is available. In this study, we examined the time-related aspects of network traffic data. We presented an intrusion detection model based on a two -layered bidirectional long short-term memory (Bi-LSTM) with an attention mechanism for traffic data classification verified on the UNSW-NB15 bench-mark dataset. We showed that the suggested model outperformed numerous leading-edge Network IDS that used machine learning models in terms of accuracy, precision, recall and F1 score.","0","42"
"R153","WoS","Anomaly Detection in Autonomous Fixed-Wing UAV Agricultural Mapping Missions Using Deep Learning","Arifin, Z; Anifah, L; Buditjahjanto, IGPA","2026","INTERNATIONAL JOURNAL OF INTEGRATED ENGINEERING","10.30880/ijie.2026.18.04.004","WOS:001804894700004","Article","English","Green Submitted, gold","UAV; anomaly detection; autoencoder; precision agriculture; deep learning","","Autonomous fixed-wing UAVs are now a cornerstone of precision agriculture, especially for large-scale mapping. But even small aerodynamic disturbances or slight shifts in the center of gravity (CG) can introduce subtle instabilities in flight. These small changes may not seem dramatic, yet they can reduce mapping accuracy and potentially affect operational safety. In this study, we present an unsupervised deep learning framework for detecting flight anomalies using multivariate telemetry data (specifically, roll, pitch, and altitude signals). Three autoencoder architectures were tested: LSTM, GRU, and a 1D-CNN. The evaluation was based on telemetry collected from 13 real autonomous agricultural flights, where CG variations were intentionally controlled to create realistic instability conditions. Anomalies were identified using window-level reconstruction errors, and performance was evaluated through threshold-independent ROC-AUC analysis. All three models perfectly classified severe anomalies, achieving accuracies and F1 Scores of 1.00. When it came to milder CG deviations, differences became more apparent. The GRU autoencoder showed the strongest sensitivity, reaching an ROC-AUC of 1.00 and detecting over 98% of mild anomaly cases. The LSTM achieved near-perfect separability (AUC = 0.99), while the 1D-CNN delivered solid performance (AUC = 0.97) with the added advantage of lower computational complexity. Overall, the results confirm that recurrent autoencoder architectures are highly effective for real-time UAV anomaly monitoring. Among them, the GRU offers the best balance between detection performance and model efficiency, making it particularly well-suited for embedded agricultural UAV applications.","0","43"
"R154","WoS","Blockchain based electronic educational document management with role-based access control using machine learning model","Chinnasamy, P; Subashini, B; Ayyasamy, RK; Kiran, A; Pandey, BK; Pandey, D; Lelisho, ME","2025","SCIENTIFIC REPORTS","10.1038/s41598-025-99683-5","WOS:001499335000004","Article","English","Green Submitted, gold","Electronic educational document management; Blockchain; Role-based access; Temporal neural network; Remora swarm optimization","","The emergence of digital technology has led to a significant increase in the importance of educational credential storage, exchange, and verification for organisations, enterprises, and universities. Academic record forgery, record misuse, credential data tampering, time-consuming verification procedures, ownership and control difficulties, and other problems plague the education sector. Machine learning (ML) and blockchain, two of the most disruptive methods, have replaced traditional techniques in the education sector with highly technological and efficient ways. Our study aims to propose a novel electronic educational document management technique using a blockchain-based fuzzy feed-forward convolutional temporal neural network that detects malicious users. Here, the training is carried out based on NLP analysis in document word weight indexing. This document management access control is based on role-based access with simulated remora swarm optimisation. In order to identify malicious users, this suggested system logs access requests on the blockchain and authenticated users. The findings demonstrate that this suggested architecture performs as intended in every case. The experimental analysis is based on a malicious user detection dataset regarding Prediction accuracy, Mean average precision, F-measure, Latency, QoS, Contract execution time, and Throughput. Based on dataset feature analysis, the proposed B-FCTNN_SRSO achieved a prediction accuracy of 98%, a mean average precision (MAP) of 95%, and an F1 score of 97%, with a latency of 96%. Additionally, based on blockchain security analysis, the B-FCTNN_SRSO attained a QoS of 97%, a precision of 94%, and a throughput of 96%.","0","44"
"R155","WoS","ALADA: Packet-Level Analysis for Line Rate Anomaly Detection Using a Programmable Dataplane Switch","Rajagopalan, S; Sivalingam, KM; Shami, G; Lyonnais, M","2026","IEEE OPEN JOURNAL OF THE COMMUNICATIONS SOCIETY","10.1109/OJCOMS.2026.3686225","WOS:001756770100003","Article","English","Green Submitted, gold","Payloads; Telemetry; Central Processing Unit; Electronic circuits; Feedback; Circuits; Application specific integrated circuits; Filtering; Radio frequency; Radio access networks; Programmable data plane switches; anomaly detection; machine learning models; P4 language; intel Tofino","","Existing network traffic anomaly detection systems require the participation of the control plane to enhance the accuracy and completeness of malicious traffic detection. This results in higher latency, limiting the ability of these systems to scale to higher traffic volumes. This paper presents the design and implementation of a framework, called Adaptive Line Rate Anomaly Detection Architecture (ALADA) framework, using a Programmable Data Plane (PDP) switch that can provide line-rate speed detection. A key objective is to reduce false positive rates since these tend to disrupt legitimate user activity and operations. Packets are initially processed by a high-accuracy model in the switch's match-action pipeline; packets identified as anomalous are forwarded to a separate high-precision model running on the switch's high-capacity CPU for anomaly confirmation. This framework also dynamically adjusts the machine learning model's thresholds based on information gathered from network packets, enabling it to adapt to changing network conditions and traffic patterns. The proposed framework and mechanisms have been implemented using the P4 language in an Intel Tofino-1 based Wedge100BF-32QS switch, and compared to other baseline approaches and the CyberSentinel framework. The results show that the proposed ALADA approach performs better in terms of various ML metrics such as accuracy, precision, false positive rate, and other metrics such as latency and throughput compared to the other approaches. The FP rate is reduced by approximately 20% in the unbalanced network traffic; also, the packet processing latency is around 196 ns order hundred nanoseconds compared to around 1,672 ns for CyberSentinel.","0","45"
"R156","WoS","Securing cloud-enabled smart cities by detecting intrusion using sparkbased stacking ensemble of machine learning algorithms","Ghazi, MR; Raghava, NS","2024","ELECTRONIC RESEARCH ARCHIVE","10.3934/era.2024060","WOS:001168206200001","Article","English","Green Submitted, gold","smart cities; cloud security; spark; pigeon-inspired optimizer; PSO; IDS","FEATURE-SELECTION; DETECTION SYSTEM; ATTACK DETECTION; BIG DATA; ARTIFICIAL-INTELLIGENCE; ANOMALY DETECTION; IOT; CLASSIFIER; DEEP; INTERNET","With the use of cloud computing, which provides the infrastructure necessary for the efficient delivery of smart city services to every citizen over the internet, intelligent systems may be readily integrated into smart cities and communicate with one another. Any smart system at home, in a car, or in the workplace can be remotely controlled and directed by the individual at any time. Continuous cloud service availability is becoming a critical subscriber requirement within smart cities. However, these cost-cutting measures and service improvements will make smart city cloud networks more vulnerable and at risk. The primary function of Intrusion Detection Systems (IDS) has gotten increasingly challenging due to the enormous proliferation of data created in cloud networks of smart cities. To alleviate these concerns, we provide a framework for automatic, reliable, and uninterrupted cloud availability of services for the network data security of intelligent connected devices. This framework enables IDS to defend against security threats and to provide services that meet the users' Quality of Service (QoS) expectations. This study's intrusion detection solution for cloud network data from smart cities employed Spark and Waikato Environment for Knowledge Analysis (WEKA). WEKA and Spark are linked and made scalable and distributed. The Hadoop Distributed File System (HDFS) storage advantages are combined with WEKA's Knowledge flow for processing cloud network data for smart cities. Utilizing HDFS components, WEKA's machine learning algorithms receive cloud network data from smart cities. This research utilizes the wrapperbased Feature Selection (FS) approach for IDS, employing both the Pigeon Inspired Optimizer (PIO) and the Particle Swarm Optimization (PSO). For classifying the cloud network traffic of smart cities, the tree -based Stacking Ensemble Method (SEM) of J48, Random Forest (RF), and eXtreme Gradient Boosting (XGBoost) are applied. Performance evaluations of our system were conducted using the UNSW-NB15 and NSL-KDD datasets. Our technique is superior to previous works in terms of sensitivity, specificity, precision, false positive rate (FPR), accuracy, F1 Score, and Matthews correlation coefficient (MCC).","0","46"
"R157","WoS","DaaS: Dew Computing as a Service for Intelligent Intrusion Detection in Edge-of-Things Ecosystem","Singh, P; Kaur, A; Aujla, GS; Batth, RS; Kanhere, S","2021","IEEE INTERNET OF THINGS JOURNAL","10.1109/JIOT.2020.3029248","WOS:000682147600015","Article","English","Green Submitted","Cloud computing; Intrusion detection; Computational modeling; Peer-to-peer computing; Internet of Things; Ecosystems; Deep belief networks (DBNs); dew computing; Edge of Things (EoT); intrusion detection; smart false alarm filter","","Edge of Things (EoT) enables the seamless transfer of services, storage, and data processing from the cloud layer to edge devices in a large-scale distributed Internet of Things (IoT) ecosystems (e.g., Industrial systems). This transition raises the privacy and security concerns in the EoT paradigm distributed at different layers. Intrusion detection systems (IDSs) are implemented in EoT ecosystems to protect the underlying resources from attackers. However, the current IDSs are not intelligent enough to control the false alarms, which significantly lower the reliability and add to the analysis burden on the IDSs. In this article, we present a Dew Computing as a Service (DaaS) for intelligent intrusion detection in EoT ecosystems. In DaaS, a deep learning-based classifier is used to design an intelligent alarm filtration mechanism. In this mechanism, the filtration accuracy is improved (or sustained) by using deep belief networks. In the past, the cloud-based techniques have been applied for offloading the EoT tasks, which increases the middle layer burden and raises the communication delay. Here, we introduce the dew computing features that are used to design the smart false alarm reduction system. DaaS, when experimented in a simulated environment, reflects lower response time to process the data in the EoT ecosystem. The revamped DBN model achieved the classification accuracy up to 95%. Moreover, it depicts a 60% improvement in the latency and 35% workload reduction of the cloud servers as compared to edge IDS.","0","47"
"R158","WoS","An Ensemble Tree-Based Model for Intrusion Detection in Industrial Internet of Things Networks","Awotunde, JB; Folorunso, SO; Imoize, AL; Odunuga, JO; Lee, CC; Li, CT; Do, DT","2023","APPLIED SCIENCES-BASEL","10.3390/app13042479","WOS:000938801700001","Article","English","Green Submitted, gold","cybersecurity; industrial internet of things; feature selection; machine learning; ensemble learning; intrusion detection systems; chi-square statistical algorithm","DETECTION SYSTEM; IOT; ANALYTICS; DATASET","With less human involvement, the Industrial Internet of Things (IIoT) connects billions of heterogeneous and self-organized smart sensors and devices. Recently, IIoT-based technologies are now widely employed to enhance the user experience across numerous application domains. However, heterogeneity in the node source poses security concerns affecting the IIoT system, and due to device vulnerabilities, IIoT has encountered several attacks. Therefore, security features, such as encryption, authorization control, and verification, have been applied in IIoT networks to secure network nodes and devices. However, the requisite machine learning models require some time to detect assaults because of the diverse IIoT network traffic properties. Therefore, this study proposes ensemble models enabled with a feature selection classifier for Intrusion Detection in the IIoT network. The Chi-Square Statistical method was used for feature selection, and various ensemble classifiers, such as eXtreme gradient boosting (XGBoost), Bagging, extra trees (ET), random forest (RF), and AdaBoost can be used for the detection of intrusion applied to the Telemetry data of the TON_IoT datasets. The performance of these models is appraised based on accuracy, recall, precision, F1-score, and confusion matrix. The results indicate that the XGBoost ensemble showed superior performance with the highest accuracy over other models across the datasets in detecting and classifying IIoT attacks.","0","48"
"R159","WoS","A machine learning based authentication and intrusion detection scheme for IoT users anonymity preservation in fog environment","Oliullah, K; Whaiduzzaman, M; Mahi, MJN; Jan, T; Barros, A","2025","PLOS ONE","10.1371/journal.pone.0323954","WOS:001510005900030","Article","English","Green Submitted, gold","","INTERNET; THINGS","Authentication is a critical challenge in fog computing security, especially as fog servers provide services to many IoT users. The conventional authentication process often requires disclosing sensitive personal information, such as usernames, emails, mobile numbers, and passwords that end users are reluctant to share with intermediary services (i.e., Fog servers). With the rapid growth of IoT networks, existing authentication methods often fail to balance low computational overhead with strong security, leaving systems vulnerable to various attacks, including unauthorized access and data interception. Additionally, traditional intrusion detection methods are not well-suited for the distinct characteristics of IoT devices, resulting in a low accuracy in applying existing anomaly detection methods. In this paper, we incorporate a two-step authentication process, starting with anonymous authentication using a secret ID with Elliptic Curve Cryptography (ECC), followed by an intrusion detection algorithm for users flagged as suspicious activity. The scheme allows users to register with a Cloud Service Provider (CSP) using encrypted credentials. The CSP responds with a secret number reserved in the Fog node for the IoT user. To access the services provided by the Fog Service Provider (FSP), IoT users must submit a secret ID. Furthermore, we introduce a staked ensemble learning approach for intrusion detection that achieves 99.86% accuracy, 99.89% precision, 99.96% recall, and a 99.91% F1-score in detecting anomalous instances, with a support count of 50,376. This approach is applied when users fail to provide a correct secret ID. Our proposed scheme utilizes several hash functions through symmetric encryption and decryption techniques to ensure secure end-to-end communication.","0","49"
"R160","WoS","An Ameliorated Multiattack Network Anomaly Detection in Distributed Big Data System-Based Enhanced Stacking Multiple Binary Classifiers","Alhabshy, AA; Hameed, BI; Eldahshan, KA","2022","IEEE ACCESS","10.1109/ACCESS.2022.3174482","WOS:000800161800001","Article","English","Green Submitted, gold","Big Data; Intrusion detection; Feature extraction; Classification algorithms; Telecommunication traffic; Distributed databases; Computer architecture; Anomaly-based IDS; ensemble learning; intrusion detection system; machine learning","NEURAL-NETWORK","The growth of the Internet of Things (IoT) generates new processing, networking infrastructure, data storage, and management capabilities. This massive volume of data may be used to provide high-value information for decision support and data-intensive science research, etc. However, owing to the nature of IoT in distribution, virtualisation, cloud integration, and internet connectivity, the IoT environment is prone to various cyber-attacks and security issues. Hence, the increasing frequency and potency of recent attacks and constantly evolving attack vectors necessitate the development of improved detection methods. Therefore, this study proposes a distributed computing-based security model to safeguard big data systems. The proposed ensemble multi binary attack model (EMBAM) is an intrusion detection system (IDS) that offers a unique anomaly based IDS to detect normal behaviour and abnormal attack(s), for example, threats in a network. EMBAM ensembles multiple binary classifiers into a single model through stacking. The core binary model is a decision tree classifier with hyperparameters optimised using the grid search method. The use of multiple binary classifiers allows each binary classifier to adopt the limitations of the others. Empirical analysis of the experimental profile of the EMBAM has been discussed with eight-plus state-of-the-art methods using performance metrics, such as accuracy, detection rate, precision, specificity, false alarm rate, and F1-score. EMBAM can recognise multiple attack types as a star plug and play advantageous in a highly dynamic scheme. The proposed approach outperforms existing approaches on the UNSW-NB15 dataset and yields competitive results on the CICIDS2017 dataset.","0","50"
"R161","WoS","AI-Driven Intelligent Intrusion Detection for Real-Time Network Threat Analysis in Enterprise and Cloud Networks","Egho-Promise, EI; Udoh, E; Gashi, E; Ola, B; Chennareddy, V; Yerabolu, MR","2026","INFORMATION","10.3390/info17070669","WOS:001832062100001","Article","English","gold","AI-Driven Intrusion Detection; TAN-GRU; Hybrid Enterprise-Cloud Networks; real-time threat analysis; explainable AI (XAI); network security; Anomaly Detection; high-throughput networks","","The rapid advancement of enterprise and cloud networks has significantly increased the complexity and scale of cyber threats, making conventional signature-based Intrusion Detection Systems (IDSs) insufficient. This paper presents the concept of an Intelligent Hybrid-Inference Network Intrusion Detection System (IHI-NIDS) powered by AI for real-time threat detection in high-velocity enterprise and cloud environments. IHI-NIDS combines Gated Recurrent Units (GRUs) for temporal sequence modelling with a multi-head self-attention mechanism, accounting for both short-range packet dynamics and long-range dependencies that signal multi-stage attacks. The system supports hybrid datasets that combine enterprise packet flows (PCAP/NetFlow) and cloud telemetry (VPC Flow Logs). It uses strong scaling and dimensionality reduction via PCA as the main approach to guarantee computational efficiency. Assessment of a composite dataset of 1.2 million flows indicates a detection rate of 97.8, recall of 96.1, F1-score of 96.5, and false alarm rate of 2.1, validating the capability to detect both enterprise-level and cloud-based threats. SHAP-based explainability highlights key features that affect predictions, which security analysts can use. Based on latency measurements, it can be deployed in real time to high-throughput networks, whereas temporal generalisation tests demonstrate its ability to withstand unobserved attack sequences. This article makes IHI-NIDS a scalable, interpretable, high-performance solution for current hybrid network security, filling the gap between operational viability and predictive AI-based defence.","0","51"
"R162","WoS","A novel artificial intelligence based wireless local area network channel access control scheme for low latency e-health applications","Liu, ZX; Lv, YX; Bi, MH; Zhai, YR","2023","IET COMMUNICATIONS","10.1049/cmu2.12668","WOS:001048696700001","Article","English","Green Submitted, gold","access control; delay; telecommunication network management; wireless LAN","PREDICTION; INTERNET","To effectively support low-latency e-health applications, a novel artificial intelligence-based wireless local area network (WLAN) channel access control scheme named intelligent hybrid channel access (IHCA) is proposed and studied. In the IHCA scheme, each beacon interval comprises multiple cycles, with each cycle containing a contention-free period (CFP) and a contention period (CP). By adopting an artificial neural network (ANN) and utilizing its calculation outputs to (1) decide whether to poll a hub during the CFP and (2) determine the initial backoff count (IBC) of each hub, polling of empty hubs during CFP can be reduced, and collisions during CP can be relieved. The authors' simulation results show that the IHCA scheme can effectively reduce latency compared to the Hybrid coordination function Controlled Channel Access (HCCA) and the Request based Polling Access (RPA) reference designs.","0","52"
"R163","WoS","Scalable and Generalizable Cross-Domain Invariant Network Analysis and Intrusion Detection System Using Deep Learning","Francis, GT; Gashut, A; Alayedi, M; Malkawi, M","2026","IEEE OPEN JOURNAL OF THE COMMUNICATIONS SOCIETY","10.1109/OJCOMS.2026.3677692","WOS:001748485200010","Article","English","Green Submitted, gold","Feature extraction; Accuracy; Intrusion detection; Training; Real-time systems; Convolutional neural networks; Computational modeling; Anomaly detection; Telemetry; Network analyzers; Cross-domain network analysis; intrusion detection system; deep learning; generalizability; scalability; invariant feature analysis","INTERNET","Modern networks are increasingly complex and diverse-especially with the rapid growth of the Internet of Things (IoT) and Industrial IoT (IIoT)-so intrusion detection (ID) models that are tightly coupled to a single dataset or environment often fail when deployed elsewhere. This work studies cross-domain generalization within network-traffic domains and proposes a scalable neural classifier trained with quasi-Newton optimization: NN-BFGS in WEKA (MLPClassifier) and its low-memory variant NN-LBFGS in Python (scikit-learn). We evaluate on three widely used corpora: CICIDS_2017 (general network traffic), MQTT_IDS (protocol-specific), and ToN_IoT (system/host telemetry). Across MQTT scenarios, the proposed model achieves > 99.90% accuracy with near-perfect recall and minimal false positives; on CICIDS_2017 it is robust across seven attack groups. We also assess scalability on merged scenarios, where performance is retained. From a feature perspective, we identify a compact set of 3 feature types (packet transmission, transmission pattern, and flags) that are invariant between the network-traffic datasets and can guide future model design and dataset construction. Finally, we present a reusable workflow architecture to facilitate building similar scalable ID systems.","0","53"
"R164","WoS","Performance Analysis of an AI-Based IDS xApp for Cyberattack Anomaly Detection in O-RAN Near-RT RIC","Yu, HYS; Kim, H","2026","CMES-COMPUTER MODELING IN ENGINEERING & SCIENCES","10.32604/cmes.2026.082095","WOS:001785631000001","Article","English","gold","Open RAN security; near-RT RIC; IDS xApp; AI-driven intrusion detection; inference latency","","The introduction of the Open Radio Access Network (O-RAN) architecture enhances network flexibility but introduces novel security threats targeting open interfaces and the RAN Intelligent Controller (RIC). Particularly in the Near-RT RIC environment, an effective Intrusion Detection System (IDS) that satisfies strict near-real-time constraints of within 1 s is essential to defend against cyber attacks. This paper proposes an Artificial Intelligence (AI)-based IDS xApp designed for real-time cyber attack monitoring in the O-RAN Near-RT RIC environment, and quantitatively analyzes its anomaly detection performance and inference latency characteristics against multi-layer security threats utilizing Open RAN Centralized Unit(O-CU) network layer data and Open RAN Distributed Unit (O-DU) radio telemetry data. Evaluation using a public dataset (NetsLab 5G O-RAN IDD) on four deep learning models (LSTM, CNN, Transformer, Autoencoder) showed that supervised learning-based models achieved high F1-scores (reaching up to 0.99) on both datasets. Furthermore, their performance variation remained highly stable at approximately the +/- 0.1 pp level upon transition from the training environment (the Service and Management Orchestration, SMO) to the deployment environment (Near-RT RIC). In the inference latency analysis, the system's scalability was evaluated by increasing the number of prediction instances up to 80,000. The results confirmed that the latency follows a highly predictable linear time complexity (O(N)). Specifically, the LSTM, CNN, and Autoencoder models successfully maintained a response time within 1000 ms even under the maximum load of 80,000 instances across both datasets, whereas the computationally heavy Transformer model experienced resource exhaustion in the KServe inference pod at approximately 20,000 instances, causing the inference process to terminate and rendering further measurement infeasible. Comprehensively, the LSTM model demonstrated the most outstanding balance between performance and operational efficiency by recording stable detection performance, short tail latency (approximately 140 ms at P99), and low training resource consumption. This study experimentally demonstrates the anomaly detection performance of the IDS xApp in the O-RAN near-real-time control environment, and comprehensively verifies its practical effectiveness by considering both inference latency and resource consumption.","0","54"
"R165","WoS","Deep Learning Based Anomaly Detection for Fog-Assisted IoVs Network","Yaqoob, S; Hussain, A; Subhan, F; Pappalardo, G; Awais, M","2023","IEEE ACCESS","10.1109/ACCESS.2023.3246660","WOS:000942268900001","Article","English","Green Submitted, Green Accepted, gold","Security; Cloud computing; Anomaly detection; Edge computing; Heuristic algorithms; Servers; Network intrusion; Fog computing; smooth communication; Internet of Vehicles; anomaly detection; fog-assisted IoVs","CONGESTION AVOIDANCE; ATTACK DETECTION; INTRUSION DETECTION; INTERNET; VEHICLES; AUTOENCODER; CHALLENGES; SCHEME","Internet of vehicles (IoVs) allows millions of vehicles to be connected and share information for various purposes. The main applications of IoVs are traffic management, emergency messages delivery, E-health, traffic, and temperature monitoring. On the other hand, IoVs lack in location awareness and geographic distribution, which is critical for some IoVs applications such as smart traffic lights and information sharing in vehicles. To support these topographies, fog computing was proposed as an appealing and novel term, which was integrated with IoVs to extend storage, computation, and networking. Unfortunately, it is also challenged with various security and privacy hazards, which is a serious concern of smart cities. Therefore, we can formulate that Fog-assisted IoVs (Fa-IoVs), are challenged by security threats during information dissemination among mobile nodes. These security threats of Fa-IoVs are considered as anomalies which is a serious concern that needs to be addressed for smooth Fa-IoVs network communication. Here, smooth communication refers to less risk of important data loss, delay, communication overhead, etc. This research work aims to identify research gaps in the Fa-IoVs network and present a deep learning-based dynamic scheme named CAaDet (Convolutional autoencoder Aided anomaly detection) to detect anomalies. CAaDet exploits convolutional layers with a customized autoencoder for useful feature extraction and anomaly detection. Performance evaluation of the proposed scheme is done by using the F1-score metric where experiments are carried out by exploiting a benchmark dataset named NSL-KDD. CAaDet also observes the behavior of fog nodes and hidden neurons and selects the best match to reduce false alarms and improve F1-score. The proposed scheme achieved significant improvement over existing schemes for anomaly detection. Identified research gaps in Fa-IoVs can give future directions to researchers and attract more attention to this new era.","0","55"
"R166","WoS","An Operational Hybrid SIEM Framework for OT Anomaly Detection","Rahmani, J; Çakmakçi, SD; Detken, KO; Sikora, A","2026","SENSORS","10.3390/s26103155","WOS:001777261500001","Article","English","Green Submitted, gold","SIEM; anomaly detection; multi-layer telemetry; autoencoder; edge computing; operational technology; industrial Internet of Things; MITRE ATT&CK","","Security monitoring in Industrial Internet of Things environments requires telemetry that spans Information Technology (IT) and Operational Technology (OT) network layers, and most public datasets capture only one such view. We describe a design pattern for hybrid Security Information and Event Management (SIEM) deployments in OT environments (rule-based detection plus edge-deployed machine learning anomaly detection writing into a shared index) and validate it on a Modbus/Jetson/Elastic instance. The pattern is platform-independent: any rule engine that exposes a query language and any edge device with adequate memory headroom can host an instance, and the paper documents the architectural choices that make this portability concrete. The validated instance comprises 27 rules in Kibana Query Language mapped to MITRE Adversarial Tactics, Techniques, and Common Knowledge, plus a CNN-BiLSTM autoencoder on a Jetson Orin Nano that reaches a true positive rate of 1.000 at the 98th-percentile validation threshold and 0.997 at the 99.5th-percentile threshold on a 9997-flow held-out attack partition. Runtime behaviour on the edge hardware is characterised under steady state and adversarial burst, including the queue-wait regime that dominates tail latency. A self-contained calibration step projects rule and model evidence onto a common scale for downstream fusion.","0","56"
"R167","WoS","A group-key-based sensitive attribute protection in cloud storage using modified random Fibonacci cryptography","Sumathi, M; Sangeetha, S","2021","COMPLEX & INTELLIGENT SYSTEMS","10.1007/s40747-020-00162-3","WOS:000540659700001","Article","English","gold","Attribute group; Modified random Fibonacci cryptography; Group key; Sensitive attribute","ACCESS-CONTROL; SECURE","Cloud computing is an eminent technology for providing a data storage facility with efficient storage, maintenance, management and remote backups. Hence, user data are shifted from customary storage to cloud storage. In this transfer, the sensitive attributes are also shifted to cloud storage with high-end security. Current security techniques are processed with high encryption time and provide identical security of entire data with single key dependent. These processes are taking high computational time and leaks entire information if the key is hacked. The proposed Group Key Based Attribute Encryption using Modified Random Fibonacci Cryptographic (MRFC) technique rectifies these issues. Instead of machine learning technique, data owner preference-based attributes segregation is used to divide an input dataset into sensitive and non-sensitive attribute groups. Based on inter-organization usage and data owner's willingness, sensitive attribute is divided into 'n + 1 ' subgroups and each subgroup is encrypted by 'n + 1' group keys. The encrypted sensitive subgroups are merged with non-sensitive attributes and uploaded into a private cloud. The novelties of this paper are, (1) data owner preferred sensitive attribute classification instead of machine learning algorithms, (2) sensitive attribute encryption instead of entire attributes, (3) To reduce encryption time without compromising data owner privacy, (4) To decrypt and access the required subgroup instead of the entire attribute. Our experimental results show that, the proposed method takes minimal processing time, better classification accuracy and minimal memory space with high security to selected attributes as compared to existing classification and security techniques. Hence, sensitive data security and privacy is achieved with minimal processing cost.","0","57"
"R168","WoS","FPGA-Accelerated Machine Learning for Computational Environmental Information Processing in IoT-Integrated High-Density Nanosensor Networks","Dafhalla, AKY; Ali, FAE; Eldeen, AIG; Ahmed, IS; Filali, A; Zahou, AME; AlShaer, AA; Elfaki, SBA; Eltayeb, RM; Adam, T","2026","INFORMATION","10.3390/info17040354","WOS:001749726900001","Article","English","Green Submitted, gold","machine learning; high-density nanosensor networks; IoT-integrated smart greenhouse; environmental information processing; precision agriculture; sustainable agriculture systems","","This study presents a nanosensor network system for autonomous microclimate optimization in precision horticulture, leveraging a field-programmable gate array (FPGA)-based control architecture that is integrated with an edge-level machine learning inference. Unlike the conventional greenhouse automation systems, which exhibit thermal and hygroscopic hysteresis often exceeding 32 degrees C and 78% relative humidity, the proposed framework embeds a random forest regression (RFR) model directly within the Altera DE2-115 FPGA fabric to enable predictive environmental regulation. The model achieved an R2 of 0.985 and root mean square error (RMSE) of 0.28 degrees C, allowing proactive compensation for the thermodynamic disturbances from the high-intensity light-emitting diode (LED) lighting with a 120 s predictive horizon. The real-time monitoring and remote supervision were supported via a NodeMCU-based IoT gateway, achieving a 140 ms mean communication latency and a 99.8% packet delivery reliability. The preliminary validation using lettuce (Lactuca sativa) optimized the environmental parameters, while the subsequent experiments with pepper (Capsicum annuum), a commercially important and environmentally sensitive crop, demonstrated system performance under real-world conditions. The control system maintained a temperature and humidity within +/- 0.3 degrees C and +/- 1.2% of the setpoints, respectively, and outperformed the baseline rule-based control with a 28% increase in fresh biomass, a 22% improvement in dry matter accumulation, a 25% reduction in actuator duty-cycle switching, and an 18% decrease in overall energy consumption. These results highlight the efficacy of FPGA-integrated edge intelligence combined with low-latency IoT telemetry as a scalable, energy-efficient, and high-fidelity solution for sub-degree environmental control in next-generation, controlled-environment, and vertical farming systems.","0","58"
"R169","WoS","Cloud-Driven Data Analytics for Growing Plants Indoor","Kharraz, N; Szabó, I","2025","AGRIENGINEERING","10.3390/agriengineering7040101","WOS:001474756800001","Article","English","Green Submitted, gold","precision agriculture; cloud computing; data analytics; artificial intelligence; IoT; Raspberry Pi; real-time data processing; sustainable farming","AGRICULTURE; GROWTH","The integration of cloud computing, IoT (Internet of Things), and artificial intelligence (AI) is transforming precision agriculture by enabling real-time monitoring, data analytics, and dynamic control of environmental factors. This study develops a cloud-driven data analytics pipeline for indoor agriculture, using lettuce as a test crop due to its suitability for controlled environments. Built with Apache NiFi (Niagara Files), the pipeline facilitates real-time ingestion, processing, and storage of IoT sensor data measuring light, moisture, and nutrient levels. Machine learning models, including SVM (Support Vector Machine), Gradient Boosting, and DNN (Deep Neural Networks), analyzed 12 weeks of sensor data to predict growth trends and optimize thresholds. Random Forest analysis identified light intensity as the most influential factor (importance: 0.7), while multivariate regression highlighted phosphorus (0.54) and temperature (0.23) as key contributors to plant growth. Nitrogen exhibited a strong positive correlation (0.85) with growth, whereas excessive moisture (-0.78) and slightly elevated temperatures (-0.24) negatively impacted plant development. To enhance resource efficiency, this study introduces the Integrated Agricultural Efficiency Metric (IAEM), a novel framework that synthesizes key factors, including resource usage, alert accuracy, data latency, and cloud availability, leading to a 32% improvement in resource efficiency. Unlike traditional productivity metrics, IAEM incorporates real-time data processing and cloud infrastructure to address the specific demands of modern indoor farming. The combined approach of scalable ETL (Extract, Transform, Load) pipelines with predictive analytics reduced light use by 25%, water by 30%, and nutrients by 40% while simultaneously improving crop productivity and sustainability. These findings underscore the transformative potential of integrating IoT, AI, and cloud-based analytics in precision agriculture, paving the way for more resource-efficient and sustainable farming practices.","0","59"
"R170","WoS","Machine learning-based early incident detection system in a bakery plant's industrial network: a cognitive model for counteracting hybrid threats","Amirkhanova, GA; Prokopovych-Tkachenko, DI; Adilzhanova, SA; Zubchenko, N; Bektemir, LE","2026","FRONTIERS IN COMPUTER SCIENCE","10.3389/fcomp.2026.1751284","WOS:001715369500001","Article","English","gold","anomaly detection; CNN-LSTM; deep learning; digital twin; industrial control systems (ICS); User and Entity Behavior Analytics (UEBA); zero trust","","Introduction In the context of growing cyber risks to critical industries, including bakery complexes, this paper proposes a cognitive architecture for early incident detection in the operational technology (OT) network.Methods The architecture integrates User and Entity Behavior Analytics (UEBA), a Security Information and Event Management (SIEM) system, and Zero Trust principles, focusing on hybrid threats: from external attacks on industrial controllers, such as programmable logic controllers (PLCs) to internal operator errors. At the analytics layer, two complementary deep learning pipelines are used: a convolutional neural network (CNN) + long short-term memory (LSTM) (CNN + LSTM) model for detecting low-level network patterns (Byte2Image) and an autoencoder (AE) combined with LSTM (AE + LSTM model) for predicting time-series data and identifying anomalies in equipment telemetry. An adaptive threshold decision procedure is introduced for the first time, optimizing both accuracy and computational resources on edge nodes. The architecture complies with the IEC 62443 and ISO/IEC 27019 standards.Results and discussion High performance metrics, specifically Precision, were demonstrated in the bakery plant's digital twin scenarios.","0","60"
"R171","WoS","An Intelligent Intrusion Detection System in Smart Grid Using PRNN Classifier","Ganesan, P; Xavier, SAE","2023","INTELLIGENT AUTOMATION AND SOFT COMPUTING","10.32604/iasc.2023.029264","WOS:000861046500007","Article","English","hybrid","Intrusion detection system; anomaly detection; smart grid; power quality enhancement; unified power quality controller; harmonics elimination; fault rectification; improved aquila swarm optimization; detection rate","","Typically, smart grid systems enhance the ability of conventional power system networks as it is vulnerable to several kinds of attacks. These vulnerabil-ities might cause the attackers or intruders to collapse the entire network system thus breaching the confidentiality and integrity of smart grid systems. Thus, for this purpose, Intrusion detection system (IDS) plays a pivotal part in offering a reliable and secured range of services in the smart grid framework. Several exist-ing approaches are there to detect the intrusions in smart grid framework, however they are utilizing an old dataset to detect anomaly thus resulting in reduced rate of detection accuracy in real-time and huge data sources. So as to overcome these limitations, the proposed technique is presented which employs both real-time raw data from the smart grid network and KDD99 dataset thus detecting anoma-lies in the smart grid network. In the grid side data acquisition, the power trans-mitted to the grid is checked and enhanced in terms of power quality by eradicating distortion in transmission lines. In this approach, power quality in the smart grid network is enhanced by rectifying the fault using a FACT device termed UPQC (Unified Power Quality Controller) and thereby storing the data in cloud storage. The data from smart grid cloud storage and KDD99 are pre-pro-cessed and are optimized using Improved Aquila Swarm Optimization (IASO) to extract optimal features. The probabilistic Recurrent Neural Network (PRNN) classifier is then employed for the prediction and classification of intrusions. At last, the performance is estimated and the outcomes are projected in terms of grid voltage, grid current, Total Harmonic Distortion (THD), voltage sag/swell, accu-racy, precision, recall, F-score, false acceptance rate (FAR), and detection rate of the classifier. The analysis is compared with existing techniques to validate the proposed model efficiency.","0","61"
"R172","WoS","AutoScaleAI: An AI-Powered Framework for Cloud Resource Optimization Using Telemetry Analytics","Gouri, F; Kota, CPK; Shivnatri, M; Jain, K","2026","IEEE ACCESS","10.1109/ACCESS.2026.3677437","WOS:001732696000014","Article","English","Green Submitted, gold","Telemetry; Forecasting; Costs; Anomaly detection; Predictive models; Optimization; Long short term memory; Cloud computing; Resource management; Accuracy; AI telemetry analytics; anomaly detection; Azure infrastructure; cloud computing; cost reduction; distributed applications; gradient boosting; hybrid AI systems; real-time scaling; resource forecasting","","Cloud infrastructure operators face increasing challenges in balancing performance, cost, and reliability due to dynamic workloads and complex interdependencies. This paper presents AutoScaleAI, an AI-driven telemetry analytics framework designed to proactively optimize cloud resource utilization and reduce operational costs. The framework integrates a hybrid prediction model combining Gradient Boosting Machines (GBM) and Long Short-Term Memory (LSTM) networks to forecast short-horizon CPU, memory, and network utilization trends, enabling proactive scaling decisions. It further incorporates a two-tier anomaly detection engine combining Isolation Forest (IF) and Variational Autoencoders (VAE) to identify sudden workload surges, latency deviations, and telemetry drift that may violate service level objectives. Telemetry data modeled on real-world Azure deployments (synthetic simulations validated against historical traces) are used to train and evaluate the system across compute, storage, and network dimensions. In addition, we conduct a controlled real-world pilot on Azure Kubernetes Service (AKS) with live telemetry and production APIs, validating end-to-end feasibility and quantifying operational overhead. Experimental results show that AutoScaleAI achieves up to 38% cost reduction and a 35% increase in resource efficiency, outperforming traditional threshold-based and deep reinforcement learning baselines. Additionally, the system achieves a decision latency of 235 milliseconds, making it suitable for real-time cloud optimization scenarios. AutoScaleAI is further validated through real-world case studies in e-commerce, finance, and healthcare environments. This work contributes a scalable and adaptive solution for AI-powered cloud management, offering practical benefits for both hyperscale providers and enterprise consumers.","0","62"
"R173","WoS","An Intrusion Detection System Using Modified-Firefly Algorithm in Cloud Environment","Ghosh, P; Sarkar, D; Sharma, J; Phadikar, S","2021","INTERNATIONAL JOURNAL OF DIGITAL CRIME AND FORENSICS","10.4018/IJDCF.2021030105","WOS:000619811300005","Article","English","gold","Cloud Computing; Feature Selection; Firefly Algorithm (FA); Intrusion Detection System (IDS); NSL-KDD Dataset; Particle Swarm Optimization (PSO)","CLASSIFICATION","The present era is being dominated by cloud computing technology which provides services to the users as per demand over the internet. Satisfying the needs of huge people makes the technology prone to activities which come up as a threat. Intrusion detection system (IDS) is an effective method of providing data security to the information stored in the cloud which works by analyzing the network traffic and informs in case of any malicious activities. In order to control high amount of data stored in cloud, data is stored as per relevance leading to distributed computing. To remove redundant data, the authors have implemented data mining process such as feature selection which is used to generate an optimum subset of features from a dataset. In this paper, the proposed IDS provides security working upon the idea of feature selection. The authors have prepared a modified-firefly algorithm which acts as a proficient feature selection method and enables the NSL-KDD dataset to consume less storage space by reducing dimensions as well as less training time with greater classification accuracy.","0","63"
"R174","WoS","An explainable multimodal temporal deep learning framework for intrusion detection (EMT-IDNet) in IoT environments","Jain, A; Khanna, A; Pimpalkar, A; Dewangan, BK; Shelke, N","2026","SCIENTIFIC REPORTS","10.1038/s41598-026-53557-6","WOS:001826699800006","Article","English","Green Submitted, gold","Multi-modal threat detection; Explainable AI; Intrusion detection system; Internet of Things; Cyberattacks","TON-IOT","The high rate of Internet of Things (IoT) ecosystem development presents a significant security problem because of the heterogeneity of devices, dynamic network behaviour, and the lack of built-in security features. Traditional intrusion detection systems (IDS) cannot detect multi-stage attacks to IoT systems, and this issue is mainly due to their use of single-modality information and the poor temporal modeling properties of these applications. This paper seeks to overcome these shortcomings by offering the explainable multimodal temporal deep learning framework of intrusion detection (EMT-IDNet). The proposed model combines different data sources network traffic, logs on host operating system and IoT telemetry using modality-specific encoders and cross-modal attention-based fusion block. Temporal attention module gets ultimate attack sequences and detects key time moments related to malicious actions. Additionally, an attention-based hierarchical multi-layered perceptron (TA-MLP) classifier can be used to identify binary and multi-class intrusion with high efficiency and interpretability as demonstrated by visualization of attention weights. Empirical testing on TON-IoT data reveals that EMT-IDNet has a binary classification with 99.98% accuracy, 99.99% precision, 99.97% recall and 99.98% F1-score, and its AUC value is 0.9999. The framework offers significant temporal as well as modality-level explanations, which increase trust and practical utility to applications in the real world IoT security.","0","64"
"R175","WoS","RoboLSTM-IDS: multi-dataset evaluation of deep learning framework for UAV network","Attaullah, HM; Khan, IU; Alam, MM; Ud, MMS; Kaushik, K","2026","PEERJ COMPUTER SCIENCE","10.7717/peerj-cs.3500","WOS:001707856600001","Article","English","Green Submitted, gold","UAV; IDS; Anomaly detection; RoboLSTM; Intrusion detection; RoboLSTM-IDS; Multidataset FRAMEWORK; Cyber physical attacks; UAV classical attacks","INTRUSION DETECTION SYSTEM; SECURITY; ATTACKS","The growing deployment of uncrewed aerial vehicles (UAV) in autonomous and networked missions has heightened their exposure to both cyber and cyber-physical attacks, underscoring the need for intelligent and lightweight intrusion detection systems (IDS) solutions. This study introduces RoboLSTM-IDS, a deep anomaly-based framework that combines robust feature engineering with temporal sequence modeling for UAV network security. Leveraging Robust Optimization-Based Tabular Feature Engineering (ROBOTa), a robust optimization-based feature selection technique-the system extracts stable, high-impact features from complex UAV telemetry and communication data. These are modeled using a Long Short-Term Memory network to capture sequential attack dynamics. Comprehensive experiments conducted on five benchmark datasets, including real-world UAV cyber-physical data (T-ITS), CICIDS-2017, UNSW-NB15, and their CTGAN-augmented variants, demonstrate that RoboLSTM-IDS consistently outperforms traditional machine learning and deep learning baselines. It achieves up to 99.62% accuracy and 0.997 AUC, while maintaining low false positive rates and real-time execution performance. Unlike conventional IDS models that are computationally heavy, proposed model achieves a 6 & times; smaller model size, 3 & times; lower memory footprint, and significantly reduced inference latency. These results confirm RoboLSTM-IDS as an effective and scalable IDS solution tailored for next-generation UAV ecosystems.","0","65"
"R176","WoS","Artificial intelligence-powered cloud security strategies for protecting critical clinical operations in healthcare environments","Dixit, RS; Choudhary, SL; Arya, N; Nathani, N; Bhowmik, C; Roy, V; Jain, S","2026","SCIENTIFIC REPORTS","10.1038/s41598-026-55522-9","WOS:001859333200012","Article","English","Green Submitted, gold","Artificial intelligence; Cloud security; Healthcare cybersecurity; Clinical operations protection; Intelligent threat detection; Behavioral access control; Federated threat intelligence","","The increasing use of cloud computing in hospitals, telemedicine, the Internet of Medical Things (IoMT) and real-time patient monitoring has made for an increasing trend of artificial intelligence-driven cloud security in hospitals. The growing reliance on distributed healthcare clouds layers the cyber-attack surface, however, with critical clinical operations now at risk from ransomware attacks, insider threats, API exploitation, and advanced persistent attacks. This research study introduces a novel AI-integrated cloud security framework tailored for safeguarding mission critical applications in the healthcare sector featuring an intelligent threat detection component, a probabilistic risk evaluation system, and an adaptive response orchestration system. The proposed architecture is built-in by using telemetry normalization, probabilistic behaviour modelling, deep autoencoders for anomaly detection, Bayesian approach for threat probability estimation, multi-objective risk scoring and reinforcement learning for adaptive mitigation. An experimental validation was performed with the CICIDS2017 dataset including around two million samples of network traffic data across various attack categories. The experimental results show that excellent performances have been achieved with an accuracy of 0.96, precision of 0.95, recall of 0.94, F1score of 0.95 and AUC of 0.98 with low latency of around 26 ms and reduced false positive rate of 0.03. A comparative analysis against the current cloud security methods also confirms the effectiveness of the proposed framework in delivering better operational security, response time and the availability of clinical services, providing the continuous clinical service that healthcare organizations require. The research showcases how incorporating AI with responsive cloud security mechanisms can offer a scalable and resilient defense against today's healthcare cloud infrastructures.","0","66"
"R177","WoS","Cloud-Based Smart Contract Analysis in FinTech Using IoT-Integrated Federated Learning in Intrusion Detection","Kollu, VN; Janarthanan, V; Karupusamy, M; Ramachandran, M","2023","DATA","10.3390/data8050083","WOS:000996611000001","Article","English","Green Submitted, gold","intrusion detection system; FinTech; IoT federated learning architecture; smart contract analysis; cloud computing","ARCHITECTURE","Data sharing is proposed because the issue of data islands hinders advancement of artificial intelligence technology in the 5G era. Sharing high-quality data has a direct impact on how well machine-learning models work, but there will always be misuse and leakage of data. The field of financial technology, or FinTech, has received a lot of attention and is growing quickly. This field has seen the introduction of new terms as a result of its ongoing expansion. One example of such terminology is FinTech. This term is used to describe a variety of procedures utilized frequently in the financial technology industry. This study aims to create a cloud-based intrusion detection system based on IoT federated learning architecture as well as smart contract analysis. This study proposes a novel method for detecting intrusions using a cyber-threat federated graphical authentication system and cloud-based smart contracts in FinTech data. Users are required to create a route on a world map as their credentials under this scheme. We had 120 people participate in the evaluation, 60 of whom had a background in finance or FinTech. The simulation was then carried out in Python using a variety of FinTech cyber-attack datasets for accuracy, precision, recall, F-measure, AUC (Area under the ROC Curve), trust value, scalability, and integrity. The proposed technique attained accuracy of 95%, precision of 85%, RMSE of 59%, recall of 68%, F-measure of 83%, AUC of 79%, trust value of 65%, scalability of 91%, and integrity of 83%.","0","67"
"R178","WoS","SecureMD5: A new stream cipher for secure file systems and encryption key generation with artificial intelligence","Montano, IH; Diaz, JR; Molina-Cardín, S; López, JJG; Aranda, JJG; Díez, ID","2026","COMPUTER STANDARDS & INTERFACES","10.1016/j.csi.2025.104047","WOS:001548353600001","Article","English","hybrid","Encryption algorithm; Encryption key generation; Artificial intelligence; Information security; Insider threat","FACE RECOGNITION; HAND GEOMETRY; ATTACKS","The insider threat to sensitive information posed by employees or partners of an organisation remains a major cybersecurity challenge. In this regard, the measures taken by organisations and companies to protect information are often insufficient. Primarily, due to the legitimate access and knowledge of security holes that these individuals possess. This study proposes SecureMD5, an encryption algorithm designed specifically for secure file systems (SFS). The algorithm is based on custom one-way functions integrated into an encryption scheme that operates at the byte level. It uses 11 dynamic variables generated from contextual parameters such as file position, access time, random values, and user-specific keys. This approach ensures that SecureMD5 does not inherit the known vulnerabilities of MD5 as a standard cryptographic algorithm. Consequently, SecureMD5 is presented as an adaptive and robust solution that addresses the challenges posed by insider threats in SFS. In parallel, a modular contextual key generation scheme is proposed, which can incorporate various challenges such as user identity, access time and device location. Biometric key generation based on Artificial Intelligence (AI) methods is evaluated independently from the validation of the encryption algorithm. In the evaluated biometric key generation scheme, the AI models MediaPipe Hand Landmark and LBPHFaceRecognizer from OpenCV have been used. These methods are part of a sub-key generation scheme based on contextual challenges. This scheme eliminates the need for key storage for dynamic and secure access to sensitive information. SecureMD5 was validated by diffusion, confusion, entropy and performance analysis. It achieved 31 % higher entropy than comparable algorithms. Performance improved by 0.32 % compared to RC4. It also passed 87 % of NIST 800-22 tests, demonstrating its robustness against cryptographic vulnerabilities. In addition, SecureMD5 balances security and performance, with encryption times 25 % faster than a modified AES algorithm for 10 MB files. Biometric key generation methods were evaluated using metrics such as precision, accuracy, false acceptance rate and specificity, achieving satisfactory values above 80 % on all metrics. This work addresses critical gaps in information security, providing significant advances in protecting SFS against insider threats. The design and adaptability of SecureMD5 make it particularly suitable for sectors with strict security requirements, such as healthcare, finance, and corporate data management. Its ability to enable dynamic and secure access control addresses the real challenges posed by protecting confidential information from internal threats.","0","68"
"R179","WoS","Real-Time Anomaly Detection Using Federated Learning in Edge Devices","Joshi, V; Chowdhury, A; Pal, A; Singh, VK; Rathore, RS","2026","SOFTWARE-PRACTICE & EXPERIENCE","10.1002/spe.70101","WOS:001869573500001","Article; Early Access","English","Green Submitted","anomaly detection; clustered federated learning (CFL); edge computing; federated learning; intrusion detection system","","Background The widespread expansion of IoT devices has significantly increased the scope for malicious activities on the part of cybercriminals. This has made edge computing highly vulnerable to various types of network intrusions, including DDoS floods and brute-force attacks. However, traditional centralized Intrusion Detection Systems (IDS) do not address these concerns due to their inherent latency and lack of consideration of data privacy. To overcome these drawbacks of traditional IDS, we have developed a distributed real-time anomaly detection system architecturally designed for deployment on edge computing hardware.Method A monitoring agent collects system and network telemetry and real-time network flow data on a Raspberry Pi similar to 3 and sends it to a centralized server via a TCP socket. The server uses a dual-engine detection system consisting of rule-based heuristics and a DNN model. To address the concerns of data privacy and non-IID data distribution inherent to distributed IoT networks, our system uses a collaboratively trained DNN model using three different Federated Learning (FL) techniques: Clustered Federated Learning (CFL), FedDyn, and FedNova.Results These techniques were evaluated on the CIC-IoT-DIAD similar to 2024 dataset with severe non-IID data distribution. The results show that CFL outperforms others with an F1-score of 0.89 and an AUC of 0.95. This work shows that production-grade, privacy-preserving intrusion detection is feasible in IoT networks at the edge.","0","69"
"R180","WoS","A Cloud Intrusion Detection Systems Based on DNN Using Backpropagation and PSO on the CSE-CIC-IDS2018 Dataset","Alzughaibi, S; El Khediri, S","2023","APPLIED SCIENCES-BASEL","10.3390/app13042276","WOS:000938766200001","Article","English","Green Submitted, gold","cloud computing; artificial neural networks; deep learning; intrusion detection system; particle swarm optimization; backpropagation; multi-layer perceptron; CSE-CIC-IDS2018","NEURAL-NETWORK","Cloud computing (CC) is becoming an essential technology worldwide. This approach represents a revolution in data storage and collaborative services. Nevertheless, security issues have grown with the move to CC, including intrusion detection systems (IDSs). Intruders have developed advanced tools that trick the traditional IDS. This study attempts to contribute toward solving this problem and reducing its harmful effects by boosting IDS performance and efficiency in a cloud environment. We build two models based on deep neural networks (DNNs) for this study: the first model is built on a multi-layer perceptron (MLP) with backpropagation (BP), and the other is trained by MLP with particle swarm optimization (PSO). We use these models to deal with binary and multi-class classification on the updated cybersecurity CSE-CIC-IDS2018 dataset. This study aims to improve the accuracy of detecting intrusion attacks for IDSs in a cloud environment and to enhance other performance metrics. In this study, we document all aspects of our experiments in depth. The results show that the best accuracy obtained for binary classification was 98.97% and that for multi-class classification was 98.41%. Furthermore, the results are compared with those from the related literature.","0","70"
"R181","WoS","A Hybrid Deep Learning Intrusion Detection Model for Fog Computing Environment","Kalaivani, K; Chinnadurai, M","2021","INTELLIGENT AUTOMATION AND SOFT COMPUTING","10.32604/iasc.2021.017515","WOS:000679278600001","Article","English","hybrid","IoT; Fog computing; IDS; deep learning; CNN and LSTM","INTERNET; THINGS","Fog computing extends the concept of cloud computing by providing the services of computing, storage, and networking connectivity at the edge between data centers in cloud computing environments and end devices. Having the intelligence at the edge enables faster real-time decision-making and reduces the amount of data forwarded to the cloud. When enhanced by fog computing, the Internet of Things (IoT) brings low latency and improves real time and quality of service (QoS) in IoT applications of augmented reality, smart grids, smart vehicles, and healthcare. However, both cloud and fog computing environments are vulnerable to several kinds of attacks that can lead to unexpected loss. For example, a denial of service (DoS) attack can block authenticated users by rendering network resources unavailable and consuming network bandwidth unnecessarily. This paper proposes an intrusion classification model using a convolutional neural network (CNN) and Long Short-Term Memory networks (LSTM) to obtain the advantages of deep learning methods in order to accurately predict such attacks. The proposed integrated CNN with LSTM-based Fog Computing Intrusion Detection ICNN-FCID model is used for multi-class attack classification. Our proposed model is demonstrated using NSL-KDD, a benchmark dataset, and provides attack detection accuracy of about 96.5%. Comparisons of the accuracy of our model with both traditional and other recent deep learning approaches show that our model is superior in performance. The ICNN-FCID model can be used in fog layer devices where network traffic is monitored and the attacks are detected. As a result, the cloud server and fog layer devices can be protected from malicious users and are always available in providing services to IoT devices.","0","71"
"R182","WoS","Near Real-Time Anomaly Detection and Localization in Tier-2 ISP Networks","Baguswasito, H; Hilman, MH","2026","IEEE ACCESS","10.1109/ACCESS.2026.3666491","WOS:001706374500044","Article","English","gold","Location awareness; Telemetry; Anomaly detection; Real-time systems; Measurement; Monitoring; Robustness; Production; Costs; Correlation; change-point detection; PELT; network telemetry; round-trip time; interface utilization; ISP networks","","Near real-time anomaly detection and localization are critical requirements for operational Internet Service Provider (ISP) networks, where short-lived performance degradations can significantly affect service quality. However, widely deployed monitoring systems still rely on static thresholds or offline analysis, which are poorly suited to non-stationary traffic patterns and heterogeneous network metrics. This paper presents a near real-time anomaly detection and localization framework for Tier-2 ISP networks based on Round-Trip Time (RTT) and interface utilization telemetry. The proposed method applies a rolling-window exhaustive change-point detection strategy derived from the penalized optimal partitioning formulation associated with the PELT family of methods. Instead of relying on global pruning and fixed penalty selection, all candidate split points are exhaustively evaluated within bounded temporal windows to improve detection stability under dynamic traffic conditions. Detected change points are temporally aggregated across multiple metrics and further analyzed using an ensemble of complementary statistical and density-based techniques, including Z-score deviation analysis, Shape-Based Distance, Multidimensional Scaling, Local Outlier Factor, and Isolation Forest, to enable interface-level anomaly localization. The framework is evaluated using both a public labeled network anomaly dataset and real production telemetry collected from a Tier-2 ISP backbone network. Experimental results on the labeled dataset demonstrate consistent detection performance across multiple Key Performance Indicators (KPIs), achieving F1-scores of up to 0.84. Evaluation on production telemetry further shows that the proposed framework successfully identifies multiple operationally confirmed anomalies while maintaining detection latency suitable for near real-time network operations. Overall, the results indicate that rolling-window exhaustive change-point analysis combined with ensemble-based multivariate localization provides a practical and deployable solution for anomaly detection in large-scale ISP networks.","0","72"
"R183","WoS","Differential and Access Policy Based Privacy-Preserving Model in Cloud Environment","Gupta, R; Singh, AK","2022","JOURNAL OF WEB ENGINEERING","10.13052/jwe1540-9589.2132","WOS:000754943700002","Article","English","gold","Cloud computing; differential privacy; machine learning; privacy-preserving; access control","","Cloud computing has multiple benefits in terms of minimum cost, maximum efficiency, and high scalability, which prompts shifting a large amount of data from the local machine to the cloud environment for storage, computation, and data sharing among various parties stakeholders. However, owners do not fully trust the cloud platform operated by a third party. Therefore, security and privacy emerge as critical issues while sharing data among different parties. In this paper, a novel privacy-preserving model is proposed by utilizing encryption, differential privacy, and machine learning approaches. It facilitates data owners to share their data securely in the cloud environment. The model defines access policy and communication protocol among the involved untrusted parties for data processing and privacy preservation. The proposed model is evaluated by executing experiments using distinct datasets. The achieved results reveal that the proposed model provides high accuracy, precision, recall, and f1-score up to 98%, 98%, 97%, and 97%, respectively, over the state of the art methods.","0","73"
"R184","WoS","Memory-Efficient Deep Learning for Botnet Attack Detection in IoT Networks","Popoola, SI; Adebisi, B; Ande, R; Hammoudeh, M; Atayero, AA","2021","ELECTRONICS","10.3390/electronics10091104","WOS:000649996500001","Article","English","Green Submitted, gold","botnet; cybersecurity; machine learning; deep learning; intrusion detection; network traffic; Internet of Things","INTRUSION DETECTION SYSTEM; INTERNET; THINGS; MITIGATION; FRAMEWORK","Cyber attackers exploit a network of compromised computing devices, known as a botnet, to attack Internet-of-Things (IoT) networks. Recent research works have recommended the use of Deep Recurrent Neural Network (DRNN) for botnet attack detection in IoT networks. However, for high feature dimensionality in the training data, high network bandwidth and a large memory space will be needed to transmit and store the data, respectively in IoT back-end server or cloud platform for Deep Learning (DL). Furthermore, given highly imbalanced network traffic data, the DRNN model produces low classification performance in minority classes. In this paper, we exploit the joint advantages of Long Short-Term Memory Autoencoder (LAE), Synthetic Minority Oversampling Technique (SMOTE), and DRNN to develop a memory-efficient DL method, named LS-DRNN. The effectiveness of this method is evaluated with the Bot-IoT dataset. Results show that the LAE method reduced the dimensionality of network traffic features in the training set from 37 to 10, and this consequently reduced the memory space required for data storage by 86.49%. SMOTE method helped the LS-DRNN model to achieve high classification performance in minority classes, and the overall detection rate increased by 10.94%. Furthermore, the LS-DRNN model outperformed state-of-the-art models.","0","74"
"R185","WoS","An Edge Computing-Based and Threat Behavior-Aware Smart Prioritization Framework for Cybersecurity Intrusion Detection and Prevention of IEDs in Smart Grids With Integration of Modified LGBM and One Class-SVM Models","Algarni, A; Ahmad, Z; Ala'Anzy, MA","2024","IEEE ACCESS","10.1109/ACCESS.2024.3435564","WOS:001286646700001","Article","English","Green Submitted, gold","Smart grids; Computer security; Machine learning; Intrusion detection; Image edge detection; Real-time systems; Internet of Things; Cyberattack; Power distribution planning; cyberattack detection and prevention; IEDs; LGBM; One Class-SVM; intrusions","ANOMALY DETECTION; MANAGEMENT; INTERNET; THINGS","The smart grid environment, which emphasizes sustainability, dependability, and efficiency through smart components such as Intelligent Electronic Devices (IEDs), communication networks, and control systems, marks a revolutionary change in the way traditional power distribution is carried out. As smart grids grow and are integrated into energy distribution networks, these systems become more vulnerable to cybersecurity threats due to their increased connectivity, usage of IEDs, and reliance on digital communication channels. This study presents an edge computing-based, threat behavior-aware smart prioritization framework with binary and multidimensional classification and detection of cybersecurity intrusions through modified machine learning methods. The proposed framework has the potential to improve smart grid cybersecurity by offering a comprehensive defense against intrusion threats. The proposed framework enhances smart grid cybersecurity by utilizing a multi-criteria approach. It implements edge-computing technology for data storage and processing in smart grids. It applies machine-learning models for cybersecurity intrusion detection in IEDs and provides prevention by assigning priorities to the threats based on their behavior. In order to show the effectiveness of the proposed framework, we modified and implemented two machine-learning models, i.e., LGBM and One Class-SVM, as proposed models in the framework. For multidimensional classification and detection of cybersecurity intrusions in IEDs of smart grids, we used LGBM. Whereas, for binary classification and detection of cybersecurity intrusions, we used One Class-SVM. We simulated the detection and classification of cybersecurity intrusions in IEDs using a power system intrusion dataset. The results show that the LGBM model provides an accuracy of 93%, precision of 94%, recall of 93%, and F1 score of 93% in the detection and classification of cybersecurity intrusions in IEDs of smart grids. The implementation of One Class-SVM with binary classification yields an accuracy of 85%, precision of 89%, recall of 85%, and F1 score of 86%. We implemented the benchmark machine-learning models, i.e., Gradient Boosting Machine and Support Vector Machine, for performance comparison with the proposed modified machine-learning models. The performance comparison shows that the modified machine learning models implemented in the proposed framework outperformed the benchmark machine-learning models.INDEX TERMS Smart grids, cyberattack detection and prevention, IEDs, LGBM, One Class-SVM, intrusions.","0","75"
"R186","WoS","Intrusion detection in internet of things using supervised machine learning based on application and transport layer features using UNSW-NB15 data-set","Ahmad, M; Riaz, Q; Zeeshan, M; Tahir, H; Haider, SA; Khan, MS","2021","EURASIP JOURNAL ON WIRELESS COMMUNICATIONS AND NETWORKING","10.1186/s13638-021-01893-8","WOS:000613013300002","Article","English","Green Submitted, gold","IoT; Flow and MQTT cluster; TCP cluster; NIDS","","Internet of Things (IoT) devices are well-connected; they generate and consume data which involves transmission of data back and forth among various devices. Ensuring security of the data is a critical challenge as far as IoT is concerned. Since IoT devices are inherently low-power and do not require a lot of compute power, a Network Intrusion Detection System is typically employed to detect and remove malicious packets from entering the network. In the same context, we propose feature clusters in terms of Flow, Message Queuing Telemetry Transport (MQTT) and Transmission Control Protocol (TCP) by using features in UNSW-NB15 data-set. We eliminate problems like over-fitting, curse of dimensionality and imbalance in the data-set. We apply supervised Machine Learning (ML) algorithms, i.e., Random Forest (RF), Support Vector Machine and Artificial Neural Networks on the clusters. Using RF, we, respectively, achieve 98.67% and 97.37% of accuracy in binary and multi-class classification. In clusters based techniques, we achieved 96.96%, 91.4% and 97.54% of classification accuracy by using RF on Flow & MQTT features, TCP features and top features from both clusters. Moreover, we show that the proposed feature clusters provide higher accuracy and requires lesser training time as compared to other state-of-the-art supervised ML-based approaches.","0","76"
"R187","WoS","Optimizing Alzheimer's Data Analysis Through Multi-Cloud Integration: A Performance and Reliability Approach","Kottapalli, R; Ganteda, C; Bindu, IBNH; Yarlagadda, VO; Vanga, VVVR; Gorumutchu, BV; Shaik, K; Ahmad, H; Abdelfattah, WM; Oqilat, O","2026","RESULTS IN CONTROL AND OPTIMIZATION","10.1016/j.rico.2026.100687","WOS:001741013300001","Article","English","gold","Alzheimer's Disease; Multi-Cloud Integration; Cloud Computing; Data Management; Performance Optimization; Scalability; Predictive Modeling; Deep Learning; Data Analysis; Reliability; Infrastructure Management; Model Performance; Comparative Study; Advanced Classification; Proactive Maintenance; Predictive Analytics; Performance Degradation; Scalability Challenges; Cloud Platforms; and Data Handling","DISEASE PREDICTION; DIAGNOSIS; SYSTEM","Research in Alzheimer's disease demands extensive computational resources and efficient data management due to the large scale and complexity of multimodal biomedical data. This work proposes a multi-cloud integration strategy to enhance performance, scalability, and reliability by leveraging the complementary strengths of Google Cloud Platform (GCP), Microsoft Azure, and Amazon Web Services (AWS). The proposed infrastructure supports scalable computing and storage through AWS, advanced analytics and machine learning workflows via Azure, and high-performance data processing using GCP. Core components include AWS S3 and Azure Blob Storage for resilient data storage, Apache Kafka for real-time data streaming, and Apache Spark for distributed processing. The system is optimized to improve model accuracy (94%), reduce training time (128 minutes), and enable efficient hyperparameter tuning and feature extraction for state-of-the-art deep learning models such as YOLOv4 and EfficientNetB2 used in Alzheimer's detection and classification. Automated scaling and load balancing mechanisms ensure optimal resource utilization, low latency (24ms), and high fault tolerance under varying workloads. Additionally, the architecture demonstrates strong scalability, allowing seamless expansion across cloud environments as data volume and computational demands increase. Performance monitoring and reliability are ensured through cloud-native observability tools such as Prometheus and Grafana, while robust security measures-including data encryption and fine-grained access control-protect sensitive medical data. Overall, the proposed multicloud approach significantly enhances the efficiency, reliability, and performance of Alzheimer's disease assessment, providing a robust and scalable solution for advanced research, with further optimization and refinement identified as future work.","0","77"
"R188","WoS","Cognitive ZTNA: A Neuro-Symbolic AI Approach for Adaptive and Explainable Zero Trust Access Control","Alzahrani, A","2026","MATHEMATICS","10.3390/math14071211","WOS:001738871400001","Article","English","Green Submitted, gold","zero trust network access; neuro-symbolic reasoning; adaptive trust computation; explainable security; OWL ontologies; federated access control; transformer-based security; hybrid AI systems","","Zero Trust Network Access (ZTNA) has emerged as a fundamental paradigm for securing cloud-native and distributed computing environments. However, existing ZTNA implementations remain largely limited by static policy enforcement and opaque machine-learning-based anomaly detection mechanisms, which often lack contextual adaptability, policy awareness, and interpretable decision-making capabilities. These limitations create significant challenges in dynamic multi-cloud environments where access behavior continuously evolves and security decisions must be both accurate and explainable. To address these challenges, this study proposes Cognitive ZTNA framework, a unified neuro-symbolic trust enforcement framework that integrates transformer-based behavioral trust modeling with ontology-guided symbolic reasoning. The proposed architecture enables continuous trust evaluation by combining behavioral access patterns with explicit policy semantics through a hybrid trust fusion mechanism. This design allows the system to capture long-range behavioral dependencies while maintaining policy-compliant and interpretable access control decisions. The framework is evaluated using the CloudZT-Bench-2025 dataset, comprising 4.2 million cross-platform access events derived from enterprise security telemetry, AWS CloudTrail logs, and simulated adversarial scenarios. Experimental results demonstrate that Cognitive ZTNA achieves Precision = 0.96, Recall = 0.93, and F1-score = 0.95, significantly outperforming rule-based and machine-learning baselines while reducing the false positive rate to 0.03. In addition, the system maintains real-time feasibility with an average decision latency of 24 ms and explanation latency below 5 ms, while achieving 92% analyst-rated explanation sufficiency. These findings demonstrate that integrating behavioral intelligence with symbolic policy reasoning enables adaptive, interpretable, and policy-aware Zero Trust enforcement. The proposed framework therefore provides a practical foundation for next-generation ZTNA systems capable of supporting secure, transparent, and context-aware access control in modern cloud environments.","0","78"
"R189","WoS","RETRACTED: Intrusion Detection Method Based on Deep Learning (Retracted Article)","Tian, CR; Zhang, FB; Li, ZX; Wang, RD; Huang, XH; Xi, L; Zhang, Y","2022","WIRELESS COMMUNICATIONS & MOBILE COMPUTING","10.1155/2022/1338392","WOS:000879743000001","Article; Retracted Publication","English","hybrid","","","In today's information age, the scale of the Internet is growing, the information capacity is also expanding explosively, and network security is becoming more and more important. Intrusion detection is regarded as a traditional security protection technology and is a key means to ensure the security of the network environment. Among them, the deep belief network performs well, and it can automatically learn abstract features for classification. In order to further improve the detection rate and reduce the false positive rate, it is necessary to improve the detection rate of small sample data. This paper builds an intelligent deep learning model and analysis model for intrusion detection data based on TensorFlow. By learning to identify network intrusion characteristic data, the characteristic data and model are stored in the big data storage system built by Hadoop. This algorithm has achieved good experiment result. Build a model knowledge base and an intrusion feature behavior library, use the decision tree model to automatically match the security control strategy, realize a highly intelligent security control model with self-learning ability, and solve the rapid identification of unknown intrusion behaviors. Experiments show that the algorithm can effectively improve the detection rate.","0","79"
"R190","WoS","Cloud-based healthcare framework for real-time anomaly detection and classification of 1-D ECG signals","Nawaz, M; Ahmed, J","2022","PLOS ONE","10.1371/journal.pone.0279305","WOS:000924525200022","Article","English","Green Submitted, gold","","CONVOLUTIONAL NEURAL-NETWORK; SYSTEM; MODEL","Real-time data collection and pre-processing have enabled the recognition, realization, and prediction of diseases by extracting and analysing the important features of physiological data. In this research, an intelligent end-to-end system for anomaly detection and classification of raw, one-dimensional (1D) electrocardiogram (ECG) signals is given to assess cardiovascular activity automatically. The acquired raw ECG data is pre-processed carefully before storing it in the cloud, and then deeply analyzed for anomaly detection. A deep learning-based auto-encoder(AE) algorithm is applied for the anomaly detection of 1D ECG time-series signals. As a next step, the implemented system identifies it by a multi-label classification algorithm. To improve the classification accuracy and model robustness the improved feature-engineered parameters of the large and diverse datasets have been incorporated. The training has been done using the amazon web service (AWS) machine learning services and cloud-based storage for a unified solution. Multi-class classification of raw ECG signals is challenging due to a large number of possible label combinations and noise susceptibility. To overcome this problem, a performance comparison of a large set of machine algorithms in terms of classification accuracy is presented on an improved feature-engineered dataset. The proposed system reduces the raw signal size up to 95% using wavelet time scattering features to make it less compute-intensive. The results show that among several state-of-the-art techniques, the long short-term memory (LSTM) method has shown 100% classification accuracy, and an F1 score on the three-class test dataset. The ECG signal anomaly detection algorithm shows 98% accuracy using deep LSTM auto-encoders with a reconstructed error threshold of 0.02 in terms of absolute error loss. Our approach provides performance and predictive improvement with an average mean absolute error loss of 0.0072 for normal signals and 0.078 for anomalous signals.","0","80"
"R191","WoS","Scalable Machine Learning on IoT Edge Devices Through Adaptive Coreset Selection with Differentiable Greedy Sampling","Albalooshi, FA; Qader, MR","2026","TECHNOLOGIES","10.3390/technologies14080476","WOS:001860613900001","Article","English","gold","IoT data streams; edge intelligence; coreset selection; differentiable optimization; greedy sampling; real-time machine learning; concept drift; resource-constrained computing","DATASET","The rapid growth of Internet of Things (IoT) devices generates high-dimensional, high-velocity data streams that demand real-time machine learning (ML) inference under strict hardware constraints. We propose the Adaptivecoreset Selection Engine (ACS-Engine), a unified framework for adaptive, differentiable, and resource-aware coreset selection on streaming IoT data. ACS-Engine introduces three tightly integrated innovations: (i) Differentiable Greedy Sampling (DGS), which relaxes discrete subset selection via Gumbel-Softmax reparameterization to enable end-to-end gradient-based optimization; (ii) Entropy-Aware Regularization (EAR), which promotes coreset diversity and provides implicit concept drift detection through a self-calibrating entropy threshold; and (iii) Resource-Aware Memory Management (RAMM), which dynamically adjusts the target coreset size based on real-time hardware telemetry-available memory, CPU utilization, remaining energy, and sampling frequency. Evaluated on eight real-world IoT datasets spanning three heterogeneous edge platforms, ACS-Engine achieves 15 & times; memory reduction and a 20% energy efficiency improvement while retaining 98% of full-dataset accuracy, with a per-sample latency of 2 ms that satisfies real-time edge deployment requirements.","0","81"
"R192","WoS","Intrusion Detection and Real-Time Adaptive Security in Medical IoT Using a Cyber-Physical System Design","Alserhani, F","2025","SENSORS","10.3390/s25154720","WOS:001549679100001","Article","English","Green Submitted, gold","Cyber-Physical System; MIoT; cognitive security; machine learning; feature engineering; cyber threat mitigation","","The increasing reliance on Medical Internet of Things (MIoT) devices introduces critical cybersecurity vulnerabilities, necessitating advanced, adaptive defense mechanisms. Recent cyber incidents-such as compromised critical care systems, modified therapeutic device outputs, and fraudulent clinical data inputs-demonstrate that these threats now directly impact life-critical aspects of patient security. In this paper, we introduce a machine learning-enabled Cognitive Cyber-Physical System (ML-CCPS), which is designed to identify and respond to cyber threats in MIoT environments through a layered cognitive architecture. The system is constructed on a feedback-looped architecture integrating hybrid feature modeling, physical behavioral analysis, and Extreme Learning Machine (ELM)-based classification to provide adaptive access control, continuous monitoring, and reliable intrusion detection. ML-CCPS is capable of outperforming benchmark classifiers with an acceptable computational cost, as evidenced by its macro F1-score of 97.8% and an AUC of 99.1% when evaluated with the ToN-IoT dataset. Alongside classification accuracy, the framework has demonstrated reliable behaviour under noisy telemetry, maintained strong efficiency in resource-constrained settings, and scaled effectively with larger numbers of connected devices. Comparative evaluations, radar-style synthesis, and ablation studies further validate its effectiveness in real-time MIoT environments and its ability to detect novel attack types with high reliability.","0","82"
"R193","WoS","UAV Cybersecurity with Mamba-KAN-Liquid Hybrid Model: Deep Learning-Based Real-Time Anomaly Detection","Dinler, ÖB","2025","DRONES","10.3390/drones9110806","WOS:001624663900001","Article","English","Green Submitted, gold","UAV security; cyber-attack detection; Mamba architecture; Kolmogorov-Arnold networks; Liquid neural networks; anomaly detection","INTRUSION DETECTION; SECURITY; ATTACKS","Highlights What are the main findings? Novel Mamba-KAN-Liquid hybrid architecture achieves detection rates exceeding 95% across six UAV cyberattack types (GPS spoofing: 97.3%, jamming: 95.8%, MITM: 96.2%, sensor manipulation: 94.7%, DDoS: 98.1%, zero-day: 89.4%) with 47.3 ms inference latency, representing 4-5x speedup over transformer baselines. The model demonstrates exceptional robustness with 89.4% zero-day attack detection and maintains 76.5% accuracy under severe noise conditions (sigma = 0.20), outperforming state-of-the-art methods by 16-22 percentage points in adversarial scenarios. What are the implications of the main findings? Real-time cybersecurity deployment becomes viable on resource-constrained UAV platforms with only 2.5 M parameters requiring 96 MB memory, enabling onboard threat detection without reliance on ground station connectivity. The architectural framework extends beyond UAV applications to other edge computing scenarios requiring real-time anomaly detection under computational constraints, with proven scalability to 50-UAV swarm monitoring while maintaining sub-100 ms latency.Highlights What are the main findings? Novel Mamba-KAN-Liquid hybrid architecture achieves detection rates exceeding 95% across six UAV cyberattack types (GPS spoofing: 97.3%, jamming: 95.8%, MITM: 96.2%, sensor manipulation: 94.7%, DDoS: 98.1%, zero-day: 89.4%) with 47.3 ms inference latency, representing 4-5x speedup over transformer baselines. The model demonstrates exceptional robustness with 89.4% zero-day attack detection and maintains 76.5% accuracy under severe noise conditions (sigma = 0.20), outperforming state-of-the-art methods by 16-22 percentage points in adversarial scenarios. What are the implications of the main findings? Real-time cybersecurity deployment becomes viable on resource-constrained UAV platforms with only 2.5 M parameters requiring 96 MB memory, enabling onboard threat detection without reliance on ground station connectivity. The architectural framework extends beyond UAV applications to other edge computing scenarios requiring real-time anomaly detection under computational constraints, with proven scalability to 50-UAV swarm monitoring while maintaining sub-100 ms latency.Abstract Unmanned Aerial Vehicles (UAVs) are increasingly being used in critical infrastructure, defense, and civilian applications, and face new cybersecurity threats. In this work, we present a novel hybrid deep learning architecture that combines Mamba, Kolmogorov-Arnold Networks (KAN), and Liquid Neural Networks for real-time cyberattack detection in UAV systems. The proposed Mamba-KAN-Liquid (MKL) model integrates Mamba's selective state-space mechanism for temporal dependency modeling, KAN's learnable activation functions for feature representation, and Liquid networks' dynamic adaptation capabilities for real-time anomaly detection. Extensive evaluations on CIC-IDS2017, CSE-CIC-IDS2018, and synthetic UAV telemetry datasets demonstrate that our model achieves detection rates exceeding 95% across six different attack scenarios, including GPS spoofing (97.3%), network jamming (95.8%), man-in-the-middle attacks (96.2%), sensor manipulation (94.7%), DDoS (98.1%), and zero-day attacks (89.4%). The model meets real-time processing requirements with an average inference time of 47.3 ms for a sample batch size of 32, making it suitable for practical deployment on resource-constrained UAV platforms.","0","83"
"R194","WoS","UAV-Based Railway Anomaly Detection Algorithm Based on a Twin Network Cascading UNet plus","Wang, KW; Yang, SB; Qin, YL; Wang, ZP; Jia, LM; Li, MW; Yu, SJ; Chang, YJ; Jin, SM","2026","IEEE ACCESS","10.1109/ACCESS.2026.3703944","WOS:001819879600018","Article","English","gold","Deep learning; intrusion detection; object detection; railway safety; unmanned aerial vehicles","","Unmanned aerial vehicle (UAV) inspection has emerged as a promising technological solution for railway anomaly detection. However, existing methodologies struggle to achieve high-precision anomaly detection in contexts with illumination variations and vegetation occlusion, especially for open-set anomaly categories. To address this, we propose S3-UNet++, an unsupervised railway anomaly detection algorithm designed for open-set railway scenarios, trained solely on normal background images without using any label data. Specifically, S3-UNet++ adopts a twin-encoder architecture cascaded with UNet++, in which nested dense skip connections are employed to achieve progressive refinement and cross-scale alignment of multi-scale features. Moreover, a phased progressive training scheme combined with scale-matching deep supervision is proposed, which effectively reduces computational and memory overhead while maintaining detection performance, thereby making the model suitable for UAV-based edge deployment. Experimental results demonstrate that the proposed method effectively reduces model complexity (34.2 GFLOPS, 17.6 M parameters) and improves detection performance in complex regions, while maintaining efficient inference (0.892 precision, 0.786 recall).","0","84"
"R195","WoS","Consistency-Regularized Hybrid Deep Learning with Entropy-Weighted Attention and Branch Dropout for Intrusion Detection in IoT Networks","Ayyoub, E; Mohammed, M; Mohamed, L","2026","FUTURE INTERNET","10.3390/fi18050262","WOS:001775171400001","Article","English","Green Submitted, gold","hybrid IDS; deep learning; CNN; DNN; BiLSTM; entropy-weighted attention; consistency regularization; branch-dropout; IoT security; UNSW-NB15","","Securing IoT networks presents fundamental challenges rooted in hardware constraints: firmware is often non-upgradeable and every security boundary is fixed at manufacture. Machine learning-based intrusion detection offers a scalable response, yet nearly all published systems assume clean training data and clean inference conditions. Production IoT environments satisfy neither assumption. Sensors degrade, packets drop, and adversaries deliberately corrupt telemetry streams to evade detection. The framework described here is built around that reality. The proposed framework is distinguished from prior work by four design decisions. First, three encoding branches, a residual DNN, a 1D-CNN, and a BiLSTM, are run in parallel and are fused by concatenation, each capturing structural patterns in tabular traffic data that the others miss. Second, a dual-view consistency loss trains the model under simultaneous feature masking and Gaussian noise, penalizing prediction divergence between two independently corrupted views of the same sample. Third, we introduce entropy-weighted attention: rather than fixed learned weights, per-feature importance is adjusted dynamically from information entropy measured across training batches, giving higher-entropy features stronger influence because they carry more discriminative variation. Fourth, branch-dropout regularization randomly silences entire branches during training, forcing each to develop independently useful representations instead of co-adapting. Class imbalance is handled through severity-aware loss weighting which scales contributions by the operational cost of missing each attack category, not purely by inverse frequency. On UNSW-NB15, the full model achieves 99.99% accuracy, 100% precision, 99.97% recall, and a false-negative rate of 2.65 & times; 10-4-the lowest across all compared architectures.","0","85"
"R196","WoS","A Cloud Based Optimization Method for Zero-Day Threats Detection Using Genetic Algorithm and Ensemble Learning","Nkongolo, M; Van Deventer, JP; Kasongo, SM; Zahra, SR; Kipongo, J","2022","ELECTRONICS","10.3390/electronics11111749","WOS:000808821500001","Article","English","Green Submitted, gold","UGRansome1819; zero-day attacks; cloud computing; machine learning","INTRUSION DETECTION SYSTEM; ANOMALY DETECTION","This article presents a cloud-based method to classify 0-day attacks from a novel dataset called UGRansome1819. The primary objective of the research is to classify potential unknown threats using Machine Learning (ML) algorithms and cloud services. Our study contribution uses a novel anomaly detection dataset that carries 0-day attacks to train and test ML algorithms using Amazon Web Services such as S3 bucket and SageMaker. The proposed method used Ensemble Learning with a Genetic Algorithm (GA) optimizer having three ML algorithms such as Naive Bayes (NB), Random Forest (RF), and Support Vector Machine (SVM). These algorithms analyze the dataset by combining each classifier and assessing the classification accuracy of 0-day threats. We have implemented several metrics such as Accuracy, F1-Score, Confusion Matrix, Recall, and Precision to evaluate the performance of the selected algorithms. We have then compared the UGRansome1819 performance complexity with existing datasets using the same optimization settings. The RF implementation (before and after optimization) remains constant on the UGRansome1819 that outperformed the CAIDA and UNSWNB-15 datasets. The optimization technique only improved in Accuracy on the UNSWNB-15 and CAIDA datasets but sufficient performance was achieved in terms of F1-Score with UGRansome1819 using a multi-class classification scheme. The experimental results demonstrate a UGRansome1819 classification ratio of 1% before and after optimization. When compared to the UNSWNB-15 and CAIDA datasets, UGRansome1819 attains the highest accuracy value of 99.6% (prior optimization). The Genetic Algorithm was used as a feature selector and dropped five attributes of the UGRansome1819 causing a decrease in the computational time and over-fitting. The straightforward way to improve the model performance to increase its accuracy after optimization is to add more data samples to the training data. Doing so will add more details to the data and fine-tune the model will result in a more accurate and optimized performance. The experiments demonstrate the instability of single classifiers such as SVM and NB and suggest the proposed optimized validation technique which can aggregate weak classifiers (e.g., SVM and NB) into an ensemble of the genetic optimizer to enhance the classification performance. The UGRansome1819 model's specificity and sensitivity were estimated to be 100% with three predictors of threatening classes (Signature, Synthetic Signature, and Anomaly). Lastly, the test classification accuracy of the SVM model improved by 6% after optimization.","0","86"
"R197","WoS","A Hybrid Multi-Model Framework for Personalized User-Level Anomaly Detection with Data-Driven Threshold Optimization","Kumar, A; Ahmad, W; Pal, O; Sunil","2026","COMPUTATION","10.3390/computation14050102","WOS:001774268700001","Article","English","Green Submitted, gold","user authentication; anomaly detection; hybrid anomaly detection; cybersecurity; multi-factor authentication (MFA)","","Modern user authentication systems increasingly need user and device-behavior-aware adaptive mechanisms to detect evolving threats beyond the traditional authentication framework of static credential verification. This paper proposes a hybrid multi-model framework for personalized user-level anomaly detection using a data-driven Hybrid Anomaly Score (HAS). The primary contribution lies in deriving the HAS using the joint integration of three adaptive attributes: dynamically computed per-user deviation thresholds conditioned on individual behavioral history, profile-age-aware baseline weights reflecting user cohort maturity, and criticality-scaled aggregation with the security impact of each detection methodology. The framework is evaluated on a large-scale real-world dataset and demonstrates strong detection performance, while achieving low inference latency suitable for real-time enterprise deployment. The ablation analysis of the framework confirms that dynamic weighting and personalized threshold substantially improve detection stability and convergence with an effective and deployable solution for large-scale authentication environments.","0","87"
"R198","WoS","Fed-CGIDS-UAV: Federated Causal Graph Learning for Cross-Domain Intrusion Detection in Cyber-Physical Drone Networks","Alkhamis, SA; Alhalangy, A; Eltayeb, GEA; Abouelkheir, E","2026","SYMMETRY-BASEL","10.3390/sym18081292","WOS:001860074700001","Article","English","gold","UAV security; drone intrusion detection; cyber-physical systems; explainable AI; cross-domain generalization; graph neural networks; edge computing","CHALLENGES; INTERNET","Unmanned aerial vehicles (UAVs) have become essential cyber-physical platforms for applications such as surveillance, infrastructure inspection, emergency response, and intelligent transportation. However, their tight coupling among sensing, communication, control, actuation, and swarm coordination also exposes them to sophisticated cyber-physical attacks that are difficult to detect using conventional intrusion detection systems. Existing machine learning, deep learning, graph-based, and federated intrusion detection approaches generally rely on statistical feature representations or temporal patterns, providing limited capability to model causal dependencies among interacting UAV subsystems and to generalize across heterogeneous operating environments. To address these limitations, this paper proposes Fed-CGIDS-UAV, a federated causal graph learning framework for cross-domain intrusion detection in cyber-physical UAV networks. The proposed framework models each telemetry window as a typed causal graph in which nodes represent navigation, sensing, communication, control, actuation, and swarm states, while directed edges capture stable operational dependencies. Intrusions are detected by identifying violations of these learned causal relationships, and the framework provides interpretable node-edge explanations to support root-cause analysis. Furthermore, federated learning enables collaborative model training across distributed UAV clients without sharing raw telemetry, thereby preserving data privacy while improving robustness under heterogeneous operating conditions. The proposed framework was implemented and experimentally evaluated in a controlled simulation environment covering four UAV operating domains and six representative attack classes. All experiments were repeated over five independent runs using different random seeds, and the reported results correspond to the measured average performance. The proposed framework was implemented using Python 3.12 (Python Software Foundation, Wilmington, DE, USA) and PyTorch 2.3 (Meta Platforms, Menlo Park, CA, USA). UAV flight data were generated using Microsoft AirSim 1.9.1 (Microsoft Corporation, Redmond, WA, USA), integrated with PX4 Autopilot v1.14 (Dronecode Foundation, San Francisco, CA, USA) and Gazebo Sim 11 (Open Source Robotics Foundation, Mountain View, CA, USA). Within this simulation-based evaluation, Fed-CGIDS-UAV achieved an accuracy of 0.968, an F1-score of 0.956, and an internal-external stability gap (IESG) of 0.028, outperforming conventional machine learning, deep learning, graph-based, and centralized causal baselines while maintaining competitive computational latency. Although these results demonstrate the effectiveness of the proposed framework under controlled simulation conditions, validation using real-flight UAV telemetry remains an important direction for future research. These results demonstrate that integrating causal graph learning with federated optimization provides an effective and interpretable solution for privacy-preserving intrusion detection in heterogeneous cyber-physical UAV environments.","0","88"
"R199","WoS","Exploring quantum learning in the smart grid through the evolution of noisy finite fourier series","Nader, A; Dubois, MA; Kundur, D","2023","FRONTIERS IN ENERGY RESEARCH","10.3389/fenrg.2023.1061602","WOS:001099291800001","Article","English","Green Submitted, gold","smart grids; cyber-physical systems; cybersecurity; anomaly detection; machine learning; quantum machine learning; quantum computing","SYSTEM","The decentralization and softwarization of modern industrial control systems such as the electric grid has resulted in greater efficiency, stability and reliability but these advantages come at a price of higher likelihood of cyberattacks due to the resulting increase in cyberattack surface. Traditional cyberattack detection techniques such as rule-based anomaly detection have an important role to play in first response. However, given the data-rich environment of the modern electric grid, current research thrusts are focused on integrating data-driven machine learning techniques that automatically learn to detect anomalous modes of operation and predict the presence of new attacks. Quantum machine learning (QML) is a subset of machine learning that aims to leverage quantum computers to obtain a learning advantage by means of a training speed-up, data-efficiency, or other form of performance benefit. Questions remain regarding the practical advantages of QML, with the vast majority of existing literature pointing to its greater utility when applied to quantum data rather than classical data, which within a smart grid environment include TCP/IP packets or telemetry measurements. In this paper, we explore a scenario where quantum data may arise in the smart grid, and exploit a quantum algorithmic primitive previously proposed in the literature to demonstrate that in the best-case, QML can provide accuracy advantages of > 25 percentage points when predicting anomalies.","0","89"
"R200","WoS","SENMQTT-SET: An Intelligent Intrusion Detection in IoT-MQTT Networks Using Ensemble Multi Cascade Features","Siddharthan, H; Deepa, T; Chandhar, P","2022","IEEE ACCESS","10.1109/ACCESS.2022.3161566","WOS:000776031500001","Article","English","Green Submitted, gold","Protocols; Quality of service; Sensors; Internet of Things; Wireless sensor networks; Logic gates; Telemetry; IoT-MQTT networks; DoS; multi-cascade features; machine learning","NEW-GENERATION; IMPLEMENTATION; PROTOCOL; SECURITY","Recently, the number of Internet of Things (IoT) networks has been grown exponentially, which results in more data sharing between devices without appropriate security mechanisms. Since huge data management is involved, maintaining the time constraints between the devices in IoT networks is another significant issue. To address these issues, an intelligent intrusion detection system has been adapted to recognize or predict a cyber-attack using Elite Machine Learning algorithms (EML), and a lightweight protocol is used to manage the time-constrained issue. The experimental analysis of work is done on a testbed setup with the hardware and sensors connected using a lightweight Message Queue Telemetry Transport (MQTT) protocol. This comprises three parts: (i) collection of data with the help of a sensor for three different scenarios called SEN-MQTTSET; (ii) multi-context feature generation using an ensemble statistical multi-view cascade feature generation algorithm from the SEN-MQTTSET dataset; and (iii) evaluating the dataset using ML algorithms. The SEN-MQTTSET dataset has been created from the three scenarios, such as normal, attack on a subscriber, and attack on a broker. The multi-context feature is generated from the raw dataset using an ensemble statistical multi-view cascade feature generation algorithm. The EML is proposed to select the best model for intrusion detection among ML algorithms such as Logistic Regression, K-Nearest Neighbour, Random Forest, Naive Bias, Support Vector Machine, Gradient Boosting, and Decision Tree by the performance metrics such as accuracy, prediction time, F1-score, and others. The proposed dataset is validated and the accuracy is found to be above 99% for the considered system model. Different quality parameters have been carried out for legitimate and attack traffic features to calculate the delay between the IoT-MQTT network.","0","90"
"R201","WoS","Attention-Enhanced Hybrid Architecture for Efficient Intrusion Detection in Industrial IoT","Elwhishi, A; Younis, AA; Akhunzada, A","2026","IEEE OPEN JOURNAL OF THE COMMUNICATIONS SOCIETY","10.1109/OJCOMS.2026.3661768","WOS:001691024800003","Article","English","gold","Industrial Internet of Things; Intrusion detection; Computational modeling; Feature extraction; Computer architecture; Security; Accuracy; Bidirectional long short term memory; Image edge detection; Real-time systems; Industrial Internet of Things (IIoT); Internet of Things (IoT); intrusion detection system (IDS); deep learning (DL); Kolmogorov-Arnold network (KAN); bidirectional long short-term memory (BiLSTM); attention mechanism; artificial intelligence (AI); cyber threat intelligence (CTI); network security","NEURAL-NETWORK; LSTM","The rapid convergence of the Internet of Things (IoT) and the Industrial Internet of Things (IIoT) has increased exposure to advanced and coordinated cyber threats. Existing deep learning-based intrusion detection system (IDS) designs often suffer from high computational cost, limited interpretability, and poor handling of temporal dependencies in IIoT traffic. To address these challenges, we propose CKAN-BiLSTM, a hybrid architecture that integrates 1D convolutional Kolmogorov-Arnold networks (CKAN) for compact and interpretable spatial feature extraction with a bidirectional long short-term memory (BiLSTM) module for temporal modeling and a dot-product attention mechanism for dynamic feature prioritization. The design preserves the parameter efficiency of Kolmogorov-Arnold networks (KANs) while capturing the long-range dependencies essential for IIoT traffic analysis. The proposed framework is evaluated on the publicly available TON-IoT dataset, which includes telemetry and network traffic from diverse IoT and IIoT devices, spanning seven device types and multiple attack families. The model is extensively validated under a 10-fold cross-validation setup using both conventional and advanced performance metrics. Device-wise analysis shows consistently low off-diagonal errors despite class imbalance, and benchmark comparisons situate our results within a broad range of IoT/IIoT IDS studies, indicating competitive performance without relying on parameter-heavy architectures. These results establish CKAN-BiLSTM as an effective and lightweight IDS for real-time IIoT intrusion detection, paving the way for future extensions to streaming adaptation and privacy-preserving federated learning.","0","91"
"R202","WoS","Overhead Reduction Technique for Software-Defined Network Based Intrusion Detection Systems","Janabi, AH; Kanakis, T; Johnson, M","2022","IEEE ACCESS","10.1109/ACCESS.2022.3184722","WOS:000818806500001","Article","English","Green Accepted, Green Submitted, gold","Control systems; Security; Process control; Feature extraction; Intrusion detection; Data models; Cancer; Naive Bayes-protection system based distribution process (NB-PSDP); Naive Bayes (NB); software-defined network (SDN); intrusion detection system (IDS); machine learning (ML); distribution process; CSE-CIC-IDS2018 dataset","","In Software-Defined Networks, the Intrusion Detection System is receiving growing attention, due to the expansion of the internet and cloud storage. This system is vital for institutions that use cloud services and have many users. Although the Intrusion Detection System offers several security features, its performance is lagging behind in large enterprise networks. Existing approaches are based on centralised processing and use many features to implement a protection system. Therefore, system overload and poor performance occur on the controller and OpenFlow switches. As a result, the current solutions create issues that must be considered, especially when they are implemented on large networks. Furthermore, enhancements in security applications improve the reliability of networks. Following a literature review of the existing Intrusion Detection Systems, this paper presents a new model that offers decentralised processing and exchanges data over an independent channel, in order to solve issues relating to system overload and poor performance. Our model utilises an appropriate feature selection method to reduce the number of extracted features and minimise the data transmitted over the channels. Additionally, the Naive Bayes algorithm has been employed for flow classification purposes, since it is a fast classifier. We successfully implemented our framework, using the Mininet emulator, which provides a suitable networking environment. Evaluations indicate that our proposed system can detect various attacks with an accuracy of 98.46% and nominal decreasing rates of 1.5% in throughput and 0.7% in latency analyses, when the model is implemented in wide range networks.","0","92"
"R203","WoS","Secured framework for IoT based healthcare application","Nagavel, V; Bhuvaneswari, PTV; Ramesh, P; Tamaraiselvi, K","2026","SCIENTIFIC REPORTS","10.1038/s41598-026-51036-6","WOS:001811563200012","Article","English","Green Submitted, gold","Internet of Things (IoT); Smart Healthcare; Blockchain; Machine learning; Data security; Diabetes prediction","","The Internet of Things (IoT) allows continuous health monitoring through the interconnection of wearable and medical devices with computing and storage infrastructures. As cyber threats grow and the sensitivity of healthcare information increases, data integrity, privacy, and access control become critical concerns in digital healthcare environments. This paper proposes a secure IoT-based healthcare framework that integrates machine learning and blockchain techniques for data protection and intelligent health risk assessment.The proposed framework uses cryptographic hashing, Merkle tree construction, digital signatures, and a threshold-based blockchain validation mechanism to enhance the integrity and secure handling of healthcare data in a permissioned simulation environment. The blockchain validation mechanism is evaluated through simulated tampering, replay, and high-load scenarios to assess the integrity verification capability of the proposed framework.Various machine learning models are trained and evaluated on medical datasets to predict disease risk, and their performance is measured using accuracy, precision, recall, and F1-score metrics. The framework is implemented in Python and deployed in a scalable cloud-based environment. Experimental results demonstrate that the proposed framework improves healthcare data integrity verification and supports reliable predictive performance for secure digital healthcare applications.","0","93"
"R204","WoS","A Hybrid Time Series Forecasting Model Combining ARIMA and Decision Trees to Detect Attacks in MITRE ATT&CK Labeled Zeek Log Data","Freeman, R; Bagui, SS; Bagui, SC; Mink, D; Cameron, S; De Carvalho, GCS","2026","ELECTRONICS","10.3390/electronics15040871","WOS:001700998200001","Article","English","gold","ARIMA; Decision Tree classifier; Intrusion Detection Systems; MITRE ATT&CK framework; Zeek Log Data; time series forecasting; anomaly detection; hybrid machine learning model","","Intrusion detection systems face challenges in processing high-volume network traffic while maintaining accuracy across diverse low volume attack types. This study presents a hybrid approach combining ARIMA time series forecasting with Decision Tree classification to detect attacks in Zeek network flow data labeled with MITRE ATT&CK tactics, leveraging PySpark for scalability. ARIMA identifies temporal anomalies which Decision Trees then classify by attack type. The ARIMA model was evaluated across 13 MITRE ATT&CK tactics, though only 7 maintained sufficient class balance for valid assessment. Results are reported at three evaluation levels: Baseline (Decision Tree only), ARIMA-DT (Decision Tree tested on ARIMA-filtered anomalies), and End-to-End (pipeline performance measured against the original test population). The hybrid model demonstrated two distinct benefits: performance improvement for detectable attacks and detection enablement for previously undetectable attacks. For high-volume attacks with existing baseline detection, ARIMA preprocessing substantially improved performance, for example, Reconnaissance achieved an ARIMA-DT F1 score of 99.71% (from a baseline of 80.88%) with End-to-End metrics confirming this improvement at 97.59% F1-score. Credential Access reached a perfect 100% precision and recall on the ARIMA-filtered subset (from a baseline recall of 7.48%); however, End-to-End evaluation revealed that ARIMA filtering removed the vast majority of Credential Access attacks, resulting in a 1.28% End-to-End F1-score-worse than the baseline F1-score of 7.41%-demonstrating that the hybrid pipeline is counterproductive for attack types whose flow characteristics closely resemble legitimate traffic. More significantly, ARIMA preprocessing enabled detection where traditional Decision Trees completely failed (0% recall) for four stealthy attack types: Defense Evasion (ARIMA-DT recall of 93.22%, End-to-End 67.83%), Discovery (ARIMA-DT recall of 100%, End-to-End 63.43%), Persistence (ARIMA-DT recall of 86.92%, End-to-End 73.38%), and Privilege Escalation (ARIMA-DT recall of 89.93%, End-to-End 64.68%). These results demonstrate that ARIMA-based statistical anomaly detection is particularly effective for attacks involving subtle, low-volume activities that blend with legitimate operations, while also improving classification accuracy for high-volume reconnaissance activities.","0","94"
"R205","WoS","Protecting Smart-Home IoT Devices From MQTT Attacks: An Empirical Study of ML-Based IDS","Alasmari, R; Alhogail, A","2024","IEEE ACCESS","10.1109/ACCESS.2024.3367113","WOS:001169927700001","Article","English","Green Submitted, gold","IoT security; intrusion detection; machine learning; MQTT; smart homes; automatic feature engineering; resampling techniques","INTRUSION DETECTION; SYSTEM","Smart homes are becoming increasingly popular worldwide, and they are mainly based on Internet of Things (IoT) technologies to enable their functionality. However, because IoT devices have limited computing power and resources, implementing strong security measures is difficult, making the use of intrusion detection systems (IDS) an appropriate option. In this study, we propose an optimized model with high performance for intrusion detection in Message Queue Telemetry Transport protocol (MQTT)-based IoT networks for smart homes. This is done by studying 22 Machine Learning (ML) algorithms based on an extended two-stage evaluation approach that includes several aspects for optimizing and validating the performance to find the ideal model. Based on the empirical evaluation, the Generalized Linear Model (GLM) classifier with the random over-sampling technique produced the best detection performance with 100% accuracy and an f-score of 100%, outperforming previous studies. This study also investigated the influence of automatic feature engineering techniques on the performance of algorithms. With the automatic feature engineering technique, the performance increased by up to 38.9%, and the time required to classify the attacks decreased by up to 67.7%. This shows that automatic feature engineering can improve performance and reduce detection time.","0","95"
"R206","WoS","Unsupervised Deep Learning-Based Network Traffic Anomaly Detection for DDoS Mitigation in Smart Microgrid Communication Infrastructure","Haxhismajli, B; Marinova, G; Hajrizi, E; Qehaja, B","2026","TELECOM","10.3390/telecom7030058","WOS:001802033700001","Article","English","gold","microgrid cybersecurity; DDoS detection; unsupervised anomaly detection; CNN-LSTM; OT protocols; Modbus TCP; MQTT; DNP3; network traffic analysis; isolation forest; autoencoder","","Smart microgrids depend on continuous communication between controllers, sensors, and actuators over industrial protocols like Modbus TCP, message queuing telemetry transport (MQTT), and distributed network protocol 3 (DNP3), which were designed without built-in security mechanisms. The gateway that aggregates this traffic represents a single point of failure and is vulnerable to distributed denial-of-service (DDoS) attacks. Most existing detection methods require labeled attack data for training, a condition rarely met in operational technology (OT) environments. This paper presents an unsupervised convolutional neural network-long short-term memory (CNN-LSTM) model trained exclusively on normal microgrid gateway traffic to predict the next traffic window; anomalies are flagged when the prediction error exceeds a threshold derived from the training distribution. A dual-branch architecture processes metric time-series through LSTM layers and flow aggregate features through CNN layers, fusing both representations for prediction. The model is evaluated against three protocol-specific DDoS attack scenarios-Modbus supervisory control and data acquisition (SCADA) flooding, MQTT publish storm, and DNP3 response flooding-none of which are seen during training. Compared against an isolation forest baseline and an autoencoder baseline under identical unsupervised conditions, the CNN-LSTM achieves higher precision and recall on all attack types. The framework is deployed within a web-based monitoring platform that supports real-time detection and anomaly logging.","0","96"
"R207","WoS","Secure and Explainable Federated Learning for IoT Intrusion Detection: A Comprehensive Survey","Bilal, MA; Ul Islam, I; Khan, MJ; Nisar, S; Farooq, M; Khan, H","2026","IEEE OPEN JOURNAL OF THE COMMUNICATIONS SOCIETY","10.1109/OJCOMS.2026.3681580","WOS:001740762800005","Article","English","Green Submitted, gold","Telemetry; Aerospace and electronic systems; Payloads; Sonar; Military aircraft; Space technology; Feeds; Frequency modulation; Radio broadcasting; System-on-chip; Adversarial robustness; DP; XAI; IoT intrusion detection; non-IID client heterogeneity; secure aggregation; secure FL; SOC decision support and auditability","ARTIFICIAL-INTELLIGENCE; TRAFFIC CLASSIFICATION; CHALLENGES; ATTACKS; SYSTEMS; AI; MODELS; OPPORTUNITIES; TECHNOLOGY; VALIDATION","Federated learning (FL) is increasingly used for internet of things (IoT) intrusion detection to avoid centralizing sensitive telemetry, but decentralization alone does not guarantee privacy: model updates can leak data, and FL introduces new integrity risks (poisoning, backdoors, sybils, partial participation). At the same time, explainable artificial intelligence (XAI) is being added to improve analyst trust, yet in FL settings, explanations can drift across non-independent and identically distributed (IID) clients even when accuracy appears stable, and privacy mechanisms such as secure aggregation and differential privacy (DP) can distort the signals that attribution methods rely on. This survey synthesizes secure and explainable FL-intrusion detection system (IDS) through an artifact-centric lens (data, updates, and explanations), unifying threat models, heterogeneity, explanation primitives, and evaluation practice. Unlike prior surveys that discuss FL-IDS, privacy, and explainability largely as separate themes, this article systematizes them within a single artifact-centric framework that jointly analyzes data artifacts, model-update artifacts, and explanation artifacts under explicit confidentiality and integrity threat models. We provide: 1) a structured threat and risk view spanning confidentiality and integrity; 2) an evaluation and reporting discipline that treats attack success, privacy leakage, calibration, and explanation faithfulness as first-class metrics; 3) a synthesis mapping recurring gaps into concrete, testable contributions; and 4) a minimal standardization checklist and reference architecture with deployable design patterns that enforce traceability, governance, and comparability across studies. The goal is to shift the literature from isolated demonstrations to defensible, reproducible evidence under explicit threat models and operational constraints.","0","97"
"R208","WoS","FraudFusion: A Multi-Modal Ensemble Framework for Anomaly-Based Fraud Detection in Retail POS Systems","Mishra, LN; Senapati, B","2026","IEEE ACCESS","10.1109/ACCESS.2026.3655398","WOS:001669231000038","Article","English","gold","Fraud; Real-time systems; Image edge detection; Anomaly detection; Telemetry; Machine learning; Artificial intelligence; Robustness; Ensemble learning; Finance; Fraud detection; multi-modal learning; point-of-sale systems; anomaly detection; ensemble learning; context-aware systems; edge computing; explainable artificial intelligence (XAI); adversarial robustness; out-of-distribution detection; retail cybersecurity; real-time analytics","ARTIFICIAL-INTELLIGENCE","Fraudulent activities targeting retail Point-of-Sale (POS) systems are becoming increasingly sophisticated and surpassing the capabilities of predominant rule-based or single-modal machine learning model-based defense mechanisms, as they struggle to capture the complex and evolving fraudulent activity patterns. As a result, the digital economy is experiencing a growing concern originating from increasing financial losses based on fraudulent activities at retail POS systems. This paper presents FraudFusion, a novel multi-modal ensemble learning explainable framework designed to enhance fraud detection in retail POS environments. It fuses transactional, device telemetry, and behavioral context into a unified vector that ensures defense against a wide range of fraudulent attempts. A novel Context-Aware Dynamic Modality Weighting (CADMW) mechanism has been introduced in this framework that dynamically adjusts learner contributions per transaction based on real-time modality relevance. Besides, a unique combination of context-aware pruning and quantization further optimizes the system response and resource utilization for edge devices, making it an appropriate solution for resource-constrained environments. The application of the FraudFusion framework on real-world retail transactions demonstrates an impressive fraudulent activity detection accuracy of 94.9%. The precision, recall, and F1-score values are 94.2%, 94.8%, and 94.5%, respectively. With 41.9% CPU resources and 148 MB RAM, it responds in real-time with only 72.6 ms latency. Moreover, it demonstrates resilience to a wide range of adversarial attacks through Out-of-Distribution (OOD) samples. Most importantly, it is an explainable system, which is essential for the application of Artificial Intelligence (AI) in the financial sector. In a nutshell, the FraudFusion framework is an interpretable, scalable, and optimized solution equipped with advanced capabilities to detect next-generation fraudulent activities at retail POS systems.","0","98"
"R209","WoS","Unmanned Aerial Vehicles-based blockchain-inspired Intelligent framework for collaborative intrusion detection","Aljumah, A; Ahanger, TA; Ullah, I","2026","ICT EXPRESS","10.1016/j.icte.2025.12.008","WOS:001717292700001","Article","English","Green Submitted, gold","Internet of Things; Security; Blockchain; Intrusion detection; UAV","OF-THE-ART; NETWORKS; IOT","Unmanned Aerial Vehicles (UAVs) are increasingly deployed across diverse domains such as surveillance, logistics, and disaster management. However, ensuring the safety, security, and trustworthiness of UAV operations remains a significant challenge, primarily due to vulnerabilities in centralized data processing architectures. Traditional UAV systems rely on remote cloud servers to perform machine learning (ML)-based analytics, which introduces issues such as data exposure, latency, scalability bottlenecks, and susceptibility to cyberattacks during data transmission and storage. These challenges underscore the urgent need for a decentralized, verifiable, and privacy-preser ving learning mechanism that can support collaborative UAV intelligence without centralized control. To address these limitations, this study proposes a blockchain-enabled distributed ML framework that facilitates secure, peer-to-peer collaboration among UAV nodes. The framework integrates blockchain's immutable ledger and smart contracts with decentralized ML models, enabling UAVs to share and validate trained models rather than raw data. This ensures data confidentiality, integrity, and transparency throughout the learning process. A stacking-based ensemble mechanism is employed to enhance predictive performance through collaborative knowledge aggregation. The proposed system is experimentally validated using a collaborative intrusion detection (ID) scenario using the KDD99 network attack data set and real-world implementation. The results demonstrate significant improvements in detection accuracy, latency and F1-score compared to conventional centralized ML methods, achieving an average accuracy of 97.9%, latency 198ms, and F1-score exceeding 97%. These outcomes confirm that the integration of blockchain and decentralized ML effectively mitigates cybersecurity risks while enabling scalable, trustworthy UAV intelligence.","0","99"
"R210","WoS","Quantum-Assisted Cross-Layer Intrusion Detection and Distributed-AI-Driven (QSec-DAI) Active Attribution of Insider and Man-in-the-Middle Attacks in Cooperative Sensing","Ioannou, I; Georgiades, M","2026","ELECTRONICS","10.3390/electronics15163620","WOS:001858828700001","Article","English","gold","intrusion detection; attack attribution; insider threat; man-in-the-middle; cross-layer security; post-quantum cryptography; Byzantine attacks; quantum key distribution; distributed artificial intelligence; cooperative sensing","CONSENSUS; LOCALIZATION","Cooperative sensing systems that exchange state estimates are exposed to two types of adversaries, namely, insiders who transmit correctly authenticated falsified content and outsiders who modify messages in transit after compromising a symmetric link key, each requiring a distinct mitigation strategy. These attacks are observationally identical to a detector that examines only message content, although an insider must be revoked and an outsider must be countered through key rotation and link hardening. To distinguish between insider falsification and outsider in-transit message modification, a cross-layer intrusion detection and attack-attribution framework named QSec-DAI is proposed. Per-message anomaly scores are supplied by a recurrent detector, and a hybrid-symmetric, post-quantum and quantum authentication stack is arbitrated by belief-desire-intention agents under a finite-key budget. Authentication is used as an active probe because a suspicious link is hardened, and the persistence or disappearance of the anomaly is then observed. On real cooperative-localization data, an area under the receiver operating characteristic curve of 0.981 is achieved. Benign, insider and outsider classes are attributed with a macro-averaged accuracy of 0.794 and a man-in-the-middle recall of 0.719. Under the explicitly defined attribution mapping, outsider recall is zero for the evaluated baselines that remain in fixed-symmetric mode after key exposure. In the real-data evaluation, malicious influence on fusion is limited to 0.10 percent. The no-cooperation control indicates that several classical defenses suppress attacks mainly by discarding cooperative information rather than by preserving useful cooperation. Protocol-level fault injection shows that replay is rejected while monotonic freshness state is intact, whereas compromise of the verifier or of all independent strong credentials removes defensible outsider identifiability. The quantum component is therefore presented as one resource-constrained strong-authentication option rather than as a source of quantum-enhanced anomaly detection.","0","100"
"R211","WoS","Multi-Source Multi-Domain Data Fusion for Cyberattack Detection in Power Systems","Sahu, A; Mao, ZY; Wlazlo, P; Huang, H; Davis, K; Goulart, A; Zonouz, S","2021","IEEE ACCESS","10.1109/ACCESS.2021.3106873","WOS:000692175600001","Article","English","Green Submitted, gold","Data integration; Power systems; Cyberattack; Sensors; Sensor fusion; Intrusion detection; Feature extraction; Multi-sensor data fusion; intrusion detection system; co-training; supervised learning; unsupervised learning; cyber-physical systems; power systems","NETWORK INTRUSION DETECTION","Modern power systems equipped with advanced communication infrastructure are cyber-physical in nature. The traditional approach of leveraging physical measurements for detecting cyber-induced physical contingencies is insufficient to reflect the accurate cyber-physical states. Moreover, deploying conventional rule-based and anomaly-based intrusion detection systems for cyberattack detection results in higher false positives. Hence, independent usage of detection tools of cyberattacks in cyber and physical sides has a limited capability. In this work, a mechanism to fuse real-time data from cyber and physical domains, to improve situational awareness of the whole system is developed. It is demonstrated how improved situational awareness can help reduce false positives in intrusion detection. This cyber and physical data fusion results in cyber-physical state space explosion which is addressed using different feature transformation and selection techniques. Our fusion engine is further integrated into a cyber-physical power system testbed as an application that collects cyber and power system telemetry from multiple sensors emulating real-world data sources found in a utility. These are synthesized into features for algorithms to detect cyber intrusions. Results are presented using the proposed data fusion application to infer False Data and Command Injection (FDI and FCI)-based Man-in-The-Middle attacks. Post collection, the data fusion application uses time-synchronized merge and extracts features. This is followed by pre-processing such as imputation, categorical encoding, and feature reduction, before training supervised, semi-supervised, and unsupervised learning models to evaluate the performance of the intrusion detection system. A major finding is the improvement of detection accuracy by fusion of features from cyber, security, and physical domains. Additionally, it is observed that the semi-supervised co-training technique performs at par with supervised learning methods with the proposed feature vector. The approach and toolset, as well as the dataset that is generated can be utilized to prevent threats such as false data or command injection attacks from being carried out by identifying cyber intrusions accurately.","0","101"
"R212","WoS","Developing Transparent IDS for VANETs Using LIME and SHAP: An Empirical Study br","Hassan, F; Yu, JG; Syed, ZS; Magsi, AH; Ahmed, N","2023","CMC-COMPUTERS MATERIALS & CONTINUA","10.32604/cmc.2023.044650","WOS:001156830100025","Article","English","gold","Intrusion detection system; machine learning; security; vehicular networks","OBJECT DETECTION; SHIP DETECTION; CLASSIFICATION","Vehicular Ad-hoc Networks (VANETs) are mobile ad-hoc networks that use vehicles as nodes to create a wireless network. Whereas VANETs offer many advantages over traditional transportation networks, ensuring security in VANETs remains a significant challenge due to the potential for malicious attacks. This study addresses the critical issue of security in VANETs by introducing an intelligent Intrusion Detection System (IDS) that merges Machine Learning (ML)-based attack detection with Explainable AI (XAI) explanations. This study ML pipeline involves utilizing correlation-based feature selection followed by a Random Forest (RF) classifier that achieves a classification accuracy of 100% for the binary classification task of identifying normal and malicious traffic. An innovative aspect of this study is the incorporation of XAI methodologies, specifically the Local Interpretable Model-agnostic Explanations (LIME) and SHapley Additive exPlanations (SHAP). In addition, this research also considered key features identified by mutual information-based feature selection for the task at hand. The major findings from this study reveal that the XAI-based intrusion detection methods offer distinct insights into feature importance. Key features identified by mutual information, LIME, and SHAP predominantly relate to Transmission Control Protocol (TCP), Hypertext Transfer Protocol (HTTP), Domain Name System (DNS), and Message Queuing Telemetry Transport (MQTT) protocols, highlighting their significance in distinguishing normal and malicious network activity. This XAI approach equips cybersecurity experts with a robust means of identifying and understanding VANET malicious activities, forming a foundation for more effective security countermeasures.","0","102"
"R213","WoS","AudioUnlock: Device-to-Device Authentication via Acoustic Signatures and One-Class Classifiers","Anistoroaei, A; Iosif, P; Burlacu, C; Berdich, A; Groza, B","2025","SENSORS","10.3390/s25216510","WOS:001612961100001","Article","English","Green Submitted, gold","smartphone fingerprinting; microphone; loudspeaker; machine learning; acoustic signature","IDENTIFICATION","Acoustic fingerprints can be used for device-to-device authentication due to manufacturing-induced variations in microphones and speakers. However, previous works have focused mostly on recognizing single devices from a set of multiple devices, which may not be sufficiently realistic since in practice, a single device has to be recognized from a very large pool of devices that are not available for training machine learning classifiers. Therefore, in this work, we focus on one-class classification algorithms, namely one-class Support Vector Machine and the local outlier factor. As such, learning the fingerprint of a single device is sufficient to recognize the legitimate device and reject all other attempts to impersonate it. The proposed application can also rely on cloud-based deployment to free the smartphone from intensive computational tasks or data storage. For the experimental part, we rely both on smartphones and an automotive-grade Android headunit, exploring in-vehicle environments as the main area of application. We create a dataset consisting of more than 5000 measurements and achieve a recognition rate ranging from 50% to 100% for different devices under various environmental conditions such as distance, altitude, and component aging. These conditions also serve as our limitations, however, we propose different solutions for overcoming them, which are part of our threat model.","0","103"
"R214","WoS","Prediction of the Functional Status of the Cochlear Nerve in Individual Cochlear Implant Users Using Machine Learning and Electrophysiological Measures","Skidmore, J; Xu, L; Chao, XH; Riggs, WJ; Pellittieri, A; Vaughan, C; Ning, X; Wang, RJ; Luo, JF; He, SM","2021","EAR AND HEARING","10.1097/AUD.0000000000000916","WOS:000663808800016","Article","English","Green Submitted","Auditory nerve; Cochlear implant; Electrically evoked auditory compound action potentials; Supervised machine learning","NEURAL RESPONSE TELEMETRY; ACROSS-SITE PATTERNS; SPEECH RECOGNITION; ACTION-POTENTIALS; RECOVERY FUNCTION; HEARING-LOSS; CHILDREN; STIMULATION; NEUROPATHY; DURATION","Objectives: This study aimed to create an objective predictive model for assessing the functional status of the cochlear nerve (CN) in individual cochlear implant (CI) users. Design: Study participants included 23 children with cochlear nerve deficiency (CND), 29 children with normal-sized CNs (NSCNs), and 20 adults with various etiologies of hearing loss. Eight participants were bilateral CI users and were tested in both ears. As a result, a total of 80 ears were tested in this study. All participants used Cochlear Nucleus CIs in their test ears. For each participant, the CN refractory recovery function and input/output (I/O) function were measured using electrophysiological measures of the electrically evoked compound action potential (eCAP) at three electrode sites across the electrode array. Refractory recovery time constants were estimated using statistical modeling with an exponential decay function. Slopes of I/O functions were estimated using linear regression. The eCAP parameters used as input variables in the predictive model were absolute refractory recovery time estimated based on the refractory recovery function, eCAP threshold, slope of the eCAP I/O function, and negative-peak (i.e., N1) latency. The output variable of the predictive model was CN index, an indicator for the functional status of the CN. Predictive models were created by performing linear regression, support vector machine regression, and logistic regression with eCAP parameters from children with CND and the children with NSCNs. One-way analysis of variance with post hoc analysis with Tukey's honest significant difference criterion was used to compare study variables among study groups. Results: All three machine learning algorithms created two distinct distributions of CN indices for children with CND and children with NSCNs. Variations in CN index when calculated using different machine learning techniques were observed for adult CI users. Regardless of these variations, CN indices calculated using all three techniques in adult CI users were significantly correlated with Consonant-Nucleus-Consonant word and AzBio sentence scores measured in quiet. The five oldest CI users had smaller CN indices than the five youngest CI users in this study. Conclusions: The functional status of the CN for individual CI users was estimated by our newly developed analytical models. Model predictions of CN function for individual adult CI users were positively and significantly correlated with speech perception performance. The models presented in this study may be useful for understanding and/or predicting CI outcomes for individual patients.","0","104"
"R215","WoS","A new data-driven framework for progressive anomaly event alerts in spacecraft based on reconstruction discrepancy","Liu, M; Xia, Q; Qiu, S","2024","ADVANCES IN SPACE RESEARCH","10.1016/j.asr.2024.08.054","WOS:001359164700001","Article","English","hybrid","Anomaly detection; Spacecraft telemetry data; Temporal dependency extraction enhanced autoencoder","","In the use of deep learning for spacecraft anomaly detection, a key issue arises from the insufficient extraction of temporal dependencies in telemetry data. This can lead to an inability to accurately discern whether distribution changes in the data are caused by substantive anomalies or merely a consequence of model underfitting. To address this issue, we design a Temporal Dependency Extraction Enhanced Autoencoder model for multi-scale learning of telemetry data. Firstly, this model incorporates Multi-Scale Temporal Dependency Extraction blocks, which integrate self-attention, autoregressive, and feed-forward networks, aimed at systematically dissecting the long-term dependencies, historical information, and complex patterns in telemetry data. Building on these blocks, our model can efficiently and accurately reconstruct telemetry data while maintaining computational efficiency. Furthermore, we utilize an anomaly quantification metric based on the smoothed Manhattan distance, combined with the Drift Streaming Peaks-over-Threshold strategy for setting anomaly thresholds, thus establishing a comprehensive and precise anomaly alerts framework. Finally, we validate our approach using a dataset from the Attitude Control System of a Geostationary Earth Orbit satellite. The experimental results show that our method not only detects anomalies earlier than traditional methods but also provides an in-depth quantitative analysis of anomaly characteristics. (c) 2024 Published by Elsevier B.V. on behalf of COSPAR.","0","105"
"R216","WoS","Secure IoT Healthcare Architecture with Deep Learning-Based Access Control System","Thilagam, K; Beno, A; Lakshmi, MV; Wilfred, CB; George, SM; Karthikeyan, M; Peroumal, V; Ramesh, C; Karunakaran, P","2022","JOURNAL OF NANOMATERIALS","10.1155/2022/2638613","WOS:000806018800003","Article","English","Green Submitted, hybrid","","PRIVACY; LIGHTWEIGHT","The existing healthcare system based on traditional management involves the storage and processing of large quantities of medical data. The incorporation of the Internet of Things (IoT) and its gradual maturation has led to the evolution of IoT-enabled healthcare with extraordinary data processing capability and massive data storage. Due to the advancement in the Industrial Internet of Things (IIoT), the resulting system is aimed at building an intelligent healthcare system that can monitor the medical health of the patient by means of a wearable device that is monitored remotely. The data that is gathered by the wearable IoT module is stored in the cloud server which is subject to privacy leakage and attacks by unauthorized users and attackers. To address this security issue, an IoT-based deep learning-based privacy preservation and data analytics system is proposed in this work. Data is collected from the user, and the sensitive information is segregated and separated. Using a convolutional neural network (CNN), the health-related information is analyzed in the cloud, devoid of users' privacy information. Thus, a secure access control module is introduced that works based on the user attributes for the IoT-Healthcare system. A relationship between the users' trust and attributes is discovered using the proposed work. The precision, recall, and F1 score of the proposed CNN classifier are achieved at 95%. With the increase in the size of the training set, higher performance is attained. When data augmentation is added, the system performs better without data augmentation. Further, the accuracy of around 98% is achieved with an increased user count. Experimental analysis indicates the robustness and effectiveness of the proposed system with respect to low privacy leakage and high data integrity.","0","106"
"R217","WoS","An AI-Enabled Federated Edge-Cloud Communication Framework for Dynamic Task Offloading and Network Anomaly Detection in IoT System","Kolli, SR; Rahman, MZU","2026","IEEE OPEN JOURNAL OF THE COMMUNICATIONS SOCIETY","10.1109/OJCOMS.2026.3686051","WOS:001757975300007","Article","English","Green Submitted, gold","Telemetry; Biomedical telemetry; Aerospace and electronic systems; Central Processing Unit; Feedback; Circuits; Electronic circuits; Internet of Things; Communication systems; Internet; Anomaly detection; convolutional neural network; deep learning neural network; dynamic offloading; IoT system","","The rapid explosion of Internet of Things (IoT) devices is primarily reshaping modern communication networks. However, they introduce unique challenges in resource management, latency control, and secure data exchange across large-scale edge-cloud infrastructures. Conventional task offloading mechanisms fail to adapt effectively to highly dynamic network conditions and suffer significant communication overhead. This paper presents a task-aware federated learning framework for efficient computation offloading and anomaly detection in Internet of Things based mobile edge computing (MEC) environments. It integrates a hybrid deep learning architecture with adaptive federated learning to jointly optimize task execution decisions and network security. In contrast to the conventional approaches which treat offloading and intrusion detection as isolated entities, the proposed framework provides coordinated decision-making across edge and cloud resources and also reduces communication overhead. The model is evaluated to validate its performance and results demonstrate that the proposed method achieves up to 38-42% reduction in latency, 22-27% improvement in throughput, and nearly 30% reduction in federated learning communication overhead compared to state-of-the-art approaches. Moreover, the anomaly detection module achieves an accuracy of 99.61%, with very low false positive and false negative rates. This indicates that the model is superior in identifying malicious activity in IoT networks. These results highlight the efficiency of combining task-aware federated learning with intelligent offloading strategies for scalable, efficient, and secure edge computing systems.","0","107"
"R218","WoS","TrustEdge: SAINT-Driven Intrusion Detection for Resource-Constrained IoT Devices","Kumar, YSP; Mishra, S; Singh, RK","2026","IEEE ACCESS","10.1109/ACCESS.2026.3686083","WOS:001788857600035","Article","English","Green Submitted, gold","Payloads; Military aircraft; Space technology; Feeds; Microcontrollers; Microprocessors; Communication systems; Internet of Things; Telecommunication traffic; Internet; Network traffic classification; embedded systems; SAINT; dimensionality reduction; real-time deployment","","With the rapid proliferation of IoT and AI-enabled smart devices across consumer and industrial domains, embedded IoT infrastructures centered around modem-enabled devices face rising security threats-particularly from internal actors. In such scenarios, conventional firewall-based solutions often fail to detect threats already present inside the network. Furthermore, most state-of-the-art machine learning models for network traffic classification derive conclusions only from offline experiments, lacking validation under real-time or embedded constraints. This article presents the Stacked Autoencoder-Integrated Network Traffic (SAINT) classifier, a layered learning framework that integrates autoencoders for feature compression and XGBoost for accurate anomaly classification. SAINT addresses key research gaps in dimensionality reduction, memory efficiency, and embedded deployability for IoT security. Designed for ESP32-S3 devices with SIM7670G modems, it applies unsupervised feature compression to reduce dependence on high-dimensional labeled data, achieving up to 50% input reduction for binary classification and 33.33% feature dimensionality reduction for multi-class classification. In deployment-oriented binary intrusion detection, SAINT achieves an attack-class recall of 95.08% with a false positive rate of 6.97%, outperforming existing approaches evaluated under the same experimental conditions and demonstrating effective real-time anomaly detection on resource-constrained IoT platforms.","0","108"
"R219","WoS","A Secure Access Framework for IoT-Cloud Integration With Blockchain and Bi-GCN","Kavitha, MS; Devi, KG","2025","IET INFORMATION SECURITY","10.1049/ise2/6512865","WOS:001630077800001","Article","English","gold","bidirectional graph convolutional network; blockchain; cloud platforms; Internet of Things; self-adaptive security","SCHEME","Digital advancements have made cloud computing and IoT essential for innovative environments such as healthcare and industry. Cloud platforms offer scalable compute and storage capabilities, whereas IoT devices generate real-time data. However, there are significant challenges faced while integrating the IoT with cloud to achieve robust, scalable, and secure access control. Traditional centralized models, such as static rule-based mechanisms and public key infrastructure (PKI), are prone to single points of failure and suffer from limited scalability and poor adaptability. To address these issues, this paper proposes a decentralized access control architecture that combines blockchain with a hybrid bidirectional graph convolutional network (Bi-GCN). The framework integrates ciphertext policy-attribute based encryption (CP-ABE) with trusted platform module (TPM)-based pseudonymous identities and the blockchain smart contracts for fine- and hardware-assisted access control. A generative adversarial network (GAN)-assisted prevalidation layer filters sybil, tampering, and spoofing attempts before block inclusion, enhancing integrity and reducing overhead. Bi-GCN supports real-time anomaly detection, trust adaptation, and behavior profiling, while smart contracts enforce adaptive role-attribute policies. Experimental results show that the proposed model outperforms existing methods across key metrics, including 0.97 accuracy, 0.98 F-measure, and minimal security overhead of 0.7%. Although it introduces slight latency due to advanced processing, the benefits of secure and intelligent access management outweigh the trade-off. The integration of blockchain ensures decentralized and immutable policy enforcement, while Bi-GCN facilitates self-adaptive security, making the architecture suitable for dynamic IoT-cloud ecosystems.","0","109"
"R220","WoS","Lightweight autoencoder-based anomaly detection for CAN bus in competition motorcycles designed for ARM Cortex-M7","Cuadra, AG","2026","JOURNAL OF INFORMATION SECURITY AND APPLICATIONS","10.1016/j.jisa.2026.104628","WOS:001874886900001","Article","English","hybrid","CAN bus security; Intrusion detection system; Autoencoder; Motorcycle; Embedded systems; Anomaly detection","","Controller Area Network (CAN) bus security has been studied almost exclusively for passenger cars with 50-100 electronic control units (ECUs). Competition motorcycles present a fundamentally different attack surface: few nodes (5-15), highly deterministic traffic, and safety-critical consequences where a single spoofed message can injure a rider at speeds exceeding 200 kmh-1. We present, to our knowledge, the first intrusion detection study for CAN networks in competition motorcycles. We first establish an honest negative result: a single lightweight autoencoder quantized to INT8, although deployable on an ARM Cortex-M7 microcontroller, is insufficient-it is outperformed by a trivial threshold baseline (F1 0.738 vs. 0.814), most acutely because denial-of-service (DoS) flooding (frequency overload) is essentially invisible to any value-based method (single-autoencoder F1 0.102), while battery-management-system (BMS) node disappearance (message absence) is only partially detected (F1 0.481). We therefore propose a hybrid multi-layer IDS that fuses a deterministic rule layer (per-node heartbeat monitoring and per-identifier frequency counting) with the learned INT8 autoencoder. The hybrid attains an overall F1-score of 0.892, exceeding the threshold (0.814) and one-class SVM (0.711) baselines; the rule layer is decisive for DoS (A6 F1 0.102-0.702, detection latency 2007 ms-111 ms) and further improves BMS disappearance (A3 0.481-0.647). We report an exact static footprint, a genuine integer-only realisation, and an inference latency measured on a physical STM32H7A3 Cortex-M7 (DWT cycle counting over 1000 inferences): an end-to-end 141137 cycles, i.e. approximate to 0.50 ms at the 280 MHz deployment clock, within the 5 ms budget. Evaluation uses an offline preliminary benchmark, reconstructed from decoded competition motorcycle telemetry and released to foster reproducibility, alongside a six-category motorcycle-specific attack taxonomy.","0","110"
"R221","WoS","Physical Layer Immutability as an Adversarial Anchor: A Realizability Constrained Robustness Analysis of Satellite Terrestrial Network Intrusion Detection","Singh, P; Pandey, P; Kumar, M","2026","IEEE ACCESS","10.1109/ACCESS.2026.3722676","WOS:001853233700009","Article","English","gold","Satellites; Modeling; Robustness; Glass box; Physical layer; Training; Detectors; Cleaning; Fluid flow; Intrusion detection; Adversarial machine learning; adversarial training; intrusion detection; physical-layer features; problem-space evasion; satellite network security; satellite-terrestrial integrated networks","","Machine-learning intrusion detection for satellite-terrestrial integrated networks (STINs) is routinely reported at near-perfect accuracy, yet such figures are obtained against a passive adversary that does not adapt to the detector. We re-examine this claim under a realizability-constrained threat model in which a network-layer attacker may perturb only the traffic features it can physically write, while the physical-layer signal-to-interference-plus-noise ratio (SINR) measured at the receiver and the server-set DNS answer time-to-live remain immutable. On the public STIN benchmark of He et al. (2.12 million flows, eight classes), gradient-boosted and neural detectors both exceed 0.99 macro-F-1 in the clean setting, but a targeted L-infinity evasion that respects feature immutability drives overall mis-detection to 91.9% at & varepsilon;=0.3 (white box) and 23.2% under black-box transfer. The only class that resists signal disruption (43.5% evasion, and <= 1.3% for & varepsilon;<= 0.25) is precisely the attack that physically collapses SINR to a value separated from the benign distribution. A feature-restricted ablation shows that the immutable information needed to detect every satellite-domain attack exists (a SINR-only detector attains unit recall on all three) yet is not relied upon robustly by full-feature models, while terrestrial attacks possess no immutable discriminative feature at all. Constrained adversarial training recovers substantial robustness (overall evasion 91.9%-> 29.4%; signal disruption -> 0.1%) at a modest clean-accuracy cost (0.991 -> 0.973), yet cannot defend jamming, whose SINR overlaps the benign distribution. We distil a design principle for space-network IDS: a detector is adversarially robust against an attack iff that attack induces an immutable feature whose value is separated from benign traffic; otherwise authenticated or provenance-bearing telemetry, not feature-space defenses, is required.","0","111"
"R222","WoS","Linear Elliptical Curve Digital Signature (LECDS) With Blockchain Approach for Enhanced Security on Cloud Server","Sowmiya, B; Poovammal, E; Ramana, K; Singh, S; Yoon, B","2021","IEEE ACCESS","10.1109/ACCESS.2021.3115238","WOS:000706822400001","Article","English","Green Submitted, gold","Blockchains; Distributed ledger; Cloud computing; Security; Cryptography; Servers; Fabrics; Hyperledger blockchain; modified spider search; cloud computing","DATA-STORAGE MECHANISM; MANAGEMENT-SYSTEM; SCHEME","Cloud computing is a continuously evolving technology that can enhance agility, availability, collaboration and scalability of data. Blockchain has a secure, immutable ledger which maintains all the transactions along with the timestamp. The blockchain framework and cloud computing technology jointly provides different ways of computational cost reduction. The existing methods help to identify the anonymous documents which are given in the form of requests from the cloud server. If the anonymized document requests are from the authorized users, then cloud provides better security and hence documents are not available for unauthorized users. But the main issue is access rights available for authorized users on sensitive data of the owner. To maintain the privacy the sensitive data are hidden using cryptographic techniques even for authorized users. The method adopted is Linear Elliptical Curve Digital Signature (LECDS) with Hyperledger blockchain, to prevent private data loss. The Linear regression method is used to classify the user information into two classes namely sensitive and non-sensitive. The non-sensitive data is encrypted using RSA and sensitive data is encrypted using LECC method. Modified Spider optimization search Algorithm (MSOA) is used to verify the integrity of outsourced data and search user query information in a cloud server. The hyper ledger blockchain verifies the user policy to create a private network through which the user communicates the cloud. In the analysis of the proposed method, the results are evaluated using various performance metrics such as security, throughput, classification accuracy and error rate.","0","112"
"R223","WoS","Effective Feature Engineering Framework for Securing MQTT Protocol in IoT Environments","Al Hanif, A; Ilyas, M","2024","SENSORS","10.3390/s24061782","WOS:001192588300001","Article","English","Green Submitted, gold","Message Queuing Telemetry Transport; Internet of things; security; machine learning; feature selection","","The explosive growth of the domain of the Internet of things (IoT) network devices has resulted in unparalleled ease of productivity, convenience, and automation, with Message Queuing Telemetry Transport (MQTT) protocol being widely recognized as an essential communication standard in IoT environments. MQTT enables fast and lightweight communication between IoT devices to facilitate data exchange, but this flexibility also exposes MQTT to significant security vulnerabilities and challenges that demand highly robust security. This paper aims to enhance the detection efficiency of an MQTT traffic intrusion detection system (IDS). Our proposed approach includes the development of a binary balanced MQTT dataset with an effective feature engineering and machine learning framework to enhance the security of MQTT traffic. Our feature selection analysis and comparison demonstrates that selecting a 10-feature model provides the highest effectiveness, as it shows significant advantages in terms of constant accuracy and superior training and testing times across all models. The results of this study show that the framework has the capability to enhance the efficiency of an IDS for MQTT traffic, with more than 96% accuracy, precision, recall, F1-score, and ROC, and it outperformed the most recent study that used the same dataset.","0","113"
"R224","WoS","A Blockchain-Enabled Decentralized Zero-Trust Architecture for Anomaly Detection in Satellite Networks via Post-Quantum Cryptography and Federated Learning","Varadala, S; Xu, H","2025","FUTURE INTERNET","10.3390/fi17110516","WOS:001624452300001","Article","English","Green Submitted, gold","anomaly detection; blockchain ledger; continuous authentication; decentralized zero trust model; post-quantum cryptography and federated learning","","The rapid expansion of satellite networks for advanced communication and space exploration has ensured that robust cybersecurity for inter-satellite links has become a critical challenge. Traditional security models rely on centralized trust authorities, and node-specific protections are no longer sufficient, particularly when system failures or attacks affect groups of satellites or agent clusters. To address this problem, we propose a blockchain-enabled decentralized zero-trust model based on post-quantum cryptography (BEDZTM-PQC) to improve the security of satellite communications via continuous authentication and anomaly detection. This model introduces a group-based security framework, where satellite teams operate under a zero-trust architecture (ZTA) enforced by blockchain smart contracts and threshold cryptographic mechanisms. Each group shares the responsibility for local anomaly detection and policy enforcement while maintaining decentralized coordination through hierarchical federated learning, allowing for collaborative model training without centralizing sensitive telemetry data. A post-quantum cryptography (PQC) algorithm is employed for future-proof communication and authentication protocols against quantum computing threats. Furthermore, the system enhances network reliability by incorporating redundant communication channels, consensus-based anomaly validation, and group trust scoring, thus eliminating single points of failure at both the node and team levels. The proposed BEDZTM-PQC is implemented in MATLAB, and its performance is evaluated using key metrics, including accuracy, latency, security robustness, trust management, anomaly detection accuracy, performance scalability, and security rate with respect to different numbers of input satellite users.","0","114"
"R225","WoS","Secure Fog Computing for Remote Health Monitoring with Data Prioritisation and AI-Based Anomaly Detection","Fahd, K; Parvin, S; Di Serio, A; Venkatraman, S","2025","SENSORS","10.3390/s25237329","WOS:001635324000001","Article","English","Green Submitted, gold","fog computing; edge computing; AI-based anomaly detection; smart remote healthcare monitoring; intelligent data prioritisation","SYSTEM","Smart remote health monitoring requires time-critical medical data of patients from IoT-enabled cyber-physical systems (CPSs) to be securely transmitted and analysed in real time for early interventions and personalised patient care. Existing cloud architectures are insufficient for smart health systems due to their inherent issues with latency, bandwidth, and privacy. Fog architectures using data storage closer to edge devices introduce challenges in data management, security, and privacy for effective monitoring of a patient's sensitive and critical health data. These gaps found in the literature form the main research focus of this study. As an initial modest step to advance research further, we propose an innovative fog-based framework which is the first of its kind to integrate secure communication with intelligent data prioritisation (IDP) integrated into an AI-based enhanced Random Forest anomaly and threat detection model. Our experimental study to validate our model involves a simulated smart healthcare scenario with synthesised health data streams from distributed wearable devices. Features such as heart rate, SpO2, and breathing rate are dynamically prioritised using AI strategies and rule-based thresholds so that urgent health anomalies are transmitted securely in real time to support clinicians and medical experts for personalised early interventions. We establish a successful proof-of-concept implementation of our framework by achieving high predictive performance measures with an initial high score of 93.5% accuracy, 90.8% precision, 88.7% recall, and 89.7% F1-score.","0","115"
"R226","WoS","Using low-fix rate GPS telemetry to expand estimates of ungulate reproductive success","Hooven, ND; Williams, KE; Hast, JT; McDermott, JR; Crank, RD; Jenkins, G; Springer, MT; Cox, JJ","2022","ANIMAL BIOTELEMETRY","10.1186/s40317-022-00276-0","WOS:000752307400001","Article","English","Green Submitted, gold","Reproduction; Parturition; Vital rates; GPS telemetry; Ungulates; Movement","VAGINAL-IMPLANT TRANSMITTERS; ELK CALF SURVIVAL; CAUSE-SPECIFIC MORTALITY; POPULATION-DYNAMICS; CERVUS-ELAPHUS; HABITAT SELECTION; MOVEMENT PATTERNS; BODY CONDITION; SPACE-USE; DEER","Background Population parameters such as reproductive success are critical for sustainably managing ungulate populations, however obtaining these data is often difficult, expensive, and invasive. Movement-based methods that leverage Global Positioning System (GPS) relocation data to identify parturition offer an alternative to more invasive techniques such as vaginal implant transmitters, but thus far have only been applied to relocation data with a relatively fine (one fix every < 8 h) temporal resolution. We employed a machine learning method to classify parturition/calf survival in cow elk in southeastern Kentucky, USA, using 13-h GPS relocation data and three simple movement metrics, training a random forest on cows that successfully reared their calf to a week old. Results We developed a decision rule based upon a predicted probability threshold across individual cow time series, accurately classifying 89.5% (51/57) of cows with a known reproductive status. When used to infer status of cows whose reproductive outcome was unknown, we classified 48.6% (21/38) as successful, compared to 85.1% (40/47) of known-status cows. Conclusions While our approach was limited primarily by fix acquisition success, we demonstrated that coarse collar fix rates did not limit inference if appropriate movement metrics are chosen. Movement-based methods for determining parturition in ungulates may allow wildlife managers to extract more vital rate information from GPS collars even if technology and related data quality are constrained by cost.","0","116"
"R227","WoS","Sustainable Smart Facility: A Real-Time Internet of Things-Based Environmental Monitoring and Predictive Control System Using Amazon Web Services Cloud Services","Mohammed, H; Burai, M; Ibrahim, R","2026","IET WIRELESS SENSOR SYSTEMS","10.1049/wss2.70035","WOS:001839331000001","Article","English","gold","anomaly detection; cloud computing; environmental monitoring; ESP32 microcontroller; Internet of Things (IoT); Message Queuing Telemetry Transport (MQTT); serverless architecture; smart facility; Z-score","IOT","Industrial facilities face critical environmental hazards-including temperature surges, humidity imbalances and combustible gas leaks-that existing monitoring solutions fail to anticipate, responding only after threshold violations occur and leaving a window of risk between hazard onset and system response. This paper presents Sustainable Smart Facility (SSF), a novel Internet of Things (IoT)-cloud architecture combining real-time environmental sensing with a predictive anomaly-detection layer to enable proactive hazard mitigation. An ESP32 microcontroller continuously samples DHT11 temperature/humidity and MQ2 gas sensors, transmitting readings via secure MQTT over transport layer security (TLS) to AWS IoT Core. A serverless AWS Lambda function applies both rule-based threshold logic and a lightweight Z-score anomaly detection algorithm to classify environmental states and issue actuator commands-controlling a ventilation fan and a servo-operated window-before critical thresholds are breached. Sensor data are persisted in Amazon DynamoDB for real-time querying and archived in Amazon S3 in JSON format for longitudinal analysis via AWS Glue and Amazon Athena. Amazon simple notification service (SNS) delivers immediate email alerts to facility managers upon threshold violation or anomaly detection. Comprehensive experiments over a 30-day deployment demonstrate end-to-end latency of ms, MQTT delivery reliability of 99.3%, Lambda execution time of ms, anomaly-detection F1-score of 93.0% and a false-positive rate of 2.1%. Scalability tests confirm sub-linear latency growth to 50 concurrent sensor nodes below 800 ms. Comparative evaluation against five state-of-the-art IoT monitoring systems shows SSF achieves the best balance of responsiveness, reliability, predictive capability and cost efficiency ($0.0023 per 1000 readings).","0","117"
"R228","WoS","Federated and Quantized-Based Intrusion Detection for Embedded On-Board Automotive Networks","Adil, M; Javeed, D; Kumar, P","2026","IEEE TRANSACTIONS ON INTELLIGENT TRANSPORTATION SYSTEMS","10.1109/TITS.2025.3645854","WOS:001658726400001","Article; Early Access","English","hybrid","Safety; Feature extraction; Computational modeling; Adaptation models; Transportation; Telecommunication traffic; Collaboration; Intrusion detection; Federated learning; Detectors; Intrusion detection system; collaborative learning; intra-vehicular network; cloud vehicle","","Intelligent vehicles rely on hybrid On-Board Automotive Networks (OANs), such as Time-Sensitive Networking (TSN) and Controller Area Networks (CAN), to support autonomous driving and ADAS. Securing these networks is challenging due to resource constraints, heterogeneous protocols, and evolving attacks. We propose an embedded-optimized, privacy-preserving collaborative IDS for hybrid OANs. Leveraging Cloud Vehicle Functions (CVFs), the framework enables robust model training across vehicles without sharing raw data. To efficiently process multi-protocol traffic, we introduce the Network Traffic Temporal Encoder (NTTE), which transforms network packets into temporal traffic images for anomaly detection. These NTTE representations are analyzed by TCNnet, a lightweight neural network designed for efficient embedded deployment. To make TCNnet suitable for resource-constrained embedded systems, we propose post-training quantization, significantly reducing its computational and storage demands. Evaluated on real traffic, the quantized TCNnet maintains over 99% detection accuracy, while reducing model size by over 91% and memory footprint by 51%, enabling practical deployment on resource-constrained ECUs. To link IDS outputs to real-world transportation outcomes, we develop the Transportation Impact Modeling Module (TIMM), which maps network-level detection performance to vehicle-level safety metrics (collision likelihood and Safety Message Delivery Ratio, SMDR) and fleet-level traffic indicators (Vehicle Flow Efficiency, VFE). TIMM simulations across Urban, Suburban, and Highway scenarios show the IDS reduces expected collisions by up to 97.9%, while maintaining high traffic flow efficiency (VFE = 0.949-0.995) and message reliability (SMDR = 0.988-0.994). These results demonstrate that the proposed IDS not only excels in network-level detection but also directly enhances vehicular safety and traffic performance, confirming its practical applicability in Intelligent Transportation Systems.","0","118"
"R229","WoS","Adaptive signatures of emerging Salmonella serotypes in response to stressful conditions in the poultry industry","Krüger, GI; Pardo-Esté, C; Alvarez, J; Pacheco, N; Castro-Severyn, J; Alvarez-Thon, L; Saavedra, CP","2025","LWT-FOOD SCIENCE AND TECHNOLOGY","10.1016/j.lwt.2024.117188","WOS:001389662300001","Article","English","Green Submitted, gold","Salmonella; Poultry farm; Genetics; Machine learning; Resistance","RESISTANCE; TYPHIMURIUM; BIOFILM","Salmonella, a zoonotic pathogen, is commonly transmitted through contaminated animal products. This bacterium is emerging in poultry production, often exhibiting multidrug resistance (MDR) and high virulence. Understanding the adaptive mechanisms that allow Salmonella to survive in hostile environments and become virulent is crucial for preventing outbreaks that threaten both the industry and public health. This study uses machine learning to identify adaptive genomic signatures in Salmonella isolates from the poultry industry, focusing on responses to environmental stressors. Significant genomic modifications were found in functions like membrane and cell wall biogenesis, amino acid metabolism, and inorganic ion metabolism, including genes related to antibiotic resistance and virulence. The machine learning model demonstrated high precision (0.980) and accuracy (0.954) in classifying isolates based on their genomic characteristics, with an Area Under the Receiver Operating Characteristic Curve (AUROC) of 0.98. The model identified Salmonella Infantis as one of the most stress-resistant serovars in the poultry industry. The identification of critical genomic sequences underscores the importance of these traits in understanding the bacterium's adaptive mechanisms. These findings underscore the importance of genomic surveillance and advanced bioinformatics to manage emerging pathogens like Salmonella Infantis.","0","119"
"R230","WoS","A Drift-Aware Human-in-the-Loop Edge AI Agent for Wireless IoMT Sensor-Network Intrusion Detection Under Cross-Corpus Shift","Alajaji, AS","2026","ELECTRONICS","10.3390/electronics15143015","WOS:001831840700001","Article","English","gold","wireless sensor networks; Internet of Medical Things; medical body-area networks; intrusion detection; edge AI agents; human-in-the-loop learning; cross-corpus evaluation; domain adaptation; drift detection; IoT security","","Wireless sensor networks underpin the Internet of Medical Things (IoMT), where connected medical devices and wearable body-area sensors stream patient telemetry across hospital networks, and securing this traffic is safety-critical. Machine learning intrusion-detection systems for the IoMT are usually evaluated within a single public dataset, where they report near-perfect detection scores; whether that accuracy predicts performance in a different hospital has not been measured systematically. We frame the deployed detector as a lightweight human-in-the-loop edge AI agent that observes local traffic, asks an analyst to label a small set of representative flows, trains a tiny model on-premises, and monitors the traffic distribution for drift. Using cross-corpus shift across four public datasets, comprising three sensor-network corpora (WUSTL-EHMS-2020, CIC-IoMT-2024, TON-IoT) and an unrelated enterprise-network corpus, as a reproducible stand-in for cross-hospital deployment, we find the shift is near its theoretical maximum on all twelve transfer directions, that unlabeled domain-adaptation methods collapse on the hardest medical-telemetry targets, and that external pretraining adds no measurable benefit once training schedules are matched, consistent with a domain-adaptation error bound that the measured divergence renders vacuous. The same 1206-parameter network trained from scratch on ten to fifty locally labeled flows matches or exceeds every transfer alternative across all four corpora; on the six sensor-network transfer directions it also outperforms larger and classical local models. A closed-loop evaluation on simulated drifting streams shows the calibrated trigger detects drift within two 500-flow windows at under one false alarm per hundred stationary windows, retraining restores accuracy, and the agent tolerates ten percent analyst error for about five F1 points; we also map the detector's exposure to white-box evasion and targeted label poisoning.","0","120"
"R231","WoS","Energy-efficient SDN routing with deep learning for data center networks","Lloret, J; Romero, O; Leon, A","2026","SUSTAINABLE COMPUTING-INFORMATICS & SYSTEMS","10.1016/j.suscom.2026.101368","WOS:001766414100001","Article","English","Green Published, hybrid","Energy consumption; OpenFlow; Software Defined Networking; Green networks; Routing algorithms; Deep learning; Network architecture","SCHEME","The exponential growth of cloud storage services has led to a sharp increase in energy consumption across data center networks. To address this challenge, we propose a Software-Defined Networking (SDN)-based architecture focused on energy-efficient routing. The core of the system is a novel routing algorithm that combines Shortest Path First (SPF) principles with a deep learning decision module to dynamically select low-energy paths while maintaining quality of service. Network devices exchange status information using a custom extension of the OpenFlow protocol, allowing the SDN controller to make data-driven routing decisions based on real-time energy and performance metrics. The proposed architecture is validated through simulations and experiments on real network topologies, demonstrating energy savings under both synthetic and production-like traffic conditions. Experimental validation using both simulated and real network topologies shows that the proposed GMPC approach reduces energy consumption compared to standard OSPF routing, achieving energy savings of up to 7% in simulated mesh topologies and approximately 5% in real network environments, while maintaining QoS within acceptable thresholds.","0","121"
"R232","WoS","GIIDS-AR: End-to-end generalized intelligent intrusion detection system with adversarial robustness for heterogeneous UAVs in UAM","Kabir, F; Mowla, N; Rosenstatter, T; Doh, I","2026","COMPUTER NETWORKS","10.1016/j.comnet.2025.111821","WOS:001628190000003","Article","English","hybrid","IDS; UAM; Security; AI/ML; Generalizability; Adversarial robustness","","This study presents GIIDS-AR, an enhanced version of the Generalized Intelligent Intrusion Detection System (GIIDS), developed to enhance robustness and secure diverse Unmanned Aerial Vehicles (UAVs) in Urban Air Mobility (UAM) while preserving generalization. As UAVs grow vital in logistics, emergency response, and disaster relief, their reliance on wireless communication increases exposure to cyber threats. GIIDS leverages machine learning for cross-platform detection but remains vulnerable to adversarial machine learning (AML) attacks. To assess this, GIIDS was tested under black-box, white-box, and transfer attacks. Accuracy dropped to 72 % under black-box and recall to 49.9% under white-box settings. Adversarial training restored original performance improving accuracy to 99.0% and F1 to 99.8%, with AUC reaching 1.00. These evaluations were conducted using cross-dataset splits of live and simulated UAV telemetry, ensuring resilience on previously unseen data. GIIDS-AR retains layered modeling, time-aware feature encoding, and ensemble learning, while incorporating adversarial examples to improve resilience. It demonstrates strong detection performance under diverse attacks and generalizes effectively across heterogeneous UAV platforms. Our findings reveal that generalization techniques inherently contribute to adversarial robustness, positioning GIIDS-AR as one of the first unified UAV IDS frameworks capable of securing UAV networks against evolving cyber threats.","0","122"
"R233","WoS","A Cloud Edge Based Heart Disease Detection Using DenseNet Convoluted Radial Basis Neural Network for Diabetic Patients","Kumar, GNK; Unhelkar, B; Vani, KS; Chakrabarti, P; Saikumar, K","2025","TRAITEMENT DU SIGNAL","10.18280/ts.420321","WOS:001530463200021","Article","English","hybrid","heart disease; deep learning; IoT-cloud; data; feature extraction; classification","DIAGNOSIS; CLASSIFICATION; PREDICTION; SYSTEM","Heart disease (HD) is a complex medical condition that has the potential to affect a vast number of people globally. The quick and precise identification of HD is crucial in healthcare, particularly in the cardiology field. In the pre-processing stage of the data mining process, a high-dimensional database is employed to classify HD. This unprocessed dataset contains redundant and inconsistent data, which expands the search space as well as data storage. Using deep-learning methods, the suggested research tries to recognize significant cardiac complaint prediction properties. This research proposed novel heart disease detection techniques by feature extraction and classification through the DL (Deep Learning) architectures. Data collection of 1 Lakh samples has carried out from Cleveland, UCI open-source repository, which has 74 features with a balanced instance rate. Here the input heart disease data has been pre-processed and segmented for filtering and edge normalization. The input image has been processed based on contrast-based histogram equalization (CHE) and segmented based on a threshold of the image. Then the segmented image was extracted to obtain the in-depth features and classifying the features using DenseNet with a Convoluted radial basis neural network. Several clinical measures are used to measure the risk contour in patients, which aid in early diagnosis. In the proposed model, various regularization methods are applied to avoid overfitting. On the dataset, the suggested model attains 72% sensitivity, 90% recall, 88% F-measure, 94% throughput, 92% training accuracy, and 95% testing accuracy. This is compared to other deep learning (DL) methods using a variety of performance metrics, demonstrating the effectiveness of the proposed approach.","0","123"
"R234","WoS","A testable framework linking diagnostic AI contribution to outcome measurement in clinical decision support","Kirchhoff, J; Berns, F; Schieder, C; Schobel, J","2026","FRONTIERS IN DIGITAL HEALTH","10.3389/fdgth.2026.1871438","WOS:001825461000001","Article","English","Green Submitted, gold","AI governance; artificial intelligence; clinical decision support systems; diagnostic AI contribution score; health informatics; large language models; learning health systems; outcome-based metrics","AUTOMATION BIAS; MEDICINE; ALERTS; TIME","Artificial intelligence-enabled clinical decision support systems (AI-CDSS) are increasingly embedded in diagnostic and therapeutic workflows, yet evaluation, procurement, and governance often remain anchored in model-centric indicators such as discrimination, calibration, sensitivity, and specificity. These indicators are necessary but insufficient for determining whether a deployed AI-CDSS improves patient-relevant outcomes, clinical workflow, resource use, economic performance, clinician and patient experience, learning, and equity. This article proposes a testable conceptual framework linking the Diagnostic AI Contribution Score (DACS) to outcome-domain prioritization and auditable measurement design. The contribution is theory-building and methodological rather than empirically validating: no new patient-level data were generated or analyzed. We conducted a concept-driven structured narrative synthesis across clinical AI evaluation, clinical decision support, health-services research, value-based care, software measurement, AI governance, and large language model (LLM) deployment. We used the synthesis to derive a DACS-informed framework for selecting outcome domains, specifying exposure-action-outcome linkage, and defining minimum telemetry needed for auditability. The revised framework provides four core outputs: (i) a six-domain taxonomy of outcome metrics for AI-CDSS, separating learning/governance from equity; (ii) a comparison with existing AI evaluation and reporting frameworks to clarify the framework's incremental contribution; (iii) a DACS-to-domain mapping and explicitly illustrative prioritization heuristic, accompanied by a threshold-sensitivity logic; and (iv) a four-step measurement framework with minimum telemetry requirements and clinical implementation guardrails. LLM-specific extensions address provenance and version tracking, human mediation, documentation-quality audits, latency and compute metering, and workflow-mediated effects. We further specify clinical safety considerations including alert fatigue, override patterns by user group, automation bias and diagnostic anchoring, educational effects, de-implementation criteria, fallback workflows, integration with existing quality-management infrastructure, and patient-facing disclosure where appropriate. The proposed framework should be interpreted as a structured, hypothesis-generating model for proportional outcome measurement and governance. Future work should empirically test inter-rater reliability of DACS scoring, validate DACS-to-domain mappings through expert elicitation and prospective deployments, calibrate thresholds across use cases, and evaluate whether standardized telemetry improves attribution, monitoring, and accountability for AI-CDSS.","0","124"
"R235","WoS","A hybrid intrusion detection approach based on message queuing telemetry transport (MQTT) protocol in industrial internet of things","Francis, GT; Souri, A; Inanç, N","2024","TRANSACTIONS ON EMERGING TELECOMMUNICATIONS TECHNOLOGIES","10.1002/ett.5030","WOS:001294031700001","Article","English","hybrid","","","The number of attacks against Industrial Internet of Things (IIoT) devices has increased over the past years, particularly on widely used communication protocols like Message Queuing Telemetry Transfer (MQTT). The fast increase in IIoT applications brings both critical challenges and technical gaps in cybersecurity. On the other hand, traditional cyber-attack detection approaches scrap to address and support the run-time responsibilities of IIoT environments. This study presents a hybrid Genetic Algorithm and Random Forest (GA_RF) method for detecting cyber-attacks in Industrial Control Machines (ICS) that use MQTT protocol in the IIoT environment. This architecture integrates ICS with edge devices and cloud servers, using a GA_RF algorithm to detect anomalies in data collected by sensors. Normal data is processed locally and then sent to the cloud for storage and return, ensuring continuous monitoring and security. Also, the MQTT-IOT-IDS2020 dataset as a real test case was applied for prediction of the proposed GA_RF method with compare to some other powerful machine and deep learning models. The experimental results show that the proposed GA_RF method has an optimum accuracy of 99.87%-100% for detecting cyber-attacks. This hybrid algorithm also achieved 0-0.0015 in Mean Absolute Error (MAE) and 100% in Precision, Recall, and F-score factors. This result led to the proposed architecture, which connects the ICS to a server while running GA_RF on the IIoT environment. In conclusion, this study indicates the effectiveness of GA_RF and aims to improve security by using the MQTT protocol in IIoT.","0","125"
"R236","WoS","Explainable time series features for hard disk drive failure prediction","Li, W; Zhou, HZ; Radhakrishnan, S; Kamarthi, S","2025","ENGINEERING APPLICATIONS OF ARTIFICIAL INTELLIGENCE","10.1016/j.engappai.2025.110674","WOS:001470600400001","Article","English","hybrid","Hard disk drive; Hard drive prognostics; Prognostics and health management; Feature extraction; Explainable artificial intelligence","","Reliable data storage is crucial for industry digitalization and cloud infrastructure. To prevent data loss and improve maintenance efficiency in data centers, timely replacement of Hard Disk Drives (HDDs) is critical. HDDs are equipped with Self-Monitoring, Analysis, and Reporting Technology (SMART) to track key performance indicators with empirically established thresholds. In recent years, various machine learning models have utilized SMART time series data for early HDD failure prediction. However, decision-makers need greater transparency and explainability to trust and implement these data-driven models. In this work, we proposed a framework that extracts explainable features from the SMART time series and visualizes the feature impact on short-term HDD failure prediction using SHapley Additive exPlanations (SHAP) analysis. We trained an eXtreme Gradient Boosting (XGBoost) model with information-rich features and evaluated the failure detection rate and false alarm rate. We demonstrated the effectiveness of the proposed approach on Backblaze data for Quarter 1 and Quarter 2 of 2022. The model provided a 74.7% failure detection rate with only a 0.73% false alarm rate on the test data from Quarter 3 of 2022, outperforming an existing explainable model benchmark of a 54.68% failure detection rate and an 11.85% false alarm rate. In addition, the sensitivity analysis optimizes the signal length and the lead time to improve prediction accuracy and inform predictive maintenance policies. The results demonstrate the potential of the proposed framework for effective HDD failure prediction with explainable features. The proposed framework is also applicable to other sensor-based industrial equipment monitoring applications.","0","126"
"R237","WoS","Communication-Efficient Federated Class-Incremental Intrusion Detection for Edge IoT Networks","Wu, Z; He, BZ; Si, ZW; Qiu, C; Liao, XH; Su, CH","2026","SENSORS","10.3390/s26144630","WOS:001833342300001","Article","English","Green Submitted, gold","Internet of Things; federated learning; class-incremental learning; intrusion detection; communication compression; Edge IoT","","The continuous emergence of new attack classes challenges intrusion detection in edge Internet of Things (IoT) networks. Although federated learning enables distributed devices to collaboratively train a shared detector without exchanging raw traffic data, most federated intrusion detection systems assume a fixed label space. Retraining with all historical data incurs substantial storage and computation costs, whereas updating only with newly collected samples can cause catastrophic forgetting. The detector must mitigate catastrophic forgetting of previously observed attack classes while preserving sufficient new-class plasticity to learn emerging attacks under highly non-IID device data, intermittent client availability, constrained local memory, and repeated communication over bandwidth-limited and intermittently connected links. To address these challenges, this paper proposes EdgeFedCIL, a communication-efficient federated class-incremental intrusion detection framework. EdgeFedCIL preserves historical knowledge through client-local replay and knowledge distillation while reducing repeated model transmission through adaptive low-rank compression, quantization, and error feedback. A classifier-head protection strategy further limits compression-induced degradation of class discrimination. Experiments on public intrusion-detection datasets show that EdgeFedCIL achieves competitive or superior detection and historical-knowledge retention performance, particularly under highly heterogeneous client distributions, while reducing cumulative client-to-server model transmission by up to approximately 10.54 times relative to full-precision transmission. These results demonstrate the effectiveness of EdgeFedCIL for continual and communication-efficient intrusion detection in resource-constrained edge IoT networks.","0","127"
"R238","WoS","A deep-learning enhanced computational optical decoding strategy (DECODS) for optical data storage","Liu, MY; Dong, LY; Zhuang, QJ; Zhang, C; Tian, ZQ; Liu, YY; Zhong, RY; Yang, XW; Gong, ML; Zhang, QM; Ma, JS; Su, P; Gu, M","2026","PHOTONIX","10.1186/s43074-026-00251-5","WOS:001776694400001","Article","English","Green Submitted, gold","","RESPONSE MAXIMUM-LIKELIHOOD; NEAR-FIELD","Traditional optical data storage (ODS) systems face constraints imposed by the optical diffraction limit. It prevents reliable recognition of closely spaced symbols, forcing heavy reliance on error correction codes (ECC) and capping storage density and efficiency. Here, we introduce a deep-learning enhanced computational decoding strategy (DECODS) that treats optical readout as a data-driven optical read-channel model and performs parallel multi-length (2 T-8 T) learned decisions, extending the effective decoding capability beyond the conventional diffraction-limited threshold at the decision level while retaining the standard Blu-ray optical front end. A high-precision physics-based channel model-including aberrations/defocus/tilt, clock/servo jitter, white noise, intersymbol interference and inter-track crosstalk-generates physically consistent training data. Under the validated experimental conditions of this study, DECODS exhibited 0% raw bit-error rate (BER) on evaluated segments of real readout; this does not represent a universal operating guarantee. DECODS also enabled reliable recognition of symbol spacings approaching one quarter of the conventional diffraction-limited threshold at the decision level. This lowers the raw BER, reduces the redundancy required to achieve a target reliability level, and indicates a potential effective capacity improvement of up to 14.8% while supporting tighter symbol/track spacing. Results show a 5.8 & times; increase in noise tolerance and >= 20% expansion of robust servo margins; combined with ECC-related gains, the theoretical effective-density improvement reaches up to 26.28%. DECODS integrates optical physics, computational modeling, and deep learning to provide a scalable decoding framework with quantified, decision-level strategy to longstanding ODS bottlenecks.","0","128"
"R239","WoS","A Novel Synthetic Dataset for Effective Detection of Replay Attacks in SDN-Enabled IoT Networks","Karmous, N; Bousbia, L; Aoueileyine, MOE; Filali, I; Bouallegue, R","2026","CMC-COMPUTERS MATERIALS & CONTINUA","10.32604/cmc.2026.077454","WOS:001771051000001","Article","English","gold","Replay attacks; man in the middle; cybersecurity; software defined networking; Internet of Things; machine learning; artificial intelligence; deep learning; variational autoencoder; feature selection; principal component analysis; Wilcoxon signed-rank","","This study proposes an intelligent Intrusion Detection and Prevention System (IDPS) integrated into a centralized Ryu Software-Defined Networking (SDN) controller to mitigate replay attacks within Internet of Things (IoT) environments. To address the scarcity of specialized datasets, a comprehensive dataset was generated using a real-time SDN-IoT testbed encompassing Mininet, multiple OpenFlow 1.3 switches, and a single Ryu controller. The experimental setup featured the exchange of legitimate and malicious Message Queuing Telemetry Transport (MQTT) traffic between hosts and IoT devices to simulate realistic network behaviors and attack vectors. Our methodology introduces a novel feature engineering framework by evaluating three distinct configurations, including: (1) preprocessed features, (2) data reduced through Principal Component Analysis (PCA), and (3) latent representations extracted via a Variational Autoencoder (VAE). Four distinct classifiers were rigorously benchmarked, including Random Forest (RF), Support Vector Machine (SVM), Extreme Gradient Boosting (XGBoost), and a Convolutional Neural Network (CNN). Performance metrics were derived from 50 independent runs and validated through paired t-tests and Wilcoxon signed-rank tests. The results demonstrate that VAE-based deep feature extraction significantly improves detection accuracy. Notably, the CNN trained on these features achieved a peak accuracy of 99.91% and a false alarm rate of 0.19%. The framework's real-time effectiveness and scalability were validated through live deployment, offering a robust and reproducible solution for securing SDN-enabled IoT infrastructures. Ultimately, our proposed CNN-VAE approach demonstrates superior performance and higher detection precision compared to existing related works in the field of IoT intrusion detection.","0","129"
"R240","WoS","An Autonomous AI-Driven Framework for Adaptive Cyber Deception with Real-Time Threat Detection and Behaviour-Based Attribution","Shahzad, M; Saleh, MH; Ujjan, R","2026","COMPUTERS","10.3390/computers15070462","WOS:001831552700001","Article","English","Green Accepted, Green Published, gold","cyber deception; intrusion detection; machine learning; reinforcement learning; honeypots; behavioural attribution; autonomous cyber defence; MITRE ATT&CK","","Contemporary cyber threats increasingly employ multi-stage and behaviourally adaptive strategies that challenge static intrusion detection and non-adaptive deception mechanisms. Existing approaches typically treat threat detection, deception deployment, and adversarial attribution as separate functions, limiting timely response and underusing the behavioural evidence generated during attacker interaction. This study develops and evaluates a theory-informed computational and operational framework for autonomous cyber deception. The principal research artefact is a reusable closed-loop architecture rather than a single predictive model: it specifies the interacting components, interfaces, data and control flows, decision rules, and feedback mechanisms that connect detection, deception, telemetry, and attribution. Methodologically, the study follows an engineering design-and-evaluation approach comprising problem and requirement identification from the literature, architectural synthesis, component-level mathematical modelling, prototype implementation, and controlled cyber-range evaluation. In this context, modelling refers to the distinct computational models embedded within the framework: a hybrid detection model combining supervised classification, anomaly detection, and temporal sequence analysis; a Markov Decision Process and reinforcement-learning policy model for selecting and reconfiguring deception actions under engagement, intelligence-gain, resource, and containment objectives; and similarity-based and Bayesian attribution models for estimating MITRE ATT&CK techniques from incomplete behavioural evidence. The component models were developed offline using the NSL-KDD, CICIDS2017, UNSW-NB15, and ToN-IoT datasets, while the integrated prototype was evaluated separately in a controlled enterprise-like cyber range using reconnaissance, brute-force, exploitation, and multi-stage attack scenarios. The reported classification metrics were calculated from the labelled cyber-range evaluation events, not by pooling the four benchmark datasets. On this integrated cyber-range evaluation set, the system achieved 95.4% detection accuracy, 93.6% precision, 94.7% recall, and a 94.1% F1-score, with a mean detection latency of 85 ms. It also achieved 100% honeypot deployment reliability, 92% dynamic reconfiguration success, 88% fingerprinting resistance, and attacker engagement durations of up to 280 s. The attribution component demonstrated end-to-end generation of ATT&CK-aligned technique hypotheses from deception-derived telemetry; however, the present archived evaluation does not support per-technique or baseline-comparative performance claims. These findings show that specialised models and operational services can be coordinated within a unified adaptive defence process, while also identifying the additional class-level and ablation evidence required for rigorous attribution validation.","0","130"
"R241","WoS","Deep learning approaches for predicting cheating from student exam results: a comparative study under imbalanced data conditions","Huy, DPM; Nhu, NG; Le, DN","2026","APPLIED COMPUTING AND INFORMATICS","10.1108/ACI-07-2025-0308","WOS:001657031000001","Article; Early Access","English","gold","Predicting cheating; Educational data mining (EDM); Logistic regression; Decision trees; Random forests; SVM; MLP; RNN; CNN","","PurposeTo detect academic misconduct in students' assessment score trajectories under severe class imbalance. The paper compares tabular learners, gradient-boosting models, and sequence-aware deep networks, and proposes a precision-recall-centric evaluation and deployment protocol (calibration, threshold selection and Recall@Top-k%) tailored to rare-event screening in educational settings.Design/methodology/approachA cohort of 1,527 students (2021-2024) is modeled using ten algorithms: LR, DT, RF, SVM, MLP, XGBoost, CatBoost, LightGBM, GRU-RNN and 1D-CNN. Features encode sequential score dynamics and metadata. Models are tuned via cross-validation; probabilities are calibrated (Platt/Isotonic); operating thresholds are chosen on validation to maximize minority-class F1 or a cost-sensitive utility. Performance is assessed on a hold-out test set with PR-AUC (headline), F1(+), Recall@Top-k%, ROC-AUC, calibration curves, Brier, and bootstrap CIs.FindingsSequence-aware models dominate: GRU-RNN and 1D-CNN achieve ROC-AUC 0.97-0.98 and the highest F1(+) and Recall@Top-5%. Tabular/boosting baselines show 0.90 accuracy yet miss most positives at the default 0.5 threshold, highlighting the necessity of calibration and threshold optimization. With PR-centric selection and tuned operating points, deep temporal models yield strong screening utility for limited human review budgets.Research limitations/implicationsLabels reflect suspected-not adjudicated-cheating, introducing noise. The single-institution cohort may limit external validity; temporal shift across semesters can degrade performance. Future work should include multi-site evaluation, collusion/graph modeling, semi-/weak-supervision for noisy labels and governance topics (fairness audits, drift monitoring and uncertainty reporting).Practical implicationsThis study highlights how educational institutions can leverage machine learning for early detection of academic dishonesty based on historical performance data. CNN and RNN models are promising tools for identifying anomalous learning patterns. However, practical deployment requires preprocessing techniques to manage class imbalance and threshold optimization to reduce false negatives. The findings provide a roadmap for building automated cheating detection systems in both online and traditional assessment environments.Social implicationsBy improving the ability to detect cheating, this research contributes to fairer academic environments, upholding educational integrity and credibility of credentials. However, ethical considerations must be taken into account to avoid false accusations and ensure student rights. Human-in-the-loop systems are crucial for verifying algorithmic predictions before disciplinary action, thereby fostering transparency and accountability in automated decision-making processes.Originality/valueThe study unifies a minority-focused evaluation protocol with a comprehensive comparison of tabular, boosting, and sequence-aware models for cheating detection from score trajectories. It demonstrates the decisive value of temporal representation learning and provides a reproducible pipeline and operational metrics that align model performance with real investigative workflows.","0","131"
"R242","WoS","Low-Overhead Passive Resilience Monitoring for AIoT Gateways: End-to-End Anomaly Detection via eBPF Timing Traces and Autoencoders","Peng, T; Lin, CH; Wei, YC; Chen, BC; Yeh, JY","2026","IEEE ACCESS","10.1109/ACCESS.2026.3685156","WOS:001756839500034","Article","English","Green Submitted, gold","Payloads; Telemetry; Aerospace and electronic systems; Military aircraft; Space technology; Feeds; Central Processing Unit; Filtering; Filters; Electronic circuits; AIoT gateway; anomaly detection; autoencoder; extended Berkeley packet filter (eBPF); operational resilience; passive monitoring","EDGE; NETWORK","Modern AIoT services are vulnerable to complex, cross-domain failures spanning wireless sensor networks, edge AI inference, and cloud reporting. Conventional monitoring typically relies on isolated single-node metrics that lack an integrated end-to-end perspective, or on exhaustive active probing that incurs prohibitive resource overhead. To address this gap, this paper presents a lightweight, gateway-centric resilience-monitoring framework that provides comprehensive end-to-end observability purely at the edge. By hooking into kernel-level TCP state transitions via Linux eBPF, the proposed system decouples network-induced delays from application computational bottlenecks. We reconstruct fine-grained discrete latency segments-including device-to-gateway transmission (T-de), IoT service execution (T-is), AI inference (T-ai ), and cloud reporting ( T-ec)-completely eliminating injected measurement traffic. Based on these non-intrusive metrics, we design a hybrid detection architecture: i) protocol-oriented static thresholds for immediate, interpretable localization of hard outages, and ii) a window-based behavioral layer integrating Autoencoders (AE) and Cumulative Sum (CUSUM) to handle subtle concept drifts and coupled performance degradations. Extensive evaluations on a physical AIoT testbed demonstrate that the framework localizes failures with minimal CPU overhead (less than 1%). Furthermore, the learning-based layer successfully captures the elusive performance fluctuations arising from the dynamic interplay between network conditions and edge computing workloads. Ultimately, this approach facilitates a paradigm shift from reactive failure handling to proactive early warning and autonomous anomaly detection, offering a highly deployable foundation for robust AIoT operations.","0","132"
"R243","WoS","From observation to replication: Machine-learning-driven quantification and replication of fine-scale fish kinematics and behavior","Hwang, S; Li, HD; Janak, JM; Jung, HYJ; Lu, ZC; Deng, ZD","2026","ECOLOGICAL INFORMATICS","10.1016/j.ecoinf.2026.103760","WOS:001750332600001","Article","English","gold","Fish swimming kinematics; Long-term behavioral monitoring; Spearman-Brown reliability; Observation-duration threshold; Pose estimation; Hardware-in-the-loop simulation","","Long-term quantification of fish behavior is essential for aquatic ecology, wildlife telemetry, and the development of biomechanical monitoring devices and test-platform technologies. However, the observation duration required to obtain reliable behavioral and kinematic metrics remains unclear, and few tools exist to physically reproduce natural swimming motion for controlled experimentation. We address these challenges by developing a generalizable framework that models behavioral reliability (Spearman-Brown reliability index) as a function of observation duration and derives metric-specific monitoring thresholds. Using juvenile white sturgeon as a case study, we demonstrate that the minimum duration needed for reliable estimates varies substantially across kinematic features: to exceed a reliability of 0.8, total distance traveled (mm) requires 12 days, average curvature (mm(-1)) 15 days, tail-beat frequency (Hz) 8 days, and average speed (body length/s) 17 days. We further bridge digital analysis and physical testing by developing a hardware-in-the-loop simulator that reconstructs machinelearning-derived swimming kinematics with high fidelity (correlation coefficient 0.98-0.99, RMSE 1.22-1.27 mm over a 5-min segment). This platform enables realistic, repeatable motion stimuli for evaluating aquatic sensing technologies and bio-integrated devices under controlled conditions. Together, these contributions provide a scalable approach for designing long-term behavioral studies and a data-driven connection between ecological observation and robotic experimentation.","0","133"
"R244","WoS","Vehicle-as-a-Sensor Approach for Urban Track Anomaly Detection","Sruk, V; Fajt, S; Krhen, M; Olujic, V","2025","SENSORS","10.3390/s25216679","WOS:001613068700001","Article","English","Green Submitted, gold","vibration-based monitoring; anomaly detection; urban tram infrastructure; predictive maintenance; vehicle-as-a-sensor","","This paper presents a Vibration-based Track Anomaly Detection (VTAD) system designed for real-time monitoring of urban tram infrastructure. The novelty of VTAD is that it converts existing public transport vehicles into distributed mobile sensor platforms, eliminating the need for specialized diagnostic trains. The system integrates low-cost micro-electro-mechanical system (MEMS) accelerometers, Global Positioning System (GPS) modules, and Espressif 32-bit microcontrollers (ESP32) with wireless data transmission via Message Queuing Telemetry Transport (MQTT), enabling scalable and continuous condition monitoring. A stringent +/- 6 sigma statistical threshold was applied to vertical vibration signals, minimizing false alarms while preserving sensitivity to critical faults. Field tests conducted on multiple tram routes in Zagreb, Croatia, confirmed that the VTAD system can reliably detect and locate anomalies with meter-level accuracy, validated by repeated measurements. These results show that VTAD provides a cost-effective, scalable, and operationally validated predictive maintenance solution that supports integration into intelligent transportation systems and smart city infrastructure.","0","134"
"R245","WoS","Evaluating Reconstruction-Based and Proximity-Based Methods: A Four-Way Comparison (AE, LSTM-AE, OCSVM, IF) in SCADA Anomaly Detection Under Inverted Imbalance","Pawlik, L","2026","FUTURE INTERNET","10.3390/fi18020096","WOS:001701169200001","Article","English","gold","predictive maintenance; Industrial IoT; unsupervised anomaly detection; Autoencoder; LSTM-Autoencoder; One-Class SVM; Isolation Forest; inverted class imbalance; SCADA data; threshold stability","","This article investigates and compares four unsupervised anomaly detection algorithms: the Autoencoder (AE), LSTM-Autoencoder (LSTM-AE), One-Class SVM (OCSVM), and the Isolation Forest (IF). The analysis focuses on SCADA telemetry data from an urban wind turbine, characterized by a unique case of extreme inverted class imbalance, where operational anomalies constitute 75.7% of the records. The AE model, trained exclusively on the rare normal state, achieved the best overall performance (AUC 0.9667), maintaining balanced and high classification effectiveness for both classes (Recall Normal approximate to 95%, Recall Anomaly approximate to 88.5%; Macro F1-Score 0.8962). In contrast, the IF model, despite a strong discriminative ability (AUC 0.8616), exhibited a complete inability to correctly recognize the normal class (Recall Normal 0.00) when using the optimal F1-score threshold. This performance degradation was a direct consequence of the necessity to apply a classification threshold imposed by the statistical fraction of the anomaly-dominated dataset. These results empirically demonstrate the methodological superiority of the reconstruction-based approach (AE) in constructing a stable decision boundary independent of the statistically dominant class. The study provides quantitative guidelines for the selection and calibration of algorithms in PHM diagnostic systems where states deviating from the operational norm constitute the majority.","0","135"
"R246","WoS","A Novel Hybrid Architecture for Superior IoT Threat Detection through Real IoT Environments","Elzaghmouri, BM; Jbara, YHF; Elaiwat, S; Innab, N; Osman, AAF; Ataelfadiel, MAM; Zawaideh, FH; Alawneh, MF; Al-Khateeb, A; Abu-Zanona, MW","2024","CMC-COMPUTERS MATERIALS & CONTINUA","10.32604/cmc.2024.054836","WOS:001362445300001","Article","English","gold","A hybrid deep learning model; IoT threat detection; real IoT environments; cybersecurity; attention mechanism","INTRUSION DETECTION; INTERNET","As the Internet of Things (IoT) continues to expand, incorporating a vast array of devices into a digital ecosystem also increases the risk of cyber threats, necessitating robust defense mechanisms. This paper presents an innovative hybrid deep learning architecture that excels at detecting IoT threats in real-world settings. Our proposed model combines Convolutional Neural Networks (CNN), Bidirectional Long Short-Term Memory (BLSTM), Gated Recurrent Units (GRU), and Attention mechanisms into a cohesive framework. This integrated structure aims to enhance the detection and classification of complex cyber threats while accommodating the operational constraints of diverse IoT systems. We evaluated our model using the RT-IoT2022 dataset, which includes various devices, standard operations, and simulated attacks. Our research's significance lies in the comprehensive evaluation metrics, including Cohen Kappa and Matthews Correlation Coefficient (MCC), which underscore the model's reliability and predictive quality. Our model surpassed traditional machine learning algorithms and the state-ofthe-art, achieving over 99.6% precision, recall, F1-score, False Positive Rate (FPR), Detection Time, and accuracy, effectively identifying specific threats such as Message Queuing Telemetry Transport (MQTT) Publish, Denial of Service Synchronize network packet crafting tool (DOS SYN Hping), and Network Mapper Operating System Detection (NMAP OS DETECTION). The experimental analysis reveals a significant improvement over existing detection systems, significantly enhancing IoT security paradigms. Through our experimental analysis, we have demonstrated a remarkable enhancement in comparison to existing detection systems, which significantly strengthens the security standards of IoT. Our model effectively addresses the need for advanced, dependable, and adaptable security solutions, serving as a symbol of the power of deep learning in strengthening IoT ecosystems amidst the constantly evolving cyber threat landscape. This achievement marks a significant stride towards protecting the integrity of IoT infrastructure, ensuring operational resilience, and building privacy in this groundbreaking technology.","0","136"
"R247","WoS","An Edge-Cloud Integrated Smart Monitoring System for Sustainable Freshwater Fishpond Management","Hanif, MFA; Sarvghadi, MA","2026","JURNAL KEJURUTERAAN","10.17576/jkukm-2026-38(5)-24","WOS:001868649200024","Article","English","gold","Water quality; water monitoring; cloud computing; edge computing","","Water quality is a critical determinant of fish health and productivity in freshwater aquaculture, with parameters such as pH, dissolved oxygen (DO), temperature, and turbidity directly influencing growth, metabolism, and disease susceptibility. Traditional monitoring methods, based on manual sampling and laboratory analysis, are often slow, labor-intensive, and unable to detect rapid environmental changes. This paper presents the design and implementation of a hybrid edge-cloud integrated smart monitoring system for sustainable freshwater fishpond management. The system employs an ESP32-based edge node to collect real-time water quality data, detect threshold violations locally, and trigger immediate responses, including LED/buzzer alarms and actuator activation, while simultaneously sending email alerts via SMTP. Long-term data storage, visualization, and remote access are enabled through a cloud platform integrated with MATT-based data publishing. Experimental evaluation demonstrated a total detection-to-action latency of 3.4 s, local alerts in 1.0 s, email notifications within 7.0 s, and cloud synchronization latency of 150 ms. Sensor measurements achieved high accuracy, with maximum deviations of only +/- 0.11 pH units, 0.3 mg/L DO, 0.21 NTU turbidity, and 0.2 degrees C temperature. The system maintained 100% uptime during stable network conditions, confirming its reliability for continuous aquaculture monitoring. By combining low-latency local decision-making with cloud-based analytics, the proposed solution enhances operational efficiency, supports proactive management, and aligns with SDG 6 (Clean Water and Sanitation) and SDG 14 (Life Below Water). Future work will focus on integrating machine learning models for predictive water quality analysis and expanding the platform to other aquaculture and smart farming applications.","0","137"
"R248","WoS","Adaptive and scalable protection framework for virtual machines leveraging deep learning and dynamic defense","Kanthasamy, D; Kumar, CNSV","2025","SCIENTIFIC REPORTS","10.1038/s41598-025-26221-8","WOS:001626820800006","Article","English","Green Submitted, gold","Virtual machine security; Anomaly detection; Density-aware clustering; Dynamic mitigation controller; Adaptive feature encoder; Transformer-boosting classifier; Adaptive defense; Cloud security","CLOUD; SECURITY","Virtual Machines (VMs) serve as dynamic execution environments that trade-off workload isolation, performance, and elastic scalability in the cloud. However, the flexibility of VMs which allows for efficiency also makes them susceptible to stealthy and adaptive cyber threats such as resource exhaustion, privilege escalation, and lateral movement. In such environments, the traditional signature- and heuristic-based defenses often encounter difficulties, resulting in high false-positive rates and low-rank under changing attack conditions. To mitigate these limitations, we present a flexible defense system which combines feature extraction, anomaly detection, classification and mitigation in a single pipeline. The system consists of an Adaptive Feature Encoder for concise behavior representation, a Density-Aware Clustering for anomaly detection, a Transformer-Boosting Classifier for timely threat identification, and a Dynamic Mitigation Controller for prompt decision making at runtime, and with low overhead. Experiments on benchmark VM telemetry datasets (ToN-IoT and CSE-CIC-IDS2018) indicate that VMShield provides 99.8% accuracy, 99.7% precision, 99.6% F1-score, and reduces false positives by 35% compared to state-of-the-art baselines. Stress testing ensures scalability, keeping detection latency at similar to 240 ms and overhead under 7%. By integrating the accuracy with operational resilience, proposed adaptive and scalable protection framework offers a practical defense to protect the cloud-hosted VMs from the emerging adversarial threats.","0","138"
"R249","WoS","SAFER: Self-Attentive Feature Extraction and Reduction","Vinciguerra, E; Siracusano, G; Ascia, G; Palesi, M","2026","IEEE ACCESS","10.1109/ACCESS.2026.3700810","WOS:001792350000001","Article","English","Green Submitted, gold","Modeling; Feature extraction; Accuracy; Timing; Memory; Indexes; Indexing; Conferences; Machine learning; Computer architecture; Feature selection; functional safety; hardware performance counters; RISC-V; anomaly detection","FEATURE-SELECTION","Modern RISC-V automotive systems provide deep microarchitectural observability through Hardware Performance Counters (HPCs). However, leveraging this telemetry for real-time anomaly detection introduces a severe curse of dimensionality, as processing hundreds of raw metrics is computationally unviable for resource-constrained Electronic Control Units (ECUs). This paper presents SAFER (Self-Attentive Feature Extraction and Reduction), a novel multi-stage ensemble framework designed to autonomously distill optimal hardware metrics for safety-critical applications. By jointly combining a custom Attention-LSTM neural architecture with Permutation Importance (PI), Mutual Information (MI), and Bootstrap Stability (BS) analysis, SAFER isolates stable and highly discriminative fault signatures. Experimental evaluations on a RISC-V out-of-order processor running automotive benchmarks demonstrate that SAFER compresses an initial space of 1,450 raw hardware metrics into a robust subset of just 36 features, achieving a 97.4% dimensionality reduction, a global accuracy of 96.1%, and an Area Under the Curve (AUC) of 98.6% across diverse microarchitectural fault injection scenarios, surpassing the full-feature baseline by 3.1% in accuracy. SAFER effectively resolves the conflict between diagnostic observability and embedded memory constraints, enabling the deployment of advanced sequence-aware anomaly detection models in compliance with ISO 26262 requirements.","0","139"
"R250","WoS","A proposed secure framework for protecting cloud-based educational systems from hacking","El-Sofany, H; El-Seoud, SA; Karam, OH; Bouallegue, B; Ahmed, AM","2024","EGYPTIAN INFORMATICS JOURNAL","10.1016/j.eij.2024.100505","WOS:001270317800001","Article","English","gold","Cloud computing; E -learning; Cyberattacks; Digital signature; CNN; GLCM; Education system","COMPUTING ADOPTION","Educational institutions and users involved in the whole learning process frequently have concerns about the storage and processing of sensitive data and essential apps in the cloud. Security and privacy issues have emerged as a major challenge, limiting cloud computing's implementation in educational environments. Several users have yet to meet this security challenge, which is linked to the system's multi-tenancy nature and the outsourcing of resources and data. This study proposes a secure framework for protecting cloud-based educational systems from hacking using a unique encryption technique, as well as a deep learning-based classification for cloud attack detection. Initially, we preprocess the data and extract features using a gray-level covariance matrix (GLCM). Next, we propose a classification based on multiple convolutional neural networks (M-CNN) to detect attacks in the cloud environment. Finally, we propose a modified digital signature algorithm (MDSA) for data encryption and decryption. The proposed technique achieved high security rates, with an accuracy of 97.7%, sensitivity of 96%, specificity of 94.3%, precision of 99.6%, and recall of 97%. Comparative evaluations showed that the proposed mechanism outperformed other encryption techniques. This novel model enhances the security of cloud-based educational systems and promotes users' confidence in such platforms.","0","140"
"R251","WoS","FLED-Block: Federated Learning Ensembled Deep Learning Blockchain Model for COVID-19 Prediction","Durga, R; Poovammal, E","2022","FRONTIERS IN PUBLIC HEALTH","10.3389/fpubh.2022.892499","WOS:000820027000001","Article","English","Green Submitted, gold","image processing; artificial intelligence; extreme learning machine; privacy preservation; capsule learning model","FRAMEWORK; MACHINE; SPREAD","With the SARS-CoV-2's exponential growth, intelligent and constructive practice is required to diagnose the COVID-19. The rapid spread of the virus and the shortage of reliable testing models are considered major issues in detecting COVID-19. This problem remains the peak burden for clinicians. With the advent of artificial intelligence (AI) in image processing, the burden of diagnosing the COVID-19 cases has been reduced to acceptable thresholds. But traditional AI techniques often require centralized data storage and training for the predictive model development which increases the computational complexity. The real-world challenge is to exchange data globally across hospitals while also taking into account of the organizations' privacy concerns. Collaborative model development and privacy protection are critical considerations while training a global deep learning model. To address these challenges, this paper proposes a novel framework based on blockchain and the federated learning model. The federated learning model takes care of reduced complexity, and blockchain helps in distributed data with privacy maintained. More precisely, the proposed federated learning ensembled deep five learning blockchain model (FLED-Block) framework collects the data from the different medical healthcare centers, develops the model with the hybrid capsule learning network, and performs the prediction accurately, while preserving the privacy and shares among authorized persons. Extensive experimentation has been carried out using the lung CT images and compared the performance of the proposed model with the existing VGG-16 and 19, Alexnets, Resnets-50 and 100, Inception V3, Densenets-121, 119, and 150, Mobilenets, SegCaps in terms of accuracy (98.2%), precision (97.3%), recall (96.5%), specificity (33.5%), and F1-score (97%) in predicting the COVID-19 with effectively preserving the privacy of the data among the heterogeneous users.","0","141"
"R252","WoS","Dual level dengue diagnosis using lightweight multilayer perceptron with XAI in fog computing environment and rule based inference","Deepika, R; Kumar, TSP","2025","SCIENTIFIC REPORTS","10.1038/s41598-025-98365-6","WOS:001487816800010","Article","English","Green Submitted, gold","","","Over the last fifty years, arboviral infections have made an unparalleled contribution to worldwide disability and morbidity. Globalization, population growth, and unplanned urbanization are the main causes. Dengue is regarded as the most significant arboviral illness among them due to its prior dominance in growth. The dengue virus is mostly transmitted to humans by Aedes mosquitoes. The human body infected with dengue virus (DenV) will experience certain adverse impacts. To keep the disease under control, some of the preventative measures implemented by different countries need to be updated. Manual diagnosis is typically employed, and the accuracy of the diagnosis is assessed based on the experience of the healthcare professionals. Because there are so many patients during an outbreak, incompetence also happens. Remote monitoring and massive data storage are required. Though cloud computing is one of the solutions, it has a significant latency, despite its potential for remote monitoring and storage. Also, the diagnosis should be made as quickly as possible. The aforementioned issue has been resolved with fog computing, which significantly lowers latency and facilitates remote diagnosis. This study especially focuses on incorporating machine learning and deep learning techniques in the fog computing environment to leverage the overall diagnostic efficiency of dengue by promoting remote diagnosis and speedy treatment. A dual-level dengue diagnosis framework has been proposed in this study. Level-1 diagnosis is based on the symptoms of the patients, which are sent from the edge layer to the fog. Level-1 diagnosis is done in the fog to manage the storage and computation issues. An optimized and normalized lightweight MLP has been proposed along with preprocessing and feature reduction techniques in this study for the Level-1 Diagnosis in the fog computing environment. Pearson Correlation coefficient has been calculated between independent and target features to aid in feature reduction. Techniques like K-fold cross-validation, batch normalization, and grid search optimization have been used for increasing the efficiency. A variety of metrics have been computed to assess the effectiveness of the model. Since the suggested model is a black box, explainable artificial intelligence (XAI) tools such as SHAP and LIME have been used to help explain its predictions. An exceptional accuracy of 92% is attained with the small dataset using the proposed model. The fog layer sends the list of probable cases to the edge layer. Also, a precision of 100% and an F1 score of 90% have been attained using the proposed model. The list of probable cases is sent from the fog layer to the edge layer, where Level-2 Diagnosis is carried out. Level-2 diagnosis is based on the serological test report of the suspected patients of the Level-1 diagnosis. Level-2 diagnosis is done at the edge using the rule-based inference method. This study incorporates dual-level diagnosis, which is not seen in recent studies. The majority of investigations end at Level 1. However, this study minimizes incorrect treatment and fatality rates by using dual-level diagnosis and assisting in confirmation of the disease.","0","142"
"R253","WoS","Trust Aware and Explainable Access Control for Internet of Medical Things: A Lightweight Hybrid Blockchain Approach","Alashwal, M; Waheed, U; Algarni, M; Jamshed, H; Zwawi, M; Mansoor, Y; Hussain, A","2026","IEEE INTERNET OF THINGS JOURNAL","10.1109/JIOT.2026.3680091","WOS:001788888700013","Article","English","hybrid","Telemetry; Payloads; Aerospace and electronic systems; Military aircraft; Space technology; Circuits; Central Processing Unit; Feedback; MIMICs; Millimeter wave integrated circuits; Blockchain; explainable AI (XAI); Hyperledger Besu; Hyperledger Fabric; smart Internet of Things (IoT) security; trust recalibration; XAI attribute-based access control (ABAC)","MANAGEMENT","The Internet of Medical Things (IoMT) permits continuous patient monitoring, remote diagnosis, and intelligent clinical decision support using networked medical devices. However, IoMT environments are very challenging, given their stringent latency requirements, device diversity, and dynamic clinical workflows, which hinder traditional static access control (AC) approaches from performing effectively. Traditional AC systems, such as role-based AC (RBAC) and fixed attribute-based AC (ABAC), fail to adapt to real-time contextual changes, evolving user behavior, and trust dynamics in medical Internet of Things (IoT) systems. In addition, AI-driven AC solutions often operate as closed box models, limiting transparency and regulatory compliance. This article proposes a trust aware and explainable AC framework specifically designed for IoMT systems, integrating a tree-based ensemble learning model for trust evaluation, explainable artificial intelligence (XAI), and a lightweight hybrid blockchain architecture suitable for real-time IoMT deployments. The framework dynamically evaluates access requests using contextual and behavioral attributes and generates human-interpretable explanations for each access decision using SHAP-based XAI, enabling transparency and compliance with healthcare regulations. To meet IoMT latency and scalability requirements, computationally intensive machine learning (ML) and explainability tasks are executed off-chain, while access decisions and audit logs are immutably recorded using a hybrid blockchain composed of Hyperledger Fabric and Hyperledger Besu. A prototype implementation in a realistic IoMT environment demonstrates that the proposed framework achieves an access decision accuracy of 93.4%, with an average end-to-end latency of 1.8 s, which is suitable for real-time medical workflows. The off-chain AI integration reduces blockchain execution costs by 81% compared to fully on-chain solutions, while preserving security, auditability, and system reliability. These results indicate that trust aware and explainable AC can significantly enhance the security, transparency, and operational robustness of next-generation IoMT systems.","0","143"
"R254","WoS","NetBurst-X: A Burst-Informed Learning Framework for Detecting Microbursts and Data Exfiltration in NetFlow","Javeed, MS; Maua, J; Mridha, MF; Huang, J; Shin, J","2026","IEEE OPEN JOURNAL OF THE COMMUNICATIONS SOCIETY","10.1109/OJCOMS.2026.3683927","WOS:001748485200008","Article","English","Green Submitted, gold","Telemetry; Aerospace and electronic systems; Radio broadcasting; Filtering; Central Processing Unit; Filters; High-speed networks; Data communication; Communication systems; NetFlow analysis; microburst detection; data exfiltration; network security; deep learning; real-time intrusion detection","","Real-time anomaly detection is a core requirement in high-speed networks, yet most intrusion detection systems struggle with short-lived microbursts and stealthy data exfiltration, especially when attackers hide within bursty traffic. This paper proposes NetBurst-X, a hybrid burst-flow learning framework that combines burst-aware traffic statistics with temporal deep learning for NetFlow-based security analytics. The framework introduces a Burst Severity Index (BSI) and derives ByteRate and PacketRate features inside dynamic sliding windows, which are then fused with gated recurrent unit (GRU) representations of NetFlow sequences. Experiments on the NF-UNSW-NB15-V2 and UNSW-NB15 datasets show that NetBurst-X outperforms Random Forest, SVM, XGBoost, BiLSTM, and CNN-GRU baselines in precision, recall, F1-score, ROC-AUC, and Matthews correlation coefficient for both microburst detection and data exfiltration classification. On a combined microburst-exfiltration traffic mix, NetBurst-X achieves an F1-score of 0.950, a ROC-AUC of 0.973, and an MCC of 0.938, with F1-scores of 0.963 for microburst detection and 0.923 for exfiltration alone. Streaming evaluations further indicate low inference latency (27.4 ms per batch) and high throughput (16 920 flows/s), demonstrating that the framework is suitable for deployment in practical high-speed network environments. These results highlight the benefit of combining burst-aware traffic indicators with temporal flow modeling to improve real-time intrusion detection.","0","144"
"R255","WoS","Deep learning in distributed denial-of-service attacks detection method for Internet of Things networks","Aswad, FM; Ahmed, AMS; Alhammadi, NAM; Khalaf, BA; Mostafa, SA","2023","JOURNAL OF INTELLIGENT SYSTEMS","10.1515/jisys-2022-0155","WOS:000914275300001","Article","English","Green Submitted, gold","distributed denial-of-service attacks; Internet of Things; deep learning; classification; CNN; BiLSTM; RNN; LSTM","INTRUSION DETECTION","With the rapid growth of informatics systems' technology in this modern age, the Internet of Things (IoT) has become more valuable and vital to everyday life in many ways. IoT applications are now more popular than they used to be due to the availability of many gadgets that work as IoT enablers, including smartwatches, smartphones, security cameras, and smart sensors. However, the insecure nature of IoT devices has led to several difficulties, one of which is distributed denial-of-service (DDoS) attacks. IoT systems have several security limitations due to their disreputability characteristics, like dynamic communication between IoT devices. The dynamic communications resulted from the limited resources of these devices, such as their data storage and processing units. Recently, many attempts have been made to develop intelligent models to protect IoT networks against DDoS attacks. The main ongoing research issue is developing a model capable of protecting the network from DDoS attacks that is sensitive to various classes of DDoS and can recognize legitimate traffic to avoid false alarms. Subsequently, this study proposes combining three deep learning algorithms, namely recurrent neural network (RNN), long short-term memory (LSTM)-RNN, and convolutional neural network (CNN), to build a bidirectional CNN-BiLSTM DDoS detection model. The RNN, CNN, LSTM, and CNN-BiLSTM are implemented and tested to determine the most effective model against DDoS attacks that can accurately detect and distinguish DDoS from legitimate traffic. The intrusion detection evaluation dataset (CICIDS2017) is used to provide more realistic detection. The CICIDS2017 dataset includes benign and up-to-date examples of typical attacks, closely matching real-world data of Packet Capture. The four models are tested and assessed using Confusion Metrix against four commonly used criteria: accuracy, precision, recall, and F-measure. The performance of the models is quite effective as they obtain an accuracy rate of around 99.00%, except for the CNN model, which achieves an accuracy of 98.82%. The CNN-BiLSTM achieves the best accuracy of 99.76% and precision of 98.90%.","0","145"
"R256","WoS","Longitudinal Behavioural Analysis of Industrial IoT Network Traffic Using Passive Monitoring","Santos, H; Magalhaes, P","2026","JOURNAL OF SENSOR AND ACTUATOR NETWORKS","10.3390/jsan15040062","WOS:001859062500001","Article","English","gold","industrial IoT (IIoT); network intrusion detection; behavioural analysis; Zeek; passive network monitoring; anomaly detection; network traffic analysis; cybersecurity metrics","SECURITY; INTERNET; SYSTEMS","Industrial Internet of Things (IIoT) production environments rely on automated communication between control systems and embedded devices while operating under strict availability constraints that limit the deployment of conventional IT security controls. Despite extensive research on intrusion detection systems, empirical studies based on long-term observations of real industrial networks remain scarce. This paper presents a longitudinal 92-day passive monitoring study of a production-line IIoT network comprising 22 monitored devices. A containerised instance of Zeek was deployed in promiscuous mode to collect flow-level and application-layer telemetry without interfering with operations. The resulting dataset contains more than 41.5 million network flows and 520.5 million packets, represented by 48.48 GB of structured Zeek logs. The results reveal highly deterministic communication patterns dominated by periodic HTTP polling between a central server and distributed devices. In particular, the hourly mean HTTP response size remained highly stable at 132.76 bytes, with a standard deviation of 1.37 bytes and a coefficient of variation of 1.0%. Although no confirmed malicious activity was observed, transient deviations were identified and attributed to planned production stoppages restart periods, which caused temporary traffic reductions and short-lived packet bursts. These findings demonstrate that production-line IIoT networks can exhibit predictable behaviour regimes suitable for statistical anomaly detection. The study contributes a longitudinal empirical characterisation of a real operational IIoT network, a reproducible methodology for behavioural baseline extraction using passive telemetry, and practical insights for safe monitoring deployment.","0","146"
"R257","WoS","An IoT-Based Predictive Maintenance Framework Using a Hybrid Deep Learning Model for Smart Industrial Systems","Aleran, A; Almukhalfi, H; Noor, A; Alluhaibi, R; Hafez, A; Noor, TH","2026","CMC-COMPUTERS MATERIALS & CONTINUA","10.32604/cmc.2025.070741","WOS:001671545300001","Article","English","gold","Predictive maintenance; Internet of Things (IoT); smart industrial systems; LSTM-CNN hybrid model; deep learning; remaining useful life (RUL); industrial fault diagnosis","","Modern industrial environments require uninterrupted machinery operation to maintain productivity standards while ensuring safety and minimizing costs. Conventional maintenance methods, such as reactive maintenance (i.e., run to failure) or time-based preventive maintenance (i.e., scheduled servicing), prove ineffective for complex systems with many Internet of Things (IoT) devices and sensors because they fall short in detecting faults at early stages when it is most crucial. This paper presents a predictive maintenance framework based on a hybrid deep learning model that integrates the capabilities of Long Short-Term Memory (LSTM) Networks and Convolutional Neural Networks (CNNs). The framework integrates spatial feature extraction and temporal sequence modeling to accurately classify the health state of industrial equipment into three categories, including Normal, Require Maintenance, and Failed. The framework uses a modular pipeline that includes IoT-enabled data collection along with secure transmission methods to manage cloud storage and provide real-time fault classification. The FD004 subset of the NASA C-MAPSS dataset, containing multivariate sensor readings from aircraft engines, serves as the training and evaluation data for the model. Experimental results show that the LSTM-CNN model outperforms baseline models such as LSTM-SVM and LSTM-RNN, achieving an overall average accuracy of 86.66%, precision of 86.00%, recall of 86.33%, and F1-score of 86.33%. Contrary to the previous LSTM-CNN-based predictive maintenance models that either provide a binary classification or rely on synthetically balanced data, our paper provides a three-class maintenance state (i.e., Normal, Require Maintenance, and Failed) along with threshold-based labeling that retains the true nature of the degradation. In addition, our work also provides an IoT-to-cloud-based modular architecture for deployment. It offers Computerized Maintenance Management System (CMMS) integration, making our proposed solution not only technically sound but also practical and innovative. The solution achieves real-world industrial deployment readiness through its reliable performance alongside its scalable system design.","0","147"
"R258","WoS","Non-Intrusive Low-Cost IoT-Based Hardware System for Sustainable Predictive Maintenance of Industrial Pump Systems","Brito, SD; Azinheira, GJ; Semiao, JF; Sousa, NM; Litrán, SP","2025","ELECTRONICS","10.3390/electronics14142913","WOS:001539790300001","Article","English","gold","predictive maintenance; IoT; vibration analysis; wireless sensor networks; machine learning; low-cost sensors; FFT; anomaly detection","","Industrial maintenance has shifted from reactive repairs and calendar-based servicing toward data-driven predictive strategies. This paper presents a non-intrusive, low-cost IoT hardware platform for sustainable predictive maintenance of rotating machinery. The system integrates an ESP32-S3 sensor node that captures vibration (100 kHz) and temperature data, performs local logging, and communicates wirelessly. An automated spectral band segmentation framework is introduced, comparing equal-energy, linear-width, nonlinear, clustering, and peak-valley partitioning methods, followed by a weighted feature scheme that emphasizes high-value bands. Three unsupervised one-class classifiers-transformer autoencoders, GANomaly, and Isolation Forest-are evaluated on these weighted spectral features. Experiments conducted on a custom pump test bench with controlled anomaly severities demonstrate strong anomaly classification performance across multiple configurations, supported by detailed threshold-characterization metrics. Among 150 model-segmentation configurations, 25 achieved perfect classification (100% precision, recall, and F1 score) with ROC-AUC = 1.0, 43 configurations achieved >= 90% accuracy, and the lowest-performing setup maintained 81.8% accuracy. The proposed end-to-end solution reduces the downtime, lowers maintenance costs, and extends the asset life, offering a scalable, predictive maintenance approach for diverse industrial settings.","0","148"
"R259","WoS","Quantum safe drone security: Authenticated key exchange and privacy preserving intrusion detection for low altitude intelligent transportation systems*,**","Ahmed, S; Anisi, MH; Iqbal, A; Suresh, A; Amoon, M; Agarwal, K","2026","COMPUTERS & ELECTRICAL ENGINEERING","10.1016/j.compeleceng.2026.111429","WOS:001852181100001","Article","English","Green Accepted","Post quantum cryptography; Low altitude intelligent transportation system; ML-KEM; ML-DSA; Authenticated key exchange; Federated learning; Differential privacy; AAV security","AGREEMENT SCHEME; INTERNET","Low altitude intelligent transportation systems (LITS) coordinate Autonomous Aerial Vehicles (AAVs) across shared airspace, but their wireless drone to ground links remain exposed to Global Positioning System (GPS) spoofing, radio frequency (RF) jamming, command injection, and future quantum attacks. Existing Internet of Drones authentication schemes usually rely on elliptic curve or symmetric primitives, while National Institute of Standards and Technology (NIST) transition guidance targets deprecation of quantum vulnerable public key mechanisms beginning after 2030, they also rarely connect authentication with privacy aware intrusion detection. We propose Post Quantum Low Altitude Intelligent Transportation Security (PQ-LITS), a multi layer framework that combines post quantum mutual authentication with federated telemetry anomaly detection. The authentication layer uses the Module Lattice Based Key Encapsulation Mechanism (ML-KEM-768, Federal Information Processing Standards (FIPS) 203) and the Module Lattice Based Digital Signature Algorithm (ML-DSA-65, FIPS 204) to establish a session key in three messages, with 0.82 milliseconds (ms) latency over 1000 runs. The detection layer trains autoencoders across three ground control stations with non independent and identically distributed (non IID) attacks using Federated Averaging (FedAvg) and Gaussian differential privacy (sigma = 0.01). On 15,000 synthetic telemetry records, PQ-LITS reaches F1 = 0.7549, 95.7% of the centralised upper bound, while reducing communication by 58.2%. We give a security proof in the Quantum Random Oracle Model, reducing session security to Module Learning With Errors (Module LWE) and Module Short Integer Solution (Module SIS), and release the dataset, code, and benchmarks.","0","149"
"R260","WoS","Information-Theoretic Channel Selection and Spatiotemporal Deep Learning for Early Fault Detection in Microsatellite Thermal Control Systems","Pang, WJ; Zhou, J; Xu, JW; Zhi, XN","2026","ENTROPY","10.3390/e28070725","WOS:001831779000001","Article","English","Green Submitted, gold","Generalized Maximum Information Coefficient (GMIC); information-theoretic feature selection; fault detection; Seasonal Trend Decomposition using LOESS (STL); Thermal Control System (TCS); Convolutional Neural Network-Long Short-Term Memory (CNN-LSTM); microsatellites","","Early fault detection in microsatellite thermal control systems (TCS) faces fundamental challenges: high-dimensional redundant telemetry channels, overlapping multi-scale periodicities that obscure anomaly signatures, and severely limited daily data downlink (1-2 passes per day) that restricts the temporal window for diagnosis. Existing data-driven approaches either rely on supervised learning, requiring labeled fault data that are scarce in practice, or employ univariate analysis that fails to capture inter-sensor spatial correlations. To address these limitations, this paper introduces a hybrid framework integrating information-theoretic feature selection and spatiotemporal deep learning. The Generalized Maximum Information Coefficient (GMIC) quantifies nonlinear dependencies between temperature channels for key channel selection, reducing dimensionality by 82% while preserving diagnostic information. A dual-level Seasonal Trend Decomposition (STL) method disentangles orbital-periodic dynamics from diurnal cycles, effectively isolating distinct thermal characteristics at multiple timescales. Each decomposed component is modeled using Convolutional Neural Network-Long Short-Term Memory (CNN-LSTM) networks to capture spatiotemporal dependencies for accurate temperature prediction. An adaptive threshold-based weighted error fusion mechanism enables early fault detection within a single day of telemetry data. Experimental validation on real satellite telemetry data demonstrates that the proposed framework achieves high-precision fault detection across multiple fault types using a minimal set of temperature channels, significantly outperforming existing benchmarks in both prediction accuracy and detection reliability.","0","150"
"R261","WoS","A Privacy-Conscious and Explainable IDS-Oriented Triage and Response Pipeline for Mobile Network Infrastructure Using Aggregated Cellular Traffic Signatures","Dimez, Ö; Cogen, F","2026","COMPUTERS","10.3390/computers15080531","WOS:001858674100001","Article","English","gold","mobile network security; IDS-oriented decision support; aggregated cellular traffic signatures; threat model; spatial anomaly localization; alert triage; ETA-aware response; privacy-conscious analytics; explainable artificial intelligence; synthetic simulation; reproducibility","AMBULANCE DEMAND; SECURITY; LOCATION; MODEL","Mobile-network operators must interpret spatial anomalies in aggregated cell-level telemetry and decide whether, where, and how to respond. This paper presents a privacy-conscious, intrusion detection system (IDS)-oriented triage and response architecture that consumes cell-level anomaly signatures and couples spatial reconstruction, short-horizon forecasting, origin inference, self-resolution and remaining-time estimation, adaptive gating, ETA-aware team selection, conservative redeployment, explanation, and audit logging. It is a downstream spatial-attribution and response-orchestration layer, not a packet- or flow-level attack detector. The evaluated configuration uses transparent deterministic, heuristic, and optimization-based procedures and synthetic aggregated signatures without subscriber identifiers; aggregation is treated as data minimization, not a formal privacy guarantee. Across 20 paired synthetic scenarios, the full policy reduced conditional mean response time from 37.58 to 22.86 min, total travel from 576.0 to 273.5 min, and coverage ETA from 32.28 to 26.76 min, while on-time service increased from 54.0% to 60.0%. These benefits were accompanied by lower persistent-incident coverage (91.1% to 72.1%) and a higher miss rate (8.9% to 27.9%). The inverse-origin configuration showed no repeated localization-error advantage, and conservative redeployment had only a marginal average effect. The results therefore demonstrate a configurable downstream triage trade-off under controlled synthetic conditions, not attack-classification accuracy, adversarial robustness, formal privacy, or deployment readiness.","0","151"
"R262","WoS","Deep Learning-Based Privacy-Preserving Data Transmission Scheme for Clustered IIoT Environment","Lakshmanna, K; Kavitha, R; Geetha, BT; Nanda, AK; Radhakrishnan, A; Kohar, R","2022","COMPUTATIONAL INTELLIGENCE AND NEUROSCIENCE","10.1155/2022/8927830","WOS:000815095300030","Article","English","Green Submitted, hybrid","","","The Industrial Internet of Things (IIoT) has received significant attention from several leading industries like agriculture, mining, transport, energy, and healthcare. IIoT acts as a vital part of Industry 4.0 that mainly employs machine learning (ML) to investigate the interconnection and massive quantity of the IIoT data. As the data are generally saved at the cloud server, security and privacy of the collected data from numerous distributed and heterogeneous devices remain a challenging issue. This article develops a novel multi-agent system (MAS) with deep learning-based privacy preserving data transmission (BDL-PPDT) scheme for clustered IIoT environment. The goal of the BDL-PPDT technique is to accomplish secure data transmission in clustered IIoT environment. The BDL-PPDT technique involves a two-stage process. Initially, an enhanced moth swarm algorithm-based clustering (EMSA-C) technique is derived to choose a proper set of clusters in the IIoT system and construct clusters. Besides, multi-agent system is used to enable secure inter-cluster communication. Moreover, multi-head attention with bidirectional long short-term memory (MHA-BLSTM) model is applied for intrusion detection process. Furthermore, the hyperparameter tuning process of the MHA-BLSTM model can be carried out by the stochastic gradient descent with momentum (SGDM) model to improve the detection rate. For examining the promising performance of the BDL-PPDT technique, an extensive comparison study takes place and the results are assessed under varying measures. A significant amount of capital is required. It goes without saying that one of the most obvious industrial IoT concerns is the high cost of adoption. Secure data storage and management connectivity failures are common among IoT devices due to the massive amount of data they create. The simulation results demonstrate the enhanced outcomes of the BDL-PPDT technique over the recent methods. Despite the fact that the offered BDL-PPDT technique has an accuracy of just 98.15 percent, it produces the best feasible outcome. Because of the data analysis conducted as detailed above, it was determined that the BDL-PPDT technique outperformed the other current techniques on a range of different criteria and was thus recommended.","0","152"
"R263","WoS","Patient Stratification for Improving Acute Chest Pain Management and Mitigating Emergency Department Crowding: Machine Learning Model Development and Validation","Hsieh, CC; Chu, SC; Lee, JT; Lin, CH; Kao, CY","2026","JMIR MEDICAL INFORMATICS","10.2196/83099","WOS:001857248700001","Article","English","Green Submitted, gold","acute chest pain; risk stratification; emergency department crowding; clinical decision support; triage; patient management; AI","MYOCARDIAL-INFARCTION","Background: Acute chest pain (ACP) is one of the most common chief complaints in the emergency department (ED), accounting for approximately 8% of all ED visits. However, among patients presenting with chest pain suggestive of cardiac origin, fewer than 10% are ultimately diagnosed with acute coronary syndrome (ACS). Objective: AI models were developed to support clinical decision-making for triage level-2 ED patients presenting with ACP. These models aim to accurately detect ACS and reliably identify low-risk patients based on a single high-sensitivity cardiac troponin T test result. By integrating this AI-assisted strategy into clinical workflows, we aim to reduce ED length of stay, alleviate crowding, and improve health care efficiency while maintaining high safety standards. Methods: We conducted a retrospective study using single-center data from a tertiary teaching hospital between January 2016 and December 2022. Models based on artificial neural networks (ANNs) were trained to classify patients with ACP at triage level 2 into 3 clinical classes: critical patients with ACS (subgroup GA), critical patients without ACS (subgroup GB1), and low-risk patients (subgroup GB2). The models were trained and internally validated via a 5-fold cross-validation protocol using data from 2016 to 2020. Model performance was then evaluated on the hold-out testing data (2021-2022) using area under the receiver operating characteristic curve, area under the precision-recall curve, and subgroup-specific metrics. Feature selection methods and the Shapley Additive Explanations value analysis were applied to identify features that drive the model's predictive power. The study was approved by the institutional review board of the National Cheng Kung University Hospital, Tainan, Taiwan (A-ER-111-199). Results: After excluding ED visits with missing triage data, incomplete medical histories, or unsuitable dispositions, 17,935 visits were included, with 1209 GA, 3873 GB1, and 12,853 GB2. Rendering prediction based on 24 feature variables (2 demographics, 6 vital signs, 4 blood test results, and 12 medical history), all ANN models demonstrated strong testing AUROC (95% CI) performance of 0.942 (0.920-0.965) for GA classification, 0.824 (0.808-0.841) for GB1, and 0.893 (0.884-0.902) for GB2. Regarding multiclassification, ANN-S3 achieved balanced performance, with ACS sensitivity of 0.941 (95% CI 0.908-0.973) and low-risk positive predictive value and sensitivity of 0.911 (95% CI 0.9-0.921) and 0.837 (95% CI 0.824- 0.85), respectively. A sensitivity-prioritized variant, ANN-S3-L, increased ACS sensitivity to 0.966 (95% CI 0.94-0.991) and negative predictive value to 0.998 (95% CI 0.996-0.999), but at the cost of lower specificity and reduced low-risk sensitivity, indicating a safety-efficiency trade-off. Conclusions: These findings suggest that ANN-based classifiers can effectively support clinical risk stratification and disposition decision-making in ACP care for patients presenting >= 3 hours after symptom onset. However, because even the sensitivity-prioritized ANN-S3-L variant falls short of the stringent sensitivity threshold (>0.99) typically required for a standalone ED rule-out tool, this system should be interpreted as a clinical decision-support aid rather than an independent rule-out strategy.","0","153"
"R264","WoS","Artificial Intelligence-Powered Crypto Ransomware Detection","Fang, X; Saadawi, T","2026","IEEE ACCESS","10.1109/ACCESS.2026.3710149","WOS:001837828200025","Article","English","gold","Ransomware; Modeling; Signal detection; Windows; Random forests; Long short term memory; Training; Trees (botanical); Vegetation; Accuracy; Ransomware detection; hybrid AI model; real-time monitoring; host-based IDS; anomaly detection; behavioral analysis","","Ransomware continues to evolve into one of the most disruptive cyber threats, employing encryption to deny victims access to their own data. This paper presents a Hybrid AI Threat Detection (HAITD) framework that detects ransomware in real time by monitoring host-level behavioural signals-file entropy, cryptographic API call sequences, process-tree anomalies, and registry modifications-rather than relying on static signatures. The framework integrates three complementary detection engines: a Random Forest classifier for rapid, explainable classification of known attack patterns, a deep autoencoder that flags anomalous deviations from benign system behaviour, and a two-layer bidirectional LSTM that captures temporal dependencies across multi-step ransomware kill chains. A decision fusion layer combines the outputs of these engines to produce a final threat score, balancing threat containment against operational disruption. The architecture is designed to operate on streaming host telemetry, extracting 86 behavioural features within 500 ms sliding windows, and is cross-platform by employing OS-native instrumentation (Windows ETW, Linux auditd, macOS EndpointSecurity). Evaluated on the CIC-Ransomware-2017 dataset, which contains host-side logs from ten ransomware families and genuine benign user activity, the HAITD framework achieves 96.3% detection accuracy with a false-positive rate of 3.7%, while maintaining an inference latency below 50 ms. Feature importance analysis confirms that file entropy and cryptographic API burst rates are the dominant discriminators, directly aligning with ransomware's operational behaviour. By unifying supervised, unsupervised, and temporal learning techniques into a single host-centric ensemble, HAITD moves beyond reactive signature matching and provides a resilient, explainable defence against both known and zero-day ransomware variants.","0","154"
"R265","WoS","Web-Based Application Based on Human-in-the-Loop Deep Learning for Deidentifying Free-Text Data in Electronic Medical Records: Development and Usability Study","Liu, LB; Perez-Concha, O; Nguyen, A; Bennett, V; Blake, V; Gallego, B; Jorm, L","2023","INTERACTIVE JOURNAL OF MEDICAL RESEARCH","10.2196/46322","WOS:001064939200001","Article","English","Green Submitted, gold","web-based system; deidentification; electronic medical records; deep learning; narrative free text; human in the loop; free text; unstructured data; electronic health records; machine learning","IDENTIFICATION","Background: The narrative free-text data in electronic medical records (EMRs) contain valuable clinical information for analysis and research to inform better patient care. However, the release of free text for secondary use is hindered by concerns surrounding personally identifiable information (PII), as protecting individuals' privacy is paramount. Therefore, it is necessary to deidentify free text to remove PII. Manual deidentification is a time-consuming and labor-intensive process. Numerous automated deidentification approaches and systems have been attempted to overcome this challenge over the past decade. Objective: We sought to develop an accurate, web-based system deidentifying free text (DEFT), which can be readily and easily adopted in real-world settings for deidentification of free text in EMRs. The system has several key features including a simple and task-focused web user interface, customized PII types, use of a state-of-the-art deep learning model for tagging PII from free text, preannotation by an interactive learning loop, rapid manual annotation with autosave, support for project management and team collaboration, user access control, and central data storage. Methods: DEFT comprises frontend and backend modules and communicates with central data storage through a filesystem path access. The frontend web user interface provides end users with a user-friendly workspace for managing and annotating free text. The backend module processes the requests from the frontend and performs relevant persistence operations. DEFT manages the deidentification workflow as a project, which can contain one or more data sets. Customized PII types and user access control can also be configured. The deep learning model is based on a Bidirectional Long Short-Term Memory-Conditional Random Field (BiLSTM-CRF) with RoBERTa as the word embedding layer. The interactive learning loop is further integrated into DEFT to speed up the deidentification process and increase its performance over time. Results: DEFT has many advantages over existing deidentification systems in terms of its support for project management, user access control, data management, and an interactive learning process. Experimental results from DEFT on the 2014 i2b2 data set obtained the highest performance compared to 5 benchmark models in terms of microaverage strict entity-level recall and F1-scores of 0.9563 and 0.9627, respectively. In a real-world use case of deidentifying clinical notes, extracted from 1 referral hospital in Sydney, New South Wales, Australia, DEFT achieved a high microaverage strict entity-level F1-score of 0.9507 on a corpus of 600 annotated clinical notes. Moreover, the manual annotation process with preannotation demonstrated a 43% increase in work efficiency compared to the process without preannotation. Conclusions: DEFT is designed for health domain researchers and data custodians to easily deidentify free text in EMRs. DEFT supports an interactive learning loop and end users with minimal technical knowledge can perform the deidentification work with only a shallow learning curve.","0","155"
"R266","WoS","Cloud-Based Architecture for Hydrophone Data Acquisition and Processing of Surface and Underwater Vehicle Detection","Carrasco, FP; García, AF; García, A; Bejerano, VR; Gutiérrez, A; Belmonte-Hernández, A","2025","JOURNAL OF MARINE SCIENCE AND ENGINEERING","10.3390/jmse13081455","WOS:001557820600001","Article","English","Green Submitted, gold","hydrophones; cloud computing; edge computing; underwater acoustic sensing; vehicle detection; maritime surveillance; AIS integration","","This paper presents a cloud-based architecture for the acquisition, transmission, and processing of acoustic data from hydrophone arrays, designed to enable the detection and monitoring of both surface and underwater vehicles. The proposed system offers a modular and scalable cloud infrastructure that supports real-time and distributed processing of hydrophone data collected in diverse aquatic environments. Acoustic signals captured by heterogeneous hydrophones-featuring varying sensitivity and bandwidth-are streamed to the cloud, where several machine learning algorithms can be deployed to extract distinguishing acoustic signatures from vessel engines and propellers in interaction with water. The architecture leverages cloud-based services for data ingestion, processing, and storage, facilitating robust vehicle detection and localization through propagation modeling and multi-array geometric configurations. Experimental validation demonstrates the system's effectiveness in handling high-volume acoustic data streams while maintaining low-latency processing. The proposed approach highlights the potential of cloud technologies to deliver scalable, resilient, and adaptive acoustic sensing platforms for applications in maritime traffic monitoring, harbor security, and environmental surveillance.","0","156"
"R267","WoS","A novel gallop operator for horse herd optimization algorithm: application to feature selection of safety defect prediction in UAV","Mood, SE; Souri, A; Inanç, N; Chen, MY","2025","CLUSTER COMPUTING-THE JOURNAL OF NETWORKS SOFTWARE TOOLS AND APPLICATIONS","10.1007/s10586-025-05460-4","WOS:001576153100034","Article","English","hybrid","Unmanned Aerial Vehicle (UAV); Safety defect prediction; Binary horse herd optimization algorithm; Feature selection; Machine learning","","With the growing integration of Autonomous Vehicles (AVs) in military and civilian environments, ensuring robust security mechanisms, particularly through Intrusion Detection Systems (IDS), has become critical. However, the high dimensionality of UAV telemetry data often includes redundant or irrelevant features, which negatively impact the performance of machine learning algorithms. To address this, we propose an enhanced Binary Horse Herd Optimization Algorithm (BHOA) by incorporating a Gallop operator inspired by natural horse behavior. This operator improves the algorithm's exploratory ability and avoids early convergence without increasing the computational burden. The enhanced BHOA is employed for feature selection, aiming to minimize redundancy and maximize relevance to the classification task. When coupled with the K-Nearest Neighbors (KNN) classifier for detecting spoofing and jamming attacks, the proposed method achieves an average of 8.25% improvement in classification accuracy compared to baseline feature selection algorithms such as minimum-Redundancy-Maximum-Relevance (mRMR) and ReliefF. Despite not converging faster in terms of iteration count, the Gallop-enhanced BHOA reaches higher-quality solutions in the same computational time. This model has potential real-world applications in UAV-based IDS systems, where efficient, lightweight, and accurate detection is essential for deployment under operational constraints. Future work will extend this framework to real telemetry data and explore domain adaptation to bridge the gap between synthetic training environments and real-world scenarios.","0","157"
"R268","WoS","Unsupervised Fault Event Detection in Historical Industrial Telemetry With Temporal Event Structuring","Enriquez, GN; Coello, CAC; Vega-Alvarado, E; Portilla-Flores, EA; Muñoz-Hernandez, GA; Sepúlveda-Cervantes, G","2026","IEEE ACCESS","10.1109/ACCESS.2026.3688423","WOS:001758032200041","Article","English","gold","Telemetry; Aerospace and electronic systems; Radio broadcasting; Frequency modulation; Filtering; Filters; Circuits and systems; Feedback; Circuits; Oscillators; Unsupervised fault event detection; multivariate time series; temporal event structuring; alarm chattering; industrial telemetry; label scarcity; DAMADICS benchmark; interpretability","","In modern industrial process monitoring of multivariate time series, the effectiveness of data-driven event detection is often constrained by scarce labels and the dynamic complexity of real-world telemetry. While unsupervised reconstruction models provide a viable alternative to supervised learning, their direct application to continuous industrial streams frequently yields noisy, fragmented alarms and limited interpretability. This paper presents an unsupervised anomalous event detection framework designed to extract structured anomalous events and interpretable evidence from historical data. Beyond standard residual thresholding, the proposed temporal event-structuring stage integrates a dynamics-aware fault score built from reconstruction-error magnitude and derivatives, together with dual-threshold hysteresis and variable-set continuity rules to stabilize event boundaries and reduce fragmentation. The framework operates without requiring labels for training or event structuring, and is evaluated on DAMADICS Phase III, a representative case study of coupled actuator telemetry with partial annotations, treating detections outside documented windows as unverified rather than false. Experimental results show a mean temporal Coverage of 92.97% across documented windows and a Variable Recall (VarRecall) of 87.04%, with detected events overlapping all 18 documented fault windows. Comparative ablations further confirm the distinct role of derivative terms, hysteresis, and continuity in supporting temporally consistent event structuring, achieving a median fragmentation of 1 segment per window. This event-level consistency enables the retrieval of granular interpretive evidence, including activation chronology and activation-cause attribution, without relying on extensive fault labels.","0","158"
"R269","WoS","An intelligent decision support system for groundwater supply management and electromechanical infrastructure controls","Ataei, P; Takhtravan, A; Gheibi, M; Chahkandi, B; Faramarz, MG; Waclawek, S; Fathollahi-Fard, AM; Behzadian, K","2024","HELIYON","10.1016/j.heliyon.2024.e25036","WOS:001175784500001","Article","English","Green Submitted, gold","Decision support system; Groundwater management; Machine learning algorithms; Classical Delphi; Petri net modeling; Random forest","ARTIFICIAL NEURAL-NETWORK; MONITORING GROUNDWATER; NITRATE POLLUTION; WATER-CONSUMPTION; PREDICTION; RESOURCES; OPERATION; AQUIFER; STORAGE; ENERGY","This study presents an intelligent Decision Support System (DSS) aimed at bridging the theoretical -practical gap in groundwater management. The ongoing demand for sophisticated systems capable of interpreting extensive data to inform sustainable groundwater decisionmaking underscores the critical nature of this research. To meet this challenge, telemetry data from six randomly selected wells were used to establish a comprehensive database of groundwater pumping parameters, including flow rate, pressure, and current intensity. Statistical analysis of these parameters led to the determination of threshold values for critical factors such as water pressure and electrical current. Additionally, a soft sensor was developed using a Random Forest (RF) machine learning algorithm, enabling real-time forecasting of key variables. This was achieved by continuously comparing live telemetry data to pump design specifications and results from regular field testing. The proposed machine learning model ensures robust empirical monitoring of well and pump health. Furthermore, expert operational knowledge from water management professionals, gathered through a Classical Delphi (CD) technique, was seamlessly integrated. This collective expertise culminated in a data -driven framework for sustainable groundwater facilities monitoring. In conclusion, this innovative DSS not only addresses the theory -application gap but also leverages the power of data analytics and expert knowledge to provide high -precision online insights, thereby optimizing groundwater management practices.","0","159"
"R270","WoS","A deep learning approach to photo-identification demonstrates high performance on two dozen cetacean species","Patton, PT; Cheeseman, T; Abe, K; Yamaguchi, T; Reade, W; Southerland, K; Howard, A; Oleson, EM; Allen, JB; Ashe, E; Athayde, A; Baird, RW; Basran, C; Cabrera, E; Calambokidis, J; Cardoso, J; Carroll, EL; Cesario, A; Cheney, BJ; Corsi, E; Currie, J; Durban, JW; Falcone, EA; Fearnbach, H; Flynn, K; Franklin, T; Franklin, W; Vernazzani, BG; Genov, T; Hill, M; Johnston, DR; Keene, EL; Mahaffy, SD; McGuire, TL; McPherson, L; Meyer, C; Michaud, R; Miliou, A; Orbach, DN; Pearson, HC; Rasmussen, MH; Rayment, WJ; Rinaldi, C; Rinaldi, R; Siciliano, S; Stack, S; Tintore, B; Torres, LG; Towers, JR; Trotter, C; Moore, RT; Weir, CR; Wellard, R; Wells, R; Yano, KM; Zaeschmar, JR; Bejder, L","2023","METHODS IN ECOLOGY AND EVOLUTION","10.1111/2041-210X.14167","WOS:001027333900001","Article","English","Green Submitted, gold","artificial intelligence; cetacean; computer vision; convolutional neural network; deep learning; dolphin; dorsal; lateral; machine learning; multi-species; photo-identification; whale","CAPTURE-RECAPTURE MODELS; ASSOCIATION PATTERNS","Researchers can investigate many aspects of animal ecology through noninvasive photo-identification. Photo-identification is becoming more efficient as matching individuals between photos is increasingly automated. However, the convolutional neural network models that have facilitated this change need many training images to generalize well. As a result, they have often been developed for individual species that meet this threshold. These single-species methods might underperform, as they ignore potential similarities in identifying characteristics and the photo-identification process among species. In this paper, we introduce a multi-species photo-identification model based on a state-of-the-art method in human facial recognition, the ArcFace classification head. Our model uses two such heads to jointly classify species and identities, allowing species to share information and parameters within the network. As a demonstration, we trained this model with 50,796 images from 39 catalogues of 24 cetacean species, evaluating its predictive performance on 21,192 test images from the same catalogues. We further evaluated its predictive performance with two external catalogues entirely composed of identities that the model did not see during training. The model achieved a mean average precision (MAP) of 0.869 on the test set. Of these, 10 catalogues representing seven species achieved a MAP score over 0.95. For some species, there was notable variation in performance among catalogues, largely explained by variation in photo quality. Finally, the model appeared to generalize well, with the two external catalogues scoring similarly to their species' counterparts in the larger test set. From our cetacean application, we provide a list of recommendations for potential users of this model, focusing on those with cetacean photo-identification catalogues. For example, users with high quality images of animals identified by dorsal nicks and notches should expect near optimal performance. Users can expect decreasing performance for catalogues with higher proportions of indistinct individuals or poor quality photos. Finally, we note that this model is currently freely available as code in a GitHub repository and as a graphical user interface, with additional functionality for collaborative data management, via Happywhale.com.","0","160"
"R271","WoS","Artificial-Intelligence-Integrated Autonomous IoT Alert System for Real-Time Remote Fire and Smoke Detection in Live Video Streams","Panindre, P; Acharya, S; Kalidindi, N; Kumar, S","2025","IEEE INTERNET OF THINGS JOURNAL","10.1109/JIOT.2025.3598979","WOS:001600768600039","Article","English","hybrid","Artificial intelligence; Real-time systems; Accuracy; Internet of Things; Cameras; Videos; Smoke detectors; Injuries; Computational modeling; Surveillance; Firefighting; Internet of Things (IoT); object detection; surveillance cameras","POSITIVE-PRESSURE VENTILATION; CONVOLUTIONAL NEURAL-NETWORKS; ALGORITHM; WIND","Video surveillance via closed-circuit television (CCTV) is ubiquitous across the world today, with a multiplicity of monitoring objectives. However, Internet of Things (IoT)-enabled real-time automated detection of fire and smoke has not been a part of the CCTV repertoire so far. The present study addresses the feasibility and establishes a methodology for detecting fire and smoke solely from live video streams using a novel IoT-centric framework with minimal latency and higher accuracy, and without the need for additional data, such as from thermal or multispectral imaging streams. In our design, CCTV/IP cameras serve purely as Perception Layer nodes that stream raw video (without on-device inference or preprocessing), transmitting via IoT network protocols (RTSP/real-time messaging protocol (RTMP)/SDP) to a centralized Application Layer for artificial intelligence (AI) inference. It is shown that available AI object detection models (EfficientDet, Faster-RCNN, you only look once (YOLO), and their variants) that have been trained and tested with a comprehensive dataset of fire and smoke images are able to detect fire and smoke from video streams with varied accuracies that make the stand-alone models unreliable for practical applications. By uniquely integrating multiple AI algorithms into an end-to-end IoT architecture (Perception-Network-Application layers), as well as incorporating a novel technique of monitoring and analyzing the area of dynamically assigned bounding boxes around detected fire and smoke regions, the overall accuracy is significantly increased, creating a robust system for detecting all classes of fire within the same system. The dynamic analysis of bounding box areas over consecutive frames allows the system to differentiate between real, live fires, and static images or objects that resemble fire, thereby significantly reducing false positives. The framework leverages IoT camera nodes streaming via RTSP/RTMP/SDP to cloud-hosted ingestion servers on amazon web service (AWS) EC2 (Application Layer), where video frames are continuously extracted and fed to an AI ensemble. Detected events, validated by multimodel consensus, are stored in S3 and trigger alerts in real-time via AWS simple notification service (SNS)/simple email service (SES) based on custom risk thresholds. The mean Average Precision (mAP)@0.5 and detection time of Scaled-YOLOv4 (80.6%, 0.016 s/video frame) and EfficientDet (78.1%, 0.019 s/video frame) are found to be better than that of Faster-RCNN (67.8%, 0.054 s/video frame), highlighting the applicability of Scaled-YOLOv4 and EfficientDet for high-throughput, low-latency real-time detections within IoT-driven surveillance ecosystems.","0","161"
"R272","WoS","LogHyper-IB: Spatio-Temporal Hypergraph Representation Learning via Information Bottleneck for Anomaly Detection in Distributed Systems","Gupta, V; Jain, N; Anand, A; Jain, D; Yadav, MP; Singh, YP","2026","IEEE ACCESS","10.1109/ACCESS.2026.3682603","WOS:001748521500016","Article","English","Green Submitted, gold","Telemetry; Aerospace and electronic systems; Satellite images; Earth Observing System; Feeds; Filtering; Filters; Circuits and systems; Central Processing Unit; Anomaly detection; hypergraph convolutional networks; information bottleneck; software reliability; high-performance computing; BlueGene/L; root cause analysis","","The operational integrity of High-Performance Computing (HPC) architectures like BlueGene/L is increasingly threatened by the redundancy problem, where critical failure signatures are submerged beneath ephemeral telemetry. This study introduces LogHyper-IB, a bifurcated architectural innovation that displaces traditional sequential paradigms by integrating Hypergraph Convolutional Networks (HGCN) with a Variational Information Bottleneck (VIB). By modeling log templates as nodes within a hyper-relational topology, the framework captures higher-order, non-pairwise dependencies often obscured in linear time-series. The VIB objective enforces a rigorous compression constraint, distilling minimal sufficient statistics by filtering out uninformative system heartbeats. Empirical validation on the BGL dataset yields a Matthews Correlation Coefficient (MCC) of 0.9888 and an F1-score of 0.9899, significantly outperforming legacy models. With a sub-50ms inference latency and robust root-cause localization capabilities, LogHyper-IB establishes a new performance ceiling for automated, real-time supercomputing diagnostics.","0","162"
"R273","WoS","Dual-domain collaborative pump noise suppression network for measurement while drilling communications","Chen, W; Lin, JY; Zhang, SW; Wu, SL","2026","DIGITAL SIGNAL PROCESSING","10.1016/j.dsp.2026.106223","WOS:001768378900001","Article","English","hybrid","Measurement while drilling; Mud pulse telemetry; Pump noise suppression; Deep learning","MUD; CANCELLATION","Mud pulse telemetry signals in Measurement While Drilling (MWD) systems suffer from severe, non-stationary pump noise that traditional single-domain filtering struggles to separate. To address this, we propose a dual-domain collaborative pump noise suppression network (DPNSNet). The network first utilizes a Spectral Signature Encoder to extract multi-scale frequency-domain features and generate a prior mask. Subsequently, guided by this mask, a Temporal Dynamics Estimator, which integrates a Local Global Context Block and Spectral Correlation Layers, simultaneously captures short-and long-term temporal dependencies alongside cross-band harmonic coupling to progressively approximate the true noise distribution. Finally, a Mask-Guided Gated Fusion module adaptively integrates the multi-stage recursive estimations. Extensive evaluations on simulated and field drilling data demonstrate that DPNSNet effectively mitigates pump interference under low SNR and diverse conditions, maximizing in-band signal gain and significantly reducing the system BER.","0","163"
"R274","WoS","Using non-continuous accelerometry to identify cryptic nesting events of Galapagos giant tortoises","Donovan, EB; Blake, S; Deem, SL; Moldowan, PD; Nieto-Claudin, A; Cabrera, F; Peñafiel, C; Bastille-Rousseau, G","2024","ANIMAL BIOTELEMETRY","10.1186/s40317-024-00387-w","WOS:001352373600001","Article","English","Green Submitted, gold","Remote observation; Machine learning; Behavior classification; Chelonian; Chelonoidis spp.; Reproductive monitoring","ACCELERATION DATA; ANIMAL BEHAVIOR; PATTERNS; STRATEGIES; MIGRATION; MOVEMENT; TURTLES; SIZE","BackgroundTriaxial accelerometers have revolutionized wildlife research by providing an unprecedented understanding of the behavior of free-living animals. Machine learning is often applied to acceleration data to classify diverse animal behaviors across taxa. However, the high frequency, continuous data collection typically favored for behavioral classification studies often generates very large data sets, which may inhibit remote data acquisition and make data storage challenging. Coarse-frequency sampling or non-continuous bursts of acceleration data reduce these problems. To analyze such data, a suite of variables that summarize key features of the behavior of interest can be generated. These variables can then be used in numerous classification approaches, accommodating variation in data collection methods or sampling regimes. We demonstrate the potential for non-continuous accelerometer data to identify long-duration behavior and employ machine learning to classify the nesting behaviors of the critically endangered eastern Santa Cruz giant tortoise (Chelonoidis donfaustoi).ResultsWe field validated 112 nesting events from 21 giant tortoises. We then derived summary statistics based on accelerometry (e.g., overall dynamic body acceleration, metrics comparing acceleration before and after the probable event) and used them as inputs for Random Forest and Boosted Regression Tree classification algorithms. Our models produced a harmonic mean of precision and sensitivity (F1-score) of 0.91. We tested the generality of our model and found that the model performs well when applied to both novel individuals and years. The most important variable in accurately classifying data sequences was the proportion of acceleration data bursts above an activity threshold followed by the average overall dynamic body acceleration value of the bursts.ConclusionsThese results demonstrate the feasibility and efficacy of using non-continuous accelerometer data to identify prolonged, biologically relevant behaviors in free-living wildlife. By using summary variables that do not require continuous sampling, this approach facilitates long-term monitoring of animal behavior. Similar methodology has potential to inform priority questions in ecology and conservation, such as predicting wildlife responses to climate change and identifying critical habitats, with applications across diverse species and behaviors.","0","164"
"R275","WoS","An Early-Life NAND Flash Endurance Prediction System","Fitzgerald, B; Ryan, C; Sullivan, J","2021","IEEE ACCESS","10.1109/ACCESS.2021.3124604","WOS:000716671800001","Article","English","Green Submitted, gold","Logic gates; Ash; Error correction codes; Threshold voltage; Voltage control; Three-dimensional displays; Reliability; NAND flash; solid state drives; endurance; retention; machine learning; gradient boosting; classification; prediction","DATA RETENTION; INTERFERENCE; SCHEME","NAND flash memory - ubiquitous in today's world of smart phones, SSDs (solid state drives), and cloud storage - has a number of well-known reliability problems. NAND data contains bit errors, which require the use of error correcting codes (ECCs). The raw bit error rate (RBER) increases with program-erase (P-E) cycling, and the number of P-E cycles the device can withstand before the RBER exceeds the ECC capability is called its endurance. ECC operates on data stored in a sector of NAND, and there is a large variation in the endurance of sectors within a device and across devices, resulting in excessively conservative endurance specifications. This research shows, for the first time, that a sector's true endurance can be predicted with remarkable accuracy, using a combination of the sector's location within the device, and measurements taken at the very beginning of life. Real-world data is gathered on millions of NAND sectors using a custom-built test platform. Optimised machine learning classification models are built from the raw data to predict if a sector will pass or fail to a fixed ECC threshold, after a target P-E cycling level has been reached. A novel technique is demonstrated that uses different ECC thresholds for model training and testing, which allows the models to be tuned so that they never misclassify samples that would fail. This eliminates ECC failures and data loss, allowing simpler, less expensive ECC schemes to be used for modern NAND devices. It also enables significant endurance extensions to be achieved.","0","165"
"R276","WoS","Remote Sensing Tool for Reservoir Volume Estimation","Pimenta, J; Fernandes, JN; Azevedo, A","2025","REMOTE SENSING","10.3390/rs17040619","WOS:001430795800001","Article","English","Green Submitted, gold","remote sensing; reservoir volume; satellite imagery; machine learning; water resources management","WATER INDEX NDWI","Efficient reservoir management is essential for ensuring water security and flood control, as well as hydroelectric power generation. Accurate volume measurements are key to optimizing these functions, but traditional methods-such as in situ measurements and physical surveys-are often time-consuming, costly, and unfeasible in many regions due to financial or geographical limitations. This study introduces a novel globally accessible remote sensing tool designed to overcome these challenges by providing a more effective approach to reservoir volume estimation. The tool leverages high-resolution satellite imagery from Sentinel-2 and integrates it with official storage capacity data and the GLOBAthy dataset to calculate surface area and reservoir volume across varying water levels over user-defined timeframes. Users can select reservoirs, date ranges, and cloud cover thresholds via an intuitive interface, which then generates time-series data of reservoir volumes. The tool employs machine learning algorithms to improve the precision of water surface delineation and volume calculations, accounting for complex environmental factors like cloud cover and built structures such as bridges. This remote sensing tool was tested on reservoirs of varying sizes and topographies in Portugal and California, USA, demonstrating a high accuracy with a Mean Absolute Percentage Error (MAPE) of 5.35% and a correlation coefficient (R2) of 0.90 when compared to official records. By offering a cost-effective, scalable, totally remote, and timely solution, the tool enables improved reservoir monitoring, particularly in remote or otherwise inaccessible areas. Ultimately, this research contributes to global water resources management, enhancing the sustainability and resilience of reservoir operations around the world.","0","166"
"R277","WoS","S-Edge: A Multi-Region Edge Computing Framework With Adaptive Data Compression and Dynamic Load Balancing","Husain, E; Patel, D; Kore, V; Gupta, M; Sharmiladevi, S","2026","IEEE ACCESS","10.1109/ACCESS.2026.3696637","WOS:001783786700019","Article","English","Green Submitted, gold","Loading; Internet of Things; Edge computing; Modeling; Load management; Hysteresis; Algorithms; Image sensors; Optimization; Writing; adaptive compression; dynamic load balancing; anomaly detection","CLOUD","The growth of Internet of Things (IoT) devices has posed serious problems in terms of bandwidth usage, latency, and data integrity in centralised cloud systems. Edge computing can help resolve these problems by processing data closer to the source, but existing frameworks frequently lack built-in mechanisms for dynamic load distribution and adaptive data optimisation. This paper presents S-Edge, a multi-region edge computing framework that combines real-time anomaly detection, smart load balancing, and dynamic compression to maximise resource utilisation. A smart-switching compression layer is introduced that selects dynamically among ZLIB, BZ2, and LZMA based on data priority and compression efficiency threshold tau = 0.5, achieving significant storage reduction. The system employs a capacity-aware load balancing algorithm that redistributes traffic across regions when utilisation exceeds L-thresh = 1000 bytes (80% capacity), maintaining system stability. Anomaly detection using Isolation Forest achieves a precision, recall, and F1-score of 0.99 under controlled simulation conditions, representing an upper bound specific to the deliberately separated synthetic distributions used; robustness analysis under overlapping distributions yields F1 of 0.39-0.63 depending on overlap severity. Security is provided through AES-256-GCM encryption and SHA-256 integrity checks. The system achieves a primary storage recovery latency of under 1 ms, with asynchronous multi-region replication completing within approximately 153 ms. Experimental results confirm the applicability of the framework to scalable, resource-constrained IoT deployments.","0","167"
"R278","WoS","A hybrid blockchain and smart contract framework for resilient IoT security in smart homes","Soni, S; Singh, A","2025","FRONTIERS IN BLOCKCHAIN","10.3389/fbloc.2025.1707911","WOS:001651808000001","Article","English","Green Submitted, gold","internet of things; blockchain; zero-knowledge proof; elliptic curve cryptography; machine learning; smart contracts; access control policies","","The rapid growth of IoT devices in smart home environments has introduced significant challenges in ensuring secure, scalable, and efficient communication among heterogeneous devices. Centralized architectures suffer from a single point of failure, while blockchain-only solutions face high latency, limiting their use in real-time control. To address these issues, we propose a multi-layered decentralized framework that combines a consortium blockchain, a trusted off-chain coordinator, group-based zero-knowledge proofs (ZKPs), and a two-tiered access control policy (ACP) architecture. The consortium blockchain provides an immutable ledger for device identities and foundational, coarse-grained ACP enforcement through smart contracts, ensuring tamper-proof trust. For privacy-preserving mutual authentication, a group-based ZKP protocol enables collective device authorization without revealing sensitive keys. The off-chain coordinator complements this by enforcing dynamic security mechanisms, including fine-grained ACPv2 checks-such as rate limits, time-of-day restrictions, and device telemetry-in addition to anomaly detection for behavioral risk assessment. This proposed hybrid structure achieves both immutability and high efficiency over traditional methods. A performance evaluation highlighted the framework's efficiency by demonstrating that the core ZKP verification for a 500-device group can be completed in just 190 ms. The framework drastically reduces on-chain costs, with critical access control policy transactions consuming only 82,748 gas-a reduction of over 90% compared to benchmarked on-chain systems. The complete end-to-end workflow, from user request to secure session establishment, has a latency bound of approximately 3s. Formal security verification with the BAN and AVISPA tools validates resilience against common attacks, including man-in-the-middle, replay, and impersonation, while static analysis using the Slither framework confirms the absence of critical vulnerabilities in the smart contract code. By combining an immutable on-chain foundation with intelligent, dynamic off-chain enforcement, our proposed framework provides a uniquely resilient, scalable, and adaptive security solution for modern smart home systems.","0","168"
"R279","WoS","IoT-Based Architecture with AI-Ready Analytics for Medical Waste Management: System Design and Pilot Validation","Akhmetzhanova, S; Oralbekova, Z; Bayakhmetov, A; Abduvalova, A; Yeshmakhanova, T; Berdygulova, A; Toktarkozha, G","2026","APPLIED SCIENCES-BASEL","10.3390/app16063081","WOS:001725120700001","Article","English","Green Submitted, gold","internet of things (IoT); medical waste management; real-time monitoring; smart healthcare; Espressif Systems 32 (ESP32); cloud computing; AI-ready data pipeline; edge computing","","Internet-of-Things (IoT) sensing can improve traceability, safety, and efficiency of medical waste handling, yet many deployments remain fragmented, lack an end-to-end system architecture, and do not provide the structured data pipelines needed for artificial intelligence (AI) analytics. This paper presents a layered IoT-based system design for medical waste management that integrates: (i) Espressif Systems 32 (ESP32)-based edge devices for fill-level and Global Positioning System (GPS) telemetry; (ii) secure network communication; (iii) a cloud backend for data ingestion, storage, and analytics; and (iv) operator dashboards with event-driven alerting. The architecture extends our prior GPS-enabled tracking and route optimization by adding sensor-driven state monitoring, threshold-based decision support, and a time-series data pipeline designed for future AI-driven predictive analytics. In a 30-day pilot with five containers, the system collected one reading every 15 min (14,400 total readings). The backend demonstrated efficient processing with an average Application Programming Interface (API) response time of 45 ms, sub-50 ms database write latency, and high uptime; alerts were delivered promptly upon threshold violations. Compared with a fixed-schedule baseline, the system enabled condition-based collection scheduling with zero data loss. The proposed design emphasizes modularity, fault tolerance, and integration readiness for hospital information systems, providing a practical blueprint for scalable smart-healthcare waste logistics and a foundation for machine learning-based predictive waste management.","0","169"
"R280","WoS","The Application of Robotics and Automation in Smart Agricultural Manufacturing: Achieving Precision Operations and Maximizing Yield","Yu, HY; Yang, T","2026","IEEE ACCESS","10.1109/ACCESS.2026.3697014","WOS:001795867000050","Article","English","gold","Modeling; Manufacturing; Optimization; Production; Image sensors; Accuracy; Artificial intelligence; Labeling; Crops; Error analysis; Smart agricultural manufacturing; robotics and automation; precision operations; cyber-physical systems; autonomous agricultural systems; yield maximization","","This paper introduces a novel approach to the application of robotics and automation within Smart Agricultural Manufacturing-an overarching industrial paradigm that elevates traditional precision farming into a fully autonomous, deterministically controlled production ecosystem. Rather than treating automated farming as a collection of isolated mechanical tasks, we introduce a scalable, hybrid multi-modal framework focused on robotic systems to optimize the entire production lifecycle, from automated soil preparation to robotic harvesting and post-processing. By integrating Cyber-Physical System (CPS) data streams-including real-time telemetry from autonomous vehicles, robotic actuator data, environmental sensors, and logistics-our system establishes a high-fidelity digital shadow of both the agricultural environment and the automated machinery operating within it. Tailored for large-scale robotic fleets, the framework utilizes hierarchical feature learning to segment critical autonomous operation phases. We propose a dynamic robotic task allocation algorithm, inspired by Dijkstra's shortest path, to engineer optimal field-to-factory automated workflows, minimizing operational latency and maximizing machine uptime. To handle the high-dimensionality of data from on-board robotic sensors (e.g., LiDAR, hyperspectral cameras), a novel geometric feature selection mechanism eliminates redundancy while preserving latent indicators of crop health and operational efficiency. These refined attributes are projected into a probabilistic state space, allowing individual robotic units or automated zones to exhibit distinct performance signatures. Central to our approach is the construction of an operational similarity graph, which facilitates community detection across the robotic network. These clusters reveal shared optimization strategies, such as superior robotic cultivation protocols and resilient automation configurations. Finally, a ranking-based recommendation engine synergizes local robotic sensor data with global cluster insights to drive prescriptive actions for the autonomous fleet. Validated on an extensive dataset of over 1 million records detailing robotic field operations, our framework achieves a superior average yield forecasting accuracy of 89.2% (a 14% improvement over leading baselines) and a Balanced Error Rate (BER) of 0.5665 for production clustering. These scale-independent metrics prove its efficacy in achieving precision operations and transforming traditional farming into a resilient, high-yield automated manufacturing system.","0","170"
"R281","WoS","Deep Learning Architectures for Skateboarder-Pedestrian Surrogate Safety Measures","Shourov, CE; Sarkar, M; Jahangiri, A; Paolini, C","2021","FUTURE TRANSPORTATION","10.3390/futuretransp1020022","WOS:001274281400001","Article","English","Green Submitted, gold","post encroachment time; deep learning; object detection; Faster R-CNN; Single Shot Multi-box Detector; skateboarder; hazardous region","SHADOW REMOVAL; INJURIES; TIME; ACCIDENTS; ALGORITHM","Skateboarding as a method of transportation has become prevalent, which has increased the occurrence and likelihood of pedestrian-skateboarder collisions and near-collision scenarios in shared-use roadway areas. Collisions between pedestrians and skateboarders can result in significant injury. New approaches are needed to evaluate shared-use areas prone to hazardous pedestrian-skateboarder interactions, and perform real-time, in situ (e.g., on-device) predictions of pedestrian-skateboarder collisions as road conditions vary due to changes in land usage and construction. A mechanism called the Surrogate Safety Measures for skateboarder-pedestrian interaction can be computed to evaluate high-risk conditions on roads and sidewalks using deep learning object detection models. In this paper, we present the first ever skateboarder-pedestrian safety study leveraging deep learning architectures. We view and analyze state of the art deep learning architectures, namely the Faster R-CNN and two variants of the Single Shot Multi-box Detector (SSD) model to select the correct model that best suits two different tasks: automated calculation of Post Encroachment Time (PET) and finding hazardous conflict zones in real-time. We also contribute a new annotated data set that contains skateboarder-pedestrian interactions that has been collected for this study. Both our selected models can detect and classify pedestrians and skateboarders correctly and efficiently. However, due to differences in their architectures and based on the advantages and disadvantages of each model, both models were individually used to perform two different set of tasks. Due to improved accuracy, the Faster R-CNN model was used to automate the calculation of post encroachment time, whereas to determine hazardous regions in real-time, due to its extremely fast inference rate, the Single Shot Multibox MobileNet V1 model was used. An outcome of this work is a model that can be deployed on low-cost, small-footprint mobile and IoT devices at traffic intersections with existing cameras to perform on-device inferencing for in situ Surrogate Safety Measurement (SSM), such as Time-To-Collision (TTC) and Post Encroachment Time (PET). SSM values that exceed a hazard threshold can be published to an Message Queuing Telemetry Transport (MQTT) broker, where messages are received by an intersection traffic signal controller for real-time signal adjustment, thus contributing to state-of-the-art vehicle and pedestrian safety at hazard-prone intersections.","0","171"
"R282","WoS","Enhancing organizational security through proactive cybersecurity risk management and continuous threat monitoring systems","Almaiah, MA; Alqutaish, A","2026","TELEMATICS AND INFORMATICS REPORTS","10.1016/j.teler.2026.100369","WOS:001882821900001","Article","English","gold","Cybersecurity monitoring; Anomaly detection; Risk-adaptive security management; Threat intelligence analytics; Automated incident response","","The fact that digital infrastructures are growing at a high rate has increased the type and frequency of risk to and occurrence of cybersecurity challenges to modern organizations. The conventional surveillance means will tend to either use the predetermined principles of detection or separate anomaly detection models that limit their ability to effectively prioritize security occurrences and respond to the appeared threats. This leads to the relevance of dynamic monitoring systems which integrate the behavioral detection as well as the situational risk assessment. The proposed research presents a Risk-Adaptive Continuous Threat Monitoring (RA-CTM) model, which includes the integration of anomaly-based behavioral detection and automatic response mechanisms and contextual estimation of risk. The framework has adopted various enterprise security telemetry including network traffic log, system events and cloud monitoring. The identified anomalies are examined with the aid of likelihood-impact risk model to quantify the degree of cybersecurity risk and enable the adaptive responses. Experimental evaluation demonstrates that the proposed framework achieves a detection accuracy of 95.2%, with a precision of 93.8%, recall of 94.5%, and an F1-score of 94.1%. The comparative analysis indicates that the performance is excellent compared to the performance of the conventional intrusion detection systems and baseline anomaly detection models, which are Isolation Forest, Local Outlier Factor, and One-Class Support Vector Machine. Behavioral anomaly detection and contextual risk modeling are useful to a considerable extent in improving the functionality of cybersecurity monitoring and encouraging proper prioritization of security incidents within the enterprise environment.","0","172"
"R283","WoS","Explaining Performance Issues of Cloud Applications From Logs Using Rule Induction and Dempster-Shafer Theory","Harutyunyan, A; Poghosyan, A; Davtyan, E; Petrosyan, K; Baloian, N","2026","IEEE ACCESS","10.1109/ACCESS.2026.3686885","WOS:001754886700033","Article","English","Green Submitted, gold","Telemetry; Aerospace and electronic systems; Guns; Feeds; Central Processing Unit; Filtering; Filters; Electronic circuits; Circuits and systems; Circuits; Automated RCA; Dempster-Shafer theory; event types; interpretable ML; feature importance; log analytics; rule induction; tree methods; uncertainty","","This study focuses on the explainability of AI operations for diagnosing degradations in cloud applications. Log data can provide essential contextual information on misbehaving applications in monitoring, evaluated against a key performance indicator (KPI). We describe an approach to learning conditions that lead to unacceptable KPI states using tree-based and rule-induction algorithms, including a rule-validation framework based on the Dempster-Shafer theory of evidence. The latter also provides a what-if analysis mechanism to test user or expert hypotheses about the application's performance. These algorithms produce specific rules that explain anomalous behavior as disturbances in log event-type distributions. Event types (clusters of similar log messages) significantly reduce log volume and enable efficient analytics (e.g., anomaly and change detection) on these structures. Our methods infer event types exhibiting frequency imbalances, which can degrade application performance, and then trace those types back to raw log messages for complete interpretation and root-cause analysis (RCA). We present experimental insights from Elastic Sky X Integrated (ESXi) hosts in a private cloud environment that demonstrate the viability of the proposed framework for explainable cloud administration. The framework combines time-series data with unstructured event-log data collected from data-center resources. Experimental validation across three distinct failure scenarios (compute thrashing, network congestion, and storage saturation) demonstrated the model's robustness. The approach achieved a true positive rate of 98% for compute anomalies, 97% for network failures, and 99% for storage bottlenecks. Compared to traditional threshold-based monitoring, the proposed method significantly reduces false positives by distinguishing benign high-latency states from true system failures. In particular, event-log-only models achieved low recall (0.118), while the proposed multimodal fusion substantially improved detection performance and interpretability.","0","173"
"R284","WoS","Blockchain-Based Security Mechanism for the Medical Data at Fog Computing Architecture of Internet of Things","Ngabo, D; Wang, D; Iwendi, C; Anajemba, JH; Ajao, LA; Biamba, C","2021","ELECTRONICS","10.3390/electronics10172110","WOS:000695557300001","Article","English","Green Submitted, gold","blockchain; cloud of things; fog layer; medical data; security mechanism; privacy; elliptic curve cryptography; distributed ledger; fog and edge computing","FRAMEWORK; SYSTEM; IOT","The recent developments in fog computing architecture and cloud of things (CoT) technology includes data mining management and artificial intelligence operations. However, one of the major challenges of this model is vulnerability to security threats and cyber-attacks against the fog computing layers. In such a scenario, each of the layers are susceptible to different intimidations, including the sensed data (edge layer), computing and processing of data (fog (layer), and storage and management for public users (cloud). The conventional data storage and security mechanisms that are currently in use appear to not be suitable for such a huge amount of generated data in the fog computing architecture. Thus, the major focus of this research is to provide security countermeasures against medical data mining threats, which are generated from the sensing layer (a human wearable device) and storage of data in the cloud database of internet of things (IoT). Therefore, we propose a public-permissioned blockchain security mechanism using elliptic curve crypto (ECC) digital signature that that supports a distributed ledger database (server) to provide an immutable security solution, transaction transparency and prevent the patient records tampering at the IoTs fog layer. The blockchain technology approach also helps to mitigate these issues of latency, centralization, and scalability in the fog model.","0","174"
"R285","WoS","Comparison of deep learning schemes in grading non-alcoholic fatty liver disease using B-mode ultrasound hepatorenal window images with liver biopsy as the gold standard","Drazinos, P; Gatos, I; Katsakiori, PF; Tsantis, S; Syrmas, E; Spiliopoulos, S; Karnabatidis, D; Theotokas, I; Zoumpoulis, P; Hazle, JD; Kagadis, GC","2025","PHYSICA MEDICA-EUROPEAN JOURNAL OF MEDICAL PHYSICS","10.1016/j.ejmp.2024.104862","WOS:001372539600001","Article","English","hybrid","Chronic liver disease; Hepatic steatosis; B -mode ultrasound; Pre-trained deep learning schemes","CONTROLLED ATTENUATION PARAMETER; NONINVASIVE ASSESSMENT; HEPATIC STEATOSIS; NEURAL-NETWORKS; DIAGNOSIS; INDEX; CAP; ULTRASONOGRAPHY; QUANTIFICATION; RELIABILITY","Background/Introduction: To evaluate the performance of pre-trained deep learning schemes (DLS) in hepatic steatosis (HS) grading of Non-Alcoholic Fatty Liver Disease (NAFLD) patients, using as input B-mode US images containing right kidney (RK) cortex and liver parenchyma (LP) areas indicated by an expert radiologist. Methods: A total of 112 consecutively enrolled, biopsy-validated NAFLD patients underwent a regular abdominal B-mode US examination. For each patient, a radiologist obtained a B-mode US image containing RK cortex and LP and marked a point between the RK and LP, around which a window was automatically cropped. The cropped image dataset was augmented using up-sampling, and the augmented and non-augmented datasets were sorted by HS grade. Each dataset was split into training (70%) and testing (30%), and fed separately as input to InceptionV3, MobileNetV2, ResNet50, DenseNet201, and NASNetMobile pre-trained DLS. A receiver operating characteristic (ROC) analysis of hepatorenal index (HRI) measurements by the radiologist from the same cropped images was used for comparison with the performance of the DLS. Results: With the test data, the DLS reached 89.15 %-93.75 % accuracy when comparing HS grades S0-S1 vs. S2-S3 and 79.69 %-91.21 % accuracy for S0 vs. S1 vs. S2 vs. S3 with augmentation, and 80.45-82.73 % accuracy when comparing S0-S1 vs. S2-S3 and 59.54 %-63.64 % accuracy for S0 vs. S1 vs. S2 vs. S3 without augmentation. The performance of radiologists' HRI measurement after ROC analysis was 82 %, 91.56 %, and 96.19 % for thresholds of S >= S1, S >= S2, and S = S3, respectively. Conclusion: All networks achieved high performance in HS assessment. DenseNet201 with the use of augmented data seems to be the most efficient supplementary tool for NAFLD diagnosis and grading.","0","175"
"R286","WoS","Learning-based orchestration for low-latency AI deployment in hybrid cloud-edge platforms","Albugmi, A","2026","SCIENTIFIC REPORTS","10.1038/s41598-026-58531-w","WOS:001871942300006","Article","English","Green Submitted, gold","Distributed AI; Deep learning deployment; Resource-aware scheduling; MLPerf benchmark; Inference optimization; Cloud-edge computing; Model placement; Adaptive orchestration","MLPERF","The rapid growth of AI-driven applications in hybrid cloud-edge environments poses substantial challenges to ensuring low latency, high throughput, and effective resource utilization. Conventional deployment models, which are typically fixed or policy-driven, are not sufficiently flexible to respond dynamically to changing workloads and heterogeneous hardware environments. In this work, we introduce and analyze a resource-conscious deep learning-based scheduling system for managing the deployment of AI models on distributed cloud edges. The framework improves inference performance by leveraging real-time system telemetry and model features generated by benchmarks, while maintaining quality of service (QoS) compliance. The proposed system uses a fully connected neural network trained on structured features derived from the MLPerf Inference Benchmark, including compute complexity, memory footprint, and input dimensions. It is guided by real-time data from a hybrid infrastructure (NVIDIA A100/V100 GPUs and Jetson Xavier edge devices) to inform scheduling. Four MLPerf inference workloads - ResNet 50, BERT, SSD ResNet34, and DLRM - were tested and contrasted across various batch sizes and latency thresholds. Generalization experiments with unseen models such as GPT 2 and YOLOv5 yielded > 90% success rates in deployment, with the latency reduction and throughput gain results as presented above. Results of the generalization experiments with unseen models, including GPT 2 and YOLOv5, demonstrated deployment success rates > 90% for the various profiling conditions evaluated, with the latency reduction and throughput improvements as shown above. The results show that learning-based orchestration can be used to deliver space-and resource-aware orchestration solutions that are adaptive for low-latency deployment of AI services in hybrid cloud edge systems, but the effectiveness of the solution will depend on the representativeness of the profiling data and similarity of training and deployment environments.","0","176"
"R287","WoS","SFARP: a multi-layered real-time security framework for hybrid ARP and DDoS attack defense in SD-IoT networks","El-Sayed, A; Ramadan, H; Mohamed, ER; Elkomy, OM","2025","SCIENTIFIC REPORTS","10.1038/s41598-025-28830-9","WOS:001635693700006","Article","English","Green Submitted, gold","IoT; SDN; DDoS detection; ARP spoofing; P4 language; Ensemble learning","","The rapid expansion of Software-Defined Internet of Things (SD-IoT) networks has amplified both scalability and vulnerability, exposing them to increasingly sophisticated multi-vector attacks such as flooding-based Distributed Denial-of-Service (DDoS), Address Resolution Protocol (ARP) spoofing, DNS spoofing, and MAC flooding. These threats exploit static control planes and centralized architectures, overwhelming controllers and bypassing threshold-based defenses through adaptive, sequential, and hybrid behaviors. To address these challenges, we propose SFARP, a multi-layered real-time security framework tailored for SD-IoT environments. SFARP integrates three coordinated modules: (1) the Dynamic Flow Analysis Module (DFAM), which leverages P4-programmed switches to extract fine-grained traffic and ARP-level features; (2) the Adaptive Dynamic Flow Detection System (ADFDS), which employs an ensemble of machine learning classifiers to detect anomalies across hybrid and multi-vector attack scenarios; and (3) the Distributed Adaptive Mitigation System (DAMS), which deploys adaptive countermeasures across a multi-controller SDN topology. In addition, we extend the evaluation to multi-vector attacks (ARP + MAC + DDoS), DNS spoofing, and ultra-dense IoT deployments, and introduce a comprehensive hardware feasibility study and ablation analysis. Extensive testing across five real-world IoT datasets (CICIoMT2024, CICIoT2023, IoTID20, Edge-IIoTset, and TON_IoT) and twelve complex attack scenarios-including hybrid, adaptive, mimicry, and sequential attacks-demonstrates SFARP's superior performance. On the CICIoMT2024 dataset, ADFDS achieved 98.3% accuracy, 97.6% precision, 98.9% recall, and a False Alarm Rate (FAR) of just 2.3%. On CICIoT2023, it maintained 96.0% accuracy and a 2.9% FAR, outperforming state-of-the-art models such as XGBoost and LightGBM across all key metrics. SFARP also demonstrated system-level advantages by reducing controller CPU usage by over 70%, minimizing packet loss by 90%, and maintaining end-to-end detection latency under 50 ms, even under high-volume attacks. Hardware evaluations on NetFPGA and Tofino ASIC confirm carrier-grade scalability, sustaining over 250 k concurrent flows with minimal memory overhead. By integrating programmable data-plane telemetry, adaptive ML-driven detection, and distributed mitigation, SFARP provides a scalable and hardware-feasible solution for real-time defense of SD-IoT infrastructures. It represents a practical step toward securing heterogeneous IoT deployments against evolving hybrid and multi-layer attacks.","0","177"
"R288","WoS","Design of a multi-layered privacy-preserving architecture for secure medical data exchange in cloud environments","Muthuvel, S; Priya, S; Kumar, KS","2026","SCIENTIFIC REPORTS","10.1038/s41598-026-40122-4","WOS:001732933000030","Article","English","Green Submitted, gold","Cloud-based e-health systems; Attribute-based encryption; Haze optimization; Graph neural network; SHA-256 verification module","","Cloud-based e-health systems make medical data widely accessible for treatment, teleconsultation, and analytics; however, the moment clinical records are pushed to an external cloud, they are exposed to a combination of threats: curious insiders, colluding storage providers, and silent data tampering. Most existing attribute-based encryption (ABE) or standalone anomaly detection solutions address these threats in isolation. To address this gap, this work presents a unified, lifecycle-oriented security framework that integrates Server-Aided Revocable Attribute-Based Encryption (SR-ABE) to enforce fine-grained, revocable access control without requiring the re-encryption of historical data. The cryptographic layer is further strengthened through haze optimization-guided key generation, which enhances key-space exploration and randomness during the encryption process. Data integrity is ensured using a SHA-256-based verification mechanism applied at both the storage and access stages. In addition, an intelligent monitoring layer based on a heterogeneous Mixed Graph Neural Network (MGNN) model interacts with patterns among users, devices, and resources to enable continuous event-driven anomaly detection within the systems operational latency bounds. Under this integrated design, the proposed model attains 99.1% training accuracy and 96.7% testing accuracy, converges with very low errors (training loss 0.0126, testing loss 0.0357), executes faster than prior approaches with an execution time of 10.4 ms at 50 epochs, sustains a high service throughput of 852-901 kbps even when multiple users are active, operates with reduced energy consumption of 0.214 J, maintains low access latency of 6.6 ms, and raises core security indicators to 99.12% data confidentiality and 98.53% data integrity. This shows that combining SR-ABE, HO-based key generation, cryptographic integrity checks, and MGNN-driven surveillance in a single pipeline delivers both stronger privacy guarantees and better runtime performance than existing cloud e-health security schemes.","0","178"
"R289","WoS","TCN-Based DDoS Detection and Mitigation in 5G Healthcare-IoT: A Frequency Monitoring and Dynamic Threshold Approach","Akhi, M; Eising, C; Dhirani, LL","2025","IEEE ACCESS","10.1109/ACCESS.2025.3531659","WOS:001405883900025","Article","English","Green Submitted, gold","Healthcare-IoT (H-IoT); DDoS attack; dynamic thresholding; dynamic thresholding; frequency-based detection; frequency-based detection; anomaly detection; anomaly detection; security; security; MQTT protocol; MQTT protocol; UDP protocol; UDP protocol; Cooja simulator; Cooja simulator; ns-3 simulator; ns-3 simulator; 5G; 5G; 5G","NETWORK; INTERNET; THINGS","The Internet of Things (IoT) revolutionizes precision healthcare by enhancing patient care and reducing costs. However, this technology poses challenges in securing Healthcare-IoT (H-IoT) devices, as low-latency packet transmission increases vulnerability to attacks (e.g., Distributed Denial of Service (DDoS)) in 5G networks. This research develops a monitoring frequency-based detection and dynamic threshold mitigation method using Temporal Convolutional Networks (TCNs) in 5G H-IoT environments. A monitoring frequency-based detection method calculates each H-IoT node's message count over the past five seconds as a percentage of total traffic. A dynamic threshold strategy also provides adaptive security by averaging detected malicious behavior messages across all nodes to determine the base threshold. This approach enhances classification accuracy, effectively mitigates actual DDoS attack nodes, and blacklists malicious nodes without false positives in H-IoT environments. Moreover, this research creates DDoS attack models, monitoring parameters using two simulators (Cooja and ns-3) on H-IoT devices. Data is collected over the Message Queuing Telemetry Transport (MQTT) and User Datagram Protocol (UDP) in a realistic 5G-based H-IoT environment, creating two datasets with malicious and benign data. The proposed TCN-based DDoS prediction and mitigation method achieves 99.98% and 95% accuracy on the MQTT dataset. This model also attains a slightly higher prediction accuracy of 99.99% and mitigation of 80% on the UDP dataset. This research evaluates the proposed model against prior methods, including Bidirectional Long Short-Term Memory (BiLSTM) and Convolutional Neural Networks (CNNs), demonstrating improved accuracy. Thus, the proposed TCN model is a versatile and resilient security solution for H-IoT environments.","0","179"
"R290","WoS","Extracting reproductive parameters from GPS tracking data for a nesting raptor in Europe","Oppel, S; Beeli, UM; Grüebler, MU; van Bergen, VS; Kolbe, M; Pfeiffer, T; Scherler, P","2025","JOURNAL OF AVIAN BIOLOGY","10.1111/jav.03246","WOS:001335288900001","Article","English","Green Submitted, gold","Biologging; fecundity; machine learning; telemetry","KITES MILVUS-MILVUS; SATELLITE-TRACKING; RANDOM FORESTS; RED; AGE; POPULATION; CLASSIFICATION; REGRESSION; DOMINANCE; SURVIVAL","Understanding population dynamics requires estimation of demographic parameters like mortality and productivity. Because obtaining the necessary data for such parameters can be labour-intensive in the field, alternative approaches that estimate demographic parameters from existing data can be useful. High-resolution biologging data are frequently available for large-bodied bird species and can be used to estimate survival and productivity. We extend existing approaches and present a freely available tool ('NestTool') that uses GPS tracking data at hourly resolution to estimate important productivity parameters such as home range establishment, breeding initiation, and breeding success. NestTool first extracts 42 movement metrics such as time spent within a user-specified radius, number of revisits, home range size, and distances between most frequently used day and night locations from the raw tracking data for each individual breeding season. These variables are then used in three independent random forest models to predict whether individuals exhibited home range behaviour, initiated a nesting attempt, and successfully raised fledglings. We demonstrate the use of NestTool by training models with data from 258 individual red kites Milvus milvus from Switzerland tracked for up to 7 years, and then applied those models to tracking data from different red kite populations in Germany where detailed observations of nests and their outcomes existed for validation. The models achieved > 90% accurate classification of home range and nesting behaviour in validation data, but slightly lower (80-90%) accuracy in classifying the outcome of nesting attempts, because some individuals frequently returned to nests despite having failed. NestTool provides a graphical user interface that allows users to manually annotate individual seasons for which model predictions exceed a user-defined threshold of uncertainty. NestTool will facilitate the estimation of demographic parameters from tracking data to inform population assessments, and we encourage ornithologists to test NestTool for different species.","0","180"
"R291","WoS","An IoT-Based Real-Time Monitoring and Alert System for Sea Turtle Nest Protection","Skrivanos, AG; Kouretas, I; Simantiris, N; Malaperdas, G; Peppas, KP","2026","APPLIED SCIENCES-BASEL","10.3390/app16104839","WOS:001774213600001","Article","English","Green Submitted, gold","sea turtles; internet of things; environmental monitoring; real-time telemetry; conservation technology; sensor networks","CARETTA-CARETTA; CLIMATE-CHANGE; LOGGERHEAD; TEMPERATURE","This paper presents a low-cost Internet-of-Things (IoT) telemetry and alerting system for monitoring and protecting sea turtle nests. The proposed platform integrates temperature, humidity, vibration, ultrasonic proximity, and ambient light sensors into an autonomous sensing node based on the ESP8266 microcontroller. Measurements are transmitted wirelessly to a cloud backend for real-time visualization and rule-based alert generation. The system is designed to support continuous nest-level monitoring and rapid response to environmental and anthropogenic threats such as overheating, artificial light exposure during hatching, and physical disturbance. In contrast to approaches that require extensive historical datasets or machine-learning models, the proposed solution employs transparent threshold-based rules that provide reliable operation without training data. The platform emphasizes low cost, ease of deployment, and scalability, making it suitable for large-scale conservation deployments across multiple nesting sites. It provides conservation practitioners with actionable situational awareness that complements existing field-based monitoring and protection strategies.","0","181"
"R292","WoS","Optimal Generative Adversarial Network-Bidirectional Long Short-Term Memory-Based Byzantine Failure Prediction and Failure Tolerance in Cloud Computing","Manju, R; Muthusenthil, B","2026","INTERNATIONAL JOURNAL OF SOFTWARE ENGINEERING AND KNOWLEDGE ENGINEERING","10.1142/S0218194025500998","WOS:001667031600001","Article","English","hybrid","Byzantine failure prediction; Byzantine failure tolerance; cloud computing; min-max normalization; blockchain; homomorphic encryption algorithm; storage security","INTRUSION DETECTION","The research leverages the Optimal Generative Adversarial Network (OGAN)-Bidirectional Long Short-Term Memory (BiLSTM) architecture toward present a novel framework for the prediction and tolerance of Byzantine failures in cloud computing. The input dataset, derived from the KDD dataset, undergoes meticulous preprocessing to eliminate redundant characteristics and outliers, employing the Min-max normalization approach. The preprocessed data can then be integrated into the Byzantine Failure Prediction Framework (BFPF) within the cloud environment. The OGAN-BiLSTM model, enhanced by the Improved Dwarf Mongoose Optimization (IDMO) Algorithm, is utilized to aim at optimal hyperparameter selection, significantly improving classifier performance, Byzantine Failure Prediction, and tolerance. For improved storage security, a two-way encryption scheme, as Modified Homomorphic Encryption Algorithm (MHEA) for secure non-intrusive data, and subsequently stored in a Blockchain (BC) based cloud environment, is implemented. The innovation of the work lies in its unique combination of progressive technologies to improve Cloud Computing (CC). The suggested model's presentation is assessed utilizing a variety of measures, like sensitivity, recall, F-measure, specificity, accuracy, precision and execution time. The projected paradigm will be incorporated into the Java development environment. The accuracy of the suggested model for CC Byzantine failure prediction and tolerance is 98.69%. The suggested approach improves data security in cloud environments and greatly increases the accuracy of failure predictions.","0","182"
"R293","WoS","PRMS: Design and Development of Patients' E-Healthcare Records Management System for Privacy Preservation in Third Party Cloud Platforms","Zala, K; Thakkar, HK; Jadeja, R; Singh, P; Kotecha, K; Shukla, M","2022","IEEE ACCESS","10.1109/ACCESS.2022.3198094","WOS:000842048400001","Article","English","Green Submitted, gold","Cloud computing; Medical services; Blockchains; Security; Throughput; Electronic medical records; Data privacy; Electronic healthcare; Storage management; Cloud computing; e-health; privacy; information security; blockchain","OPPORTUNITIES; BLOCKCHAIN; RESOURCE","In the current digital era, personal data storage on public platforms is a major cause of concern with severe security and privacy ramifications. This is true especially in e-health data management since patient's health data must be managed following a slew of established standards. The Cloud Service Providers (CSPs) primarily provide computing and storage resources. However, data security in the cloud is still a major concern. In several instances, Blockchain technology rescues the CSPs by providing the robust security to the underlying data by encrypting data using the unique and secret keys. Each network user in Blockchain has its own unique and secret keys linked directly to the transaction keys as a digital signature to protect the data. However, Blockchain technology suffers from the latency and throughput issues in high workload scenarios. To overcome e-healthcare records privacy issues in a third-party cloud, we designed a Patient's E-Healthcare Records Management System (PRMS) that focuses on latency and throughput. A comprehensive performance analysis of PRMS is carried out on different third-party clouds to validate its applicability. Moreover, the proposed PRMS system is compared with Blockchain platforms such as Hyperledger Fabric v0.6 and Etherium 1.5.8 against latency and throughput by adjusting the workload for each platform up to 10,000 transactions per second. The proposed PRMS is compared to the Secure and Robust Healthcare-Based Blockchain (SRHB) approach using Yahoo Cloud Serving Benchmark (YCSB) and small bank datasets. The experimental results indicate that deploying PRMS on Amazon Web Services decreases System Execution Time (SET) and the Average Delay (AD) time by 2.4%, 8.33%, and 25.15%, 15.26%, respectively. Additionally, deploying PRMS on the Google Cloud Platform decreases System Execution Time (SET) and Average Delay (AD) by 2.27%, 2.4%, and 2.72%, 4.73% AD, respectively. The experimental results confirm the superiority of the PRMS under the high workload scenario over SRHB and its applicability in cloud data centers.","0","183"
"R294","WoS","Prediction of Imminent Battery Depletion in Implantable Cardioverter-Defibrillator","Neupane, S; Goswami, T","2026","SCI","10.3390/sci8040072","WOS:001750234600001","Article","English","Green Submitted, gold","implantable cardioverter-defibrillator; battery depletion risk prediction; machine learning; synthetic data augmentation; GMM; predictive maintenance; cardiac implantable electronic device","DEVICE LONGEVITY; PACEMAKER; CLASSIFICATION; LEVEL","Implantable Cardioverter-Defibrillators (ICDs) are life-sustaining devices used in the prevention of sudden death in patients suffering from advanced cardiac diseases. Although improvements in ICD technology and monitoring capabilities have been made, existing techniques are still not effective in predicting accelerated battery drain, thereby causing unplanned generator replacement and clinically significant device-related events. In this study, machine learning techniques were employed in the assessment of the early detection of ICD battery depletion risk using the collected device interrogation reports. The dataset used consisted of 32 devices in the training set and nine in the testing set. In order to mitigate the problem of a small sample size, a GMM-based data augmentation technique was applied solely to the training data, and actual devices were used for the testing data. Five supervised models, including Logistic Regression, Random Forest, SVM, CatBoost, and a Neural Network (MLP), have been utilized using a repeated stratified cross-validation and a separate held-out test data set. All the models have been tested for their performance using classification metrics. All models demonstrated variable performance with wide confidence intervals due to limited sample size. Support vector machines showed the highest cross-validation discrimination 0.889 +/- 0.203, though uncertainty remains substantial given the small datasets (n = 41). From the feature analysis, it was found that atrial sensing amplitude, RV/LV capture threshold, output settings, and implant duration were the most important features for the prediction of high battery depletion risk. These findings suggest that changes in device parameters and implant age are associated with elevated battery depletion risk, supporting the feasibility of telemetry-driven risk stratification for device management.","0","184"
"R295","WoS","A Novel System for Confidential Medical Data Storage Using Chaskey Encryption and Blockchain Technology","Badr, AM; Fourati, LC; Ayed, S","2023","BAGHDAD SCIENCE JOURNAL","10.21123/bsj.2023.9203","WOS:001121717000024","Article","English","Green Submitted, gold","Blockchain; BFlow; Chaskey; Healthcare; IoT; Security","","Secure storage of confidential medical information is critical to healthcare organizations seeking to protect patient's privacy and comply with regulatory requirements. This paper presents a new scheme for secure storage of medical data using Chaskey cryptography and blockchain technology. The system uses Chaskey encryption to ensure integrity and confidentiality of medical data, blockchain technology to provide a scalable and decentralized storage solution. The system also uses Bflow segmentation and vertical segmentation technologies to enhance scalability and manage the stored data. In addition, the system uses smart contracts to enforce access control policies and other security measures. The description of the system detailing and provide an analysis of its security and performance characteristics. The resulting images were tested against a number of important metrics such as Peak Signal-to-Noise Ratio (PSNR), Mean Squared Error (MSE), bit error rate (BER), Signal to-Noise Ratio (SNR), Normalization Correlation (NC) and Structural Similarity Index (SSIM). Our results showing that the system provides a highly secure and scalable solution for storing confidential medical data, with potential applications in a wide range of healthcare settings.","0","185"
"R296","WoS","RETRACTED: On the Design of Secured and Reliable Dynamic Access Control Scheme of Patient E-Healthcare Records in Cloud Environment (Retracted Article)","Zala, K; Thakkar, HK; Jadeja, R; Dholakia, NH; Kotecha, K; Jain, DK; Shukla, M","2022","COMPUTATIONAL INTELLIGENCE AND NEUROSCIENCE","10.1155/2022/3804553","WOS:000848360600003","Article; Retracted Publication","English","Green Submitted, hybrid","","PRIVACY ISSUES; BIG DATA; STORAGE; DEVICES; SYSTEM; ROBUST; MODEL","Traditional healthcare services have changed into modern ones in which doctors can diagnose patients from a distance. All stakeholders, including patients, ward boy, life insurance agents, physicians, and others, have easy access to patients' medical records due to cloud computing. The cloud's services are very cost-effective and scalable, and provide various mobile access options for a patient's electronic health records (EHRs). EHR privacy and security are critical concerns despite the many benefits of the cloud. Patient health information is extremely sensitive and important, and sending it over an unencrypted wireless media raises a number of security hazards. This study suggests an innovative and secure access system for cloud-based electronic healthcare services storing patient health records in a third-party cloud service provider. The research considers the remote healthcare requirements for maintaining patient information integrity, confidentiality, and security. There will be fewer attacks on e-healthcare records now that stakeholders will have a safe interface and data on the cloud will not be accessible to them. End-to-end encryption is ensured by using multiple keys generated by the key conclusion function (KCF), and access to cloud services is granted based on a person's identity and the relationship between the parties involved, which protects their personal information that is the methodology used in the proposed scheme. The proposed scheme is best suited for cloud-based e-healthcare services because of its simplicity and robustness. Using different Amazon EC2 hosting options, we examine how well our cloud-based web application service works when the number of requests linearly increases. The performance of our web application service that runs in the cloud is based on how many requests it can handle per second while keeping its response time constant. The proposed secure access scheme for cloud-based web applications was compared to the Ethereum blockchain platform, which uses internet of things (IoT) devices in terms of execution time, throughput, and latency.","0","186"
"R297","WoS","Reliability of Edge AI in XR-Based Health Data Capture: An Experimental Study on GPU Offloading and Semantic Stability","Almendros, AL","2026","IEEE ACCESS","10.1109/ACCESS.2026.3689595","WOS:001765013400034","Article","English","Green Submitted, Green Published, gold","Telemetry; Aerospace and electronic systems; Payloads; Military aircraft; Space technology; Central Processing Unit; Feedback; System-on-chip; Circuits; Electronic circuits; Adaptive systems; edge computing; energy-efficient computing; extended reality; longitudinal data analysis; multimodal artificial intelligence; on-device inference; rehabilitation engineering; rule-based systems; speech recognition","","Edge artificial intelligence (AI) is increasingly required in extended reality (XR) healthcare systems to characterize latency behavior under controlled execution constraints, energy efficiency, and privacy-preserving processing of sensitive patient data. This paper presents an edge-native multimodal XR architecture for structured health data capture, integrating automatic speech recognition, quantized large language model inference, and deterministic adaptation within a fully on-device pipeline. We conduct a controlled experimental evaluation of heterogeneous graphics processing unit (GPU) offloading levels (GPU Layers = 0, 20, 30), with n = 30 runs per configuration, and quantify latency-energy scaling under distinct embedded power modes (7 W and 15 W). Beyond conventional performance metrics, we introduce semantic stability indicators for structured JSON-based clinical extraction, including schema validity, completion rate, and critical-field null rate. Results reveal a systematic latency-semantic trade-off: aggressive GPU offloading reduces end-to-end latency but may induce complete loss of critical structured fields under specific configurations, reaching a 100% null rate in extreme cases. The findings on the evaluated platform demonstrate that edge optimization strategies in XR healthcare pipelines should be assessed not only in terms of computational efficiency but also in terms of semantic reliability. The proposed architecture and evaluation framework provide experimentally reproducible characterization for designing trustworthy edge AI systems in real-time clinical XR environments.","0","187"
"R298","WoS","Eco-FinOps: a causal-agentic framework for energy-efficient and explainable cloud cost optimization","Sreejindeth, P; Padmavathy, T","2026","FRONTIERS IN ARTIFICIAL INTELLIGENCE","10.3389/frai.2026.1861514","WOS:001810828900001","Article","English","Green Submitted, gold","AIOps; anomaly detection; causal inference; cloud cost optimization; FinOps; green cloud; LLM safety; RAG","COMPUTING ENVIRONMENTS; AWARE","Two converging crises-uncontrolled operational expenditure and significant environmental hazards-have been aggravated by the exponential scaling of cloud infrastructure. This has led to a greater focus on the efficiency of Financial Operations (FinOps). Current monitoring methods exhibit a major flaw: passive dashboards require constant human monitoring and lead to alert fatigue, whereas deep learning models require substantial Graphics Processing Unit (GPU) resources and operate as opaque black boxes. This lack of interpretability contradicts the sustainability goals these tools promise to support. This study proposes Eco-FinOps, a causal-agentic framework that autonomously and energy-efficiently optimizes cloud costs, designed strictly for commodity Central Processing Unit (CPU) environments without discrete GPU requirements. The system uses Polars-based telemetry ingestion, the Peter-Clark (Algorithm) (PC) algorithm for causal graph construction, and DoWhy for effect estimation to mathematically distinguish genuine workload fluctuations from inefficient resource usage. This study targets the zombie resource pattern-provisioned instances that utilize only 0.2%-5% CPU while maintaining 60%-90% memory consumption. Furthermore, a LangGraph-coordinated Retrieval-Augmented Generation (RAG) pipeline enables Small Language Models to generate auditable, human-verifiable remediation scripts. Evaluated on five fault-injection scenarios from the Alibaba Cluster Trace dataset, the framework achieves a Precision of 0.89, a recall of 0.86, and an F1-score of 0.87. Causal verification successfully eliminates 39% of false positive anomalies, raising Precision by 38 points over static threshold rules and outperforming neural autoencoder baselines by 15 F1 points.","0","188"
"R299","WoS","GeoGuard-PTI: a geo-temporal predictive threat intelligence framework with spatiotemporal attack forecasting and closed-loop adaptive defense","Manivannan, A; Amalanathan, A","2026","FRONTIERS IN ARTIFICIAL INTELLIGENCE","10.3389/frai.2026.1850560","WOS:001816451800001","Article","English","Green Submitted, gold","attack propagation; closed-loop adaptive defense; cyber epidemiology; deep learning; explainable AI; federated learning; GeoGuard; geo-temporal forecasting","NETWORKS; INTERNET; THINGS","Due to being reactive in nature, most network security frameworks focus on identifying attacks as they take place or reconstructing intrusion sequences once they have already occurred. This paper presents GeoGuard-PTI, an innovative Geo-Temporal Predictive Threat Intelligence framework designed to shift that paradigm by predicting pending cyber attacks before they arrive at monitored infrastructure. GeoGuard-PTI utilizes geo-tagged telemetry from a Real-Time Intrusion Detection Module, an Active Geo-Fencing Prevention Module, and a Forensic Analysis Module, processing it through a Spatiotemporal Graph Attention Network (ST-GAT) combined with a Temporal Diffusion Predictor (TDP). Attack propagation is modeled as epidemiological diffusion over a Dynamic Geographic Graph to produce probabilistic Threat Propagation Maps (TPMs) across five prediction horizons (15 min to 24 h). A Closed-Loop Adaptive Defense Cycle (CLADC) operationalizes these TPMs into IPS pre-arming signals while driving continuous online learning without offline retraining. Evaluated across five publicly available datasets-NSL-KDD, UNSW-NB15, CICIDS2017, TON-IoT, and BOT-IoT-augmented with synthetic geo-propagation traces, GeoGuard-PTI attains a mean 15-min prediction accuracy of 96.4%, a 2-h accuracy of 91.2%, and a false alarm rate below 1.9%. Operational trials show a similar to 34.1% reduction in successful intrusions and a similar to 67.9% drop in mean time-to-block compared with purely reactive baselines, with IPS pre-arming latency held under 3 ms throughout.","0","189"
"R300","WoS","EHR-derived cognitive load is associated with guideline-concordant statin initiation in primary care","Viswanadham, RVN; Cui, YB; Solanki, P; Redfern, N; Shunk, A; Mastrianni, A; Levine, DL; Mann, DM; Richardson, SI","2026","BMC MEDICAL INFORMATICS AND DECISION MAKING","10.1186/s12911-026-03392-6","WOS:001765251600001","Article","English","Green Submitted, gold","Statin; Clinical decision support; EHR; Process mining; Cognitive load; Audit log data; Machine learning","PREVENTION","Introduction Linking electronic health record (EHR) use to care quality may offer insights into potential interventions improving guideline adherence and closing care gaps. We examine how EHR metadata can measure cognitive load in primary care providers during statin prescribing and identify cognitive load points in EHR workflows associated with guideline-concordant statin initiation. Methods We retrospectively extracted 2024 data from EHR primary care encounters from a large academic health system. We identified adult patients who met the criteria for statin initiation and calculated their atherosclerotic cardiovascular disease (ASCVD) risk scores. Cognitive load metrics were derived from EHR metadata. Logistic regressions evaluate associations between cognitive load and statin initiation, adjusting for patient covariates and provider fixed effects. Gradient-boosted forests and Shapley Additive explanations (SHAP) values were used to identify key EHR events and cognitive load patterns associated with statin initiation. Results Longer encounter duration was associated with increased likelihood of statin initiation, whereas more time spent per EHR event was associated with a decreased likelihood. Nonlinear associations were observed for loop count and distinct event count: predicted initiation probability decreased with increasing loop count to 93.9 loops, then increased beyond this threshold. For distinct events, initiation probability increased up to approximately 18 events and declined at higher counts. In a gradient-boosted decision tree model, average event time was the strongest predictor (72.2% relative contribution). Additional positive predictors included time spent reviewing lab results and on suggested medication order sets. Order list modification and looping back to it were negatively associated with statin initiation. Discussion EHR metadata can associate cognitive load with appropriate clinical behavior, revealing nonlinear associations between cognitive load and statin initiation rates. This work suggests opportunities to optimize EHR systems to reduce cognitive burden and support clinical decision-making. Connecting cognitive load to prescribing behavior generates hypotheses about how workflow adjustments and enhanced decision support might improve guideline adherence and patient care through prospective evaluation.","0","190"
"R301","WoS","Evaluating Manifold Learning Techniques for Dimensionality Reduction on Industrial IoT Cybersecurity Data","Gómez-Talal, I; Bote-Curiel, L; Lozano-Paredes, D; Feijoo-Martínez, JR; Rojo-Alvarez, JL","2026","IEEE ACCESS","10.1109/ACCESS.2026.3662155","WOS:001699557300035","Article","English","gold","Industrial Internet of Things; Manifold learning; Protocols; Security; Computer security; Measurement; Principal component analysis; Geometry; Encryption; Standards; Anomaly detection; cybersecurity; dimensionality reduction; Industrial Internet of Things (IIoT); manifold learning","FIT","The Industrial Internet of Things (IIoT) generates high-dimensional traffic data that challenge conventional intrusion detection systems. This paper presents a comparative study of ten manifold learning methods evaluated across five heterogeneous IIoT cybersecurity datasets, including trust-based routing, malware traffic, edge-device telemetry, large-scale network flows, and private Spanish Power Grid data. Performance was assessed using bootstrap-aggregated metrics covering neighborhood preservation, global fidelity, and supervised cluster separation. Results showed that nonlinear methods dominated local structure preservation: t-distributed Stochastic Neighbor Embedding (t-SNE) and Uniform Manifold Approximation and Projection (UMAP) consistently achieved the highest Trustworthiness, reaching 0.999 (on Spanish Power Grid data) and 0.998 (on WUSTL-IIoT-2021 dataset). In contrast, multidimensional scaling (MDS) minimized Stress (as low as 0.096 in WUSTL-IIoT-2021), confirming its superiority in global geometry preservation. Principal Component Analysis (PCA) delivered competitive supervised separation, obtaining the best Davies-Bouldin index (0.750) and Silhouette score (0.851) on WUSTL-IIoT-2021, outperforming nonlinear methods in these metrics. Malware traffic in CIMD-2024 proved most challenging, where even the best embeddings yielded Davies-Bouldin scores above 20, highlighting the complexity of polymorphic attack families. Overall, findings demonstrate that no single method is universally optimal: t-SNE and UMAP maximize local fidelity, MDS ensures global consistency, and PCA remained highly competitive for anomaly separation with low computational cost. These results support the design of IIoT security pipelines that strategically combine complementary dimensionality reduction methods for effective and scalable intrusion detection.","0","191"
"R302","WoS","Expanding Applications of TinyML in Versatile Assistive Devices: From Navigation Assistance to Health Monitoring System Using Optimized NASNet-XGBoost Transfer Learning","Ponnada, S; Tak, TK; Kshirsagar, PR; Rao, PS; Dayal, A","2024","IEEE ACCESS","10.1109/ACCESS.2024.3496791","WOS:001366323900005","Article","English","Green Submitted, gold","Monitoring; Medical services; Human factors; Brain modeling; Tiny machine learning; Diseases; Feature extraction; Computational modeling; Data models; Adaptation models; EWT-SAS; NASNet-XGBoost; TinyML; tyrannosaurus optimization; various disease prediction; wavelet soft threshold denoising","","The healthcare sector receives a considerable amount of unprocessed data from wearable and portable devices. However, traditional cloud-based models used to handle this type of data can pose risks such as exposing sensitive patient data to a network environment and increasing latency due to data storage and time consumption. In response to these issues, an alternative strategy named TinyML was put forth by the scientific community to foster safe and autonomous models capable of gathering and processing data without the need for network exposure. To address these concerns more effectively, we put forward a versatile TinyML model specifically tailored for health monitoring systems. This model uses enhanced NASNet-XGBoost-based transfer learning methodology to adapt to various types of diseases using appropriate healthcare data. The process begins by pre-processing raw health signals collected from patients using a combination of a wavelet soft threshold method and empirical wavelet transform-spectrum adaptive segmentation (EWT-SAS). A Tyrannosaurus-based NASNet model is then used to extract meaningful features from these pre-processed signals. Once the features have been extracted, they are entered into an XGBoost model which can accurately predict various types of diseases based on the given data. This particular approach achieved an impressive 95.4% average accuracy, 93.6% positive predictive value, 94.7% hit rate, and 96.3% selectivity. When compared to traditional models, this TinyML model shows a significant improvement in performance metrics, demonstrating increased effectiveness and accuracy in predicting various diseases.","0","192"
"R303","WoS","A Graph-Based Infrastructure for Characterizing Structural Risk and Lateral Movement Patterns in APT Campaigns","Knie, TJ; Mink, D; Bagui, S; Bagui, SC","2026","IEEE ACCESS","10.1109/ACCESS.2026.3691599","WOS:001771131900032","Article","English","Green Submitted, gold","Labeling; Windows; Reconnaissance; Training; Modeling; Machine learning; Testing; Measurement; Timing; Signal detection; Advanced persistent threats; cyber security analytics; FastRP; graph neural networks; lateral movement; MITRE ATT&CK; Neo4j; Polars; Zeek telemetry","","Advanced Persistent Threats (APTs) execute stealthy lateral movement that often evades traditional host-centric detection. This work addresses the triage bottleneck in Security Operations Centers (SOCs) by introducing a graph-based infrastructure for characterizing the structural risk of reconnaissance victims. By coupling the graph database capabilities of Neo4j with the structural learning power of Fast Random Projection (FastRP) graph neural network embeddings, the system maps the structural position of nodes within a massive dataset of 1.8 million Zeek telemetry edges from the UWF-ZeekData24 corpus [Appendix A]. We implement a dual-mode analysis: a label-aware branch leveraging MITRE ATT&CK ground truth and a label-agnostic branch using volume-based heuristics. Results demonstrate that pivot nodes exhibit distinct structural signatures, achieving a Cohen's d of 0.588 and a FastRP similarity AUC-PR of 0.974. Statistical validation via Welch's t-test (p < 1e-271) confirms that structural context significantly differentiates potential pivots from dormant victims. While the high pivot rate in the dataset (similar to 94%) influences these metrics, the work establishes a scalable framework for multi-hop kill chain analytics and provides a foundational characterization of APT movement patterns. This infrastructure enables analysts to prioritize high-risk network segments, shifting the defensive posture toward proactive characterization.","0","193"
"R304","WoS","Hybrid Deep Learning and Kalman Filtering for Reactive Power Fault Diagnosis in Smart Microgrids","Senapati, M; Panigrahi, PK; Mohanty, A; Das, SR","2026","IEEE ACCESS","10.1109/ACCESS.2026.3681913","WOS:001747679400013","Article","English","Green Submitted, gold","Telemetry; Aerospace and electronic systems; Filtering; Filters; Kalman filters; Power filters; Voltage multipliers; Active filters; Capacitors; Field programmable gate arrays; Kalman filter; EKF; LSTM; microgrid; reactive power","MODELS","The increasing utilization of renewable energy sources, bi directional power flows, and distributed intelligence has made contemporary smart microgrids significantly more complex to operate. This has rendered traditional protection and monitoring systems inadequate. Traditional detection techniques frequently struggle to precisely identify anomalies in highly dynamic operational environments and amidst measurement uncertainty. This research offers a hybrid architecture for anomaly detection and fault classification that integrates Long Short-Term Memory (LSTM) networks with an Extended Kalman Filter (EKF) for monitoring smart microgrid to overcome these challenges. The LSTM portion leverages its ability to learn over time to uncover nonlinear patterns in how reactive power works and to spot early signals of weird things like voltage sags, cyber-induced setpoint shifts, and islanding situations. The EKF, on the other hand, delivers recursive estimates of nonlinear system states in real time.This dynamically rectifies measurement inaccuracies and enhances system visibility. The proposed system employs residual based threshold logic and classification algorithms that analyze variation in voltage,frequency and reactive power to accurately distinguish between various failure states. The concept is implemented in MATLAB utilizing the IEEE 13-bus and IEEE 33-bus distribution test systems in a variety of operational situations. The simulation findings show that the proposed hybrid method works better than LSTM and EKF-based methods on their own because it finds more accurate detections, responds faster, and has less false alarms.","0","194"
"R305","WoS","Towards asynchronous federated learning based threat detection: A DC-Adam approach","Tian, P; Chen, ZY; Yu, W; Liao, WX","2021","COMPUTERS & SECURITY","10.1016/j.cose.2021.102344","WOS:000681264400005","Article","English","Bronze","Distributed threat detection; Federated learning; Cloud computing security; Edge computing security; Non-IID data","ANOMALY DETECTION; INTRUSION DETECTION; INTERNET; THINGS; ATTACKS; SYSTEM","The increasing popularity and widespread use of Internet of Things (IoT) and Cyber-Physical Systems (CPS) technologies have produced a significant need for the integration of cloud and edge computing with distributed detection solutions to handle the growing volume of distributed security threats. While deep learning-based approaches have been used to detect anomalous behaviors in complex data patterns, the heterogeneity in IoT networks still poses paramount challenges to update synchronization across learning nodes in distributed training. Particularly, the non-independent and identically distributed (non-IID) data patterns over remote nodes significantly affect the performance of model training provisioned on cloud and edge computing servers, and most existing works have assumed a homogeneous setting. The heterogeneity brings the gradient delay problem, causing the gradient inconsistency in the barrier-free asynchronous mode. In this paper, we propose a Delay Compensated Adam (DC-Adam) approach, an asynchronous federated learning-based detection approach, for IoT devices with limited resources. To overcome the notorious gradient delay problem, we develop a Taylor Expansion-based scheme to compensate for the inconsistency caused by asynchronous communication. Moreover, a pre-shared data training strategy for non-IID data is developed to avoid the convergence divergence under the non-IID patterns. After the collaborative model training procedure, we append an additional local training process at each client to fit respective patterns. Via a combination of theoretical analysis of convergence and practical experimental results, we validate the efficacy of our proposed approach compared to the other state-of-the-art approaches. Compared with benchmark approaches, we demonstrate that our proposed method can converge stably, and that it outperforms the barrier-free asynchronous federated learning by 12.8% (accuracy), 14% (precision). 8.71% (recall), and 11.16% (F1 score) on average. (c) 2021 Elsevier Ltd. All rights reserved.","0","195"
"R306","WoS","Intelligent Optimization Mechanism Based on an Objective Function for Efficient Home Appliances Control in an Embedded Edge Platform","Xu, R; Jin, W; Hong, Y; Kim, D","2021","ELECTRONICS","10.3390/electronics10121460","WOS:000666019900001","Article","English","Green Submitted, gold","embedded edge system; objective function; EdgeX; microservice; optimization; smart home","INTERNET; PARADIGM","In recent years the ever-expanding internet of things (IoT) is becoming more empowered to revolutionize our world with the advent of cutting-edge features and intelligence in an IoT ecosystem. Thanks to the development of the IoT, researchers have devoted themselves to technologies that convert a conventional home into an intelligent occupants-aware place to manage electric resources with autonomous devices to deal with excess energy consumption and providing a comfortable living environment. There are studies to supplement the innate shortcomings of the IoT and improve intelligence by using cloud computing and machine learning. However, the machine learning-based autonomous control devices lack flexibility, and cloud computing is challenging with latency and security. In this paper, we propose a rule-based optimization mechanism on an embedded edge platform to provide dynamic home appliance control and advanced intelligence in a smart home. To provide actional control ability, we design and developed a rule-based objective function in the EdgeX edge computing platform to control the temperature states of the smart home. Compared to cloud computing, edge computing can provide faster response and higher quality of services. The edge computing paradigm provides better analysis, processing, and storage abilities to the data generated from the IoT sensors to enhance the capability of IoT devices concerning computing, storage, and network resources. In order to satisfy the paradigm of distributed edge computing, all the services are implemented as microservices. The microservices are connected to each other through REST APIs based on the constrained IoT devices to provide all the functionalities that accomplish a trade-off between energy consumption and occupant-desired environment setting for the smart home appliances. We simulated our proposed system to control the temperature of a smart home; through experimental findings, we investigated the application against the delay time and overall memory consumption by the embedded edge system of EdgeX. The result of this research work suggests that the implemented services operated efficiently in the raspberry pi 3 hardware of IoT devices.","0","196"
"R307","WoS","Attribute-Based Access Control With Credible Outsourcing and Collusion-Resistant Revocation Based on Blockchain for Iomt","Zhang, ZQ; Wu, D; Gao, S","2025","CONCURRENCY AND COMPUTATION-PRACTICE & EXPERIENCE","10.1002/cpe.70105","WOS:001497532600023","Article","English","Bronze","attribute revocation; CP-ABE; data sharing; IoMT; outsourced computation","CP-ABE; CONTROL SCHEME; ENCRYPTION; EFFICIENT; PRIVACY; AUTHENTICATION; COMPUTATION","The maturity of cloud computing and the Internet of Things (IoT) has greatly facilitated the growth of the healthcare industry. Nowadays, Personal Health Records (PHRs) collected by the Internet of Medical Things (IoMT) are shared with healthcare institutions through the public cloud. Ciphertext-Policy Attribute-Based Encryption (CP-ABE) can protect PHRs' confidentiality while promoting sharing efficiency. However, current schemes suffer from high computation overhead and data leakage caused by privilege revocation. This paper proposes a CP-ABE scheme with credible outsourcing and collusion-resistant revocation based on blockchain for IoMT. Most encryption and decryption operations are outsourced to the cloud server, and the outsourced computation correctness is verified by the blockchain credibly. The user needs to perform only two exponential operations in encryption and one exponential operation in decryption. Furthermore, we no longer use the cloud server to update the ciphertext in privilege revocation to avoid data leakage. Meanwhile, we add a ciphertext private key SKct$$ S{K}_{ct} $$ bound to the ciphertext to perform decryption together with the attribute private key. Only users whose attributes satisfy the policy can obtain SKct$$ S{K}_{ct} $$, and the smart contract credibly verifies this process. The revoked user cannot decrypt the ciphertext due to the lack of SKct$$ S{K}_{ct} $$. We performed a rigorous security analysis of our scheme, encompassing confidentiality, collusion resistance, revocability, and blockchain, which collectively validate the robustness and security of our approach. What is more, we benchmarked our scheme against state-of-the-art approaches in terms of storage, communication, and computation. The results demonstrate that our scheme maintains competitive performance across all metrics.","0","197"
"R308","WoS","Bi-Scale Mahalanobis Detection for Reactive Jamming in UAV OFDM Links","Aich, N; Oubrahim, Z; Talount, HA; Abbou, A","2025","FUTURE INTERNET","10.3390/fi17100474","WOS:001602093900001","Article","English","Green Submitted, gold","unmanned aerial vehicles; reactive jamming detection; fractal dimension; Mahalanobis distance; RMS energy","WIRELESS NETWORKS","Reactive jamming remains a critical threat to low-latency telemetry of Unmanned Aerial Vehicles (UAVs) using Orthogonal Frequency Division Multiplexing (OFDM). In this paper, a Bi-scale Mahalanobis approach is proposed to detect and classify reactive jamming attacks on UAVs; it jointly exploits window-level energy and the Sevcik fractal dimension and employs self-adapting thresholds to detect any drift in additive white Gaussian noise (AWGN), fading effects, or Radio Frequency (RF) gain. The simulations were conducted on 5000 frames of OFDM signals, which were distorted by Rayleigh fading, a +/- 10 kHz frequency drift, and log-normal power shadowing. The simulation results achieved a precision of 99.4%, a recall of 100%, an F1 score of 99.7%, an area under the receiver operating characteristic curve (AUC) of 0.9997, and a mean alarm latency of 80 mu s. The method used reinforces jam resilience in low-power commercial UAVs, yet it needs no extra RF hardware and avoids heavy deep learning computation.","0","198"
"R309","WoS","CAFM-Enhanced YOLOv8: A Two-Stage Optimization for Precise Strawberry Disease Detection in Complex Field Conditions","Li, H; Liu, JX; Han, K; Cai, XB","2025","APPLIED SCIENCES-BASEL","10.3390/app151810025","WOS:001579531300001","Article","English","Green Submitted, gold","strawberry disease identification; improved YOLOv8 algorithm; target detection; multi-scale detection head; convolutional attention fusion module (CAFM); PyQT5","","Featured Application The system and algorithm proposed in this study are designed for precision agriculture and automated plant protection management. They can be directly deployed on farmland inspection robots, drones, or embedded devices to provide real-time, high-precision strawberry disease monitoring and early warning. This offers farmers a practical, low-threshold tool for intelligent field management, which can significantly reduce labor costs and pesticide misuse, and ultimately improve strawberry yield and quality.Abstract Strawberry, as an important global economic crop, its disease prevention and control directly affects yield and quality. Traditional detection means rely on manual observation or traditional machine learning algorithms, which have defects such as low efficiency, high false detection rate, and insufficient adaptability to tiny disease spots and complex environment. To solve the above problems, this study proposes a strawberry disease recognition method based on improved YOLOv8. By systematically acquiring 3146 image data covering seven types of typical diseases, such as gray mold and powdery mildew, a high-quality dataset containing different disease stages and complex backgrounds was constructed. Aiming at the difficulties in disease detection, the YOLOv8 model is optimized in two stages: on the one hand, the ultra-small scale detection head (32 x 32) is introduced to enhance the model's ability to capture early tiny spots; on the other hand, the convolution and attention fusion module (CAFM) is combined to enhance the feature robustness in complex field scenes through the synergy of local feature extraction and global information focusing. Experiments show that the mAP50 of the improved model reaches 0.96 and outperforms mainstream algorithms such as YOLOv5 and Faster R-CNN in both recall and F1 score. In addition, the interactive system developed based on the PyQT5 framework can process images, videos and camera inputs in real time, and the disease areas are presented intuitively through visualized bounding boxes and category labels, which provides farmers with a lightweight and low-threshold field management tool. This study not only verifies the effectiveness of the improved algorithm but also provides a practical reference for the engineering application of deep learning in agricultural scenarios, which is expected to promote the further implementation of precision agriculture technology.","0","199"
"R310","WoS","GENOME: Genetic Encoding for Novel Optimization of Malware Detection and Classification in Edge Computing","Choi, SH; Park, KW","2025","CMC-COMPUTERS MATERIALS & CONTINUA","10.32604/cmc.2025.061267","WOS:001444268000001","Article","English","gold","Edge computing; IoT security; malware; machine learning; malware classification; malware detection","RANSOMWARE DETECTION","The proliferation of Internet of Things (IoT) devices has established edge computing as a critical paradigm for real-time data analysis and low-latency processing. Nevertheless, the distributed nature of edge computing presents substantial security challenges, rendering it a prominent target for sophisticated malware attacks. Existing signature- based and behavior-based detection methods are ineffective against the swiftly evolving nature of malware threats and are constrained by the availability of resources. This paper suggests the Genetic Encoding for Novel Optimization of Malware Evaluation (GENOME) framework, a novel solution that is intended to improve the performance of malware detection and classification in peripheral computing environments. GENOME optimizes data storage and computational efficiency by converting malware artifacts into compact, structured sequences through a Deoxyribonucleic Acid (DNA) encoding mechanism. The framework employs two DNA encoding algorithms, standard and compressed, which substantially reduce data size while preserving high detection accuracy. The Edge-IIoTset dataset was used to conduct experiments that showed that GENOME was able to achieve high classification performance using models such as Random Forest and Logistic Regression, resulting in a reduction of data size by up to 42%. Further evaluations with the CIC-IoT-23 dataset and Deep Learning models confirmed GENOME's scalability and adaptability across diverse datasets and algorithms. The potential of GENOME to address critical challenges, such as the rapid mutation of malware, real-time processing demands, and resource limitations, is emphasized in this study. GENOME offers comprehensive protection for peripheral computing environments by offering a security solution that is both efficient and scalable.","0","200"
"R311","WoS","SecureEdge-MedChain: A Post-Quantum Blockchain and Federated Learning Framework for Real-Time Predictive Diagnostics in IoMT","Ravisankar, S; Maheswar, R","2025","SENSORS","10.3390/s25195988","WOS:001595066900001","Article","English","Green Submitted, gold","IoMT; blockchain; edge computing; post-quantum cryptography; federated learning; colostomy prediction; latency; throughput","","The burgeoning Internet of Medical Things (IoMT) offers unprecedented opportunities for real-time patient monitoring and predictive diagnostics, yet the current systems struggle with scalability, data confidentiality against quantum threats, and real-time privacy-preserving intelligence. This paper introduces Med-Q Ledger, a novel, multi-layered framework designed to overcome these critical limitations in the Medical IoT domain. Med-Q Ledger integrates a permissioned Hyperledger Fabric for transactional integrity with a scalable Holochain Distributed Hash Table for high-volume telemetry, achieving horizontal scalability and sub-second commit times. To fortify long-term data security, the framework incorporates post-quantum cryptography (PQC), specifically CRYSTALS-Di lithium signatures and Kyber Key Encapsulation Mechanisms. Real-time, privacy-preserving intelligence is delivered through an edge-based federated learning (FL) model, utilizing lightweight autoencoders for anomaly detection on encrypted gradients. We validate Med-Q Ledger's efficacy through a critical application: the prediction of intestinal complications like necrotizing enterocolitis (NEC) in preterm infants, a condition frequently necessitating emergency colostomy. By processing physiological data from maternal wearable sensors and infant intestinal images, our integrated Random Forest model demonstrates superior performance in predicting colostomy necessity. Experimental evaluations reveal a throughput of approximately 3400 transactions per second (TPS) with similar to 180 ms end-to-end latency, a >95% anomaly detection rate with <2% false positives, and an 11% computational overhead for PQC on resource-constrained devices. Furthermore, our results show a 0.90 F1-score for colostomy prediction, a 25% reduction in emergency surgeries, and 31% lower energy consumption compared to MQTT baselines. Med-Q Ledger sets a new benchmark for secure, high-performance, and privacy-preserving IoMT analytics, offering a robust blueprint for next-generation healthcare deployments.","0","201"
"R312","WoS","Acquisition and processing of vehicle dynamics data for predictive modeling","Umesh, T; Vaibhav, MB; Varier, S; Modawel, K; Kashyap, DS; Madhavan, UP; Jayanthi, PN","2026","SYSTEMS SCIENCE & CONTROL ENGINEERING","10.1080/21642583.2026.2634457","WOS:001729371000001","Article","English","gold","Vehicle dynamics; data acquisition; predictive modeling; CAN-FD protocol; suspension analysis; machine learning","","This paper presents a modular, low-latency data acquisition and analytics platform for vehicle dynamics modeling. The system integrates a physical front-right suspension prototype with STM32-based CAN-FD-enabled microcontrollers, custom analog front-end circuits, and a Raspberry Pi-based telemetry dashboard. Sensor data-including displacement, steering angle, damper velocity, and temperature-is streamed via a robust CAN-FD protocol and visualized using a Plotly-Dash interface with InfluxDB logging. Rule based and gaussian mixture models analyze damper behavior, classify damping regimes, and estimate tire thermal state using wheel speed, accelerometer, and temperature data. Experimental validation on a custom mechanical test rig demonstrates accurate damper curve generation and traction estimates. The project highlights a cross-domain approach that merges mechanical prototyping, embedded systems, and AI-driven analytics to deliver an extensible platform for real-time automotive subsystem evaluation.","0","202"
"R313","WoS","Neural Network Method for Detecting Low-Intensity DDoS Attacks with Stochastic Fragmentation and Its Adaptation to Law Enforcement Activities in the Cyber Protection of Critical Infrastructure Facilities","Vladov, S; Vysotska, V; Scislo, L; Dymczyk, R; Posashkov, O; Nazarkevych, M; Yunin, O; Bobrishova, L; Pylypenko, Y","2026","COMPUTERS","10.3390/computers15020084","WOS:001699932900001","Article","English","gold","cybersecurity; anomaly detection; intelligent detection; statistical indicators; network threats; DDoS attacks; hybrid neural network; law enforcement activities; cyber protection of critical infrastructure facilities","","This article develops a method for the early detection of low-intensity DDoS attacks based on a three-factor vector metric and implements an applied hybrid neural network traffic analysis system that combines preprocessing stages, competitive pretraining (SOM), a radial basis layer, and an associative Grossberg output, followed by gradient optimisation. The initial tools used are statistical online estimates (moving or EWMA estimates), CUSUM-like statistics for identifying small stable shifts, and deterministic signature filters. An algorithm has been developed that aggregates the components of fragmentation, reception intensity, and service availability into a single index. Key features include the physically interpretable features, a hybrid neural network architecture with associative stability and low computational complexity, and built-in mechanisms for adaptive threshold calibration and online training. An experimental evaluation of the developed method using real telemetry data demonstrated high recognition performance of the proposed approach (accuracy is 0.945, AUC is 0.965, F1 is 0.945, localisation accuracy is 0.895, with an average detection latency of 55 ms), with these results outperforming the compared CNN-LSTM and Transformer solutions. The scientific contribution of this study lies in the development of a robust, computationally efficient, and application-oriented solution for detecting low-intensity attacks with the ability to integrate into edge and SOC systems. Practical recommendations for reducing false positives and further improvements through low-training methods and hardware acceleration are also proposed.","0","203"
"R314","WoS","Design and Analysis of Ethereum Blockchain Enabled IoT Based Model for Secure Data Transmission","Khapre, SS; Sahoo, SK","2025","TRANSACTIONS ON EMERGING TELECOMMUNICATIONS TECHNOLOGIES","10.1002/ett.70126","WOS:001463423900001","Article","English","Bronze","bidirectional long short term memory; Ethereum blockchain; generative adversarial network; healthcare system; internet of things; zero knowledge proof","","Ensuring the security and privacy of sensitive health data in Internet of Things (IoT)-based healthcare systems (HCS) is a critical challenge. This paper proposes a robust security framework by integrating blockchain mechanisms and deep learning (DL) approaches to enhance security and data privacy. The proposed framework leverages the Ethereum blockchain with zero knowledge proof (ZKP) to ensure data integrity and confidentiality, while the interplanetary file system (IPFS) provides secure and efficient data storage. Additionally, a novel At-GAN-BiLSTM model is introduced for intrusion detection by combining the attention mechanism, generative adversarial networks (GAN) and bidirectional long short-term memory (Bi-LSTM) to improve detection accuracy and also help to enhance model robustness. The proposed model is evaluated by two different benchmark datasets, namely CICIDS-2018 (D1) and ToN-IoT (D2), achieving accuracies of 99.9% and 99.1%, respectively. Comparative investigation shows that the proposed approach reduces false alarm rates (FAR) and performs better than current models in identifying impersonation, insider, and man-in-the-middle (MITM) attacks. By integrating blockchain and DL, the proposed framework significantly enhances intrusion detection, data security, and overall system resilience, addressing key vulnerabilities in IoT-based healthcare security.","0","204"
"R315","WoS","High Frequency Ultrasonic Condition Monitoring Framework Based on Edge-Computing and Telemetry Stack Approach","Spencer, G; Torres, PMB; Pinto, VH; Gonçalves, G","2026","MACHINES","10.3390/machines14030270","WOS:001727098900001","Article","English","Green Submitted, gold","Industry 4.0; smart factory; condition monitoring; IEEE 1451; smart transducer","","This paper presents initial developments towards a high-frequency condition monitoring framework designed for Autonomous Mobile Robots (AMRs) in Smart Factory environments. The proposed approach focuses on data acquisition and edge-level processing at the ultrasound range specifically (>20 kHz), using Micro-Electro-Mechanical System (MEMS) sensors. The system integrates real-time data acquisition, embedded fixed-point frequency-domain processing via a 1024-point FFT, and the integration of Industrial Internet-of-Things (IIoT) infrastructure based on the TIG (Telegraf, InfluxDB, and Grafana) stack, for data aggregation and remote visualization. To ensure timing precision at a sampling rate of 160 kHz, a software-based calibration routine is implemented to compensate for microcontroller overhead. Furthermore, the architecture's alignment with IEEE 1451 principles is discussed to support interoperable and scalable sensor integration. Experimental results validate the reliable acquisition and processing of ultrasonic signals up to 80 kHz using controlled acoustic sources. This work provides a foundational infrastructure for condition-based monitoring, enabling future development of automated anomaly detection for mechanical components, such as bearings, which exhibit early-stage fault signatures in the ultrasonic spectrum.","0","205"
"R316","WoS","Patient-Specific Spatio-Temporal False Data Injection Attack Detection for IoMT Using a Graph-GRU Digital Twin and Kalman Innovation Features","Alkhammash, EH; Ghaleb, FA; Saeed, F; Qasem, SN","2026","BIOENGINEERING-BASEL","10.3390/bioengineering13080920","WOS:001859286400001","Article","English","Green Accepted, Green Submitted, gold","internet of medical things; IoMT; false data injection attacks; FDIA; digital twin; graph convolutional network; gated recurrent unit; GCN-GRU; Kalman filter; anomaly detection; patient-specific monitoring; edge intelligence","","The Internet of Medical Things (IoMT) is a promising technology for enabling smart and efficient healthcare systems through continuous physiological monitoring, early anomaly detection, and proactive patient management. However, IoMT sensors are vulnerable to False Data Injection Attacks (FDIAs), in which adversaries can manipulate sensor measurements to compromise diagnostic accuracy, mislead clinical decision-making, and threaten patient safety. Existing detection approaches often rely on population-level statistical models that may not fully capture individual physiological variations or residual-based thresholds designed for relatively simple attack scenarios, limiting their ability to exploit the spatio-temporal dependencies of multi-sensor physiological streams and detect stealthy or adversarial FDIAs. This paper proposes a patient-specific FDIA detection framework based on a Graph Convolutional Network-Gated Recurrent Unit (GCN-GRU) digital twin that learns an individual patient's normal physiological behaviour from clean baseline telemetry. The trained digital twin is integrated into a Kalman filter as the state prediction model, and the resulting standardised innovation residuals are used as detection features. To characterise stealthy attack behaviours, four complementary window-based feature groups are extracted from the innovation sequence: innovation statistics, sensor correlation drift, temporal smoothness, and uncertainty mismatch. A CNN-1D classifier is then trained to learn discriminative temporal attack patterns from these features for accurate detection. A structured attack taxonomy comprising five stealthy and adversarial FDIA scenarios is developed, where attacks are injected as smooth gradual or abrupt coordinated modifications to sensor measurements while remaining within plausible physiological ranges. Experiments conducted on the WUSTL-EHMS-2020 benchmark dataset demonstrate that the proposed framework achieves an F1-score of 94.3%, outperforming Isolation Forest and PCA Reconstruction by 34 percentage points. Furthermore, the proposed framework reduces the false alarm rate to 3.6%, compared with 35.1% and 9.2% achieved by Isolation Forest and PCA Reconstruction, respectively. These results demonstrate the effectiveness of the proposed framework for reliable detection of stealthy FDIAs in IoMT-based healthcare systems.","0","206"
"R317","WoS","Cybersecurity Driven Quantum Digital Twin for Proactive Threat Reversal in Open RAN","Al-Karawi, Y; Alhumaima, RS; Al-Raweshidy, H","2026","IET QUANTUM COMMUNICATION","10.1049/qtc2.70027","WOS:001870776500001","Article","English","Green Submitted, gold","entropy; learning (artificial intelligence); quantum communication; quantum entanglement; quantum gates; quantum information; quantum noise; telecommunication security","","A cybersecurity-driven quantum digital twin (CQDT) is introduced to protect networked control chains against adversarial completely positive trace preserving perturbations. The design maps O-RAN telemetry to amplitude-encoded registers, forms multipartite entanglement through GHZ and one-dimensional cluster states and injects bit flip, phase flip and amplitude damping channels tied to measurable indicators. System integrity is tracked using fidelity , von Neumann entropy and trace distance . A lightweight REINFORCE policy acts on these observables to preserve entanglement and limit decoherence within tight cycle-time budgets. Qiskit simulations maintain average fidelity above 0.91, entropy near 0.35 and trace distance below 0.18 under composite noise. Attack classification exceeds 87% with a software-loop latency of about 19.1 ms covering state preparation, entanglement, CPTP injection, measurement and policy inference. Compared with classical intrusion detection and thresholding over quantum observables, the framework improves detection while reducing false alarms and exposes quantum-state degradation in real time. The result is a reproducible and scalable basis for learning-based quantum-aware protection in disaggregated radio access networks and related systems.","0","207"
"R318","WoS","Improving Power Grid Disaster Resilience Through Predictive Analytics Based on Data-Driven Photovoltaic Power Plant and Distribution Network Power Forecasting","Li, ZP; Liu, SB; Liu, GL","2025","IEEE ACCESS","10.1109/ACCESS.2025.3611104","WOS:001596864800045","Article","English","Green Submitted, gold","Forecasting; Predictive models; Resilience; Load modeling; Disasters; Power grids; Real-time systems; Adaptation models; Distribution networks; Predictive analytics; Power grid resilience; predictive analytics; photovoltaic power plants; distribution network; machine learning","TERM-MEMORY NETWORKS; SERIES; MODELS","The resilience of power grids in disaster-prone areas is a critical and growing concern for maintaining stable, secure, and reliable electricity distribution. Recent advancements in data-driven forecasting methods, especially in the context of photovoltaic (PV) power plants and distribution networks, offer strong potential to enhance grid operations during extreme weather or seismic events. Traditional power grid forecasting methods often rely on rule-based models and limited historical data. These approaches struggle to capture the complex, nonlinear, and dynamic interactions between renewable energy sources-such as PV systems-and grid behavior under stress or failure. As a result, they frequently face challenges in scalability, accuracy, and real-time adaptability during high-impact disaster events. To overcome these limitations, this paper presents a new predictive analytics framework. It uses advanced machine learning techniques to improve power grid resilience. The framework focuses on accurately forecasting both the power output from distributed PV plants and the variable load of the distribution network. The proposed method integrates real-time data from multiple heterogeneous sources, including weather forecasts, sensor networks, and grid telemetry. It applies algorithms such as decision trees, deep neural networks, and ensemble learning to extract meaningful patterns. By combining extensive historical data with real-time updates, the models produce robust, adaptive, and precise power predictions. Experimental results show that the data-driven approach significantly outperforms traditional forecasting techniques, with reductions in Mean Absolute Error (MAE) by up to 40% and improvements in R(2 )by over 25% across multiple datasets. While these gains may appear modest, they are practically meaningful in the context of disaster-resilient grid forecasting, where even small reductions in prediction error can lead to more efficient resource allocation, better load balancing, and enhanced disaster response. Compared to traditional models like ARIMA and Prophet, which are still widely used in resource-constrained environments, the proposed approach offers higher predictive accuracy, lower latency, and faster adaptation to unforeseen grid failures. These improvements are critical for enhancing disaster preparedness and response capabilities, demonstrating the practical relevance of this method for power grid resilience in extreme conditions.","0","208"
"R319","WoS","Automated-detection of risky alcohol use prior to surgery using natural language processing","Vydiswaran, VGV; Strayhorn, A; Weber, K; Stevens, H; Mellinger, J; Winder, GS; Fernandez, AC","2024","ALCOHOL-CLINICAL AND EXPERIMENTAL RESEARCH","10.1111/acer.15222","WOS:001142102000001","Article","English","Green Submitted, hybrid","alcohol drinking; alcohol use disorder; artificial intelligence; natural language processing; surgery","POSTOPERATIVE COMPLICATIONS; CONSUMPTION; INTERVENTION; ASSOCIATION; UNIVERSITY; CARE; MEN","BackgroundPreoperative risky alcohol use is one of the most common surgical risk factors. Accurate and early identification of risky alcohol use could enhance surgical safety. Artificial Intelligence-based approaches, such as natural language processing (NLP), provide an innovative method to identify alcohol-related risks from patients' electronic health records (EHR) before surgery.MethodsClinical notes (n = 53,629) from pre-operative patients in a tertiary care facility were analyzed for evidence of risky alcohol use and alcohol use disorder. One hundred of these records were reviewed by experts and labeled for comparison. A rule-based NLP model was built, and we assessed the clinical notes for the entire population. Additionally, we assessed each record for the presence or absence of alcohol-related International Classification of Diseases (ICD) diagnosis codes as an additional comparator.ResultsNLP correctly identified 87% of the human-labeled patients classified with risky alcohol use. In contrast, diagnosis codes alone correctly identified only 29% of these patients. In terms of specificity, NLP correctly identified 84% of the non-risky cohort, while diagnosis codes correctly identified 90% of this cohort. In the analysis of the full dataset, the NLP-based approach identified three times more patients with risky alcohol use than ICD codes.ConclusionsNLP, an artificial intelligence-based approach, efficiently and accurately identifies alcohol-related risk in patients' EHRs. This approach could supplement other alcohol screening tools to identify patients in need of intervention, treatment, and/or postoperative withdrawal prophylaxis. Alcohol-related ICD diagnosis had limited utility relative to NLP, which extracts richer information within clinical notes to classify patients.","0","209"
"R320","WoS","Fault-Aware Decision Support for Renewable-Powered EV Charging Stations Using Multi-Source Explainable Learning","Al-Khatib, O; Hellany, A; Nassereddine, M; Nassreddine, G; Famakinwa, T","2026","ENG","10.3390/eng7080391","WOS:001858756200001","Article","English","gold","electric vehicle charging stations; fault-aware decision support; anomaly detection; multi-source monitoring; explainable machine learning; renewable-powered charging; grid-interactive operation; battery energy storage systems; maintenance-oriented risk states; EVCS reliability","","Electric vehicle charging stations (EVCSs) are increasingly deployed as grid-interactive energy assets that combine power electronic converters, sensing devices, communication interfaces, photovoltaic (PV) generation, battery energy storage systems (BESS), and multiple charging ports. This complexity creates reliability challenges because abnormal behavior may originate from electrical, thermal, sensing, communication, port-level, or grid-side sources. This paper proposes a fault-aware decision-support framework for renewable-powered EVCSs using multi-source explainable learning. The framework integrates electrical, thermal, session/port, grid/PV/BESS, and communication/data-quality indicators into a unified health-monitoring representation. Supervised models diagnose known fault classes, anomaly-detection models flag unknown or anomalous events, and a source-level explainability layer supports candidate-source interpretation and maintenance-oriented risk mapping. A scenario-controlled EVCS benchmark is developed with PV generation, BESS operation, grid import, charging-port behavior, communication/data-quality indicators, and six injected fault/anomaly categories. An extended 180-day benchmark further assesses longer-horizon operation, seasonal/weather diversity, drift/ageing proxies, and event-level behavior. The strongest closed-set classifier, LightGBM with class weights, achieved 98.45% accuracy and 0.9792 macro-F1, while the Random Forest model used for explainability and decision-layer analysis achieved 97.35% accuracy and 0.9626 macro-F1. Full multi-source monitoring improved Random Forest macro-F1 from 0.6922 under electrical-only monitoring to 0.9626, demonstrating within the controlled benchmark the diagnostic value of heterogeneous EVCS observability. Open-set performance was source dependent: sensor/measurement and communication/data anomalies were more detectable, whereas thermal/cooling and port/session unknowns remained difficult at the selected threshold. Under nominal scenario-based response assumptions, unavailable port hours and unmet charging energy decreased by 49.01% and 38.33%, respectively, relative to reactive operation; sensitivity analysis showed that these outcomes depend on intervention effectiveness and response delay. These findings establish controlled-benchmark feasibility for explainable multi-source EVCS decision support. Field validation using charger telemetry, maintenance-confirmed labels, and operator-calibrated response policies remains necessary.","0","210"
"R321","WoS","Urban AI OS: An LLM-Driven Semantic Orchestration Layer for Distributed Edge Intelligence","Papaioannou, C; Dimara, A; Krinidis, S","2026","ELECTRONICS","10.3390/electronics15173820","WOS:001872805100001","Article","English","gold","edge computing; LLM-based orchestration; semantic systems; urban computing; federated learning; distributed AI; confidence-gated execution; IoT","","Urban Internet-of-Things (IoT) infrastructures increasingly host distributed artificial intelligence workloads across heterogeneous edge environments, supporting applications such as urban monitoring, resource optimization, and large-scale sensing analytics. Despite the rapid adoption of edge AI, current systems lack a unified architectural layer responsible for orchestrating distributed intelligence across dynamic urban infrastructures. Existing orchestration mechanisms are typically rule-based and rely on low-level telemetry signals such as latency, node availability, or network conditions, limiting their ability to interpret the contextual meaning of system behavior and environmental events. This paper introduces Urban AI OS, a trustworthy LLM-based semantic control layer for distributed urban edge intelligence. The proposed architecture transforms heterogeneous telemetry and environmental signals into high-level semantic events through large language model reasoning, enabling context-aware orchestration decisions including adaptive topology management, workload coordination, and node role assignment. To address the reliability risks associated with LLM-assisted control, Urban AI OS employs confidence-gated execution with deterministic fallback policies, post-action monitoring, rollback, and auditable decision logging to constrain the operational impact of uncertain or erroneous LLM recommendations. By decoupling semantic reasoning from the data plane execution of AI workloads, Urban AI OS provides a model-agnostic framework for managing large-scale urban edge intelligence infrastructures. Experimental evaluation on a real-world urban IoT deployment with 50+ edge devices demonstrates that the proposed semantic operating layer improves system responsiveness by 35%, reduces unnecessary topology changes by 42%, and improves communication efficiency compared to conventional rule-based and adaptive threshold baselines, while maintaining confidence calibration through formal fallback mechanisms.","0","211"
"R322","WoS","Cyber Risk Management of API-Enabled Financial Crime in Open Banking Services","Ojehomon, OG; Cichorska, J; Michnik, J","2026","ENTROPY","10.3390/e28020163","WOS:001700046600001","Article","English","Green Submitted, gold","open banking (OB); risk management; System Dynamics (SD); Agent-Based Modelling (ABM); Monte Carlo (MC) simulation; Application Programming Interface (API) security; Payment Services Directive (PSD2); third-party providers (TPPs); cyber risk; financial sector","BOUNDARY RESOURCES; EVOLUTION","Open banking reshapes the financial sector by enabling regulated third-party providers to access bank data through APIs, fostering innovation but amplifying operational and financial-crime risks due to increased ecosystem interdependence. To address these challenges, this study proposes an integrated risk-management framework combining System Dynamics, Agent-Based Modelling, and Monte Carlo simulation. This hybrid approach captures feedback effects, heterogeneous agent behaviour, and loss uncertainty within a simulated PSD2-style environment. Simulation experiments, particularly those modelling credential-stuffing waves, demonstrate that stricter onboarding thresholds, tighter API rate limits, and enhanced anomaly detection reduce operational tail losses by approximately 20-30% relative to baseline scenarios. Beyond these specific findings, the proposed framework exhibits significant universality; its modular design facilitates adaptation to broader contexts, including cross-border regulatory variations or emerging BigTech interactions. Ultimately, this multi-method approach translates complex open-banking dynamics into actionable risk metrics, providing a robust basis for targeted resource allocation and supervisory stress testing in evolving financial ecosystems.","0","212"
"R323","WoS","Smart wastewater management in hydro-technical systems using digital twin technology","Ahanger, TA; Abdibayev, Z; Sagnayeva, S; Zhumadillayeva, A; Dyussekeyev, K","2026","SCIENTIFIC REPORTS","10.1038/s41598-026-42626-5","WOS:001743115700011","Article","English","Green Submitted, gold","Internet of things; Digital twin; Waste water management; Hydrotechnical structures","","Operational inefficiencies in wastewater management systems increasingly lead to treatment delays, hydraulic overloads, resource wastage, and contamination events. Digital Twin (DT) technology provides a systematic approach to addressing these challenges through continuous physical-virtual synchronization, predictive analytics, and scenario-based decision support. This study presents a DT-assisted, real-time monitoring and forecasting framework for wastewater infrastructure, integrating IoT-enabled sensing, EPANET-MATLAB based hydraulic simulation, hybrid ANFIS-driven predictive intelligence, and a consortium blockchain for secure state attestation and auditability. The proposed framework was evaluated using two real-world time-series datasets obtained from Kazhydromet and affiliated municipal wastewater facilities, comprising a total of 80,114 samples that capture both internal operational telemetry and external environmental drivers. Experimental results demonstrate stable physical-virtual alignment with bounded synchronization errors and no cumulative drift over extended operation. The control-path end-to-end latency was measured at approximately 9.51 s for operational data and 11.01 s for environmental data, confirming near-real-time responsiveness suitable for supervisory wastewater control. When security-path operations are considered, the worst-case secure latency remains bounded below 18 s, with blockchain consensus executed asynchronously to avoid interference with time-critical decision loops. From a diagnostic perspective, the proposed DT-ANFIS model achieved consistently superior performance compared to generic machine learning baselines and process-rule based simulators. Across operational datasets, the framework attained a precision of 89.3%, sensitivity of 88.1%, specificity of 90.2%, and an F-measure of 88.7%, with statistically significant improvements (p < 0.05) and narrow 95% confidence intervals. Predictive evaluation further confirmed realistic forecasting capability, achieving a Pearson correlation coefficient of up to r(2) = 0.89 with reduced prediction errors relative to recent wastewater modeling studies.","0","213"
"R324","WoS","Eskom-Induced Metabolic Arrest in JSE Financial Hypergraphs: A Physics-Informed Entropy Protocol for Systemic Risk Governance","Moroke, ND","2026","RISKS","10.3390/risks14070159","WOS:001833292800001","Article","English","gold","systemic risk; financial hypergraph; Von Neumann entropy; physics-informed machine learning; macroprudential governance; infrastructure risk; SDG 8; SDG 9; SDG 10; SDG 17; Eskom load-shedding; JSE financial networks; metabolic arrest; optimal control","","Physical infrastructure failure induces topological phase transitions in financial networks that existing systemic risk models cannot detect, attribute, or govern. This study introduces CASCADEnt (Cascading Systemic-Entropy-Detecting Network), a physics-informed entropy protocol for infrastructure-coupled financial hypergraphs. The model integrates three components: (i) a Landauer-motivated entropy threshold ( S & lowast;=2.852 nats) that detects imminent metabolic arrest before it manifests as market stress; (ii) Gradient-Boosted Integrated Gradients (GB-IG) metabolic centrality that attributes systemic collapse to the specific apex nodes driving it; and (iii) a Lyapunov-constrained Hamilton-Jacobi-Bellman protocol that governs macroprudential intervention with deterministic stability tendency under a linear control assumption (Theorem 1); stochastic extensions remain future work. The key variables are daily equity returns and hypergraph topology for 19 JSE Top40 securities, integrated with Eskom Energy Availability Factor (EAF) telemetry and CBOE VIX ( T=2838 trading days, January 2015-April 2026). CASCADEnt achieves F1 = 0.643 at a 96 h early-warning lead time, outperforming all advance-warning baselines by 23.6 percentage points, with a false alarm rate of zero across 553 out-of-distribution days. Twelve apex nodes concentrate 85.5% of total system entropy, providing a governance target for macroprudential capital buffer design in infrastructure-dependent emerging economies.","0","214"
"R325","WoS","Intelligent Soil Analytics for Forensic Applications: Emerging Technologies, Trends, and Transformative Paradigms","Nagesh, D; Kumari, K; Tripathi, AK; Raveendran, VC; Dalal, J; Sekar, P","2026","ENGINEERING REPORTS","10.1002/eng2.70538","WOS:001701714500035","Article","English","Green Submitted, gold","digital twin; DNA metagenomics; forensic soil analysis; intelligent soil systems; nanobiosensors","NEUTRON-ACTIVATION ANALYSIS; ELEMENTAL ANALYSIS; HEAVY-METALS; ICP-MS; SPECTROMETRY; SAMPLES; METAGENOMICS; POLLUTION; TIME; TOOL","Soil is important trace evidence in forensic investigations. Its complex makeup varies by location. Traditional soil analysis methods in forensic science have some issues. They can be subjective. They also lack real-time capabilities and do not work well with modern analytical tools. This article summarizes recent advancements in smart soil analysis for forensic uses. It highlights new technologies, research trends, and major developments. Key innovations include the application of nanobiosensors for detecting biochemical soil signatures, DNA metagenomics for microbial fingerprinting, and remote or proximal soil sensing for spatial mapping. The use of these technologies with AI and machine learning has led to better classification models. It also supports digital twin architectures that mimic soil behavior in real time. Recent studies show that using soil sensor data with supervised learning algorithms, such as Random Forest and SVM, can reach classification accuracies above 90%. Cloud-based frameworks improve forensic traceability. They allow for the storage, syncing, and remote analysis of soil evidence. This technological convergence is changing forensic methods. It improves the precision, reproducibility, and legal strength of soil evidence. It also creates connections across agriculture, environmental monitoring, and land-use planning. The review highlights important challenges. These include data standardization, sensor calibration, and legal admissibility. It also suggests a roadmap for future research. Intelligent soil analytics is key to next-gen forensic science. It has wide effects on justice, sustainability, and caring for the environment. In addition to its forensic applications, these technologies benefit agriculture and land management, allowing for more informed decisions on soil conservation and nutrient optimization. Real-time monitoring capabilities enable immediate interventions to address soil health issues, resulting in increased crop yields and reduced environmental impacts. The integration of AI and sensor technology into soil management practices thus holds transformative potential for both forensic science and sustainable agriculture, ensuring long-term soil health and ecological balance.","0","215"
"R326","WoS","Quantum-Assisted Optimization and Security for Trustworthy AI-Driven Healthcare","Waseem, HM; Epiphaniou, G; Maple, C","2026","IEEE TRANSACTIONS ON QUANTUM ENGINEERING","10.1109/TQE.2026.3677420","WOS:001754878600001","Article","English","Green Submitted, gold","Optimization; Medical services; Artificial intelligence; Electronic healthcare; Security; Decision making; Accuracy; Scalability; Genomics; Complexity theory; Digital health; federated learning (FL); healthcare optimization; hybrid quantum-classical systems; NISQ devices; quantum computing; quantum cryptography","PRIVACY; SYSTEMS","Digital health increasingly relies on artificial intelligence for clinical decision-making, patient management, and distributed learning, yet two persistent challenges remain: the computational complexity of optimization tasks, such as operating-room scheduling and genomic feature selection, and the need for robust security in federated and Internet-of-Medical-Things (IoMT) systems that are vulnerable to poisoning and spoofing attacks. Existing approaches often address these issues separately and struggle with scalability, interpretability, and resilience to advanced adversaries. This article introduces a Hybrid Quantum-Classical Architecture (HQCA) that integrates the Quantum Approximate Optimization Algorithm (QAOA) for constrained healthcare decision-making with Quantum Digital Signatures (QDS) for secure authentication. The layered framework combines classical preprocessing with NISQ-era quantum modules and is validated under calibrated IBM Eagle-class noise models. We evaluate four representative tasks, including operating-room scheduling, genomic feature selection, federated-learning integrity, and IoMT firmware authentication, using short-depth QAOA (p <= 3) and SWAP-test-based QDS verification. HQCA reduces operating-room makespan by approximately 7.5% and halves overtime compared to classical baselines, while maintaining over 99.5% scheduling feasibility. In genomic analysis, it improves classification performance while selecting 32% less features. For security, it reduces successful poisoning in federated learning from 20.7% to 3.8%, and no spoofing events were observed in 30 trials for IoMT telemetry, with practical verification latency. These findings indicate that a unified hybrid stack can improve decision quality while providing information-theoretic authenticity guarantees with operationally feasible verification latency, demonstrating a practical pathway toward secure and efficient digital health as quantum hardware matures.","0","216"
"R327","WoS","DeepGrass: A transformer-based approach for enhanced grassland management through Sentinel-2 time series spectral signature and vegetation indices forecasting","Farbo, A; Parsons, D; Borgogno-Mondino, E; Oliveira, J","2026","REMOTE SENSING OF ENVIRONMENT","10.1016/j.rse.2026.115545","WOS:001808386700001","Article","English","hybrid","Vegetation indices forecasting; Reflectance forecasting; Irregular time series; Deep learning; Grassland management; Precision agriculture; Transfer learning","PRECISION AGRICULTURE; NDVI; CROP; PERSPECTIVES; CHLOROPHYLL; REFLECTANCE; FRACTION; SEASON","Grasslands are vital ecosystems that offer numerous ecological services, including water regulation, carbon storage, climate mitigation, and pollination. They support diverse flora and fauna, serving as essential habitats for many species, and are fundamental to livestock grazing, thereby contributing to food production and rural economies. Accurate forecasting of grassland productivity aids in setting appropriate stocking rates, ensuring sustainable grazing practices, and assists in planning for forage availability and water resources, enhancing overall management efficiency and environmental sustainability. In this study, we developed DeepGrass, an encoder-decoder transformer model designed to forecast all 10 Sentinel-2 spectral bands (SBs) and 28 vegetation indices (VIs) over the coming 15 days at field-level. The model was trained and validated using data from grasslands across Sweden, spanning three phenological seasons (2020-2022) for a total of 565,614 grassland fields, with additional inference testing on 2023 data (for a total of 87,738 grassland fields in Sweden and 44,764 in Finland) to simulate real-world and generalization applicability. DeepGrass achieved competitive results with respect to other state-of-the-art approaches, focused solely on NDVI forecasting, and demonstrated consistent results across all VIs and SBs, for example: NDVI with RMSE ranging from 0.028 (t + 1) to 0.105 (t + 15); NDMI with RMSE ranging from 0.038 (t + 1) to 0.115 (t + 15); Red band with RMSE ranging from 0.0075 (t + 1) to 0.0205 (t + 15); and NIR band with RMSE ranging from 0.028 (t + 1) to 0.073 (t + 15). Notably, VIs derived from forecasted SBs exhibited performance comparable to that of directly forecasted VIs. This finding implies that, in practice, all desired VIs can be computed a posteriori from the forecasted SBs without necessitating separate model retraining for each specific VI. Additionally, the model trained on field-average time series performed reasonably well on pixel-level data, suggesting computational efficiency without compromising accuracy. The availability of satellite observations in the input time series was crucial, especially for long-term forecasts, emphasizing the need to assess cloud coverage to evaluate model output reliability. This advanced forecasting approach provides a valuable tool for monitoring grassland dynamics. Accurate forecasting of SBs and VIs is vital for effective grassland management, enabling informed decisions for grazing, mowing, and conservation practices.","0","217"
"R328","WoS","Graph-Based Digital Twin Blueprint for Securing 6G Local Area Networks","Yigit, Y; Canberk, B","2025","IEEE WIRELESS COMMUNICATIONS","10.1109/MWC.2025.3602932","WOS:001596949200001","Article","English","Green Accepted","6G mobile communication; Security; Local area networks; Real-time systems; Prevention and mitigation; Image edge detection; Digital twins; Adaptation models; Telemetry; Decision making; 6G; local area networks (LANs); explainable AI (XAI); smart cities; security; digital twin; self-healing","","The rise of sixth-generation (6G) wireless technologies is expected to transform local connectivity through ultra-low latency communication, autonomous network management, and massive device integration. Among these, 6G Local Area Networks (LANs) are emerging as key enablers for smart homes and industrial automation, offering decentralised and intelligent control at the network edge. However, it introduces critical security requirements. Traditional intrusion detection methods, based on static rules and signatures, are limited in addressing dynamic device interactions, strict latency constraints, and increasingly stealthy cyberattacks expected in 6G LANs. To overcome these limitations, this work introduces a graph-based security framework using digital twins (DTs) designed for 6G LANs. The proposed solution integrates three core components. First, a graph-based anomaly detection module models the real-time network structure using GraphSAGE and Graph Attention Networks (GAT) to enable efficient and context-aware threat identification. Second, an explainability module based on Shapley Additive Explanations (SHAP) provides transparent decision-making and introduces a confidence-aware mechanism to autonomously or collaboratively handle detected threats. Third, a self-healing module applies mitigation actions dynamically, enabling fast, adaptive, and explainable responses while allowing human oversight when needed. The effectiveness of the framework is validated through extensive experiments on a 6G LAN testbed and an external dataset. Results show that our solution reduces end-to-end detection latency by up to 63%, lowers mitigation reaction time by 55%, and decreases processing overhead by 20%, while improving detection accuracy by up to 25% compared to conventional methods. These results highlight the practical benefits of using DTs for real-time and explainable 6G LAN security. Our work offers a scalable and locally deployable solution that meets the performance and transparency needs of emerging autonomous networks.","0","218"
"R329","WoS","SCOPE-5G: A Standards-Aligned Synthetic AMF Observability Dataset for Reproducible 5G Core Benchmarking","Araújo, SR Jr; Kamienski, CA; Bianchi, RAC","2026","IEEE ACCESS","10.1109/ACCESS.2026.3727225","WOS:001871098600019","Article","English","gold","Modeling; 5G mobile communication; Central Processing Unit; Measurement; Labeling; Planing; 3GPP; Loading; Massive machine type communications; Shape; 5G core; AMF observability; synthetic dataset; anomaly detection; network slicing","NETWORKS","Observability of the 5G core control plane is essential for benchmarking, anomaly detection, and validation of network management methods. Public datasets for Access and Mobility Management Function (AMF) analysis remain limited, and few use 3rd Generation Partnership Project (3GPP) measurement semantics. This paper introduces SCOPE-5G (Standards-aligned Control plane Observability for Performance Evaluation for 5G), a configurable framework for standards-aligned synthetic AMF observability data, and its derived SCOPE-5G Dataset. Although the dataset cannot replace real mobile-operator telemetry, it supports reproducible benchmarking and controlled experiments. SCOPE-5G jointly provides AMF-centered procedure semantics, TS 28.552 column-level alignment, multi-slice resource disaggregation, and labeled gradual-onset anomalies. The dataset spans 60 days at 15-minute granularity, covers 21 AMF procedures across three network slices, and exposes 112 columns over 5,760 rows, including 162 labeled rows across eight anomaly types. SCOPE-5G models procedure-level behavior through diurnal patterns, weekday/weekend differentiation, long-range dependence, volatility clustering, M/M/1 per-message queueing, and sigmoid anomaly injection. Validation against eight public references shows statistical consistency: Pearson r = 0.979 against Telecom Italia Call Detail Record (CDR) data and a 97.27% TV-complement score, with all MAPE-applicable validation rows below the 30% acceptance threshold (three of them in the 15-30% band). Replacing sigmoid onset with step anomalies raises AUC from 0.919 to 0.998, showing that gradual onset is necessary for operationally meaningful fault-detection benchmarking. The framework and evaluation scripts are openly released to support reproducible, standards-consistent AMF benchmarking.","0","219"
"R330","WoS","Electrically evoked compound action potentials in adult and pediatric cochlear implant users: I. Cochlear nerve responsiveness and electrode-neuron interface index","Gao, Z; Oleson, JJ; Gifford, RH; He, SM","2026","HEARING RESEARCH","10.1016/j.heares.2026.109769","WOS:001848762100001","Article","English","Green Submitted, hybrid","Cochlear implant; eCAP; Amplitude growth function; Refractory recovery; Electrode-neuron interface","RESPONSE TELEMETRY; RECOVERY FUNCTION; AUDITORY-NERVE; SPEECH-PERCEPTION; CHILDREN; STIMULUS; STIMULATION; SURVIVAL; SURGERY","Adult and pediatric cochlear implant (CI) users differ in age, duration of deafness, and etiology, yet cochlear nerve (CN) response properties have not been systematically compared between these populations. To address this gap, this study examined electrically evoked compound action potentials (eCAPs) in pediatric and postlingually deafened adult CI users. Seven eCAP-derived indices were evaluated, including threshold, amplitude at the maximum comfortable level, overall and maximal slopes of the amplitude growth function (AGF), absolute and relative refractory periods (t0 and tau), and the local electrode-neuron interface (ENI) index. Sixty-four adult and 56 pediatric users of CochlearTM Nucleus (R) CI devices were tested. eCAP AGFs and refractory recovery functions (RRFs) were measured at three to seven electrodes along the array. AGF slopes were quantified using linear regression and the window method, while t0 and tau were derived by fitting RRFs with exponential decay functions. Local ENI index was calculated using a machine-learning model incorporating several eCAP measurements. Linear mixed-effects models revealed both shared and distinct patterns of CN responsiveness between pediatric and adult CI users. Pediatric users demonstrated lower eCAP thresholds than adults when pooled across electrode locations. Adults exhibited shallower AGF slopes at basal electrodes than middle and apical electrodes. RRF-derived indices revealed shorter refractory periods in adults, likely influenced by group differences in maximum comfortable stimulation levels. Across both groups, several eCAP measures showed poorer responses at middle electrode locations relative to apical and/or basal sites. Future studies incorporating additional eCAP metrics may further clarify group differences in CN health and function.","0","220"
"R331","WoS","Provably Adaptive Trust Dynamics in Context-Aware Zero-Trust Systems: A Formal Framework for Continuous Verification","Krishnan, V; Sreeja, CS","2026","IEEE ACCESS","10.1109/ACCESS.2026.3695458","WOS:001779888500008","Article","English","Green Submitted, gold","Authentication; Modeling; Authorization; Security; Timing; Poles and zeros; Zero Trust; Context; Learning (artificial intelligence); Signal detection; Adaptive authentication; application integrity check; Bayesian online learning; continuous authentication; device authentication; dynamic secret injection; risk-based access control","MULTIFACTOR AUTHENTICATION; ARCHITECTURE","Zero-Trust (ZT) requires continuous, context-aware evaluation of authentication and authorization decisions. This paper introduces Zero-Trust Hybrid Adaptive Authentication (ZeTHAA), a continuous authentication and authorization framework integrating contextual attributes, authentication strength, behavioral evidence, and retry dynamics. ZeTHAA utilizes a probabilistic risk model and dual-policy thresholds to partition outcomes into allow, step-up, and block regions, enabling precise control over security-usability trade-offs. The system introduces a global admissibility predicate to distinguish hard violations from probabilistic soft violations. Attribute importance is dynamically derived from entropy and Beta-posterior distribution, enabling robust cold-start initialization and online recalibration. ZeTHAA presents a unified composite attack surface covering credential compromise, attribute forgery, and post-grant hijacking, modeling retry behavior with exponential risk escalation and temporal decay. A large-scale synthetic dataset capturing realistic authentication flows, adversarial and temporal patterns, was used to evaluate ZeTHAA against heuristic, logistic regression, random forest, XGBoost, and isolation forest baselines. ZeTHAA produced a more expressive risk distribution and significantly higher attack detection and efficiency while minimizing user friction. ZeTHAA outperformed baseline models, with Recall and Area Under the Curve (AUC) exceeding 79% and 15.1%, respectively. F1-Score showed increases of 48%-147%, with efficiency boost of 20-65%, while reducing the cost per attack by up to 39.6%. Benchmarks against frameworks from Dasu et al. and Matiushin et al. showed a 57.5% lead in F1-Score, more than double increase in detection rate, while blocking 70.78% more attacks. Additional analysis shows that ZeTHAA provides a mathematically grounded foundation for Zero-Trust systems, aligns with NIST standards, offering improved security guarantees and adaptive enforcement.","0","221"
"R332","WoS","Can Telemonitoring Predict Patient-Reported Leak Perception in Long-Term Home Noninvasive Ventilation for Patients with Chronic Respiratory Failure?","Lefouili, M; Jaffuel, D; Journet, S; Chauderon, P; Bailly, S; Borel, JC","2026","CHEST","10.1016/j.chest.2025.11.050","WOS:001874723400001","Article","English","Green Submitted, hybrid","noninvasive ventilation; patient-reported outcome measures; respiratory failure; S3-NIV; telemonitoring; unintentional leaks","COPD","BACKGROUND: Home noninvasive ventilation (NIV) improves outcomes in patients with chronic respiratory failure; however, telemonitoring remains challenging due to undefined appropriate alert thresholds. Current leak thresholds lack clinical validation, potentially leading to inefficient care delivery and alert fatigue among health care providers. RESEARCH QUESTION: Can telemonitoring leak data predict patient-reported perceptions of leaks in home NIV for patients with chronic respiratory failure? STUDY DESIGN AND METHODS: Data collected between March 2019 and May 2023 from 571 patients with chronic respiratory failure receiving home NIV were analyzed retrospectively. Inclusion required at least 1 S3-NIV questionnaire and 28 days of preceding telemonitoring leak data. Twenty-seven leak features were extracted across 7-, 14-, 21-, and 28-day windows. Statistical analysis included analyses of variance, effect size calculation (eta squared; eta 2), and comparison of predictive performance using linear mixed-effects regression and K-nearest neighbors algorithms. RESULTS: Only S3-NIV item 8 (I am disturbed by leaks) showed significant associations with leak features. Whereas no demographic or NIV setting differences were found between patients reporting leak disturbances and those who did not, disturbed patients consistently reported more NIV-related issues and respiratory symptoms. Leak features reflecting central tendency and magnitude showed the highest effect sizes (eta 2 = 0.021-0.075). However, predictive models demonstrated limited ability to accurately predict patient-perceived leaks. INTERPRETATION: Telemonitoring leak data alone have limitations in predicting patient perception of leaks, suggesting that individual factors beyond objective measurements play a significant role. A proactive patient-centered management approach integrating telemonitoring data and patient-reported outcomes is thus needed. CLINICAL TRIAL REGISTRATION: Registered on Health Data Hub; No. 23517022; URL: www. health-data-hub.fr","0","222"
"R333","WoS","Prioritized and predictive intelligence of things enabled waste management model in smart and sustainable environment","Mishra, S; Jena, L; Tripathy, HK; Gaber, T","2022","PLOS ONE","10.1371/journal.pone.0272383","WOS:000947311000086","Article","English","Green Submitted, gold","","IOT; IMPLEMENTATION; CITIES","Collaborative modelling of the Internet of Things (IoT) with Artificial Intelligence (AI) has merged into the Intelligence of Things concept. This recent trend enables sensors to track required parameters and store accumulated data in cloud storage, which can be further utilized by AI based predictive models for automatic decision making. In a smart and sustainable environment, effective waste management is a concern. Poor regulation of waste in surrounding areas leads to rapid spread of contagious disease risks. Traditional waste object management requires more working staff, increases effort, consumes time and is relatively ineffective. In this research, an Intelligence of Things Enabled Smart Waste Management (IoT-SWM) model with predictive capabilities is developed. Here, local sinks (LS) are deployed in specified locations. At every instant, the current status of smart bins in each LS is notified to users to determine the priority level of LS to be emptied. Based on aggregated sensor values for the three smart bins, LS weight and poison gas value, the priority order of emptying LS is computed, and decision is made whether to notify the users with an alert message or not. It also helps in predicting the LS, which is likely to be filled up at a faster rate based on assigned timestamp. This model is implemented in real time with many LS and it was observed that bins, which were close to more crowded sites filled up faster compared to sparse populated areas. Random forest algorithm was used to predict whether an alert notification is to be sent or not. An average mean of 95.8% accuracy was noted while using 60 decision trees in random forest algorithm. The average mean execution latency recorded for training and testing sets is 13.06 sec and 14.39 sec respectively. Observed accuracy rate, precision, recall and f1-score parameters were 95.8%, 96.5%, 98.5% and 97.2% respectively. Model buildup and the validation time computed were 3.26 sec and 4.25 sec respectively. It is also noted that at a threshold value of 0.93 in LS level, the maximum accuracy rate reached was 95.8%. Thus, based on the prediction of random forest approach, a decision to notify the users is taken. Obtained outcome indicates that the waste level can be efficiently determined, and the overflow of dustbins can be easily checked in time","0","223"
"R334","WoS","A Two-Stage Framework for Microsatellite Thermal Mode Identification and Fault Detection via Clustering and Sequence Prediction","Pang, WJ; Zhou, J; Xu, JW; Zhi, XN","2026","AEROSPACE","10.3390/aerospace13060544","WOS:001801736500001","Article","English","gold","fault detection; microsatellites; thermal control system; clustering; Dynamic Time Warping (DTW); anomaly pattern matching","","Microsatellites operate in highly dynamic thermal environments due to severe physical constraints, making temperature telemetry a critical onboard health indicator. Conventional threshold-based monitoring fails to distinguish normal operational mode transitions from genuine faults, causing excessive false alarms. To address this, we propose a two-stage framework integrating unsupervised thermal mode discovery with mode-specific deep learning prediction. Raw temperature telemetry is downsampled and segmented into orbital cycles. Unsupervised clustering identifies two nominal thermal regimes and four canonical fault-type libraries (step, spike, drift, and noise), each corresponding to distinct in-orbit failure mechanisms. For each nominal mode, a Convolutional Neural Network-Long Short-Term Memory (CNN-LSTM) is trained on 7-day historical windows to forecast 3-day temperature evolution. Post-downlink, incoming cycle mode is inferred via nearest-neighbor DTW classification; anomalies are flagged when prediction residuals exceed mode-adaptive thresholds. Validation on Macau Science Satellite-1B (MSS-1B, COSPAR 2023-069-B, NORAD 56732) in-orbit telemetry from a 41 degrees inclination low-Earth orbit-where solar illumination dominates external thermal loading and internal heat from the data-communication module and scientific payload constitutes the primary internal thermal source-shows the method reduces anomaly flags by 96.6% and improves prediction mean absolute error by 51.3% compared to a non-classified global baseline under nominal operating conditions, correctly detecting a known operational transient while suppressing spurious alarms. A synthetic fault injection experiment with four anomaly types and five baseline methods further confirms the framework's detection capability, achieving an overall F1 score of 0.725 vs. 0.258 for the global baseline-a 2.8 & times; improvement driven primarily by a 4 & times; precision gain. Sensitivity analysis reveals that the two-stage advantage is most pronounced for low-magnitude and short-duration faults, where mode-specific context is essential. This work advances microsatellite autonomous health management by providing reliable anomaly detection with quantified fault detection performance.","0","224"
"R335","WoS","Development of an IoT System for Acquisition of Data and Control Based on External Battery State of Charge","Hristov, AV; Gotseva, D; Trifonov, RI; Petrovic, J","2026","ELECTRONICS","10.3390/electronics15030502","WOS:001687693500001","Article","English","gold","battery-powered systems; Internet of Things; integrated measurement; visualization; single-cell lithium-ion battery; low voltage; State of Charge","","In the context of small, battery-powered systems, a lightweight, reusable architecture is needed for integrated measurement, visualization, and cloud telemetry that minimizes hardware complexity and energy footprint. Existing solutions require high resources. This limits their applicability in Internet of Things (IoT) devices with low power consumption. The present work demonstrates the process of design, implementation and experimental evaluation of a single-cell lithium-ion battery monitoring prototype, intended for standalone operation or integration into other systems. The architecture is compact and energy efficient, with a reduction in complexity and memory usage: modular architecture with clearly distinguished responsibilities, avoidance of unnecessary dynamic memory allocations, centralized error handling, and a low-power policy through the usage of deep sleep mode. The data is stored in a cloud platform, while minimal storage is used locally. The developed system combines the functional requirements for an embedded external battery monitoring system: local voltage and current measurement, approximate estimation of the State of Charge (SoC) using a look-up table (LUT) based on the discharge characteristic, and visualization on a monochrome OLED display. The conducted experiments demonstrate the typical U(t) curve and the triggering of the indicator at low charge levels (LOW - SoC <= 20% and CRITICAL - SoC <= 5%) in real-world conditions and the absence of unwanted switching of the state near the voltage thresholds.","0","225"
"R336","WoS","Agentic SABRE: An uncertainty-aware neuro-symbolic multi-agent framework for adaptive ransomware detection","Kabuye, H; Issac, B; Jeyamohan, N","2027","EXPERT SYSTEMS WITH APPLICATIONS","10.1016/j.eswa.2026.133558","WOS:001824732300001","Article","English","hybrid","Ransomware detection; Explainable artificial intelligence; Uncertainty estimation; Multi-agent systems; Semantic embeddings; Data augmentation","","Ransomware has evolved into a complex, adaptive, and fast-moving adversary category in which static signatures and monolithic classifiers fail to generalise under concept drift, evasion, and behavioural polymorphism. In this paper we present Agentic SABRE (Semantic-Behavioural Arbitration for Ransomware Evaluation): an uncertainty-aware, neuro-symbolic, multi-agent framework for adaptive ransomware detection. SABRE fuses semantic (representation-based) and behavioural (time-window forensic telemetry) evidence, and employs Monte Carlo Dropout inference to quantify epistemic uncertainty for each agent. We introduce a decision-layer orchestrator that performs risk-and uncertainty-aware triage via two interpretable thresholds: a risk score tau and an uncertainty budget kappa. High-confidence, high-risk samples are automatically contained, while uncertain or borderline cases are escalated to human analysts, establishing a flexible computational contract between autonomous response and analyst oversight. To support auditability and trust, SABRE integrates post-hoc explainability mechanisms including gradient saliency, permutation importance, and counterfactual analysis, enabling both local and global interpretation of agent decisions. Extensive evaluation on RDset and RanSMAP demonstrates that Agentic SABRE preserves perfect discrimination on saturated semantic datasets (AUC = 1.0) while improving robustness under weak behavioural signals, achieving up to a 4.9% relative reduction in false escalations at equal recall and maintaining calibrated predictive uncertainty. Counterfactual analysis further shows that semantic and behavioural decisions can be flipped with bounded perturbation cost, indicating stable and interpretable decision boundaries. Overall, Agentic SABRE is not merely a higher-accuracy detector but an agentic cyber-defence system that combines uncertainty-aware automation, explainable reasoning, and adaptive triage under evolving ransomware threats.","0","226"
"R337","WoS","Track reconstruction as a service for collider physics","Zhao, HR; Chou, YT; Yao, Y; Ju, XY; Feng, YB; McCormack, WP; Cochran-Branson, M; Schulte, JF; Liu, MY; Duarte, J; Harris, P; Hsu, SC; Pedro, K; Tran, N","2025","JOURNAL OF INSTRUMENTATION","10.1088/1748-0221/20/06/P06002","WOS:001506962600002","Article","English","Green Submitted, hybrid","Computing (architecture, farms, GRID for recording, storage, archiving, and distribution of data); Data processing methods; Online farms and online filtering; Software architectures (event data models, frameworks and databases)","","Optimizing charged-particle track reconstruction algorithms is crucial for efficient event reconstruction in Large Hadron Collider (LHC) experiments due to their significant computational demands. Existing track reconstruction algorithms have been adapted to run on massively parallel coprocessors, such as graphics processing units (GPUs), to reduce processing time. Nevertheless, challenges remain in fully harnessing the computational capacity of coprocessors in a scalable and non-disruptive manner. This paper proposes an inference-as-a-ser vice approach for particle tracking in high energy physics experiments. To evaluate the efficacy of this approach, two distinct tracking algorithms are tested: Patatrack, a rule-based algorithm, and Exa.TrkX, a machine learning-based algorithm. The as-a-service implementations show enhanced GPU utilization and can process requests from multiple CPU cores concurrently without increasing per-request latency. The impact of data transfer is minimal and insignificant compared to running on local coprocessors. This approach greatly improves the computational efficiency of charged particle tracking, providing a solution to the computing challenges anticipated in the High-Luminosity LHC era.","0","227"
"R338","WoS","Design of an Electronic Nose System with Automatic End-Tidal Breath Gas Collection for Enhanced Breath Detection Performance","Xu, DF; Liu, P; Meng, XM; Chen, YZ; Du, L; Zhang, Y; Qiao, LX; Zhang, W; Kuang, JL; Liu, JJ","2025","MICROMACHINES","10.3390/mi16040463","WOS:001475538900001","Article","English","Green Submitted, gold","electronic nose; end-tidal breath gases; exhaled breath analysis","CHRONIC KIDNEY-DISEASE; SELF-ASSESSMENT; HEALTH-STATUS; ALVEOLAR AIR; DEAD SPACE; MARKERS; CLASSIFICATION; CHROMATOGRAPHY; BIOMARKERS","End-tidal breath gases originate deep within the lungs, and their composition is an especially accurate reflection of the body's metabolism and health status. Therefore, accurate collection of end-tidal breath gases is crucial to enhance electronic noses' performance in breath detection. Regarding this issue, this study proposes a novel electronic nose system and employs a threshold control method based on exhaled gas flow characteristics to design a gas collection module. The module monitors real-time gas flow with a flow meter and integrates solenoid valves to regulate the gas path, enabling automatic collection of end-tidal breath gas. In this way, the design reduces dead space gas contamination and the impact of individual breathing pattern differences. The sensor array is designed to detect the collected gas, and the response chamber is optimized to improve the detection stability. At the same time, the control module realizes automation of the experiment process, including control of the gas path state, signal transmission, and data storage. Finally, the system is used for breath detection. We employ classical machine learning algorithms to classify breath samples from different health conditions with a classification accuracy of more than 90%, which is better than the accuracy achieved in other studies of this type. This is due to the improved quality of the gas we extracted, demonstrating the superiority of our proposed electronic nose system.","0","228"
"R339","WoS","Lightweight Blockchain-Edge Security Framework for IoT Smart Spaces: Architecture, Threat Mitigation, and Real-World Validation","Parmar, M; Khatusuriya, H; Chauhan, D; Rahevar, M; Patel, B; Imoize, AL; Li, CT; Mewada, H","2026","CMES-COMPUTER MODELING IN ENGINEERING & SCIENCES","10.32604/cmes.2026.087402","WOS:001869576800001","Article; Early Access","English","gold","Blockchain; IoT; edge computing security; hyperledger fabric; lightweight cryptography; smart contract; DID authentication","CHALLENGES; MANAGEMENT; INTERNET; PRIVACY","The rapid growth of Internet of Things (IoT) devices in smart urban areas-health monitoring, urban infrastructure, environmental sensing, and energy management-creates attack surfaces that centralized security architectures cannot adequately safeguard. Traditional approaches impose inadequate latency, introduce a single point of failure, and scale poorly to the distributed, resource-constrained nature of IoT ecosystems. This work proposes a formally modeled, hardware-validated four-tier blockchain-edge security framework that integrates a permissioned Hyperledger Fabric network (Raft ordering), tiered AES-128/256 cryptography, and IoT-specific smart contracts implementing Decentralized Identifier (DID) and OAuth2-based access control. Experimental evaluation on Raspberry Pi 4 and NVIDIA Jetson Orin edge hardware, with baselines re-implemented on the identical testbed where feasible, confirms: 500 +/- 23 transactions per second (TPS) throughput-150% above AEchain's reported figure and 594% above private Ethereum PoA-with 110 +/- 18 ms end-to-end latency (P99 = 167 ms, satisfying the 200 ms industrial real-time threshold), 86.6% latency reduction vs. cloud-only baselines, 15%-20% cryptographic overhead reduction via tiered AES strategy, and 98.6% on-chain storage reduction through hash-only ledger commits. A formal Dolev-Yao adversary model with a 15-vector CIA threat taxonomy and complete design-to-evidence traceability distinguishes this work from prior simulation-based approaches.","0","229"
"R340","WoS","Bridging accuracy and interpretability in solar forecasting: A regional ensemble learning approach","Aldossary, SM; Alameen, A","2026","ENERGY REPORTS","10.1016/j.egyr.2026.109136","WOS:001697473900001","Article","English","gold","Solar irradiance forecasting; Explainable artificial intelligence; Arid climates; Ensemble learning","","Accurate solar irradiance forecasting is critical for optimizing photovoltaic systems, enhancing grid stability, and supporting energy storage management, particularly in regions with high climatic variability like Saudi Arabia. However, existing models often lack either the precision to handle dynamic atmospheric conditions or the interpretability needed for operational trust. This study addresses these challenges by developing a modular solar forecasting dashboard that balances accuracy and transparency for five climatically diverse Saudi cities: Riyadh, Jeddah, Abha, Dammam, and Qassim. The proposed framework combines Random Forest regression with physics-informed feature engineering (e.g., hour-cloud interactions) and Shapley Additive Explanations to ensure interpretable predictions. Empirical results demonstrated robust performance, with determination coefficients exceeding 0.90 across all regions and root mean squared errors as low as 92.4 watts per square meter in Dammam. A residual-based alert system flagged significant deviations (+/- 100 watts per square meter), revealing Riyadh's high alert rate (32.2%) due to dust-induced variability. Feature analysis confirmed the dominance of temporal-cloud interactions, accounting for 38%-42% of prediction variance. The study provides a scalable, interpretable solution for solar forecasting, aligning with Saudi Vision 2030's renewable energy goals. Future work will integrate real-time satellite data and adaptive alert thresholds to further enhance operational utility.","0","230"
"R341","WoS","PhysGTT: A Physics-Guided Self-Supervised Graph Temporal Transformer for Forecasting Electricity Inconsistencies in Mini-Grids","Ioannou, II; Javaid, S; Bezha, M; Tan, YS; Nagaoka, N; Vassiliou, V","2026","ENERGIES","10.3390/en19102262","WOS:001774411000001","Article","English","Green Submitted, gold","mini-grid monitoring; electricity inconsistency forecasting; graph neural networks; temporal Transformers; physics-informed learning; self-supervised pretraining","INFORMED NEURAL-NETWORKS; FRAMEWORK; SYSTEMS","Electricity inconsistencies in mini-grids, stemming from meter drift, telemetry faults, topology misconfiguration, non-technical losses, phase imbalance or data manipulation, often emerge as weak, spatially distributed deviations that are difficult to anticipate, yet timely warning is important for future monitoring frameworks in rural electrification and island mini-grids. Existing approaches either apply post hoc threshold-based alarms to individual channels or employ deep learning models that treat metering points independently, ignoring the spatial coupling imposed by the electrical topology and lacking mechanisms to enforce physical feasibility under scarce labeled data. This paper introduces PhysGTT, a Physics-Guided Self-Supervised Graph Temporal Transformer that models the mini-grid as a topology-aware graph and combines a residual Graph Convolutional Network encoder with a temporal Transformer. PhysGTT employs self-supervised pretraining via masked multi-sensor reconstruction and contrastive regime alignment to exploit unlabeled operational data and incorporates gradient-coupled physics regularization through power-balance, voltage-bound and ramp-rate penalties applied to a learned reconstruction head, while producing constraint-level attributions that identify the dominant physical violation pattern for each forecast. PhysGTT is evaluated on a proxy benchmark derived from the UCI Individual Household Electric Power Consumption dataset and on the IEEE 13-node test feeder simulated in OpenDSS and it is compared under identical experimental protocols with eight baselines spanning recurrent, graph-temporal and unsupervised architectures. On the proxy benchmark, PhysGTT achieves an AUC-ROC of 0.8959, an F1-score of 0.8307 and a False Alarm Rate of 0.41%, improving the F1-score by 2.2% relative to the strongest recurrent baseline (GRU) and by up to 15.2% relative to the LSTM baseline, while reducing the False Alarm Rate by approximately 52% relative to the LSTM baseline. On the IEEE 13-node feeder, PhysGTT attains an AUC-ROC of 0.9016 and an F1-score of 0.8361. These results indicate that integrating topology-aware encoding, self-supervised pretraining and physics-guided learning provides a promising and interpretable framework for proactive inconsistency forecasting under synthetic and feeder-simulation benchmarks, although field validation on naturally occurring faults remains necessary.","0","231"
"R342","WoS","GeoForensic-AI: A Lightweight and Explainable Forensic AI Framework for Modern Digital Ecosystems","Manivannan, A; Amalanathan, A","2026","IEEE ACCESS","10.1109/ACCESS.2026.3686828","WOS:001819879600031","Article","English","gold","Telemetry; Aerospace and electronic systems; Filtering; Filters; Recommender systems; Central Processing Unit; Information filtering; Circuits and systems; IP networks; Communication systems; Digital forensics; explainable AI; federated learning; causal inference; network security; cybersecurity; attack chain reconstruction; intrusion detection; privacy preservation; SHAP; log integrity; anomaly detection; temporal graph neural networks","DECISION-MAKING; INTERNET; DATASET; IOT","Modern digital ecosystems are becoming increasingly complex and heterogeneous, necessitating sophisticated forensic frameworks to contend with effective post-incident analytical tasks. This paper presents a new lightweight and explainable framework that combines state-of-the-art Explainable AI (XAI) methods, federated learning, causal inference, and privacy-preserving techniques to improve forensic analysis and computational efficiency with a lightweight, modular, and deployment-ready design. In the present framework, geo-location tagged event traces are utilised to improve detection accuracy, and attack chains are reconstructed by utilising causal graphs. The framework is designed to be scalable and adaptable and is built for hybrid and standalone deployment modes to integrate seamlessly with current Intrusion Detection System (IDS) and Intrusion Prevention System (IPS) infrastructure.The framework achieves a weighted-average detection accuracy of 98.1% (F1: 95.9%) across five benchmark datasets (UNSW-NB15, CICIDS2017, NSL-KDD, TON-IoT, and Bot-IoT), outperforming existing systems including XAI (90%), Log-driven anomalies (87%), and DFIRChain (83%). The framework achieves a per-event detection latency of 2.3-2.8 seconds with an explainability score of 0.91-0.96 and a memory footprint of only 62 MB, compared to 89-210 MB for competing frameworks. The framework integrates federated learning (FedAvg, DP-FedProx) with differential privacy ( epsilon=1.0,delta=10(-5) ) for privacy-preserving collaborative analysis across institutions. The ablation study confirms that all four principal components such as causal graphs, SHAP-based explainability, federated learning, and snapshot integrity contribute materially to overall system performance.","0","232"
"R343","WoS","Automatic segmentation of extensor carpi ulnaris tendon and detection of tendinosis with convolutional neural networks","Hämäläinen, M; Sormaala, M; Kaseva, T; Salli, E; Savolainen, S; Kangasniemi, M","2024","ACTA RADIOLOGICA OPEN","10.1177/20584601241297530","WOS:001367887200001","Article","English","Green Submitted, gold","segmentation; MR-imaging; tendons; computer applications-detection; diagnosis; wrist","MAGNETIC-RESONANCE","Background: Extensor Carpi Ulnaris (ECU) tendinosis, a frequent cause of chronic wrist pain, requires prompt diagnosis to prevent disability. This study demonstrates the use of convolutional neural networks (CNNs) for automated detection and segmentation of the ECU tendon and tendinosis in 2D axial wrist MRI. Purpose: To develop a CNN for the automated detection of ECU tendon and automatic delineation of tendinosis in 2D wrist MRI. The study serves as a proof-of-concept, demonstrating the feasibility of automating the segmentation of musculoskeletal structures in wrist MRI and offering an efficient solution for detecting tendinosis. Material and Methods: In a retrospective analysis of 1081 patients undergoing wrist MRI imaging, 46 patients exhibited tendinosis. Two deep learning-based methods for segmenting the ECU tendon and T2 hyperintense lesions indicative of tendinosis from 2D axial wrist MRI series were developed and compared in this study. Both methods were trained and evaluated over all 46 patients using Dice score as the main evaluation metric. Results: The mean ECU tendon segmentation Dice score ranged from 0.61 to 0.64 (+/- 0.27 to 0.31). Tendinosis detection yielded a Dice score of 0.38 for both the threshold method (+/- 0.19) and the CNN (+/- 0.22). A Dice score > 0.50 indicated successful detection, with our methods achieving a detection rate of 72-76%. Conclusion: The developed CNN effectively detected and segmented the ECU tendon in 2D MRI series. Tendinosis was detected with comparable accuracy using both signal intensity thresholding and the trained CNN method.","0","233"
"R344","WoS","Continuous Smartphone Authentication via Multimodal Biometrics and Optimized Ensemble Learning","Cheng, CS; Chang, KC; Chen, HC; Chou, CL","2026","MATHEMATICS","10.3390/math14020311","WOS:001670974900001","Article","English","Green Submitted, gold","zero trust; continuous authentication; multimodal biometrics; ensemble learning; smartphone","TOUCHSCREEN INPUT","The ubiquity of smartphones has transformed them into primary repositories of sensitive data; however, traditional one-time authentication mechanisms create a critical trust gap by failing to verify identity post-unlock. Our aim is to mitigate these vulnerabilities and align with the Zero Trust Architecture (ZTA) framework and philosophy of never trust, always verify, as formally defined by the National Institute of Standards and Technology (NIST) in Special Publication 800-207. This study introduces a robust continuous authentication (CA) framework leveraging multimodal behavioral biometrics. A dedicated application was developed to synchronously capture touch, sliding, and inertial sensor telemetry. For feature modeling, a heterogeneous deep learning pipeline was employed to capture modality-specific characteristics, utilizing Convolutional Neural Networks (CNNs) for sensor data, Long Short-Term Memory (LSTM) networks for curvilinear sliding, and Gated Recurrent Units (GRUs) for discrete touch. To resolve performance degradation caused by class imbalance in Zero Trust environments, a Grid Search Optimization (GSO) strategy was applied to optimize a weighted voting ensemble, identifying the global optimum for decision thresholds and modality weights. Empirical validation on a dataset of 35,519 samples from 15 subjects demonstrates that the optimized ensemble achieves a peak accuracy of 99.23%. Sensor kinematics emerged as the primary biometric signature, followed by touch and sliding features. This framework enables high-precision, non-intrusive continuous verification, bridging the critical security gap in contemporary mobile architectures.","0","234"
"R345","WoS","Decomposing the genetic risk of autism spectrum disorder into discrete molecular subtypes underlie clinical heterogeneity based on transcriptome profile","Luo, LX; Gao, XP; Pang, T; Pang, KF; Wang, TY; Guo, H; Yang, L; Chang, SH","2026","JOURNAL OF TRANSLATIONAL MEDICINE","10.1186/s12967-026-08364-y","WOS:001842864300001","Article","English","Green Submitted, gold","ASD; Decomposition; Molecular subtypes; Precision stratification","COEXPRESSION NETWORKS; CANDIDATE GENES; HUMAN BRAIN; PATHWAYS; REVEALS; EXPRESSION; PREDICTION; IMPUTATION; IMPACTS; COMMON","Background Autism spectrum disorder (ASD) is a highly heterogeneous neurodevelopmental condition with a complex genetic architecture. While over a thousand risk genes have been cataloged, a fundamental challenge remains how this vast genetic landscape translates into diverse clinical manifestations. To address this, we propose a many-to-few framework, shifting from traditional many-to-one convergence model toward an intrinsic organizational architecture where disparate ASD risk genes funnel into discrete molecular dimensions.Methods By leveraging similarity network fusion (SNF) to integrate bulk and single-nucleus RNA sequencing data, we decomposed the 311 ASD reliable risk genes into three stable, spatiotemporally distinct molecular subtypes. These subtypes represent coordinated expression programs that integrate functionally diverse genes, such as those involved in synaptic signaling, mRNA stabilization, and histone modification. Mapping de novo variants from the SPARK cohort onto these subtypes enabled stratification of probands into three genetically defined subgroups (S1-S3) with divergent clinical profiles.Results Transcriptomic decomposition partitioned the 311 reliable risk genes into three stable molecular subtypes, Synaptic Signaling (C1), mRNA Stabilization (C2), and Histone Modification (C3), exhibiting divergent spatiotemporal trajectories and cell-type-specific enrichment. Patient subgroups stratified based on these molecular subtypes displayed significant differences in adaptive functioning, core symptoms, and psychiatric comorbidities, while a reference group (S4) lacking de novo variants of these highly reliable ASD risk genes exhibited the most preserved functions. Furthermore, diverging rare and common genetic liability profiles across subgroups, particularly between S1 and S3, provide empirical support for a molecular subtype-based liability threshold model.Conclusions Our study establishes a biologically informed framework that links intrinsic molecular subtypes to multidimensional phenotypic constellation, advancing mechanistic insight and offering translational potential for precision stratification and intervention.","0","235"
"R346","WoS","Encrypted Search Method for Cloud Computing Data Under Attack Based on TF-IDF and Apriori Algorithm","Mao, DM; Wang, MZ","2025","APPLIED ARTIFICIAL INTELLIGENCE","10.1080/08839514.2024.2449303","WOS:001406120800001","Article","English","Green Submitted, gold","","STORAGE","This paper designs the MKSE and SEMSS methods. Among them, MKSE uses an improved TF-IDF weight calculation method to extract keywords and applies virtual keywords to construct inverted indexes, making it difficult for malicious attackers to infer the index content easily. SEMSS uses the Apriori algorithm to mine the co-occurrence relationship between words and find the keyword set that meets the minimum support threshold to improve the recall rate of search results. Finally, the security of the scheme is verified from the aspects of semantic security, effici this paper designsency, data integrity, etc. The results showed that the data encryption time of MKSE and TRSE methods increased gradually with the increase in document collection storage. The index build time was increased as the document set grew. The accuracy of the improved TF-IDF method was 63.8%. The running time of Apriori decreased with the increase of minimum support. When the minimum support was 12.0%, the Apriori algorithm ran for 211 seconds. The MKSE method was more efficient than the TRSE method in searching documents by query keywords. When the document set size was 3000, the SEMSS method had a full search rate of 81.09%. This research realizes the semantic security of outsourced data, which can efficiently and comprehensively carry out cryptographic retrieval based on keyword sorting.","0","236"
"R347","WoS","ANAID: Autonomous Naturalistic Obstacle-Avoidance Interaction Dataset","Garcia-Fernandez, M; Molera, MJ; Gallardo, AC; Aliane, N; Andres, JF","2026","DATA","10.3390/data11040077","WOS:001751742800001","Article","English","Green Submitted, gold","autonomous driving; naturalistic driving; obstacle avoidance","","This paper presents ANAID (Autonomous Naturalistic obstacle-Avoidance Interaction Dataset), a new multimodal dataset designed to support research on autonomous driving, particularly with regard to obstacle avoidance and naturalistic driver-vehicle interaction. Data were collected using a Hyundai Tucson Hybrid equipped with a Comma-3X autonomous-driving development kit, combining high-resolution front-facing video with detailed CAN-bus telemetry. The dataset comprises four data collection campaigns, each corresponding to a single continuous driving session, yielding a total of 208 videos and 240,014 synchronized frames. In addition to the video data, the dataset provides vehicle state measurements (speed, acceleration, steering, pedal positions, turn signals, etc.) and an additional annotation layer identifying evasive maneuvers derived from steering-related signals. Data were recorded across four driving campaigns on an urban circuit at Universidad Europea de Madrid, capturing diverse real-world scenarios such as roundabouts, intersections, pedestrian areas, and segments requiring obstacle avoidance. A multi-stage processing pipeline aligns telemetry and visual data, extracts frames at 20 FPS, and detects evasive maneuvers using threshold-based time-series analysis. ANAID provides a fully aligned and non-destructive representation of naturalistic driving behavior, enabling research on control prediction, driver modeling, anomaly detection, and human-autonomy interaction in realistic traffic conditions.","0","237"
"R348","WoS","EdenDID: an edge computing and blockchain-based decentralized identity system for Web3 applications and DePIN","Liu, HB; Cao, JN; Cao, YF; Bai, DB; Liang, JW; Li, RD","2025","CLUSTER COMPUTING-THE JOURNAL OF NETWORKS SOFTWARE TOOLS AND APPLICATIONS","10.1007/s10586-025-05746-7","WOS:001597096900043","Article","English","Green Published, Green Submitted, hybrid","Web3; Decentralized Identity; Edge Computing; Blockchain; DePIN","SIGNATURES; MANAGEMENT; SYBIL","Blockchain wallet manages decentralized identities in Web3, which allows users to identify themselves in a verifiable yet anonymous manner by digital signatures. However, native wallet scheme has been proven vulnerable to Sybil attacks in practice, where adversaries can easily create large numbers of controlled wallets at a low cost to undermine Web3 applications. To this end, many solutions are proposed for mitigating Sybil attacks. Nevertheless, they typically rely on either costly specialized biometric hardware or behavior-based heuristics that can be easily bypassed. In this paper, we introduce EdenDID, the first trinity-bound identity management system that uniquely binds human user, wallet address, and physical device into a unified framework. EdenDID combines edge-based video recognition, on-chain transactional activity analysis, and device computational power verification to establish a decentralized Proof-of-Trustworthiness consensus. The system provides compliant users with a trusted, verifiable credential to prove their unique identity. We prototype low-cost Eden Devices and deploy them on a Layer-2 blockchain network. Our experiments demonstrate the low end-to-end latency and robust resistance performance to Sybil attacks. Moreover, we present a case study to show how EdenDID can mitigate virtual-hardware fraud in DePIN, in which EdenDID successfully binds the user, wallet, and device uniquely, thus preventing users from binding multiple wallets or devices.","0","238"
"R349","WoS","Agentic AI-enhanced digital twins for Smart City civil infrastructure: A secure, autonomous and auditable management framework","Syed, TA; Akarma, A; Alatify, A; Naqash, MT; Alqurashi, A","2026","PLOS ONE","10.1371/journal.pone.0353610","WOS:001824849100026","Article","English","Green Submitted, gold","","CITIES; TECHNOLOGY; CHALLENGES","Smart city implementation increasingly relies on sensing and analytics; however, a persistent operational gap remains between anomaly detection and safe, timely, and accountable intervention in civil infrastructure systems. This paper proposes an Agentic AI-supported Digital Twin framework for smart city civil infrastructure management, where monitoring and action are linked and auditability is maintained. The Digital Twin continuously updates asset and network models of bridges, roads, and water infrastructure using multi-stream telemetry, incorporating state estimation, predictive maintenance, and what-if simulation services. At the orchestration layer, an agent-based Perception-Conceptualization-Action workflow implemented with LangChain and LangGraph enables cross-domain reasoning and coordinated mitigation planning through controlled API calls to municipal data. A permissioned blockchain cryptographically binds observations, approvals, and executed interventions, ensuring provenance, governance, and tamper evidence. To evaluate the framework, 18,000 incident simulations were conducted across five architectural configurations and three scenario complexity levels over 30 independent runs. This simulation study characterises framework behaviour under controlled stochastic conditions and does not constitute real-world operational validation. Ablation analysis isolates each component's contribution, demonstrating that latency and mitigation gains are primarily attributable to multi-agent orchestration, while the blockchain layer drives decision auditability. Across all configurations, the fully agentic system substantially outperforms the rule-based baseline: mean detection latency of 3,197 s vs. 39,374 s, mitigation success rate of 66.2% vs. 45.5%, blockchain-anchored decision justification of 71.8% vs. 0%, and operator workload reduction of 91.7% vs. 0%. These results demonstrate that combining simulation-enabled digital twins with governance-aware agentic orchestration measurably improves response efficiency, recommendation quality, and action accountability within the bounds of a synthetic evaluation environment.","0","239"
"R350","WoS","Incorporation of adaptive compression into a GPU parallel computing framework for analyzing large-scale vessel trajectories","Li, Y; Li, HH; Zhang, C; Zhao, YF; Yang, ZL","2024","TRANSPORTATION RESEARCH PART C-EMERGING TECHNOLOGIES","10.1016/j.trc.2024.104648","WOS:001240424900001","Article","English","hybrid","Trajectory compression; Parallel computing; Graphics processing unit (GPU); Unmanned ships; Maritime safety","ALGORITHM","Automatic Identification System (AIS) offers a wealth of vessel navigation data, which underpins research in maritime data mining, situational awareness, and knowledge discovery within the realm of intelligent transportation systems. The flourishing marine industry has prompted AIS satellites and base stations to generate massive amounts of vessel trajectory data, escalating both data storage and calculation costs. The conventional Douglas-Peucker (DP) algorithm used for trajectory compression sets a uniform threshold, which hampers effective compression. Additionally, compressing and accelerating the computation of large datasets poses a significant challenge in real-world applications. To address these limitations, this paper aims to develop a new Graphics Processing Unit (GPU) parallel computing and compression framework that enables the acceleration of the optimal threshold calculation for each trajectory automatically in maritime big data mining. It achieves this by incorporating a new Adaptive DP with Speed and Course (ADPSC) algorithm, which utilizes the dynamic navigation characteristics of different vessels. It can effectively solve the associated computational time cost concern when using the ADPSC algorithm to compress vast trajectory datasets in the real world. Additionally, this paper proposes a novel evaluation metric for assessing compression efficacy based on the Dynamic Time Warping (DTW) method. Comprehensive experiments encompass vessel trajectory datasets from three representative research areas: Tianjin Port, Chengshan Jiao Promontory, and Caofeidian Port. The experimental results demonstrate that 1) the newly developed ADPSC method outperforms in terms of compression, and 2) the designed GPU parallel computing framework can significantly shorten the compression time for extensive datasets. The GPU-accelerated compression methodology not only minimizes storage and transmission costs for data from both manned and unmanned vessels but also enhances data processing speed, supporting real-time decision-making. From a theoretical perspective, it provides the key to the puzzle of realizing the real-time anticollision of manned and unmanned ships, particularly in complex waters. It hence makes significant contributions to maritime safety in the autonomous shipping era.","0","240"
"R351","WoS","Advanced behavioral malware detection: a comprehensive MLOps framework with federated learning and real-time drift detection","El-Hajj, M; Zeineddine, MA","2026","FRONTIERS IN ARTIFICIAL INTELLIGENCE","10.3389/frai.2026.1811692","WOS:001775196100001","Article","English","Green Submitted, gold","behavioral malware detection; concept drift adaptation; federated learning; LightGBM optimization; LOEO cross-validation; real-time threat detection","CHALLENGES","This paper presents a comprehensive MLOps framework for behavioral malware detection that addresses critical challenges in generalization, collaboration, and operational resilience. We introduce three methodological contributions: (1) a formalized Leave-One-Experiment-Out (LOEO) validation protocol that provides conservative assessment of generalization to novel attack methodologies, revealing a 12.3% accuracy drop compared to conventional evaluation; (2) a domain-optimized feature engineering pipeline that transforms raw process telemetry into hierarchical behavioral signatures while maintaining 99.2% accuracy with 50% reduced inference latency; and (3) a hybrid federated learning architecture enabling privacy-preserving collaboration with 75.1% accuracy while maintaining (epsilon, delta)-differential privacy guarantees (epsilon = 3.2, delta = 10(-5)). A real-time drift detection engine with sub-500 ms latency identifies concept drift using ensemble detection and triggers automated retraining with total recovery time < 5 min (mean 4.2 min). Comprehensive evaluation across 2.74 million behavioral samples from 104 distinct malware experiments validates our approach using up to 104 federated clients, achieving 10,000+ events/s throughput in simulated environments. Architectural projections based on hierarchical aggregation suggest potential scalability to 5,000+ clients, though this remains unvalidated future work. This work bridges the gap between academic research and operational cybersecurity requirements through a production-oriented MLOps implementation.","0","241"
"R352","WoS","Beyond approach distance: A drone-hydrophone integrated framework for quantifying vessel noise masking risk to free ranging wild dolphins","Kim, C; Ko, G; Paeng, DG","2026","ECOLOGICAL INFORMATICS","10.1016/j.ecoinf.2026.103958","WOS:001845100000001","Article","English","gold","Indo-Pacific bottlenose dolphin; Vessel noise level; Noise exposure estimation; Multi-sensor data fusion","BOTTLE-NOSED DOLPHINS; WHALE-WATCHING BOATS; TURSIOPS-TRUNCATUS; NONLETHAL DISTURBANCE; MARINE MAMMALS; SARASOTA BAY; ORCINUS-ORCA; BEHAVIOR; COMMUNICATION; IMPACT","Quantifying received noise levels at georeferenced positions of free-ranging marine mammals requires the fusion of heterogeneous, high-resolution data streams from multiple sensor modalities - a challenge that has not been addressed. This study presents an ecological informatics framework that integrates drone-based aerial video, YOLO-based vessel detection, a custom geoconversion algorithm (GeoConvertor) for pixel-to-geographic coordinate transformation using flight telemetry, and concurrent passive acoustic monitoring to estimate vesselspecific acoustic source levels and spatially explicit noise exposure at georeferenced animal positions. The framework was deployed in a coastal dolphin-watching setting off Jeju Island, South Korea, processing 187 vessel passage tracks across four vessel categories and 471 annotated Indo-Pacific bottlenose dolphin (Tursiops aduncus) surfacing events over 11 observation days. The GeoConvertor achieved sub-metric frame-to-frame positional stability (mean error: 0.15 +/- 0.08 m), with velocity estimation RMSE of 1.27-3.11 km/h (0.68-1.68 kt) for landbased targets across speeds of 15-35 km/h and 0.23-0.79 kt for maritime targets across speeds of 3-18 kt at 100 m operational altitude. Linear regression of drone-derived vessel speed against hydrophone-measured source levels revealed strongly vessel-category-dependent relationships, with slope coefficients ranging from 0.17 to 1.77 dB/kt across frequency bands overlapping the dolphin whistle range (5.3-12.5 kHz). Dolphin-centric spatial analysis and threshold exceedance mapping showed that small-sized boats exhibited the highest proportion of encounters exceeding the conservative 3 dB masking criterion (93%). In comparison, large-sized boats showed the high exceedance of the 6 dB threshold (25%) despite maintaining greater standoff distances, with vessel type - rather than proximity - emerging as the dominant predictor of noise exposure. The framework demonstrates how multi-sensor data fusion and deep learning-based object detection can generate ecologically actionable, spatially explicit noise exposure estimates at georeferenced animal surfacing positions that are inaccessible to any single monitoring modality and are potentially transferable to other cetacean tourism settings and vessels noise monitoring contexts.","0","242"
"R353","WoS","Fog-Sec: Secure end-to-end communication in fog-enabled IoT network using permissioned blockchain system","Babu, ES; Rao, MS; Swain, G; Nikhath, AK; Kaluri, R","2023","INTERNATIONAL JOURNAL OF NETWORK MANAGEMENT","10.1002/nem.2248","WOS:001060318900001","Article","English","Bronze","attacks; blockchain; fog network; IoT; security","AUTHENTICATION SCHEME; INTERNET; EDGE","The technological integration of the Internet of Things (IoT)-Cloud paradigm has enabled intelligent linkages of things, data, processes, and people for efficient decision making without human intervention. However, it poses various challenges for IoT networks that cannot handle large amounts of operation technology (OT) data due to physical storage shortages, excessive latency, higher transfer costs, a lack of context awareness, impractical resiliency, and so on. As a result, the fog network emerged as a new computing model for providing computing capacity closer to IoT edge devices. The IoT-Fog-Cloud network, on the other hand, is more vulnerable to multiple security flaws, such as missing key management problems, inappropriate access control, inadequate software update mechanism, insecure configuration files and default passwords, missing communication security, and secure key exchange algorithms over unsecured channels. Therefore, these networks cannot make good security decisions, which are significantly easier to hack than to defend the fog-enabled IoT environment. This paper proposes the cooperative flow for securing edge devices in fog-enabled IoT networks using a permissioned blockchain system (pBCS). The proposed fog-enabled IoT network provides efficient security solutions for key management issues, communication security, and secure key exchange mechanism using a blockchain system. To secure the fog-based IoT network, we proposed a mechanism for identification and authentication among fog, gateway, and edge nodes that should register with the blockchain network. The fog nodes maintain the blockchain system and hold a shared smart contract for validating edge devices. The participating fog nodes serve as validators and maintain a distributed ledger/blockchain to authenticate and validate the request of the edge nodes. The network services can only be accessed by nodes that have been authenticated against the blockchain system. We implemented the proposed pBCS network using the private Ethereum 2.0 that enables secure device-to-device communication and demonstrated performance metrics such as throughput, transaction delay, block creation response time, communication, and computation overhead using state-of-the-art techniques. Finally, we conducted a security analysis of the communication network to protect the IoT edge devices from unauthorized malicious nodes without data loss. This paper explores a secure, efficient solution using a blockchain-based fog network for secure communication among IoT-enabled edge devices. The proposed work provides an improved secure IoT architecture that provides secure device-to-device communication using fog nodes and gateway in a fog-based blockchain network in an adversarial environment. Finally, we performed experimental setups and security analysis of the proposed communication network to protect the IoT edges devices and compared it with the state-of-art work.image","0","243"
"R354","WoS","Neighbor-Relationship-Based Adaptive Density Peak Clustering","Su, ZG; Gao, Q; Hao, JT; Wang, Y; Han, B","2024","IEEE ACCESS","10.1109/ACCESS.2024.3518497","WOS:001381332300027","Article","English","Green Submitted, gold","Clustering algorithms; Spatial databases; Nearest neighbor methods; Prediction algorithms; Partitioning algorithms; Optimization; Machine learning algorithms; Kernel; Density measurement; Shape; Spatial clustering; density peak; uneven density; neighbor relationship; automatic clustering","K-NEAREST NEIGHBOR; FAST SEARCH; ALGORITHM; FIND","The Density Peak Clustering (DPC) algorithm encounters challenges such as difficulty in choosing cluster centers and the chain reaction caused by incorrect assignment of data points when clustering spatial datasets containing clusters with significant density differences or multi-peak clusters. To address these problems, in this paper, starting from enhancing the local density definition, optimizing the selection of cluster centers, and improving the assignment strategy of non-cluster center data points, an Adaptive DPC (NRA-DPC) algorithm is proposed based on the neighbor relationship. The NRA-DPC algorithm utilizes the reverse K-nearest neighbors of data points as the basis for defining the local density of data points and divides the spatial dataset into a core point set and a boundary point set based on the number of elements in the reverse K-nearest neighbor set of data points. The idea of iteration is adopted to select cluster centers from the core point set and assign non-cluster center data points, forming the initial clusters. For each initial cluster formed by the core point set, the corresponding minimum spanning tree (MST) is generated, and based on the average edge length of the MST, the assignment threshold of this cluster is set. The boundary point set completes the corresponding data point assignment task based on this assignment threshold and the mutual K-nearest neighbor relationship. Experimental results indicate that, compared with other typical clustering algorithms, the NRA-DPC algorithm can automatically select cluster centers, reduce the probability of incorrect assignment of non-cluster center data points, and effectively suppress the chain reaction triggered by incorrect assignment of non-cluster center data points, demonstrating more stable clustering performance when dealing with different datasets.","0","244"
"R355","WoS","Evaluation of Ultrasound-Based Parameters for the Assessment of Hepatic Steatosis and Fibrosis in Hungarian Wilson's Disease Patients","Folhoffer, A; Zsély, B; Krolopp, A; Németh, D; Tóth, T; Lorinczi, C; Hagymási, K; Egresi, A; Bánhidi, C; Halász, J; Csongrády, B; Budai, BK; Stollmayer, R; Jakab, Z; Laki, A; Gyori, G; Rónaszéki, AD; Maurovich-Horvát, P; Szalay, F; Kaposi, PN; Takács, I","2026","DIAGNOSTICS","10.3390/diagnostics16101433","WOS:001777286300001","Article","English","Green Submitted, gold","Wilson's disease; steatofibrosis; non-invasive diagnosis; elastography; surveillance","TRANSIENT ELASTOGRAPHY; LIVER; CONSENSUS","Background: Wilson's disease (WD) is a genetic disorder of copper metabolism with over 600 disease-causing mutations, leading to variable hepatic and neurological symptoms. Early diagnosis and treatment are crucial. To evaluate hepatic involvement, serum scores and non-invasive imaging techniques complement histology. Methods: This pilot study assessed the utility of ultrasound-based tissue attenuation imaging (TAI), tissue scatter distribution imaging (TSI), and shear-wave elastography (SWE) for quantifying steatosis and fibrosis in WD. Results: Among 131 treated patients, 53 (mean age 40.5 +/- 13.1 years, M/F = 35/18) underwent measurements. Based on literature-validated thresholds, 41 patients did not have significant liver fibrosis, 5 patients had moderate (F2) and 4 advanced (F3) fibrosis, while 3 patients had cirrhosis. The LS (liver stiffness) was in moderate correlation with FIB-4 (r = 0.306, p < 0.03), NAFLD fibrosis index (r = 0.336, p < 0.02), and APRI (r = 0.31, p = 0.0857). Among the WD patients, 37 had no steatosis (S0), 14 had mild steatosis (S1), and 2 had intermediate steatosis (S2); none of them had severe steatosis (S3) based on UEFF calculation. LS correlated positively with calculated free copper and negatively with serum ceruloplasmin. Normal-BMI patients exhibited no significant steatosis (R2 = 0. 0065, p = 0.966) by ultrasound-estimated fat fraction (UEFF), while those with BMI > 25 kg/m(2) had increased UEFF correlating with BMI (R2 = 0.288, p < 0.015). Over a five-year follow-up using liver elastography, the fibrosis score did not progress significantly in adequately treated patients. Conclusions: Ultrasound with artificial intelligence-derived parameters supports the non-invasive evaluation of hepatic steatosis and fibrosis in WD, complementing clinical and laboratory data. However, population-specific liver stiffness thresholds are still needed.","0","245"
"R356","WoS","The evolution of blockchain in smart buildings with IoT integration and future prospects","Khan, S; Mazhar, T; Shahzad, T; Tariq, MU; Ali, T; Ayaz, M; Jiang, WW; Hamam, H","2026","TELEMATICS AND INFORMATICS REPORTS","10.1016/j.teler.2025.100283","WOS:001662491800001","Article","English","Green Submitted, gold","Blockchain; IoT; Smart buildings; Data privacy; Interoperability; Scalability; Real-time data processing; Energy management; Network robustness; Smart contracts","DATA-MANAGEMENT; INTERNET; TECHNOLOGIES; CHALLENGES; THINGS; SECURITY; PRIVACY; FRAMEWORK; NETWORK; CITIES","The adoption of Internet of Things (IoT) sensors in smart buildings introduces complex challenges around data privacy, integrity, interoperability, and governance. Blockchain-particularly permissioned and hybrid designs-offers immutability, fine-grained access control, and auditable workflows that can strengthen compliance and trust in building operations. This article synthesizes architectural patterns and operational trade-offs for integrating blockchain with smart-building IoT, focusing on latency-aware data placement (off-chain buffering with on-chain anchoring), identity and consent management, and verifiable telemetry for control loops. Across databases (IEEE Xplore, ScienceDirect, Springer, ACM & Wiley), 553 records were identified; Step 1 excluded 311. After duplicate removal and title/keyword screening (Step 2), 375 papers remained with 178 excluded; abstract screening (Step 3) yielded 336 papers with 39 excluded; introduction/conclusion criteria (Step 4) retained 264 with 72 excluded; full-text review (Step 5) resulted in 131 included studies. Consistently with Table 3, counts progressed from 553 (initial) to 375 (title/keyword), 336 (abstract), and 131 (final full-text). We summarize verified design choices and open issues-cross-chain interoperability, light-node feasibility, and empirical benchmarking for off-chain computing-to guide robust, efficient, and modifiable IoT infrastructures.","0","246"
"R357","WoS","Prediction of tumor-reactive T cell receptors from scRNA-seq data for personalized T cell therapy","Tan, CL; Lindner, K; Boschert, T; Meng, Z; Ehrenfried, AR; De Roia, A; Haltenhof, G; Faenza, A; Imperatore, F; Bunse, L; Lindner, JM; Harbottle, RP; Ratliff, M; Offringa, R; Poschke, I; Platten, M; Green, EW","2025","NATURE BIOTECHNOLOGY","10.1038/s41587-024-02161-y","WOS:001180475800001","Article","English","Green Submitted, hybrid","","ENHANCED ANTITUMOR-ACTIVITY; DIFFERENTIATION; LYMPHOCYTES; SIGNATURE","The identification of patient-derived, tumor-reactive T cell receptors (TCRs) as a basis for personalized transgenic T cell therapies remains a time- and cost-intensive endeavor. Current approaches to identify tumor-reactive TCRs analyze tumor mutations to predict T cell activating (neo)antigens and use these to either enrich tumor infiltrating lymphocyte (TIL) cultures or validate individual TCRs for transgenic autologous therapies. Here we combined high-throughput TCR cloning and reactivity validation to train predicTCR, a machine learning classifier that identifies individual tumor-reactive TILs in an antigen-agnostic manner based on single-TIL RNA sequencing. PredicTCR identifies tumor-reactive TCRs in TILs from diverse cancers better than previous gene set enrichment-based approaches, increasing specificity and sensitivity (geometric mean) from 0.38 to 0.74. By predicting tumor-reactive TCRs in a matter of days, TCR clonotypes can be prioritized to accelerate the manufacture of personalized T cell therapies. Tumor-reactive T cell receptors are rapidly identified from lymphocyte scRNA-seq data.","0","247"
"R358","WoS","Generative AI for Efficient and Secure Authentication in UAV-Enabled Smart City Transportation Systems","Abdusalomov, A; Zohirov, K; Ochilova, S; Oramov, J; Ruziyev, Z; Rustamova, M; Sherboboyeva, G; Tashev, K; Cho, YI","2026","CMC-COMPUTERS MATERIALS & CONTINUA","10.32604/cmc.2026.081292","WOS:001807680300001","Article","English","gold","Generative AI; UAV-enabled intelligent transportation systems; risk-adaptive authentication; privacy-preserving security; unlinkability; scalable revocation","","Unmanned aerial vehicles (UAVs) are also increasingly becoming more often in the transportation infrastructure of smart cities, so that they can successfully achieve real-time observation of traffic, emergency coordination, and two-way communication relaying. However, the security and privacy risks arising in open, highly mobile intelligent transportation systems (ITS) enabled by UAVs are critical, as they pose threats of impersonation, replay, Sybil, and tracking attacks. Secondly, standard static authentication mechanisms are unable to support dynamic risk environments and excessive resource consumption on UAV platforms with limited capacity. To address these challenges, this study introduces a Generative-AI-assisted Risk-Adaptive Authentication (GRAA) system that modulates the intensity of the authentication process based on risk levels identified by mobility, contextual awareness, and the environment. The framework contains unlinkable pseudonymous credentials and, unlike the accumulator-based revocation scheme and AI-based trust evaluation, it is impossible to correlate sessions. The coherence with the majority of attacks is demonstrated under the formal analysis model, which is also based on the real-or-random (ROR) session key, alongside the justifications of forward secrecy and unlinkability. The performance analysis shows that GRAA can achieve up to 87.9% reduction in computation cost and 56.7% reduction in communication overhead compared to pairing-and-group signature schemes, while lowering the latency and energy consumption of the UAVs in a congested urban setting. Generally, the suggested architecture provides a scalable, convenient, and privacy-friendly authentication system for next-generation smart transportation systems that use UAVs.","0","248"
"R359","WoS","How to solve small sample size problems in time-series soil organic carbon mapping: New insights from the Third Law of Geography","Wang, JZ; Zhang, ZP; Wang, YK; Qin, CZ; Chen, XY; Zhang, YH; Hu, ZW","2025","GEODERMA","10.1016/j.geoderma.2025.117402","WOS:001519912200001","Article","English","Green Submitted, gold","Soil organic carbon density (SOCD); Digital soil mapping (DSM); Third Law of Geography; Geo-environmental similarity; Small sample size","DATASET; CHINA; INFORMATION; SIMILARITY","Accurate and up-to-date mapping of soil organic carbon density (SOCD) spatial distribution and temporal dynamics is essential for understanding terrestrial ecosystem carbon fluxes and monitoring global climate change. However, the available historical soil sample data remained insufficient to meet the high-precision spatiotemporal mapping requirements of SOCD across large regions. Therefore, we attempted to apply the Third Law of Geography (also known as the Law of Geographic Similarity) to address the issue of small sample size in modelling. In this study, we proposed a weighted multivariate similarity index and a similarity threshold index, along with the identification of optimal thresholds for measuring geographic similarity, to effectively increase the soil sample size. Based on the different input samples, we designed various modeling schemes for SOCD mapping. Our results suggest that the geographic similarity threshold-driven framework successfully reconciles the trade-off between sample quantity and quality, increasing sample sizes by up to three times while enhancing spatial representativeness and reducing prediction uncertainty. Accuracy evaluation and uncertainty analysis consistently demonstrated that models incorporating similarity-based input samples outperformed those relying solely on limited local samples. In comparison to the model utilizing only a limited data sample, the S1-1980 s model, achieved a coefficient of determination (R2) of 0.04 and a root mean square error (RMSE) of 2.47 Kg C m- 2. Conversely, the S3-1980 s model, based on similarity-expanded samples, demonstrated a significant improvement, achieving an R2 of 0.64 and a RMSE of 1.36 Kg C m- 2. Consequently, the prediction using the improved model achieved accurate detection of regional spatiotemporal patterns of SOCD. This study provides a reference for addressing small sample size issues in time-series soil organic carbon mapping.","0","249"
"R360","WoS","SecuAudit: Integrity-Preserving Metadata Compliance Auditing for Secure Data Circulation in MCP-Enabled AI","Shi, YF; Hu, JX; Wang, LP; Ma, R; Wang, MY; Jia, ZJ","2026","CMC-COMPUTERS MATERIALS & CONTINUA","10.32604/cmc.2026.085633","WOS:001855770900001","Article","English","gold","Privacy enhancing computing; secure data circulation; model context protocol; metadata compliance; decentralized data auditing","PROVABLE DATA POSSESSION; CLOUD","AI agents frequently access external files, databases, and application programming interfaces (APIs) through the Model Context Protocol (MCP). However, these external resources typically lie outside the security boundary of the agent. During data circulation, attackers can not only tamper with the external data but also manipulate critical metadata, such as access permissions, validity periods, and authorization scopes. Even when the underlying data remains intact, such attacks can cause proxies to ingest expired or policy-violating resources, leading to severe privacy breaches and risks of unauthorized execution. To address these challenges, we propose SecuAudit, a privacy-enhancing decentralized data auditing scheme tailored for the MCP architecture. Leveraging Shamir's Secret Sharing mechanism, key management is securely decentralized across multiple servers, effectively mitigating sub-threshold collusion attacks. Furthermore, by introducing a supervised hash mechanism, dynamic access policies and metadata constraints are cryptographically bound to the user's private keys and file tags. Finally, based on a carefully designed randomized challenge-response protocol, third-party auditor (TPA) can efficiently verify both data integrity and metadata compliance without accessing the sensitive raw data. Security analysis demonstrates that SecuAudit can effectively resist data forgery, metadata tampering, and sub-threshold collusion attacks under the defined threat model. Experimental results obtained from our implementation under the evaluated configurations show that: (i) at (t = 30, m = 59), SecuAudit reduces Keygen latency by 54.6% relative to our implementation of the Pedersen-based Threshold Label-Aggregating Remote Data Auditing scheme (Ped-TLARDA), while maintaining comparable online auditing performance; (ii) metadata binding introduces an average additional Signblock overhead of 2.5%; and (iii) the local EVM evaluation requires approximately 770 bytes of on-chain storage per file and 499,021 gas for the evaluated contract-interaction lifecycle; (iv) the theoretical cumulative detection probability for 1% data loss exceeds 99.9% after 23 independent audits, while all six implemented attack cases were detected in the controlled evaluation. These results indicate the feasibility of SecuAudit under the evaluated settings. In conclusion, SecuAudit establishes a feasible framework for secure data circulation under the evaluated deployment assumptions.","0","250"
"R361","WoS","Deep Instance Segmentation With Automotive Radar Detection Points","Liu, JA; Xiong, WY; Bai, LP; Xia, YX; Huang, T; Ouyang, WL; Zhu, B","2023","IEEE TRANSACTIONS ON INTELLIGENT VEHICLES","10.1109/TIV.2022.3168899","WOS:000965482300001","Article","English","Green Submitted","Radar detection; Radar; Automotive engineering; Radar cross-sections; Automobiles; Semantics; Point cloud compression; Autonomous driving; automotive radar; clustering; deep learning; environmental perception; instance segmentation; semantic segmentation","","Automotive radar provides reliable environmental perception in all-weather conditions with affordable cost, but it hardly supplies semantic and geometry information due to the sparsity of radar detection points. With the development of automotive radar technologies in recent years, instance segmentation becomes possible by using automotive radar. Its data contain contexts such as radar cross section and micro-Doppler effects, and sometimes can provide detection when the field of view is obscured. The outcome from instance segmentation could be potentially used as the input of trackers for tracking targets. The existing methods often utilize a clustering-based classification framework, which fits the need of real-time processing but has limited performance due to minimum information provided by sparse radar detection points. In this paper, we propose an efficient method based on clustering of estimated semantic information to achieve instance segmentation for the sparse radar detection points. In addition, we show that the performance of the proposed approach can be further enhanced by incorporating the visual multi-layer perceptron. The effectiveness of the proposed method is verified by experimental results on the popular RadarScenes dataset, achieving 89.53% mean coverage and 86.97% mean average precision with the IoU threshold of 0.5, which is superior to other approaches in the literature. More significantly, the consumed memory is around 1MB, and the inference time is less than 40 ms, indicating that our proposed algorithm is storage and time efficient. These two criteria ensure the practicality of the proposed method in real-world systems.","0","251"
