"Authors","Author full names","Author(s) ID","Title","Year","Source title","Volume","Issue","Art. No.","Page start","Page end","Cited by","DOI","Link","Abstract","Author Keywords","Index Keywords","Document Type","Publication Stage","Open Access","Source","EID"
"Somla; Malladi S.","Somla (60706459500); Malladi, Srinivas (7102823705)","60706459500; 7102823705","A Microservices-Based Large-Scale Intelligence Framework for Adaptive Anomaly Detection in Distributed Data Streams","2026","International Journal of Artificial Intelligence and Machine Learning","6","2S","","46","54","0","10.51483/ijaiml.6.2s.2026.46-54","https://www.scopus.com/pages/publications/105042653358?origin=resultslist","In the era of modern cloud-native systems, where many services run in the cloud and are distributed in the form of microservices, the conventional monolithic anomaly detection framework is no longer sufficient to process data streams that are generated at a high rate and volume. This study introduces the Microservices-Based Large-Scale Intelligence Framework (MSILF), an adaptive modular framework for real-time anomaly detection in heterogeneous distributed data streams. The MSILF combines a multi-layer ensemble consisting of a MultiLayer perceptron (MLP) classifier, a Local Outlier Factor (LOF) detector, and a Variational Autoencoder (VAE) through a weighted fusion module and is continuously updated by a reinforcement learning (RL) agent. The framework was dockerized and orchestrated using Kubernetes, resulting in horizontal scalability and fault tolerance. An F1 score of 91.9% and end-to-end detection latency of 38 ms were achieved through experimental evaluation on a synthetic microservice telemetry benchmark, outperforming five comparative baselines, including recent deep-learning-based approaches. The results confirmed the effectiveness of using ensemble intelligence with adaptive threshold management in production-scale microservices. © 2026, SvedbergOpen. All rights reserved.","adaptive intelligence; anomaly detection; distributed systems; ensemble methods; Kubernetes; machine learning; microservices","","Article","Final","All Open Access; Hybrid Gold Open Access","Scopus","2-s2.0-105042653358"
"Kharraz N.; Szabó I.","Kharraz, Nezha (59527255500); Szabó, István (26025776300)","59527255500; 26025776300","Cloud-Driven Data Analytics for Growing Plants Indoor","2025","AgriEngineering","7","4","101","","","5","10.3390/agriengineering7040101","https://www.scopus.com/pages/publications/105003466743?origin=resultslist","The integration of cloud computing, IoT (Internet of Things), and artificial intelligence (AI) is transforming precision agriculture by enabling real-time monitoring, data analytics, and dynamic control of environmental factors. This study develops a cloud-driven data analytics pipeline for indoor agriculture, using lettuce as a test crop due to its suitability for controlled environments. Built with Apache NiFi (Niagara Files), the pipeline facilitates real-time ingestion, processing, and storage of IoT sensor data measuring light, moisture, and nutrient levels. Machine learning models, including SVM (Support Vector Machine), Gradient Boosting, and DNN (Deep Neural Networks), analyzed 12 weeks of sensor data to predict growth trends and optimize thresholds. Random Forest analysis identified light intensity as the most influential factor (importance: 0.7), while multivariate regression highlighted phosphorus (0.54) and temperature (0.23) as key contributors to plant growth. Nitrogen exhibited a strong positive correlation (0.85) with growth, whereas excessive moisture (–0.78) and slightly elevated temperatures (–0.24) negatively impacted plant development. To enhance resource efficiency, this study introduces the Integrated Agricultural Efficiency Metric (IAEM), a novel framework that synthesizes key factors, including resource usage, alert accuracy, data latency, and cloud availability, leading to a 32% improvement in resource efficiency. Unlike traditional productivity metrics, IAEM incorporates real-time data processing and cloud infrastructure to address the specific demands of modern indoor farming. The combined approach of scalable ETL (Extract, Transform, Load) pipelines with predictive analytics reduced light use by 25%, water by 30%, and nutrients by 40% while simultaneously improving crop productivity and sustainability. These findings underscore the transformative potential of integrating IoT, AI, and cloud-based analytics in precision agriculture, paving the way for more resource-efficient and sustainable farming practices. © 2025 by the authors.","artificial intelligence; cloud computing; data analytics; IoT; precision agriculture; Raspberry Pi; real-time data processing; sustainable farming","","Article","Final","All Open Access; Gold Open Access; Green Open Access","Scopus","2-s2.0-105003466743"
"Alnaim A.K.; Alwakeel A.M.","Alnaim, Abdulrahman K. (57204561296); Alwakeel, Ahmed M. (57204557471)","57204561296; 57204557471","EdgeTwin-DRL: Real-Time Counter-UAS Detection and Response Optimization Using Edge-Assisted Digital Twins and Multi-Agent Deep Reinforcement Learning","2026","Sensors","26","17","5632","","","0","10.3390/s26175632","https://www.scopus.com/pages/publications/105050300619?origin=resultslist","The time available for a counter-drone system to detect an unauthorized aircraft and determine an appropriate response can be limited. Although cloud processing remains useful for storage and offline analysis, communication delays may constrain its use in time-critical decision loops. This paper proposes EdgeTwin-DRL, an edge-assisted digital twin framework that integrates multimodal sensing and multi-agent deep reinforcement learning (DRL) for counter-drone detection and response optimization. The digital twin maintains a synchronized representation of the protected airspace using radar, electro-optical/infrared (EO/IR), radio-frequency (RF), and acoustic observations. This synchronized state is used by cooperative DRL actors to adjust computational-resource allocation, detection sensitivity, and candidate countermeasures, while a model-based forward-evaluation assesses proposed responses before they are passed to the simulated response pathway. The framework is evaluated in a simulation testbed in which the RF sensing models are calibrated and independently validated using publicly available datasets, while the remaining sensing components are parameterized using published experimental measurements. Within this calibrated simulation environment, EdgeTwin-DRL achieved a false-positive rate of 1.4% and reduced mean detection-to-response latency by up to 72% relative to the Cloud-DRL baseline and by 26% relative to the MAPPO baseline without calibrated, environment-dependent sensing under the communication and computational assumptions used in the simulator. The evaluation was conducted across modeled urban, suburban, and open-field conditions. These results demonstrate the comparative performance of the proposed architecture within the simulated environment and motivate further investigation of edge-assisted digital twins for counter-drone decision support. Hardware-in-the-loop and controlled field validation are required before operational deployment. © 2026 by the authors.","airspace security; counter-drone systems; deep reinforcement learning; digital twin; drone intrusion detection; edge computing; multi-agent reinforcement learning; real-time response optimization","Air traffic control; Aircraft detection; Decision support systems; Deep learning; Deep reinforcement learning; Digital avionics; Digital twin; Drones; E-learning; Edge computing; Fighter aircraft; Intelligent agents; Multi agent systems; Network security; Airspace security; Counter-drone system; Drone intrusion detection; Drone system; Edge computing; Intrusion-Detection; Multi-agent reinforcement learning; Optimisations; Real time response; Real-time response optimization; Reinforcement learnings; aircraft; article; cloud computing; controlled study; decision support system; deep reinforcement learning; digital twin; drone; human; radiofrequency; reaction time; resource allocation; simulation; simulator; Reinforcement learning","Article","Final","All Open Access; Gold Open Access; Green Open Access","Scopus","2-s2.0-105050300619"
"Fahd K.; Parvin S.; Di Serio A.; Venkatraman S.","Fahd, Kiran (57209474419); Parvin, Sazia (24344520800); Di Serio, Antony (57456149000); Venkatraman, Sitalakshmi (15837688400)","57209474419; 24344520800; 57456149000; 15837688400","Secure Fog Computing for Remote Health Monitoring with Data Prioritisation and AI-Based Anomaly Detection","2025","Sensors","25","23","7329","","","2","10.3390/s25237329","https://www.scopus.com/pages/publications/105024630931?origin=resultslist","Smart remote health monitoring requires time-critical medical data of patients from IoT-enabled cyber–physical systems (CPSs) to be securely transmitted and analysed in real time for early interventions and personalised patient care. Existing cloud architectures are insufficient for smart health systems due to their inherent issues with latency, bandwidth, and privacy. Fog architectures using data storage closer to edge devices introduce challenges in data management, security, and privacy for effective monitoring of a patient’s sensitive and critical health data. These gaps found in the literature form the main research focus of this study. As an initial modest step to advance research further, we propose an innovative fog-based framework which is the first of its kind to integrate secure communication with intelligent data prioritisation (IDP) integrated into an AI-based enhanced Random Forest anomaly and threat detection model. Our experimental study to validate our model involves a simulated smart healthcare scenario with synthesised health data streams from distributed wearable devices. Features such as heart rate, SpO2, and breathing rate are dynamically prioritised using AI strategies and rule-based thresholds so that urgent health anomalies are transmitted securely in real time to support clinicians and medical experts for personalised early interventions. We establish a successful proof-of-concept implementation of our framework by achieving high predictive performance measures with an initial high score of 93.5% accuracy, 90.8% precision, 88.7% recall, and 89.7% F1-score. © 2025 by the authors.","AI-based anomaly detection; edge computing; fog computing; intelligent data prioritisation; smart remote healthcare monitoring","Algorithms; Artificial Intelligence; Cloud Computing; Computer Security; Humans; Monitoring, Physiologic; Remote Sensing Technology; Telemedicine; Wearable Electronic Devices; Anomaly detection; Data privacy; Digital storage; Diseases; Edge computing; Embedded systems; Fog; Information management; Medical computing; Patient treatment; Remote patient monitoring; AI-based anomaly detection; Anomaly detection; Data prioritization; Edge computing; Healthcare monitoring; Intelligent data; Intelligent data prioritization; Real- time; Remote health monitoring; Smart remote healthcare monitoring; algorithm; artificial intelligence; cloud computing; computer security; human; physiologic monitoring; procedures; remote sensing; telemedicine; wearable electronic device; Fog computing","Article","Final","All Open Access; Gold Open Access; Green Open Access","Scopus","2-s2.0-105024630931"
"Popoola S.I.; Adebisi B.; Ande R.; Hammoudeh M.; Atayero A.A.","Popoola, Segun I. (57193386851); Adebisi, Bamidele (21833798800); Ande, Ruth (57195956515); Hammoudeh, Mohammad (58980788800); Atayero, Aderemi A. (57213351151)","57193386851; 21833798800; 57195956515; 58980788800; 57213351151","Memory-efficient deep learning for botnet attack detection in iot networks","2021","Electronics (Switzerland)","10","9","1104","","","41","10.3390/electronics10091104","https://www.scopus.com/pages/publications/85105391955?origin=resultslist","Cyber attackers exploit a network of compromised computing devices, known as a botnet, to attack Internet-of-Things (IoT) networks. Recent research works have recommended the use of Deep Recurrent Neural Network (DRNN) for botnet attack detection in IoT networks. However, for high feature dimensionality in the training data, high network bandwidth and a large memory space will be needed to transmit and store the data, respectively in IoT back-end server or cloud platform for Deep Learning (DL). Furthermore, given highly imbalanced network traffic data, the DRNN model produces low classification performance in minority classes. In this paper, we exploit the joint advantages of Long Short-Term Memory Autoencoder (LAE), Synthetic Minority Oversampling Technique (SMOTE), and DRNN to develop a memory-efficient DL method, named LS-DRNN. The effectiveness of this method is evaluated with the Bot-IoT dataset. Results show that the LAE method reduced the dimensionality of network traffic features in the training set from 37 to 10, and this consequently reduced the memory space required for data storage by 86.49%. SMOTE method helped the LS-DRNN model to achieve high classification performance in minority classes, and the overall detection rate increased by 10.94%. Furthermore, the LS-DRNN model outperformed state-of-the-art models. © 2021 by the authors. Licensee MDPI, Basel, Switzerland.","Botnet; Cybersecurity; Deep learning; Internet of Things; Intrusion detection; Machine learning; Network traffic","","Article","Final","All Open Access; Gold Open Access; Green Open Access","Scopus","2-s2.0-85105391955"
"Hasan B.F.; Kassara W.A.; Zahi B.R.","Hasan, Baydaa Flayyih (60264518200); Kassara, Wafaa Ayoub (60264518300); Zahi, Bushra Raad (60263569600)","60264518200; 60264518300; 60263569600","Enhancing Advanced Persistent Threat Detection with Federated Learning and Neural Networks for Secure Cloud Computer Environment","2025","Mesopotamian Journal of CyberSecurity","5","3","","1324","1339","0","10.58496/MJCS/2025/068","https://www.scopus.com/pages/publications/105026413411?origin=resultslist","Rapid internet expansion and global cloud storage use have heightened the risk of stealthy, persistent, multi-stage Advanced Persistent Threats (APTs). Distributed and resource-limited cloud environments make identifying these stealthy and dynamic threats difficult for traditional Intrusion Detection Systems (IDSs). This paper present FedNN-APT, a Federated Learning (FL) and hybrid Neural Network (NN) APT detection system to overcome these difficulties. High detection accuracy and distributed, privacy-preserving training over several cloud devices are achieved by this approach. FedNN-APT integrates Gated Recurrent Units (GRUs) and Convolutional Neural Networks (CNNs) to learn temporal and spatial APT behavior features effectively. The framework trains local models on partitioned datasets using GRU-CNN, 1D-CNN, and GRU-Recurrent Neural Network (RNN) models, then selects the optimal model for federated aggregation. The final global model is collaboratively built while preserving data confidentiality. The system is evaluated using an APT Malware dataset consisting of 11,107 samples. Experimental findings reveal that the hybrid GRU-CNN model outperforms other models with an average accuracy of 0.9977, precision of 0.9989, recall of 1.00, and F1-score of 0.9988. The federated model has 0.99global accuracy across four clients. A comparative evaluation with current APT detection systems underscores the superiority of FedNN-APT, especially regarding detection accuracy and flexibility in resource-limited environments. Finally, in this paper introduced FedNN-APT, an advanced approach that combines federated learning and neural networks for the detection of APT attacks while enhancing data privacy via a cloud environment and the findings indicate that incorporating deep learning models into a federated learning framework offers a promising direction for future study in safe and scalable threat detection in cloud systems. © 2025, Mesopotamian Academic Press. All rights reserved.","Advanced Persistent Threats (APTs); Convolution neural networks (CNN) model; Exploratory Data Analysis (EDA); federated learning (FL); Gated Recurrent Unit (GRU) model","","Article","Final","All Open Access; Hybrid Gold Open Access","Scopus","2-s2.0-105026413411"
"Kottapalli R.; Ganteda C.; Bindu I.B.N.H.; Yarlagadda V.O.; Vanga V.V.V.R.; Gorumutchu B.V.; Shaik K.; Ahmad H.; Abdelfattah W.M.; Oqilat O.","Kottapalli, Rajyalakshmi (57191956495); Ganteda, Charankumar (57184377600); Bindu, I B N Hima (59979593500); Yarlagadda, Vamsi Omkar (60566372000); Vanga, Venkata Vishnu Vardhan Reddy (60565624400); Gorumutchu, Bala Varun (60566372100); Shaik, Khaleel (59459260300); Ahmad, Hijaz (57220768187); Abdelfattah, Waleed Mohammed (59146518200); Oqilat, Osama (57195353514)","57191956495; 57184377600; 59979593500; 60566372000; 60565624400; 60566372100; 59459260300; 57220768187; 59146518200; 57195353514","Optimizing Alzheimer's Data Analysis Through Multi-Cloud Integration: A Performance and Reliability Approach","2026","Results in Control and Optimization","23","","100687","","","0","10.1016/j.rico.2026.100687","https://www.scopus.com/pages/publications/105035076026?origin=resultslist","Research in Alzheimer's disease demands extensive computational resources and efficient data management due to the large scale and complexity of multimodal biomedical data. This work proposes a multi-cloud integration strategy to enhance performance, scalability, and reliability by leveraging the complementary strengths of Google Cloud Platform (GCP), Microsoft Azure, and Amazon Web Services (AWS). The proposed infrastructure supports scalable computing and storage through AWS, advanced analytics and machine learning workflows via Azure, and high-performance data processing using GCP. Core components include AWS S3 and Azure Blob Storage for resilient data storage, Apache Kafka for real-time data streaming, and Apache Spark for distributed processing. The system is optimized to improve model accuracy (94%), reduce training time (128 minutes), and enable efficient hyperparameter tuning and feature extraction for state-of-the-art deep learning models such as YOLOv4 and EfficientNetB2 used in Alzheimer's detection and classification. Automated scaling and load balancing mechanisms ensure optimal resource utilization, low latency (24ms), and high fault tolerance under varying workloads. Additionally, the architecture demonstrates strong scalability, allowing seamless expansion across cloud environments as data volume and computational demands increase. Performance monitoring and reliability are ensured through cloud-native observability tools such as Prometheus and Grafana, while robust security measures—including data encryption and fine-grained access control—protect sensitive medical data. Overall, the proposed multi-cloud approach significantly enhances the efficiency, reliability, and performance of Alzheimer's disease assessment, providing a robust and scalable solution for advanced research, with further optimization and refinement identified as future work. © 2026 The Author(s)","Advanced Classification; Alzheimer's Disease; and Data Handling; Cloud Computing; Cloud Platforms; Comparative Study; Data Analysis; Data Management; Deep Learning; Infrastructure Management; Model Performance; Multi-Cloud Integration; Performance Degradation; Performance Optimization; Predictive Analytics; Predictive Modeling; Proactive Maintenance; Reliability; Scalability; Scalability Challenges","","Article","Final","All Open Access; Gold Open Access","Scopus","2-s2.0-105035076026"
"R D.; T.S P.K.","R, Deepika (59893136800); T.S, Pradeep Kumar (56872805600)","59893136800; 56872805600","Dual level dengue diagnosis using lightweight multilayer perceptron with XAI in fog computing environment and rule based inference","2025","Scientific Reports","15","1","16548","","","5","10.1038/s41598-025-98365-6","https://www.scopus.com/pages/publications/105004917858?origin=resultslist","Over the last fifty years, arboviral infections have made an unparalleled contribution to worldwide disability and morbidity. Globalization, population growth, and unplanned urbanization are the main causes. Dengue is regarded as the most significant arboviral illness among them due to its prior dominance in growth. The dengue virus is mostly transmitted to humans by Aedes mosquitoes. The human body infected with dengue virus (DenV) will experience certain adverse impacts. To keep the disease under control, some of the preventative measures implemented by different countries need to be updated. Manual diagnosis is typically employed, and the accuracy of the diagnosis is assessed based on the experience of the healthcare professionals. Because there are so many patients during an outbreak, incompetence also happens. Remote monitoring and massive data storage are required. Though cloud computing is one of the solutions, it has a significant latency, despite its potential for remote monitoring and storage. Also, the diagnosis should be made as quickly as possible. The aforementioned issue has been resolved with fog computing, which significantly lowers latency and facilitates remote diagnosis. This study especially focuses on incorporating machine learning and deep learning techniques in the fog computing environment to leverage the overall diagnostic efficiency of dengue by promoting remote diagnosis and speedy treatment. A dual-level dengue diagnosis framework has been proposed in this study. Level-1 diagnosis is based on the symptoms of the patients, which are sent from the edge layer to the fog. Level-1 diagnosis is done in the fog to manage the storage and computation issues. An optimized and normalized lightweight MLP has been proposed along with preprocessing and feature reduction techniques in this study for the Level-1 Diagnosis in the fog computing environment. Pearson Correlation coefficient has been calculated between independent and target features to aid in feature reduction. Techniques like K-fold cross-validation, batch normalization, and grid search optimization have been used for increasing the efficiency. A variety of metrics have been computed to assess the effectiveness of the model. Since the suggested model is a “black box,” explainable artificial intelligence (XAI) tools such as SHAP and LIME have been used to help explain its predictions. An exceptional accuracy of 92% is attained with the small dataset using the proposed model. The fog layer sends the list of probable cases to the edge layer. Also, a precision of 100% and an F1 score of 90% have been attained using the proposed model. The list of probable cases is sent from the fog layer to the edge layer, where Level-2 Diagnosis is carried out. Level-2 diagnosis is based on the serological test report of the suspected patients of the Level-1 diagnosis. Level-2 diagnosis is done at the edge using the rule-based inference method. This study incorporates dual-level diagnosis, which is not seen in recent studies. The majority of investigations end at Level 1. However, this study minimizes incorrect treatment and fatality rates by using dual-level diagnosis and assisting in confirmation of the disease. © The Author(s) 2025.","","Algorithms; Cloud Computing; Deep Learning; Dengue; Dengue Virus; Humans; Machine Learning; Multilayer Perceptrons; Neural Networks, Computer; algorithm; artificial neural network; cloud computing; deep learning; dengue; Dengue virus; diagnosis; human; machine learning; multilayer perceptron","Article","Final","All Open Access; Gold Open Access; Green Open Access","Scopus","2-s2.0-105004917858"
"Albugmi A.","Albugmi, Ahmed (57192179366)","57192179366","Learning-based orchestration for low-latency AI deployment in hybrid cloud–edge platforms","2026","Scientific Reports","16","1","28265","","","0","10.1038/s41598-026-58531-w","https://www.scopus.com/pages/publications/105049667607?origin=resultslist","The rapid growth of AI-driven applications in hybrid cloud–edge environments poses substantial challenges to ensuring low latency, high throughput, and effective resource utilization. Conventional deployment models, which are typically fixed or policy-driven, are not sufficiently flexible to respond dynamically to changing workloads and heterogeneous hardware environments. In this work, we introduce and analyze a resource-conscious deep learning-based scheduling system for managing the deployment of AI models on distributed cloud edges. The framework improves inference performance by leveraging real-time system telemetry and model features generated by benchmarks, while maintaining quality of service (QoS) compliance. The proposed system uses a fully connected neural network trained on structured features derived from the MLPerf Inference Benchmark, including compute complexity, memory footprint, and input dimensions. It is guided by real-time data from a hybrid infrastructure (NVIDIA A100/V100 GPUs and Jetson Xavier edge devices) to inform scheduling. Four MLPerf inference workloads – ResNet 50, BERT, SSD ResNet34, and DLRM – were tested and contrasted across various batch sizes and latency thresholds. Generalization experiments with unseen models such as GPT 2 and YOLOv5 yielded > 90% success rates in deployment, with the latency reduction and throughput gain results as presented above. Results of the generalization experiments with unseen models, including GPT 2 and YOLOv5, demonstrated deployment success rates > 90% for the various profiling conditions evaluated, with the latency reduction and throughput improvements as shown above. The results show that learning-based orchestration can be used to deliver space- and resource-aware orchestration solutions that are adaptive for low-latency deployment of AI services in hybrid cloud edge systems, but the effectiveness of the solution will depend on the representativeness of the profiling data and similarity of training and deployment environments. © The Author(s) 2026.","Adaptive orchestration; Cloud–edge computing; Deep learning deployment; Distributed AI; Inference optimization; MLPerf benchmark; Model placement; Resource-aware scheduling","alanine aminotransferase; article; benchmarking; deep learning; hybrid; latent period; learning; nerve cell network; nonhuman; residual neural network; telemetry; workload","Article","Final","All Open Access; Gold Open Access; Green Open Access","Scopus","2-s2.0-105049667607"
"Alzahrani A.","Alzahrani, Ahmed (58602442900)","58602442900","Cognitive ZTNA: A Neuro-Symbolic AI Approach for Adaptive and Explainable Zero Trust Access Control","2026","Mathematics","14","7","1211","","","1","10.3390/math14071211","https://www.scopus.com/pages/publications/105035552813?origin=resultslist","Zero Trust Network Access (ZTNA) has emerged as a fundamental paradigm for securing cloud-native and distributed computing environments. However, existing ZTNA implementations remain largely limited by static policy enforcement and opaque machine-learning-based anomaly detection mechanisms, which often lack contextual adaptability, policy awareness, and interpretable decision-making capabilities. These limitations create significant challenges in dynamic multi-cloud environments where access behavior continuously evolves and security decisions must be both accurate and explainable. To address these challenges, this study proposes Cognitive ZTNA framework, a unified neuro-symbolic trust enforcement framework that integrates transformer-based behavioral trust modeling with ontology-guided symbolic reasoning. The proposed architecture enables continuous trust evaluation by combining behavioral access patterns with explicit policy semantics through a hybrid trust fusion mechanism. This design allows the system to capture long-range behavioral dependencies while maintaining policy-compliant and interpretable access control decisions. The framework is evaluated using the CloudZT-Bench-2025 dataset, comprising 4.2 million cross-platform access events derived from enterprise security telemetry, AWS CloudTrail logs, and simulated adversarial scenarios. Experimental results demonstrate that Cognitive ZTNA achieves Precision = 0.96, Recall = 0.93, and F1-score = 0.95, significantly outperforming rule-based and machine-learning baselines while reducing the false positive rate to 0.03. In addition, the system maintains real-time feasibility with an average decision latency of 24 ms and explanation latency below 5 ms, while achieving 92% analyst-rated explanation sufficiency. These findings demonstrate that integrating behavioral intelligence with symbolic policy reasoning enables adaptive, interpretable, and policy-aware Zero Trust enforcement. The proposed framework therefore provides a practical foundation for next-generation ZTNA systems capable of supporting secure, transparent, and context-aware access control in modern cloud environments. © 2026 by the author.","adaptive trust computation; explainable security; federated access control; hybrid AI systems; neuro-symbolic reasoning; OWL ontologies; transformer-based security; zero trust network access","","Article","Final","All Open Access; Gold Open Access; Green Open Access","Scopus","2-s2.0-105035552813"
"Janabi A.H.; Kanakis T.; Johnson M.","Janabi, Ahmed H. (57443364000); Kanakis, Triantafyllos (18042407100); Johnson, Mark (57169148800)","57443364000; 18042407100; 57169148800","Overhead Reduction Technique for Software-Defined Network Based Intrusion Detection Systems","2022","IEEE Access","10","","","66481","66491","28","10.1109/ACCESS.2022.3184722","https://www.scopus.com/pages/publications/85133708803?origin=resultslist","In Software-Defined Networks, the Intrusion Detection System is receiving growing attention, due to the expansion of the internet and cloud storage. This system is vital for institutions that use cloud services and have many users. Although the Intrusion Detection System offers several security features, its performance is lagging behind in large enterprise networks. Existing approaches are based on centralised processing and use many features to implement a protection system. Therefore, system overload and poor performance occur on the controller and OpenFlow switches. As a result, the current solutions create issues that must be considered, especially when they are implemented on large networks. Furthermore, enhancements in security applications improve the reliability of networks. Following a literature review of the existing Intrusion Detection Systems, this paper presents a new model that offers decentralised processing and exchanges data over an independent channel, in order to solve issues relating to system overload and poor performance. Our model utilises an appropriate feature selection method to reduce the number of extracted features and minimise the data transmitted over the channels. Additionally, the Naive Bayes algorithm has been employed for flow classification purposes, since it is a fast classifier. We successfully implemented our framework, using the Mininet emulator, which provides a suitable networking environment. Evaluations indicate that our proposed system can detect various attacks with an accuracy of 98.46% and nominal decreasing rates of 1.5% in throughput and 0.7% in latency analyses, when the model is implemented in wide range networks.  © 2013 IEEE.","CSE-CIC-IDS2018 dataset; distribution process; intrusion detection system (IDS); machine learning (ML); Naive Bayes (NB); Naive Bayesa-protection system based distribution process (NB-PSDP); software-defined network (SDN)","Barium compounds; Bayesian networks; Computer crime; Data structures; Digital storage; Feature Selection; Intrusion detection; Learning systems; Network security; Software defined networking; Cancer; CSE-CIC-ids2018 dataset; Distribution process; Features extraction; Intrusion detection system; Intrusion Detection Systems; Intrusion-Detection; Machine learning; Machine-learning; Naive baye; Naive baye - protection system based distribution process; Naive bayes; Protection systems; Security; Software-defined network; Software-defined networks; Process control","Article","Final","All Open Access; Gold Open Access; Green Open Access","Scopus","2-s2.0-85133708803"
"Almaiah M.A.; Alqutaish A.","Almaiah, Mohammed Amin (56682869700); Alqutaish, Amer (60183497400)","56682869700; 60183497400","Enhancing organizational security through proactive cybersecurity risk management and continuous threat monitoring systems","2026","Telematics and Informatics Reports","24","","100369","","","0","10.1016/j.teler.2026.100369","https://www.scopus.com/pages/publications/105050799617?origin=resultslist","The fact that digital infrastructures are growing at a high rate has increased the type and frequency of risk to and occurrence of cybersecurity challenges to modern organizations. The conventional surveillance means will tend to either use the predetermined principles of detection or separate anomaly detection models that limit their ability to effectively prioritize security occurrences and respond to the appeared threats. This leads to the relevance of dynamic monitoring systems which integrate the behavioral detection as well as the situational risk assessment. The proposed research presents a Risk-Adaptive Continuous Threat Monitoring (RA-CTM) model, which includes the integration of anomaly-based behavioral detection and automatic response mechanisms and contextual estimation of risk. The framework has adopted various enterprise security telemetry including network traffic log, system events and cloud monitoring. The identified anomalies are examined with the aid of likelihood-impact risk model to quantify the degree of cybersecurity risk and enable the adaptive responses. Experimental evaluation demonstrates that the proposed framework achieves a detection accuracy of 95.2%, with a precision of 93.8%, recall of 94.5%, and an F1-score of 94.1%. The comparative analysis indicates that the performance is excellent compared to the performance of the conventional intrusion detection systems and baseline anomaly detection models, which are Isolation Forest, Local Outlier Factor, and One-Class Support Vector Machine. Behavioral anomaly detection and contextual risk modeling are useful to a considerable extent in improving the functionality of cybersecurity monitoring and encouraging proper prioritization of security incidents within the enterprise environment. © 2026 The Author(s). Published by Elsevier B.V. This is an open access article under the CC BY license. http://creativecommons.org/licenses/by/4.0/","Anomaly detection; Automated incident response; Cybersecurity monitoring; Risk-adaptive security management; Threat intelligence analytics","","Article","Final","All Open Access; Gold Open Access","Scopus","2-s2.0-105050799617"
"Moudiappa V.A.; Nataraj K.; Rajavarman V.N.","Moudiappa, Vinolia Alexander (59681606300); Nataraj, Kanya (35792514600); Rajavarman, Veeramalai Natarajan (27467710500)","59681606300; 35792514600; 27467710500","Intrusion Detection System: An Ensemble Deep Learning Approach for Cloud Computing Using EBWO","2025","Current Applied Science and Technology","25","3","e0262276","","","2","10.55003/cast.2025.262276","https://www.scopus.com/pages/publications/86000775868?origin=resultslist","Cloud computing is the industry standard for data storage, sharing, processing, and other services. It experienced numerous security problems as a result of the regular attacks. These security issues are worsened by the variety of attack situations that exist. One of the most established safety measures applied to cloud computing is the intrusion detection system (IDS). An effective security model is necessary for the IDS system, though, to increase cloud security. In this study, we used ensemble categorization methods and a feature selection algorithm to construct an effective IDS for the cloud environment. The proposed BOT-IOT, CSE-CIC-IDS 2018, and Ciciddos datasets were pre-processed, which involved cleaning the data, applying one hot encoding, and normalizing steps. The Enhanced Black Widow Optimization (EBWO) algorithm was employed to choose the most advantageous reduced feature sets from the provided incursion datasets. We used an ensemble of Hierarchical Multi-scale LSTM (HMLSTM) and Darknet Convolutional Neural Network (DNetCNN) to categorize the attacks. The combination of DNetCNN and HMLSTM was used to identify intrusions, effectively classifying attacks, lowering false alarm rates, and increasing detection rates. Simulation research showed that the proposed strategy performed better than the baseline in terms of F-Score, DR, and FPR, as well as accuracy, detection rate, and precision. © 2024 by King Mongkut’s Institute of Technology Ladkrabang, Thailand.","cloud; darknet convolutional neural network; enhanced black widow optimization algorithm; Hierarchical Multi-scale LSTM; intrusion detection system","","Article","Final","All Open Access; Gold Open Access","Scopus","2-s2.0-86000775868"
"Savva G.; Herodotou H.","Savva, George (59348243100); Herodotou, Herodotos (35174514200)","59348243100; 35174514200","Adaptive Data Prefetching for File Storage Systems Using Online Machine Learning","2026","Big Data and Cognitive Computing","10","1","28","","","0","10.3390/bdcc10010028","https://www.scopus.com/pages/publications/105028522443?origin=resultslist","Data prefetching is essential for modern file storage systems operating in large-scale cloud and data-intensive environments, where high performance increasingly depends on intelligent, adaptive mechanisms. Traditional rule-based methods and recently proposed machine learning-based techniques often struggle to cope with the complex and rapidly evolving data access patterns characteristic of big-data workloads. In this paper, we introduce an online, streaming machine learning (SML) approach for predictive data prefetching that retrieves useful data into the cache ahead of time. We present a novel online training framework that extracts features in real time and continuously updates streaming ML models to learn and adapt from large and dynamic access streams. Building on this framework, we design new SML-driven prefetching algorithms that decide when, how, and what data to prefetch into the cache with minimal overhead. Extensive experiments using production traces from Huawei Technologies Inc. and Google workloads from the SNIA IOTTA repository demonstrate that our intelligent policies consistently deliver the highest byte hits among competing approaches, achieving 97% prefetch byte precision and reducing data access latency by up to 2.8 times. These results show that streaming ML can deliver immediate performance gains and offers a scalable foundation for future adaptive storage systems. © 2026 by the authors.","data prefetching; Hoeffding tree; online machine learning; smart storage systems; SOKNL; streaming ML","Big data; Digital storage; E-learning; Electronic document exchange; Learning systems; Machine learning; Data pre-fetching; Data-prefetching; Hoeffding tree; Machine-learning; Online machine learning; Online machines; Smart storage system; SOKNL; Storage systems; Streaming ML; Online systems","Article","Final","All Open Access; Gold Open Access; Green Open Access","Scopus","2-s2.0-105028522443"
"Kapre M.; Sahu P.K.; Verma R.; Vincent N.R.; Wankhade N.R.; Pawar M.S.; Ji C.","Kapre, Madhavi (60752339000); Sahu, Prabhat Kumar (57206544758); Verma, Raman (58312710700); Vincent, Nisha Robin (60752191700); Wankhade, Nilesh R. (59541961000); Pawar, Manisha Sagar (60414675900); Ji, Chuanyong (60410030400)","60752339000; 57206544758; 58312710700; 60752191700; 59541961000; 60414675900; 60410030400","Interpretable Deep Learning Defences via User Anomaly Detection in Cloud Platforms","2026","Journal of Intelligent Decision Making and Information Science","3","2S","","482","490","0","10.59543/jidmis.v3.659","https://www.scopus.com/pages/publications/105045390649?origin=resultslist","Cloud platforms are the targets of highly advanced attacks that are designed to circumvent traditional rule based IDSs, such as: credential misuse, insider threats, privilege escalation, lateral movements, etc. To protect against user attacks, this paper introduces an interpretable deep learning defence framework in the context of user anomaly detection for both IaaS and PaaS cloud service layers and SaaS application layer. Multi-source authentication logs/records, APIs, networks logs are combined into integrated behavioural tensors and classified as anomalies by processing with the recurrent neural network with attention-based temporal weights. The mathematical model for access probability distribution, the model for anomaly scoring and temporal sequence modeling, as well as the model for Mahalanobis-distance-based deviation analysis further enhance the analysis's rigor and interpretability. Experimental results show that the detection accuracy achieved is 97.4%, followed by 96.8% precision, 97.9% recall and 97.3% F1-score, which are much higher than those of the conventional rule-based and black-box deep learning IDSs. © 2026, Nexora Academic Press. All rights reserved.","-Interpretable Deep Learning; Behavioral Modeling; Cloud Security; Explainable AI; User Anomaly Detection","","Article","Final","All Open Access; Hybrid Gold Open Access","Scopus","2-s2.0-105045390649"
"Aljumah A.; Ahanger T.A.; Ullah I.","Aljumah, Abdullah (54580515800); Ahanger, Tariq Ahamed (57201882800); Ullah, Imdad (55643035700)","54580515800; 57201882800; 55643035700","Unmanned Aerial Vehicles-based blockchain-inspired Intelligent framework for collaborative intrusion detection","2026","ICT Express","12","2","","336","352","1","10.1016/j.icte.2025.12.008","https://www.scopus.com/pages/publications/105025543086?origin=resultslist","Unmanned Aerial Vehicles (UAVs) are increasingly deployed across diverse domains such as surveillance, logistics, and disaster management. However, ensuring the safety, security, and trustworthiness of UAV operations remains a significant challenge, primarily due to vulnerabilities in centralized data processing architectures. Traditional UAV systems rely on remote cloud servers to perform machine learning (ML)-based analytics, which introduces issues such as data exposure, latency, scalability bottlenecks, and susceptibility to cyberattacks during data transmission and storage. These challenges underscore the urgent need for a decentralized, verifiable, and privacy-preser ving learning mechanism that can support collaborative UAV intelligence without centralized control. To address these limitations, this study proposes a blockchain-enabled distributed ML framework that facilitates secure, peer-to-peer collaboration among UAV nodes. The framework integrates blockchain’s immutable ledger and smart contracts with decentralized ML models, enabling UAVs to share and validate trained models rather than raw data. This ensures data confidentiality, integrity, and transparency throughout the learning process. A stacking-based ensemble mechanism is employed to enhance predictive performance through collaborative knowledge aggregation. The proposed system is experimentally validated using a collaborative intrusion detection (ID) scenario using the KDD99 network attack data set and real-world implementation. The results demonstrate significant improvements in detection accuracy, latency and F1-score compared to conventional centralized ML methods, achieving an average accuracy of 97.9%, latency 198ms, and F1-score exceeding 97%. These outcomes confirm that the integration of blockchain and decentralized ML effectively mitigates cybersecurity risks while enabling scalable, trustworthy UAV intelligence. © 2025 The Authors.","Blockchain; Internet of Things; Intrusion detection; Security; UAV","","Article","Final","All Open Access; Gold Open Access; Green Open Access","Scopus","2-s2.0-105025543086"
"Mohammed H.; Burai M.; Ibrahim R.","Mohammed, Hussein (60777455400); Burai, Mohammed (60675686900); Ibrahim, Raied (59933801500)","60777455400; 60675686900; 59933801500","Sustainable Smart Facility: A Real-Time Internet of Things-Based Environmental Monitoring and Predictive Control System Using Amazon Web Services Cloud Services","2026","IET Wireless Sensor Systems","16","1","e70035","","","0","10.1049/wss2.70035","https://www.scopus.com/pages/publications/105046601169?origin=resultslist","Industrial facilities face critical environmental hazards—including temperature surges, humidity imbalances and combustible gas leaks—that existing monitoring solutions fail to anticipate, responding only after threshold violations occur and leaving a window of risk between hazard onset and system response. This paper presents Sustainable Smart Facility (SSF), a novel Internet of Things (IoT)–cloud architecture combining real-time environmental sensing with a predictive anomaly-detection layer to enable proactive hazard mitigation. An ESP32 microcontroller continuously samples DHT11 temperature/humidity and MQ2 gas sensors, transmitting readings via secure MQTT over transport layer security (TLS) to AWS IoT Core. A serverless AWS Lambda function applies both rule-based threshold logic and a lightweight Z-score anomaly detection algorithm to classify environmental states and issue actuator commands—controlling a ventilation fan and a servo-operated window—before critical thresholds are breached. Sensor data are persisted in Amazon DynamoDB for real-time querying and archived in Amazon S3 in JSON format for longitudinal analysis via AWS Glue and Amazon Athena. Amazon simple notification service (SNS) delivers immediate email alerts to facility managers upon threshold violation or anomaly detection. Comprehensive experiments over a 30-day deployment demonstrate end-to-end latency of (Formula presented.) ms, MQTT delivery reliability of 99.3%, Lambda execution time of (Formula presented.) ms, anomaly-detection F1-score of 93.0% and a false-positive rate of 2.1%. Scalability tests confirm sub-linear latency growth to 50 concurrent sensor nodes below 800 ms. Comparative evaluation against five state-of-the-art IoT monitoring systems shows SSF achieves the best balance of responsiveness, reliability, predictive capability and cost efficiency ($0.0023 per 1000 readings). © 2026 The Author(s). IET Wireless Sensor Systems published by John Wiley & Sons Ltd on behalf of The Institution of Engineering and Technology.","anomaly detection; cloud computing; environmental monitoring; ESP32 microcontroller; Internet of Things (IoT); Message Queuing Telemetry Transport (MQTT); serverless architecture; smart facility; Z-score","Anomaly detection; Distributed database systems; Facilities; Hazards; Internet of things; Microcontrollers; Network security; Predictive control systems; Sensor nodes; Anomaly detection; Cloud-computing; Environmental Monitoring; ESP32 microcontroller; Internet of thing; Message queuing telemetry transport; Real- time; Serverless architecture; Smart facility; Z-scores; Cloud computing","Article","Final","All Open Access; Gold Open Access","Scopus","2-s2.0-105046601169"
"Lilhore U.K.; Simaiya S.; Alroobaea R.; Baqasah A.M.; Alsafyani M.; Alhazmi A.; Khan M.M.","Lilhore, Umesh Kumar (55445409800); Simaiya, Sarita (57216622514); Alroobaea, Roobaea (56004657600); Baqasah, Abdullah M. (57433730800); Alsafyani, Majed (57215333357); Alhazmi, Afnan (57948751600); Khan, Md Monish (59941459100)","55445409800; 57216622514; 56004657600; 57433730800; 57215333357; 57948751600; 59941459100","SmartTrust: a hybrid deep learning framework for real-time threat detection in cloud environments using Zero-Trust Architecture","2025","Journal of Cloud Computing","14","1","35","","","44","10.1186/s13677-025-00764-7","https://www.scopus.com/pages/publications/105009543756?origin=resultslist","The rapid growth of cloud computing has brought scalability and flexibility to modern organizations, but it has also introduced a new wave of complex and evolving security threats. Traditional security mechanisms, such as static rule-based systems and Multi-Factor Authentication (MFA), often fall short of identifying advanced attacks like insider threats, privilege escalation, and data breaches. Addressing this gap, we propose SmartTrust, a hybrid deep learning framework designed for real-time threat detection in cloud environments built on Zero-Trust Architecture (ZTA) principles. SmartTrust integrates CNN, LSTM, and Transformer models to analyze spatial and temporal patterns in network traffic and user behaviours. Unlike conventional models, it leverages Reinforcement Learning to enable adaptive decision-making, allowing it to adjust responses based on real-time contextual signals dynamically. To ensure transparency and tamper-proof event tracking, the framework also incorporates blockchain-based logging that is aligned with ZTA compliance. We evaluated SmartTrust on two benchmark datasets, CIC-IoT 2023 and UNSW-NB15, which simulate realistic cloud-based attack scenarios. The model achieved detection rates of 99.19% for insider threats, 98.23% for privilege escalation, and 99.27% for data breaches while reducing false positives by over 40% compared to existing approaches. Though the model’s complexity introduces higher computational demands, its performance demonstrates that SmartTrust offers a robust, intelligent, and adaptive alternative to traditional cloud security solutions capable of evolving with today’s rapidly changing threat landscape. © The Author(s) 2025.","Anomaly detection; Cloud computing; Cloud security; LSTM deep learning; Reinforcement learning; SmartTrust framework; Zero-Trust architecture","Architecture; Behavioral research; Cloud computing architecture; Cloud security; Complex networks; Computer architecture; Decision making; Deep learning; Network architecture; Network security; Trusted computing; Anomaly detection; Cloud securities; Cloud-computing; Learning frameworks; LSTM deep learning; Real- time; Reinforcement learnings; Smarttrust framework; Threat detection; Zero-trust architecture; Anomaly detection","Article","Final","All Open Access; Gold Open Access; Green Open Access","Scopus","2-s2.0-105009543756"
"Harutyunyan A.; Poghosyan A.; Davtyan E.; Petrosyan K.; Baloian N.","Harutyunyan, Ashot (57200866782); Poghosyan, Arnak (55946421800); Davtyan, Edgar (59122616900); Petrosyan, Karen (59122617000); Baloian, Nelson (6507063425)","57200866782; 55946421800; 59122616900; 59122617000; 6507063425","Explaining Performance Issues of Cloud Applications From Logs Using Rule Induction and Dempster-Shafer Theory","2026","IEEE Access","14","","","64357","64375","0","10.1109/ACCESS.2026.3686885","https://www.scopus.com/pages/publications/105037038463?origin=resultslist","This study focuses on the explainability of AI operations for diagnosing degradations in cloud applications. Log data can provide essential contextual information on misbehaving applications in monitoring, evaluated against a key performance indicator (KPI). We describe an approach to learning conditions that lead to unacceptable KPI states using tree-based and rule-induction algorithms, including a rule-validation framework based on the Dempster-Shafer theory of evidence. The latter also provides a 'what-if' analysis mechanism to test user or expert hypotheses about the application's performance. These algorithms produce specific rules that explain anomalous behavior as disturbances in log event-type distributions. Event types (clusters of similar log messages) significantly reduce log volume and enable efficient analytics (e.g., anomaly and change detection) on these structures. Our methods infer event types exhibiting frequency imbalances, which can degrade application performance, and then trace those types back to raw log messages for complete interpretation and root-cause analysis (RCA). We present experimental insights from Elastic Sky X Integrated (ESXi) hosts in a private cloud environment that demonstrate the viability of the proposed framework for explainable cloud administration. The framework combines time-series data with unstructured event-log data collected from data-center resources. Experimental validation across three distinct failure scenarios (compute thrashing, network congestion, and storage saturation) demonstrated the model's robustness. The approach achieved a true positive rate of 98% for compute anomalies, 97% for network failures, and 99% for storage bottlenecks. Compared to traditional threshold-based monitoring, the proposed method significantly reduces false positives by distinguishing benign high-latency states from true system failures. In particular, event-log-only models achieved low recall (0.118), while the proposed multimodal fusion substantially improved detection performance and interpretability.  © 2026 The Authors.","Automated RCA; Dempster-Shafer theory; event types; feature importance; interpretable ML; log analytics; rule induction; tree methods; uncertainty","Anomaly detection; Cloud analytics; Cloud storage; Computation theory; Failure (mechanical); Learning algorithms; Trees (mathematics); Automated root-cause analyze; Dempster-Shafer theory; Event Types; Feature importance; Interpretable ML; Log analytic; Root cause analysis; Rule induction; Tree method; Uncertainty; Induction logging","Article","Final","All Open Access; Gold Open Access; Green Open Access","Scopus","2-s2.0-105037038463"
"Ghosh P.; Sarkar D.; Sharma J.; Phadikar S.","Ghosh, Partha (57191569553); Sarkar, Dipankar (57222090038); Sharma, Joy (57205199356); Phadikar, Santanu (26638877000)","57191569553; 57222090038; 57205199356; 26638877000","An intrusion detection system using modified-firefly algorithm in cloud environment","2021","International Journal of Digital Crime and Forensics","13","2","","1","15","22","10.4018/IJDCF.2021030105","https://www.scopus.com/pages/publications/85101369421?origin=resultslist","The present era is being dominated by cloud computing technology which provides services to the users as per demand over the internet. Satisfying the needs of huge people makes the technology prone to activities which come up as a threat. Intrusion detection system (IDS) is an effective method of providing data security to the information stored in the cloud which works by analyzing the network traffic and informs in case of any malicious activities. In order to control high amount of data stored in cloud, data is stored as per relevance leading to distributed computing. To remove redundant data, the authors have implemented data mining process such as feature selection which is used to generate an optimum subset of features from a dataset. In this paper, the proposed IDS provides security working upon the idea of feature selection. The authors have prepared a modified-firefly algorithm which acts as a proficient feature selection method and enables the NSL-KDD dataset to consume less storage space by reducing dimensions as well as less training time with greater classification accuracy. © 2021 IGI Global. All rights reserved.","Cloud computing; Feature selection; Firefly algorithm (FA); Intrusion detection system (IDS); NSL-KDD dataset; Particle swarm optimization (PSO)","Bioluminescence; Classification (of information); Computer crime; Digital storage; Feature extraction; Intrusion detection; Network security; Optimization; Classification accuracy; Cloud computing technologies; Cloud environments; Data mining process; Feature selection methods; Intrusion Detection Systems; Malicious activities; Modified firefly algorithms; Data mining","Article","Final","All Open Access; Gold Open Access","Scopus","2-s2.0-85101369421"
"Tripathi A.; Waqas A.; Venkatesan K.; Yilmaz Y.; Rasool G.","Tripathi, Aakash (57695022600); Waqas, Asim (57226283697); Venkatesan, Kavya (58655382300); Yilmaz, Yasin (24170581600); Rasool, Ghulam (57188549397)","57695022600; 57226283697; 58655382300; 24170581600; 57188549397","Building Flexible, Scalable, and Machine Learning-Ready Multimodal Oncology Datasets","2024","Sensors","24","5","1634","","","33","10.3390/s24051634","https://www.scopus.com/pages/publications/85187469800?origin=resultslist","The advancements in data acquisition, storage, and processing techniques have resulted in the rapid growth of heterogeneous medical data. Integrating radiological scans, histopathology images, and molecular information with clinical data is essential for developing a holistic understanding of the disease and optimizing treatment. The need for integrating data from multiple sources is further pronounced in complex diseases such as cancer for enabling precision medicine and personalized treatments. This work proposes Multimodal Integration of Oncology Data System (MINDS)—a flexible, scalable, and cost-effective metadata framework for efficiently fusing disparate data from public sources such as the Cancer Research Data Commons (CRDC) into an interconnected, patient-centric framework. MINDS consolidates over 41,000 cases from across repositories while achieving a high compression ratio relative to the 3.78 PB source data size. It offers sub-5-s query response times for interactive exploration. MINDS offers an interface for exploring relationships across data types and building cohorts for developing large-scale multimodal machine learning models. By harmonizing multimodal data, MINDS aims to potentially empower researchers with greater analytical ability to uncover diagnostic and prognostic insights and enable evidence-based personalized care. MINDS tracks granular end-to-end data provenance, ensuring reproducibility and transparency. The cloud-native architecture of MINDS can handle exponential data growth in a secure, cost-optimized manner while ensuring substantial storage optimization, replication avoidance, and dynamic access capabilities. Auto-scaling, access controls, and other mechanisms guarantee pipelines’ scalability and security. MINDS overcomes the limitations of existing biomedical data silos via an interoperable metadata-driven approach that represents a pivotal step toward the future of oncology data integration. © 2024 by the authors.","cancer; cloud computing; data lake; data warehouse; deep learning; embeddings analysis; machine learning; multimodal; oncology","Humans; Neoplasms; Reproducibility of Results; Cost effectiveness; Data acquisition; Data integration; Deep learning; Diagnosis; Digital storage; Diseases; Learning systems; Metadata; Oncology; Cancer; Cloud-computing; Data lake; Data systems; Deep learning; Embedding analyse; Embeddings; Machine-learning; Multi-modal; Multimodal integration; human; neoplasm; reproducibility; Data warehouses","Article","Final","All Open Access; Gold Open Access; Green Open Access","Scopus","2-s2.0-85187469800"
"Gouri F.; Kota C.P.K.; Shivnatri M.; Jain K.","Gouri, Faiz (59735117700); Kota, Chakra Pavan Kumar (60514532500); Shivnatri, Mahesh (59954823500); Jain, Kuber (60514370500)","59735117700; 60514532500; 59954823500; 60514370500","AutoScaleAI: An AI-Powered Framework for Cloud Resource Optimization Using Telemetry Analytics","2026","IEEE Access","14","","","49082","49098","0","10.1109/ACCESS.2026.3677437","https://www.scopus.com/pages/publications/105034431169?origin=resultslist","Cloud infrastructure operators face increasing challenges in balancing performance, cost, and reliability due to dynamic workloads and complex interdependencies. This paper presents AutoScaleAI, an AI-driven telemetry analytics framework designed to proactively optimize cloud resource utilization and reduce operational costs. The framework integrates a hybrid prediction model combining Gradient Boosting Machines (GBM) and Long Short-Term Memory (LSTM) networks to forecast short-horizon CPU, memory, and network utilization trends, enabling proactive scaling decisions. It further incorporates a two-tier anomaly detection engine combining Isolation Forest (IF) and Variational Autoencoders (VAE) to identify sudden workload surges, latency deviations, and telemetry drift that may violate service level objectives. Telemetry data modeled on real-world Azure deployments (synthetic simulations validated against historical traces) are used to train and evaluate the system across compute, storage, and network dimensions. In addition, we conduct a controlled real-world pilot on Azure Kubernetes Service (AKS) with live telemetry and production APIs, validating end-to-end feasibility and quantifying operational overhead. Experimental results show that AutoScaleAI achieves up to 38% cost reduction and a 35% increase in resource efficiency, outperforming traditional threshold-based and deep reinforcement learning baselines. Additionally, the system achieves a decision latency of 235 milliseconds, making it suitable for real-time cloud optimization scenarios. AutoScaleAI is further validated through real-world case studies in e-commerce, finance, and healthcare environments. This work contributes a scalable and adaptive solution for AI-powered cloud management, offering practical benefits for both hyperscale providers and enterprise consumers.  © 2013 IEEE.","AI telemetry analytics; anomaly detection; Azure infrastructure; cloud computing; cost reduction; distributed applications; gradient boosting; hybrid AI systems; real-time scaling; resource forecasting","Adaptive boosting; Anomaly detection; Balancing; Cloud analytics; Digital storage; Learning systems; Machine learning; Program processors; Telemetering; Telemetering equipment; AI systems; AI telemetry analytic; Anomaly detection; Azure infrastructure; Cloud-computing; Costs reduction; Distributed applications; Gradient boosting; Hybrid AI system; Real- time; Real-time scaling; Resource forecasting; Time-scaling; Cost reduction","Article","Final","All Open Access; Gold Open Access; Green Open Access","Scopus","2-s2.0-105034431169"
"Bhange V.; Shende P.; Ambudkar B.","Bhange, Vaishali (60741856600); Shende, Priti (59483296400); Ambudkar, Bhavna (24586705000)","60741856600; 59483296400; 24586705000","Ai Powered Wearable Fall Prevention Device","2026","Journal of Intelligent Decision Making and Information Science","3","1S","","557","570","0","10.59543/jidmis.v3.453","https://www.scopus.com/pages/publications/105044814805?origin=resultslist","Falls are still among the causes of injury, hospitalization, and loss of independence in older adults across the world. The traditional fall detection systems mostly involve hard-wired fall detector systems that are operated using fixed threshold-based acceleration techniques, which are not usually flexible to accommodate individual movement patterns, and therefore have a high rate of false alarms. In this paper, the algorithm design and development of an AI-enabled wearable fall prevention device will be presented which consists of multi-sensor fusion, dynamic thresholding, and machine learning algorithms to provide an accurate real-time fall detector and health monitor. The suggested system has an ESP32 microcontroller with an MPU9250 inertial movement block to track the motion accurately and an in-built blood pressure, heart rate, and pressure sensor to measure physiological and impact-related variables. The system can improve distinguishing between everyday activities and the actual falls through the combination of acceleration, angular velocity, and vital signs data. A machine learning model is used to learn actively user-specific movement features, which is more sensitive and specific compared to the conventional fixed threshold methods. At the edge, real-time processing of data is done to reduce latency, whereas cloud integration with the help of AWS guarantees scalable communication, secure storage, and remote access. Special mobile app will afford caregivers graphical representation of vital signs, fall history and real-time emergency notifications. The combination of smart analytics, active wearable sensing, and cloud-based notification will help minimize the response time, increase the safety of the elderly and the quality of life in general because of proactive fall preventive measures and continuous health tracking. © 2026, Nexora Academic Press. All rights reserved.","-Fall Prevention; Artificial Intelligence; Health Monitoring; Real-Time Monitoring; Wearable Devices","","Article","Final","All Open Access; Hybrid Gold Open Access","Scopus","2-s2.0-105044814805"
"Ghazi M.R.; Raghava N.S.","Ghazi, Mohd. Rehan (56770960300); Raghava, N.S. (24067255900)","56770960300; 24067255900","Securing cloud-enabled smart cities by detecting intrusion using spark-based stacking ensemble of machine learning algorithms","2024","Electronic Research Archive","32","2","","1268","1307","3","10.3934/ERA.2024060","https://www.scopus.com/pages/publications/85192984939?origin=resultslist","With the use of cloud computing, which provides the infrastructure necessary for the efficient delivery of smart city services to every citizen over the internet, intelligent systems may be readily integrated into smart cities and communicate with one another. Any smart system at home, in a car, or in the workplace can be remotely controlled and directed by the individual at any time. Continuous cloud service availability is becoming a critical subscriber requirement within smart cities. However, these cost-cutting measures and service improvements will make smart city cloud networks more vulnerable and at risk. The primary function of Intrusion Detection Systems (IDS) has gotten increasingly challenging due to the enormous proliferation of data created in cloud networks of smart cities. To alleviate these concerns, we provide a framework for automatic, reliable, and uninterrupted cloud availability of services for the network data security of intelligent connected devices. This framework enables IDS to defend against security threats and to provide services that meet the users’ Quality of Service (QoS) expectations. This study’s intrusion detection solution for cloud network data from smart cities employed Spark and Waikato Environment for Knowledge Analysis (WEKA). WEKA and Spark are linked and made scalable and distributed. The Hadoop Distributed File System (HDFS) storage advantages are combined with WEKA’s Knowledge flow for processing cloud network data for smart cities. Utilizing HDFS components, WEKA’s machine learning algorithms receive cloud network data from smart cities. This research utilizes the wrapper-based Feature Selection (FS) approach for IDS, employing both the Pigeon Inspired Optimizer (PIO) and the Particle Swarm Optimization (PSO). For classifying the cloud network traffic of smart cities, the tree-based Stacking Ensemble Method (SEM) of J48, Random Forest (RF), and eXtreme Gradient Boosting (XGBoost) are applied. Performance evaluations of our system were conducted using the UNSW-NB15 and NSL-KDD datasets. Our technique is superior to previous works in terms of sensitivity, specificity, precision, false positive rate (FPR), accuracy, F1 Score, and Matthews correlation coefficient (MCC). © 2024 the Author(s), licensee AIMS Press. This is an open access article distributed under the terms of the Creative Commons Attribution License (http://creativecommons.org/licenses/by/4.0)","cloud security; IDS; pigeon-inspired optimizer; PSO; smart cities; spark","","Article","Final","All Open Access; Gold Open Access; Green Open Access","Scopus","2-s2.0-85192984939"
"Li W.; Zhou H.; Radhakrishnan S.; Kamarthi S.","Li, Wei (57219729707); Zhou, Haozhou (59743048700); Radhakrishnan, Srinivasan (57197517531); Kamarthi, Sagar (35587084600)","57219729707; 59743048700; 57197517531; 35587084600","Explainable time series features for hard disk drive failure prediction","2025","Engineering Applications of Artificial Intelligence","152","","110674","","","8","10.1016/j.engappai.2025.110674","https://www.scopus.com/pages/publications/105002147938?origin=resultslist","Reliable data storage is crucial for industry digitalization and cloud infrastructure. To prevent data loss and improve maintenance efficiency in data centers, timely replacement of Hard Disk Drives (HDDs) is critical. HDDs are equipped with Self-Monitoring, Analysis, and Reporting Technology (SMART) to track key performance indicators with empirically established thresholds. In recent years, various machine learning models have utilized SMART time series data for early HDD failure prediction. However, decision-makers need greater transparency and explainability to trust and implement these data-driven models. In this work, we proposed a framework that extracts explainable features from the SMART time series and visualizes the feature impact on short-term HDD failure prediction using SHapley Additive exPlanations (SHAP) analysis. We trained an eXtreme Gradient Boosting (XGBoost) model with information-rich features and evaluated the failure detection rate and false alarm rate. We demonstrated the effectiveness of the proposed approach on Backblaze data for Quarter 1 and Quarter 2 of 2022. The model provided a 74.7% failure detection rate with only a 0.73% false alarm rate on the test data from Quarter 3 of 2022, outperforming an existing explainable model benchmark of a 54.68% failure detection rate and an 11.85% false alarm rate. In addition, the sensitivity analysis optimizes the signal length and the lead time to improve prediction accuracy and inform predictive maintenance policies. The results demonstrate the potential of the proposed framework for effective HDD failure prediction with explainable features. The proposed framework is also applicable to other sensor-based industrial equipment monitoring applications. © 2025 The Authors","Explainable artificial intelligence; Feature extraction; Hard disk drive; Hard drive prognostics; Prognostics and health management","Diagnosis; Hard disk storage; Explainable artificial intelligence; Failures prediction; Features extraction; Hard Disk Drive; Hard drive prognostic; Hard drives; Monitoring analysis; Prognostic and health management; Self-monitoring; Self-reporting; Predictive maintenance","Article","Final","All Open Access; Hybrid Gold Open Access","Scopus","2-s2.0-105002147938"
"Gupta R.; Singh A.K.","Gupta, Rishabh (57217725495); Singh, Ashutosh Kumar (57212846086)","57217725495; 57212846086","Differential and Access Policy Based Privacy-Preserving Model in Cloud Environment","2022","Journal of Web Engineering","21","3","","609","632","10","10.13052/jwe1540-9589.2132","https://www.scopus.com/pages/publications/85126439974?origin=resultslist","Cloud computing has multiple benefits in terms of minimum cost, maximum efficiency, and high scalability, which prompts shifting a large amount of data from the local machine to the cloud environment for storage, computation, and data sharing among various parties stakeholders. However, owners do not fully trust the cloud platform operated by a third party. Therefore, security and privacy emerge as critical issues while sharing data among different parties. In this paper, a novel privacy-preserving model is proposed by utilizing encryption, differential privacy, and machine learning approaches. It facilitates data owners to share their data securely in the cloud environment. The model defines access policy and communication protocol among the involved untrusted parties for data processing and privacy preservation. The proposed model is evaluated by executing experiments using distinct datasets. The achieved results reveal that the proposed model provides high accuracy, precision, recall, and f1-score up to 98%, 98%, 97%, and 97%, respectively, over the state of the art methods. © 2022 River Publishers. All rights reserved.","access control.; Cloud computing; differential privacy; machine learning; privacy-preserving","","Article","Final","All Open Access; Gold Open Access","Scopus","2-s2.0-85126439974"
"Aleran A.; Almukhalfi H.; Noor A.; Alluhaibi R.; Hafez A.; Noor T.H.","Aleran, Atheer (60145859100); Almukhalfi, Hanan (58675988800); Noor, Ayman (57207470285); Alluhaibi, Reyadh (57197866576); Hafez, Abdulrahman (57194798937); Noor, Talal H. (56760525000)","60145859100; 58675988800; 57207470285; 57197866576; 57194798937; 56760525000","An IoT-Based Predictive Maintenance Framework Using a Hybrid Deep Learning Model for Smart Industrial Systems","2026","Computers, Materials and Continua","86","3","93","","","3","10.32604/cmc.2025.070741","https://www.scopus.com/pages/publications/105027936237?origin=resultslist","Modern industrial environments require uninterrupted machinery operation to maintain productivity standards while ensuring safety and minimizing costs. Conventional maintenance methods, such as reactive maintenance (i.e., run to failure) or time-based preventive maintenance (i.e., scheduled servicing), prove ineffective for complex systems with many Internet of Things (IoT) devices and sensors because they fall short in detecting faults at early stages when it is most crucial. This paper presents a predictive maintenance framework based on a hybrid deep learning model that integrates the capabilities of Long Short-Term Memory (LSTM) Networks and Convolutional Neural Networks (CNNs). The framework integrates spatial feature extraction and temporal sequence modeling to accurately classify the health state of industrial equipment into three categories, including Normal, Require Maintenance, and Failed. The framework uses a modular pipeline that includes IoT-enabled data collection along with secure transmission methods to manage cloud storage and provide real-time fault classification. The FD004 subset of the NASA C-MAPSS dataset, containing multivariate sensor readings from aircraft engines, serves as the training and evaluation data for the model. Experimental results show that the LSTM-CNN model outperforms baseline models such as LSTM-SVM and LSTM-RNN, achieving an overall average accuracy of 86.66%, precision of 86.00%, recall of 86.33%, and F1-score of 86.33%. Contrary to the previous LSTM-CNN–based predictive maintenance models that either provide a binary classification or rely on synthetically balanced data, our paper provides a three-class maintenance state (i.e., Normal, Require Maintenance, and Failed) along with threshold-based labeling that retains the true nature of the degradation. In addition, our work also provides an IoT-to-cloud-based modular architecture for deployment. It offers Computerized Maintenance Management System (CMMS) integration, making our proposed solution not only technically sound but also practical and innovative. The solution achieves real-world industrial deployment readiness through its reliable performance alongside its scalable system design. Copyright © 2025 The Authors.","deep learning; industrial fault diagnosis; Internet of Things (IoT); LSTM-CNN hybrid model; Predictive maintenance; remaining useful life (RUL); smart industrial systems","Complex networks; Convolution; Convolutional neural networks; Deep neural networks; Digital storage; Failure analysis; Fault detection; Fighter aircraft; Learning systems; Long short-term memory; Maintainability; Predictive maintenance; Preventive maintenance; Safety engineering; Convolutional neural network; Deep learning; Faults diagnosis; Hybrid model; Industrial fault diagnose; Industrial systems; Internet of thing; Long short-term memory-convolutional neural network hybrid model; Predictive maintenance; Remaining useful life; Remaining useful lives; Short term memory; Smart industrial system; NASA","Article","Final","All Open Access; Gold Open Access","Scopus","2-s2.0-105027936237"
"Sreejindeth P.; Padmavathy T.","Sreejindeth, P. (60660778700); Padmavathy, T. (25928522000)","60660778700; 25928522000","Eco-FinOps: a causal-agentic framework for energy-efficient and explainable cloud cost optimization","2026","Frontiers in Artificial Intelligence","9","","1861514","","","0","10.3389/frai.2026.1861514","https://www.scopus.com/pages/publications/105044295849?origin=resultslist","Two converging crises—uncontrolled operational expenditure and significant environmental hazards—have been aggravated by the exponential scaling of cloud infrastructure. This has led to a greater focus on the efficiency of Financial Operations (FinOps). Current monitoring methods exhibit a major flaw: passive dashboards require constant human monitoring and lead to alert fatigue, whereas deep learning models require substantial Graphics Processing Unit (GPU) resources and operate as opaque “black boxes.” This lack of interpretability contradicts the sustainability goals these tools promise to support. This study proposes Eco-FinOps, a causal-agentic framework that autonomously and energy-efficiently optimizes cloud costs, designed strictly for commodity Central Processing Unit (CPU) environments without discrete GPU requirements. The system uses Polars-based telemetry ingestion, the Peter-Clark (Algorithm) (PC) algorithm for causal graph construction, and DoWhy for effect estimation to mathematically distinguish genuine workload fluctuations from inefficient resource usage. This study targets the “zombie” resource pattern—provisioned instances that utilize only 0.2%-5% CPU while maintaining 60%–90% memory consumption. Furthermore, a LangGraph-coordinated Retrieval-Augmented Generation (RAG) pipeline enables Small Language Models to generate auditable, human-verifiable remediation scripts. Evaluated on five fault-injection scenarios from the Alibaba Cluster Trace dataset, the framework achieves a Precision of 0.89, a recall of 0.86, and an F1-score of 0.87. Causal verification successfully eliminates 39% of false positive anomalies, raising Precision by 38 points over static threshold rules and outperforming neural autoencoder baselines by 15 F1 points. Copyright © 2026 Sreejindeth and Padmavathy.","AIOps; anomaly detection; causal inference; cloud cost optimization; FinOps; green cloud; LLM safety; RAG","","Article","Final","All Open Access; Gold Open Access; Green Open Access","Scopus","2-s2.0-105044295849"
"Aldallal A.","Aldallal, Ammar (57677944100)","57677944100","Toward Efficient Intrusion Detection System Using Hybrid Deep Learning Approach","2022","Symmetry","14","9","1916","","","63","10.3390/sym14091916","https://www.scopus.com/pages/publications/85138528792?origin=resultslist","The increased adoption of cloud computing resources produces major loopholes in cloud computing for cybersecurity attacks. An intrusion detection system (IDS) is one of the vital defenses against threats and attacks to cloud computing. Current IDSs encounter two challenges, namely, low accuracy and a high false alarm rate. Due to these challenges, additional efforts are required by network experts to respond to abnormal traffic alerts. To improve IDS efficiency in detecting abnormal network traffic, this work develops an IDS using a recurrent neural network based on gated recurrent units (GRUs) and improved long short-term memory (LSTM) through a computing unit to form Cu-LSTMGRU. The proposed system efficiently classifies the network flow instances as benign or malevolent. This system is examined using the most up-to-date dataset CICIDS2018. To further optimize computational complexity, the dataset is optimized through the Pearson correlation feature selection algorithm. The proposed model is evaluated using several metrics. The results show that the proposed model remarkably outperforms benchmarks by up to 12.045%. Therefore, the Cu-LSTMGRU model provides a high level of symmetry between cloud computing security and the detection of intrusions and malicious attacks. © 2022 by the author.","deep learning; feature selection; GRU; intrusion detection system; LSTM; Pearson correlation; RNN","","Article","Final","All Open Access; Gold Open Access; Green Open Access","Scopus","2-s2.0-85138528792"
"Ali M.A.; Singh A.","Ali, Mohd Asgar (60619468500); Singh, Amanpreet (57301682400)","60619468500; 57301682400","Intelligent Threat Detection: Adaptive Weighted Security Index and Enhanced Bi-LSTM Residual Network for Cloud Protection","2026","International Journal of Computer Networks and Applications","13","2","","338","355","1","10.22247/ijcna/2026/18","https://www.scopus.com/pages/publications/105038009285?origin=resultslist","– The dynamism of the global computer electronics market has enhanced the embracement of cloud computing (CC) technologies given the fact that they easily connect with the networking and computing systems. Cloud computing has huge computing capabilities, storage capacity and is more powerful than conventional computing systems. Nevertheless, its complicated structure and high-resource requirements present serious security risks, such as the ability to be affected by network overloads and other cyberattacks launched by hacked smart objects. Intrusion Detection System (IDS) have become important in detecting an intrusion in a cloud system. Traditional IDS methods, namely Support Vector Machine (SVM), Random Forest (RF), Convolutional Neural Network (CNN), and conventional Long Short-Term Memory (LSTM) networks, usually have poor performance with high false-negative, and poor detection results. In an attempt to overcome these constraints, this paper presents an Improved Bidirectional LSTM-based Deep Residual Network (Bi-LSTM-DRN) combined with an Adaptive weighted Network Security Index (AWNSI) protocol to detect intrusion in cloud computing systems in real-time. AWNSI is a system that provides an evaluation of network traffic in a systematic way with adaptive weighting to emphasize on the essential security parameters to enhance detection sensitivity and contextual accuracy. In addition, Particle Swarm Optimization (PSO) is also utilized in optimization of the weighting process and rapid convergence of the network. The suggested framework is written in Python and tested on standard intrusion detection datasets, and its performance is measured by the accuracy, precision, recall, and F1-score indicators. The experimental findings prove that the Bi-LSTM-DRN using AWNSI and PSO is superior to the conventional deep learning and machine learning-based IDS systems and provides a very accurate, adaptive and efficient machine used to secure modern cloud computing scenarios. © Ever Science Publications.","Adaptive Weighted Network Security Index (AWNSI); Bi-LSTM-Deep Residual Network (Bi-LSTM-DRN); Index Terms – Cloud Computing; Intrusion Detection System (IDS); Particle Swarm Optimization (PSO) and Random Forest (RF)","","Article","Final","All Open Access; Gold Open Access","Scopus","2-s2.0-105038009285"
"Kanthasamy D.; Vinoth Kumar C.N.S.","Kanthasamy, D. (60136069200); Vinoth Kumar, C.N.S. (56441750900)","60136069200; 56441750900","Adaptive and scalable protection framework for virtual machines leveraging deep learning and dynamic defense","2025","Scientific Reports","15","1","42172","","","0","10.1038/s41598-025-26221-8","https://www.scopus.com/pages/publications/105022904703?origin=resultslist","Virtual Machines (VMs) serve as dynamic execution environments that trade-off workload isolation, performance, and elastic scalability in the cloud. However, the flexibility of VMs which allows for efficiency also makes them susceptible to stealthy and adaptive cyber threats such as resource exhaustion, privilege escalation, and lateral movement. In such environments, the traditional signature- and heuristic-based defenses often encounter difficulties, resulting in high false-positive rates and low-rank under changing attack conditions. To mitigate these limitations, we present a flexible defense system which combines feature extraction, anomaly detection, classification and mitigation in a single pipeline. The system consists of an Adaptive Feature Encoder for concise behavior representation, a Density-Aware Clustering for anomaly detection, a Transformer–Boosting Classifier for timely threat identification, and a Dynamic Mitigation Controller for prompt decision making at runtime, and with low overhead. Experiments on benchmark VM telemetry datasets (ToN-IoT and CSE-CIC-IDS2018) indicate that VMShield provides 99.8% accuracy, 99.7% precision, 99.6% F1-score, and reduces false positives by 35% compared to state-of-the-art baselines. Stress testing ensures scalability, keeping detection latency at ~ 240 ms and overhead under 7%. By integrating the accuracy with operational resilience, proposed adaptive and scalable protection framework offers a practical defense to protect the cloud-hosted VMs from the emerging adversarial threats. © The Author(s) 2025.","Adaptive defense; Adaptive feature encoder; Anomaly detection; Cloud security; Density-aware clustering; Dynamic mitigation controller; Transformer–boosting classifier; Virtual machine security","article; benchmarking; classifier; decision making; deep learning; diagnosis; exhaustion; false positive result; feature extraction; human; latent period; mitigation; outlier detection; telemetry; workload","Article","Final","All Open Access; Gold Open Access; Green Open Access","Scopus","2-s2.0-105022904703"
"Nishika; Solanki K.; Dalal S.","Nishika (57269570900); Solanki, Kamna (57188767624); Dalal, Sandeep (57188767010)","57269570900; 57188767624; 57188767010","Detection of Intruder in Cloud Computing Environment using Swarm Inspired based Neural Network","2021","International Journal of Advanced Computer Science and Applications","12","9","","456","464","2","10.14569/IJACSA.2021.0120952","https://www.scopus.com/pages/publications/85119213087?origin=resultslist","Cloud computing services offered a resource pool with a wide range of storage for large amounts of data. Cloud services are generally used as a demand-driven private or open data forum, and the increase in use has led to security concerns. Therefore, it is necessary to design an accurate Intrusion Detection System (IDS) to identify the suspected node in the cloud computing environment. This is possible by monitoring network traffic so that the quality of service and performance of the system can be maintained. Several researchers have worked on designing valid IDS with the help of a machine learning approach. A single classification algorithm seems to be impossible to detect intruders with high accuracy. Therefore, a hybrid approach is presented. This approach is a combination of Cuckoo Search. CS as an optimization algorithm and Feed Forward Back Propagation Neural Network (FFBPNN) as a multi-class classification approach. The user's request to access cloud data is collected and essential features are selected using CS as an optimization approach. The selected features are used to train FFBPNN with reduced training time and complexity. The experimental analysis has been performed in terms of precision, recall, F-measure, and accuracy. The evaluated value for parameters i.e., precision (85.5%), recall (86.4%), F-measure (85.9%), and accuracy (86.22%) are observed. At last, the parameters are also compared with the existing approach. © 2021. All Rights Reserved.","Cloud computing; cuckoo search; feed forward back propagation neural network (FFBPNN); intrusion detection system","Backpropagation; Cloud computing; Computer crime; Digital storage; Feedforward neural networks; Network security; Optimization; Quality of service; Torsional stress; Cloud computing environments; Cloud computing services; Cloud-computing; Cuckoo searches; F measure; Feed forward back propagation neural network; Feed-forward back-propagation neural networks; Intrusion Detection Systems; Large amounts of data; Neural-networks; Intrusion detection","Article","Final","All Open Access; Gold Open Access; Green Open Access","Scopus","2-s2.0-85119213087"
"Nagesh D.; Kumari K.; Tripathi A.K.; Chittayil Raveendran V.; Dalal J.; Sekar P.","Nagesh, Donkina (60405031500); Kumari, Kiran (57211408284); Tripathi, Abhishek Kumar (57193692186); Chittayil Raveendran, Vanisree (60405031600); Dalal, Jyoti (57196456211); Sekar, Prabhakar (58824033100)","60405031500; 57211408284; 57193692186; 60405031600; 57196456211; 58824033100","Intelligent Soil Analytics for Forensic Applications: Emerging Technologies, Trends, and Transformative Paradigms","2026","Engineering Reports","8","2","e70538","","","0","10.1002/eng2.70538","https://www.scopus.com/pages/publications/105030498088?origin=resultslist","Soil is important trace evidence in forensic investigations. Its complex makeup varies by location. Traditional soil analysis methods in forensic science have some issues. They can be subjective. They also lack real-time capabilities and do not work well with modern analytical tools. This article summarizes recent advancements in smart soil analysis for forensic uses. It highlights new technologies, research trends, and major developments. Key innovations include the application of nanobiosensors for detecting biochemical soil signatures, DNA metagenomics for microbial fingerprinting, and remote or proximal soil sensing for spatial mapping. The use of these technologies with AI and machine learning has led to better classification models. It also supports digital twin architectures that mimic soil behavior in real time. Recent studies show that using soil sensor data with supervised learning algorithms, such as Random Forest and SVM, can reach classification accuracies above 90%. Cloud-based frameworks improve forensic traceability. They allow for the storage, syncing, and remote analysis of soil evidence. This technological convergence is changing forensic methods. It improves the precision, reproducibility, and legal strength of soil evidence. It also creates connections across agriculture, environmental monitoring, and land-use planning. The review highlights important challenges. These include data standardization, sensor calibration, and legal admissibility. It also suggests a roadmap for future research. Intelligent soil analytics is key to next-gen forensic science. It has wide effects on justice, sustainability, and caring for the environment. In addition to its forensic applications, these technologies benefit agriculture and land management, allowing for more informed decisions on soil conservation and nutrient optimization. Real-time monitoring capabilities enable immediate interventions to address soil health issues, resulting in increased crop yields and reduced environmental impacts. The integration of AI and sensor technology into soil management practices thus holds transformative potential for both forensic science and sustainable agriculture, ensuring long-term soil health and ecological balance. © 2026 The Author(s). Engineering Reports published by John Wiley & Sons Ltd.","digital twin; DNA metagenomics; forensic soil analysis; intelligent soil systems; nanobiosensors","Agriculture; Decision making; Digital forensics; Digital twin; Environmental impact; Environmental regulations; Forensic engineering; Land use; Learning algorithms; Learning systems; Machine learning; Soil conservation; Soil surveys; Soils; Sustainable development; DNA metagenomic; Forensic applications; Forensic soil analyze; Forensic soils; Intelligent soil system; Metagenomics; Nanobiosensor; Soil analysis; Soil health; Soil systems; Digital storage","Article","Final","All Open Access; Gold Open Access; Green Open Access","Scopus","2-s2.0-105030498088"
"Alzughaibi S.; El Khediri S.","Alzughaibi, Saud (58126381600); El Khediri, Salim (55209857100)","58126381600; 55209857100","A Cloud Intrusion Detection Systems Based on DNN Using Backpropagation and PSO on the CSE-CIC-IDS2018 Dataset","2023","Applied Sciences (Switzerland)","13","4","2276","","","121","10.3390/app13042276","https://www.scopus.com/pages/publications/85149337107?origin=resultslist","Cloud computing (CC) is becoming an essential technology worldwide. This approach represents a revolution in data storage and collaborative services. Nevertheless, security issues have grown with the move to CC, including intrusion detection systems (IDSs). Intruders have developed advanced tools that trick the traditional IDS. This study attempts to contribute toward solving this problem and reducing its harmful effects by boosting IDS performance and efficiency in a cloud environment. We build two models based on deep neural networks (DNNs) for this study: the first model is built on a multi-layer perceptron (MLP) with backpropagation (BP), and the other is trained by MLP with particle swarm optimization (PSO). We use these models to deal with binary and multi-class classification on the updated cybersecurity CSE-CIC-IDS2018 dataset. This study aims to improve the accuracy of detecting intrusion attacks for IDSs in a cloud environment and to enhance other performance metrics. In this study, we document all aspects of our experiments in depth. The results show that the best accuracy obtained for binary classification was 98.97% and that for multi-class classification was 98.41%. Furthermore, the results are compared with those from the related literature. © 2023 by the authors.","artificial neural networks; backpropagation; cloud computing; CSE-CIC-IDS2018; deep learning; intrusion detection system; multi-layer perceptron; particle swarm optimization","","Article","Final","All Open Access; Gold Open Access; Green Open Access","Scopus","2-s2.0-85149337107"
"Ngabo D.; Wang D.; Iwendi C.; Anajemba J.H.; Ajao L.A.; Biamba C.","Ngabo, Desire (57204768077); Wang, Dong (56918747400); Iwendi, Celestine (54420169700); Anajemba, Joseph Henry (57203654604); Ajao, Lukman Adewale (57194237345); Biamba, Cresantus (57222598328)","57204768077; 56918747400; 54420169700; 57203654604; 57194237345; 57222598328","Blockchain-based security mechanism for the medical data at fog computing architecture of internet of things","2021","Electronics (Switzerland)","10","17","2110","","","98","10.3390/electronics10172110","https://www.scopus.com/pages/publications/85113955580?origin=resultslist","The recent developments in fog computing architecture and cloud of things (CoT) technology includes data mining management and artificial intelligence operations. However, one of the major challenges of this model is vulnerability to security threats and cyber-attacks against the fog computing layers. In such a scenario, each of the layers are susceptible to different intimidations, including the sensed data (edge layer), computing and processing of data (fog (layer), and storage and management for public users (cloud). The conventional data storage and security mechanisms that are currently in use appear to not be suitable for such a huge amount of generated data in the fog computing architecture. Thus, the major focus of this research is to provide security countermeasures against medical data mining threats, which are generated from the sensing layer (a human wearable device) and storage of data in the cloud database of internet of things (IoT). Therefore, we propose a public-permissioned blockchain security mechanism using elliptic curve crypto (ECC) digital signature that that supports a distributed ledger database (server) to provide an immutable security solution, transaction transparency and prevent the patient records tampering at the IoTs fog layer. The blockchain technology approach also helps to mitigate these issues of latency, centralization, and scalability in the fog model. © 2021 by the authors. Licensee MDPI, Basel, Switzerland.","Blockchain; Cloud of things; Distributed ledger; Elliptic curve cryptography; Fog and edge computing; Fog layer; Medical data; Privacy; Security mechanism","","Article","Final","All Open Access; Gold Open Access; Green Open Access","Scopus","2-s2.0-85113955580"
"Mrunalini M.; Venkatesh C.; Suneetha K.; Kumari K.","Mrunalini, M. (35797414800); Venkatesh, Chethan (57225956593); Suneetha, K. (57288463800); Kumari, Kimmi (57210595357)","35797414800; 57225956593; 57288463800; 57210595357","Design and Experimental Evaluation of a Secure Cloud File-Sharing System with Expiring Tokens and Distributed Key Custody","2026","Journal of Intelligent Decision Making and Information Science","3","5S","","1614","1633","0","10.59543/jidmis.v3.1307","https://www.scopus.com/pages/publications/105046652494?origin=resultslist","Public cloud file sharing enhances accessibility and scalability but still suffer from the same issues as bearer tokens and centralized key services: credential theft, credential replay, single point compromise, and continued key availability after credential expiration. To tackle these deficiencies, this study presents a file-sharing prototype system which is a combination of AES-256GCM encryption, ES256 recipient-bound JSON Web Tokens, proof-ofpossession signatures, nonce based replay prevention, atomic single use enforcement, and 3-of-5 Shamir threshold key sharing. A set of trials was employed to evaluate the cryptographic processing, token attacks, threshold recovery, guardian failures, expiration behaviour, and concurrent access, along with synthetic access logs for anomaly detection. The legitimate access succeeded in all trials, while most of the other types of attacks (expired, modified, replayed, stolen-token attacks) reached 0% success rate. Key reconstruction failed with less than 3 guardian failures, was still possible with a maximum of 2 guardian failures and was not possible after deletion of guardian shares. The threshold design had a small amount of extra latency across centralized baseline designs and was able to serve 100 concurrent requests with 100% success. The study concludes that with a combination of recipient bound temporal authorization with distributed key custody, auditable cryptographic expiration becomes possible. The most significant contribution it makes is the union of different features in an integrated and experimented verified workflow, which consists of secure access, replay resistance, threshold recovery, and verifiable post-expiry key unavailability. © 2026, Nexora Academic Press. All rights reserved.","cloud file sharing; cryptographic expiration; expiring access token; proof of possession; threshold cryptography","","Article","Final","All Open Access; Hybrid Gold Open Access","Scopus","2-s2.0-105046652494"
"Attou H.; Guezzaz A.; Benkirane S.; Azrour M.; Farhaoui Y.","Attou, Hanaa (57883509600); Guezzaz, Azidine (57194492918); Benkirane, Said (36518236400); Azrour, Mourade (57193500437); Farhaoui, Yousef (57193499468)","57883509600; 57194492918; 36518236400; 57193500437; 57193499468","Cloud-Based Intrusion Detection Approach Using Machine Learning Techniques","2023","Big Data Mining and Analytics","6","3","","311","320","180","10.26599/BDMA.2022.9020038","https://www.scopus.com/pages/publications/85153493342?origin=resultslist","Cloud computing (CC) is a novel technology that has made it easier to access network and computer resources on demand such as storage and data management services. In addition, it aims to strengthen systems and make them useful. Regardless of these advantages, cloud providers suffer from many security limits. Particularly, the security of resources and services represents a real challenge for cloud technologies. For this reason, a set of solutions have been implemented to improve cloud security by monitoring resources, services, and networks, then detect attacks. Actually, intrusion detection system (IDS) is an enhanced mechanism used to control traffic within networks and detect abnormal activities. This paper presents a cloud-based intrusion detection model based on random forest (RF) and feature engineering. Specifically, the RF classifier is obtained and integrated to enhance accuracy (ACC) of the proposed detection model. The proposed model approach has been evaluated and validated on two datasets and gives 98.3% ACC and 99.99% ACC using Bot-IoT and NSL-KDD datasets, respectively. Consequently, the obtained results present good performances in terms of ACC, precision, and recall when compared to the recent related works.  © 2018 Tsinghua University Press.","anomaly detection; cloud security; features engineering; random forest","Digital storage; Feature extraction; Information management; Intrusion detection; Network security; Access network; Anomaly detection; Cloud securities; Cloud-based; Cloud-computing; Feature engineerings; Intrusion detection approaches; Machine learning techniques; Network resource; Random forests; Anomaly detection","Article","Final","All Open Access; Gold Open Access; Green Open Access","Scopus","2-s2.0-85153493342"
"Adil M.; Javeed D.; Kumar P.","Adil, Muhammad (57485546000); Javeed, Danish (57216501078); Kumar, Prabhat (57441546500)","57485546000; 57216501078; 57441546500","Federated and Quantized-Based Intrusion Detection for Embedded On-Board Automotive Networks","2026","IEEE Transactions on Intelligent Transportation Systems","","","","","","2","10.1109/TITS.2025.3645854","https://www.scopus.com/pages/publications/105027994157?origin=resultslist","Intelligent vehicles rely on hybrid On-Board Automotive Networks (OANs), such as Time-Sensitive Networking (TSN) and Controller Area Networks (CAN), to support autonomous driving and ADAS. Securing these networks is challenging due to resource constraints, heterogeneous protocols, and evolving attacks. We propose an embedded-optimized, privacy-preserving collaborative IDS for hybrid OANs. Leveraging Cloud Vehicle Functions (CVFs), the framework enables robust model training across vehicles without sharing raw data. To efficiently process multi-protocol traffic, we introduce the Network Traffic Temporal Encoder (NTTE), which transforms network packets into temporal traffic images for anomaly detection. These NTTE representations are analyzed by TCNnet, a lightweight neural network designed for efficient embedded deployment. To make TCNnet suitable for resource-constrained embedded systems, we propose post-training quantization, significantly reducing its computational and storage demands. Evaluated on real traffic, the quantized TCNnet maintains over 99% detection accuracy, while reducing model size by over 91% and memory footprint by 51%, enabling practical deployment on resource-constrained ECUs. To link IDS outputs to real-world transportation outcomes, we develop the Transportation Impact Modeling Module (TIMM), which maps network-level detection performance to vehicle-level safety metrics (collision likelihood and Safety Message Delivery Ratio, SMDR) and fleet-level traffic indicators (Vehicle Flow Efficiency, VFE). TIMM simulations across Urban, Suburban, and Highway scenarios show the IDS reduces expected collisions by up to 97.9%, while maintaining high traffic flow efficiency (VFE = 0.949–0.995) and message reliability (SMDR = 0.988–0.994). These results demonstrate that the proposed IDS not only excels in network-level detection but also directly enhances vehicular safety and traffic performance, confirming its practical applicability in Intelligent Transportation Systems. © 2000-2011 IEEE.","cloud vehicle; collaborative learning; intra-vehicular network; Intrusion detection system","Anomaly detection; Data privacy; Digital storage; Distributed computer systems; Embedded systems; Fleet operations; Hybrid vehicles; Intelligent vehicle highway systems; Internet protocols; Network intrusion; Traffic control; Vehicle detection; Automotive networks; Cloud vehicle; Collaborative learning; Flow efficiency; Impact modelling; Intra-vehicular network; Intrusion Detection Systems; Network traffic; Transportation impacts; Vehicular networks; Intrusion detection","Article","Article in press","All Open Access; Hybrid Gold Open Access","Scopus","2-s2.0-105027994157"
"Hu Y.; Cao N.; Lu H.; Jiang Y.; Liu Y.; He X.","Hu, Yue (57189217905); Cao, Ning (57216840813); Lu, Hao (36082607100); Jiang, Yunzhe (58647780600); Liu, Yinqiu (57209318696); He, Xiaoming (57193746687)","57189217905; 57216840813; 36082607100; 58647780600; 57209318696; 57193746687","Multi-dimensional resource management with deep deterministic policy gradient for digital twin-enabled Industrial Internet of Things in 6 generation","2024","Transactions on Emerging Telecommunications Technologies","35","4","e4962","","","4","10.1002/ett.4962","https://www.scopus.com/pages/publications/85188548718?origin=resultslist","In the era of sixth generation mobile networks (6G), industrial big data is rapidly generated due to the increasing data-driven applications in the Industrial Internet of Things (IIoT). Effectively processing such data, for example, knowledge learning, on resource-limited IIoT devices becomes a challenge. To this end, we introduce a cloud-edge-end collaboration architecture, in which computing, communication, and storage resources are flexibly coordinated to alleviate the issue of resource constraints. To achieve better performance in hyper-connected experience, real-time communication, and sustainable computing, we construct a novel architecture combining digital twin (DT)-IIoT with edge networks. In addition, considering the energy consumption and delay issues in distributed learning, we propose a deep reinforcement learning-based method called deep deterministic policy gradient with double actors and double critics (D4PG) to manage the multi-dimensional resources, that is, CPU cycles, DT models, and communication bandwidths, enhancing the exploration ability and improving the inaccurate value estimation of agents in continuous action spaces. In addition, we introduce a synchronization threshold for distributed learning framework to avoid the synchronization latency caused by stragglers. Extensive experimental results prove that the proposed architecture can efficiently conduct knowledge learning, and the intelligent scheme can also improve system efficiency by managing multi-dimensional resources. © 2024 John Wiley & Sons, Ltd.","","Computer architecture; Data handling; Deep learning; Digital storage; Energy utilization; Green computing; Learning systems; Network architecture; Reinforcement learning; Collaboration architecture; Computing communication; Computing resource; Data-driven applications; Deterministics; Distributed learning; Knowledge learning; Multi dimensional; Policy gradient; Resource management; Internet of things","Article","Final","All Open Access; Bronze Open Access","Scopus","2-s2.0-85188548718"
"Ebrahimishadman M.; Souri A.","Ebrahimishadman, Mohammad (60766097000); Souri, Alireza (56901126500)","60766097000; 56901126500","Edge-Optimized Automatic Number Plate Recognition for IoT-Based Smart Parking Using YOLOv8","2026","Computers, Materials and Continua","88","3","84","","","0","10.32604/cmc.2026.084246","https://www.scopus.com/pages/publications/105046102553?origin=resultslist","Automatic Number Plate Recognition (ANPR) is widely used in Intelligent Transportation Systems (ITS) and smart parking applications, but running deep learning-based ANPR directly on low-power edge devices remains difficult because of computation time, memory, and latency limitations. In this study, we develop an edge-oriented ANPR pipeline for an Internet of Things (IoT)-based sensor-triggered stop-and-go smart parking platform, targeting deployment on a resource-constrained edge device. The pipeline combines YOLOv8 for license plate detection, PaddleOCR for text recognition, and a rule-based normalization stage to reduce Optical Character Recognition (OCR) errors caused by spacing inconsistencies and plate-format variations. In the OCR-only ablation study conducted on cropped plate images, PaddleOCR outperformed the other OCR options evaluated, achieving up to 96.0% exact-match accuracy and 98.78% character-level accuracy, with an average OCR-only processing time of 52.55 ms per image. When evaluated as a complete end-to-end pipeline on a Raspberry Pi with ONNX Runtime, the system achieved 83.5% exact-match accuracy and 94.83% character-level accuracy, with an average end-to-end latency of 1713 ms per image, indicating that edge-side operation is feasible for sensor-triggered parking entry and exit events despite CPU-only hardware constraints. In addition to the ANPR module, the proposed platform connects edge devices with Firebase services and Flutter-based user applications for parking status updates, user interaction, reservation matching, and access logs. These results show that a low-cost edge-based ANPR architecture can support practical sensor-triggered smart parking operations without depending on continuous cloud-side inference. © 2026 The Authors.","Automatic number plate recognition (ANPR); edge computing; Internet of Things (IoT); PaddleOCR; Raspberry Pi; smart parking systems; YOLOv8","Ablation; Automatic identification; Automatic vehicle identification; Deep learning; Edge detection; Learning systems; Optical character recognition; Optical data processing; Parking; Pipeline processing systems; Pipelines; Automatic number plate recognition; Automatic number plates recognition; Edge computing; Internet of thing; Optical-; Paddleocr; Raspberry pi; Smart parking; Smart parking systems; YOLOv8; Edge computing","Article","Final","All Open Access; Gold Open Access","Scopus","2-s2.0-105046102553"
"Husain E.; Patel D.; Kore V.; Gupta M.; Sharmiladevi S.","Husain, Emir (60152289300); Patel, Dev (60651119800); Kore, Vedang (60651946500); Gupta, Manik (60651670200); Sharmiladevi, S. (57210600028)","60152289300; 60651119800; 60651946500; 60651670200; 57210600028","S-Edge: A Multi-Region Edge Computing Framework With Adaptive Data Compression and Dynamic Load Balancing","2026","IEEE Access","14","","","81645","81664","0","10.1109/ACCESS.2026.3696637","https://www.scopus.com/pages/publications/105040196001?origin=resultslist","The growth of Internet of Things (IoT) devices has posed serious problems in terms of bandwidth usage, latency, and data integrity in centralised cloud systems. Edge computing can help resolve these problems by processing data closer to the source, but existing frameworks frequently lack built-in mechanisms for dynamic load distribution and adaptive data optimisation. This paper presents S-Edge, a multi-region edge computing framework that combines real-time anomaly detection, smart load balancing, and dynamic compression to maximise resource utilisation. A smart-switching compression layer is introduced that selects dynamically among ZLIB, BZ2, and LZMA based on data priority and compression efficiency threshold τ = 0.5, achieving significant storage reduction. The system employs a capacity-aware load balancing algorithm that redistributes traffic across regions when utilisation exceeds Lthresh = 1000 bytes (80% capacity), maintaining system stability. Anomaly detection using Isolation Forest achieves a precision, recall, and F1-score of 0.99 under controlled simulation conditions, representing an upper bound specific to the deliberately separated synthetic distributions used; robustness analysis under overlapping distributions yields F1 of 0.39-0.63 depending on overlap severity. Security is provided through AES-256-GCM encryption and SHA-256 integrity checks. The system achieves a primary storage recovery latency of under 1 ms, with asynchronous multi-region replication completing within approximately 153 ms. Experimental results confirm the applicability of the framework to scalable, resource-constrained IoT deployments.  © 2026 The Authors.","adaptive compression; anomaly detection; dynamic load balancing; Edge computing","Anomaly detection; Balancing; Cryptography; Data compression; Digital storage; Dynamic loads; Edge detection; Internet of things; Resource allocation; System stability; Adaptive compression; Anomaly detection; Bandwidth usage; Centralised; Cloud systems; Computing frameworks; Data integrity; Dynamic load balancing; Dynamic load distribution; Edge computing; Edge computing","Article","Final","All Open Access; Gold Open Access; Green Open Access","Scopus","2-s2.0-105040196001"
"Elmer J.; He Z.; May T.; Osborn E.; Moberg R.; Kemp S.; Stover J.; Moyer E.; Geocadin R.G.; Hirsch K.G.","Elmer, Jonathan (36637240300); He, Zihuai (56019976400); May, Teresa (37124480900); Osborn, Elizabeth (57208253499); Moberg, Richard (56775047400); Kemp, Stephanie (7102089064); Stover, Jesse (57562947800); Moyer, Ethan (57220981150); Geocadin, Romergryko G. (6602181477); Hirsch, Karen G. (26027009100)","36637240300; 56019976400; 37124480900; 57208253499; 56775047400; 7102089064; 57562947800; 57220981150; 6602181477; 26027009100","Precision Care in Cardiac Arrest: ICECAP (PRECICECAP) Study Protocol and Informatics Approach","2022","Neurocritical Care","37","","","237","247","21","10.1007/s12028-022-01464-9","https://www.scopus.com/pages/publications/85127654315?origin=resultslist","Background: Most trials in critical care have been neutral, in part because between-patient heterogeneity means not all patients respond identically to the same treatment. The Precision Care in Cardiac Arrest: Influence of Cooling duration on Efficacy in Cardiac Arrest Patients (PRECICECAP) study will apply machine learning to high-resolution, multimodality data collected from patients resuscitated from out-of-hospital cardiac arrest. We aim to discover novel biomarker signatures to predict the optimal duration of therapeutic hypothermia and 90-day functional outcomes. In parallel, we are developing a freely available software platform for standardized curation of intensive care unit–acquired data for machine learning applications. Methods: The Influence of Cooling duration on Efficacy in Cardiac Arrest Patients (ICECAP) study is a response-adaptive, dose-finding trial testing different durations of therapeutic hypothermia. Twelve ICECAP sites will collect data for PRECICECAP from multiple modalities routinely used after out-of-hospital cardiac arrest, including ICECAP case report forms, detailed medication data, cardiopulmonary and electroencephalographic waveforms, and digital imaging and communications in medicine files (DICOMs). We partnered with Moberg Analytics to develop a freely available software platform to allow high-resolution critical care data to be used efficiently and effectively. We will use an autoencoder neural network to create low-dimensional representations of all raw waveforms and derivative features, censored at rewarming to ensure clinical usability to guide optimal duration of hypothermia. We will also consider simple features that are historically considered to be important. Finally, we will create a supervised deep learning neural network algorithm to directly predict 90-day functional outcome from large sets of novel features. Results: PRECICECAP is currently enrolling and will be completed in late 2025. Conclusions: Cardiac arrest is a heterogeneous disease that causes substantial morbidity and mortality. PRECICECAP will advance the overarching goal of titrating personalized neurocritical care on the basis of robust measures of individual need and treatment responsiveness. The software platform we develop will be broadly applicable to hospital-based research after acute illness or injury. © 2022, Springer Science+Business Media, LLC, part of Springer Nature and Neurocritical Care Society.","Brain injury; Cardiac arrest; Machine learning; Outcome; Precision medicine; Prognosis","Cardiopulmonary Resuscitation; Critical Care; Humans; Hypothermia, Induced; Informatics; Intensive Care Units; Out-of-Hospital Cardiac Arrest; biological marker; algorithm; area under the curve; Article; artificial intelligence; artificial neural network; blood pressure; brain injury; breathing rate; cloud computing; computer assisted tomography; controlled study; deep learning; diagnostic test accuracy study; digital imaging and communications in medicine; electrocardiography; electroencephalography; follow up; heart arrest; heart ventricle fibrillation; human; hypothermia; information processing; information science; information storage; intensive care; intensive care unit; machine learning; magnetoencephalography; nuclear magnetic resonance imaging; personalized medicine; plethysmography; principal component analysis; prognosis; quality control; random forest; Rankin scale; receiver operating characteristic; software; waveform; induced hypothermia; out of hospital cardiac arrest; procedures; resuscitation","Article","Final","All Open Access; Green Open Access","Scopus","2-s2.0-85127654315"
"Nagavel V.; Bhuvaneswari P.T.V.; Ramesh P.; Tamaraiselvi K.","Nagavel, Vidhya (57555755200); Bhuvaneswari, P.T.V. (24821352000); Ramesh, Parameswaran (57429581500); Tamaraiselvi, K. (60402604400)","57555755200; 24821352000; 57429581500; 60402604400","Secured framework for IoT based healthcare application","2026","Scientific Reports","16","1","20386","","","0","10.1038/s41598-026-51036-6","https://www.scopus.com/pages/publications/105043728349?origin=resultslist","The Internet of Things (IoT) allows continuous health monitoring through the interconnection of wearable and medical devices with computing and storage infrastructures. As cyber threats grow and the sensitivity of healthcare information increases, data integrity, privacy, and access control become critical concerns in digital healthcare environments. This paper proposes a secure IoT-based healthcare framework that integrates machine learning and blockchain techniques for data protection and intelligent health risk assessment.The proposed framework uses cryptographic hashing, Merkle tree construction, digital signatures, and a threshold-based blockchain validation mechanism to enhance the integrity and secure handling of healthcare data in a permissioned simulation environment. The blockchain validation mechanism is evaluated through simulated tampering, replay, and high-load scenarios to assess the integrity verification capability of the proposed framework.Various machine learning models are trained and evaluated on medical datasets to predict disease risk, and their performance is measured using accuracy, precision, recall, and F1-score metrics. The framework is implemented in Python and deployed in a scalable cloud-based environment. Experimental results demonstrate that the proposed framework improves healthcare data integrity verification and supports reliable predictive performance for secure digital healthcare applications. © The Author(s) 2026.","Blockchain; Data security; Diabetes prediction; Internet of Things (IoT); Machine learning; Smart Healthcare","Blockchain; Computer Security; Delivery of Health Care; Digital Health; Humans; Internet of Things; Machine Learning; blockchain; computer security; digital health; health care delivery; human; internet of things; machine learning","Article","Final","All Open Access; Gold Open Access; Green Open Access","Scopus","2-s2.0-105043728349"
"Bilous N.; Ostapchenko D.; Ahekian I.; Frohme M.","Bilous, Nataliya (56485929300); Ostapchenko, Danylo (60750326600); Ahekian, Iryna (57215830321); Frohme, Marcus (6602134282)","56485929300; 60750326600; 57215830321; 6602134282","Decentralized Tele-Rehabilitation via Edge AI-Oracle Architecture for Spatiotemporal Pain Assessment","2026","Sensors","26","13","4136","","","0","10.3390/s26134136","https://www.scopus.com/pages/publications/105045255726?origin=resultslist","Remote tele-rehabilitation requires objective pain assessment, but existing approaches fail in two distinct ways. Self-report scales such as the Visual Analog Scale and the Numeric Pain Rating Scale are easy to falsify, opening a special case of the Oracle problem in blockchain-based insurance. Cloud-based computer vision handles falsification but transmits raw biometric video off the patient’s device, violating privacy requirements. A decentralized Edge AI-Oracle architecture is proposed that combines MediaPipe Face Mesh landmark extraction with a recurrent classifier mapping Action-Unit feature sequences to a learned pain score aligned with the Prkachin and Solomon Pain Intensity scale. The recurrent cell is selected empirically across short-context (T = 2) and long-context (T = 120 frames at 24 fps) regimes, with a two-layer Long Short-Term Memory (LSTM) network adopted for deployment. Inference and Elliptic Curve Digital Signature Algorithm (ECDSA) signing run inside an ARM TrustZone Trusted Execution Environment (TEE). Biometric logs are stored off-chain on the InterPlanetary File System (IPFS). Smart contracts anchor results on-chain and open a 24 h optimistic verification window for an off-chain Watchtower auditor. On SynPAIN the LSTM reaches F1 = 0.683 on T = 120 video (leave-one-stratum-out), with a directional but non-significant advantage over Gated Recurrent Unit (GRU) (Wilcoxon p = 0.167). Cross-dataset validation on BioVid Heat Pain Database Part A (87 subjects, 174 paired observations, leave-one-subject-out) yields F1 = 0.519 for LSTM and 0.499 for GRU (Wilcoxon p = 0.549). A processor-only TEE surrogate benchmark estimates 1.96 ms (FP32) and 0.45 ms (INT8) inference latency at T = 120 with a 0.34 MB footprint and 707 µs ECDSA signing latency, leaving the INT8 inference latency more than an order of magnitude below the 33 ms per-frame budget. The dual-layer storage reduces gas costs by a factor of 23.4 (160,261 vs. 3,744,872 gas), corresponding to an illustrative mainnet cost of approximately 0.53 USD per submission at 1 gwei, rising to roughly 16 USD at a busier 30 gwei, and falling to approximately 0.005 USD on Arbitrum One (April 2026 reference parameters), so that continuous monitoring is economically practical on Layer-2. An adaptive-adversary analysis of the Watchtower shows that gross score tampering is detected at every usable operating threshold, whereas a rational adversary who inflates by less than the dispute threshold, or who shapes the injected score to fall just inside it, evades detection. Because the false-positive rate reaches zero only for (Formula presented.), the protocol bounds rather than eliminates patient-side fraud and motivates a zero-knowledge proof-of-inference successor. The framework is architecturally and economically feasible as a cryptographically verifiable, privacy-preserving tele-rehabilitation substrate aligned with General Data Protection Regulation (GDPR) and Health Insurance Portability and Accountability Act (HIPAA) requirements through the Zero-Video Transmission principle, while remaining economically viable under post-Dencun mainnet and Layer-2 conditions. Recognition accuracy on real-world data and robustness to small-magnitude tampering remain limitations that the interchangeable recognition and audit components must improve before clinical deployment. © 2026 by the authors.","computer vision; Edge AI; IPFS; LSTM; MediaPipe; Oracle problem; pain assessment; smart contracts; tele-rehabilitation; Trusted Execution Environment","Algorithms; Artificial Intelligence; Humans; Long Short Term Memory; Pain Measurement; Telerehabilitation; Authentication; Biometrics; Blockchain; Chains; Computer privacy; Insurance; Medical computing; Network security; Patient rehabilitation; Trusted computing; Decentralised; Edge AI; Filesystem; Interplanetary file system; Mediapipe; Oracle problem; Pain assessment; Short term memory; Telerehabilitation; Trusted execution environments; algorithm; artificial intelligence; human; long short term memory network; pain measurement; procedures; telerehabilitation; Computer vision","Article","Final","All Open Access; Gold Open Access; Green Open Access","Scopus","2-s2.0-105045255726"
"Francis G.T.; Souri A.; İnanç N.","Francis, Georg Thamer (59275459600); Souri, Alireza (56901126500); İnanç, Nihat (7004144256)","59275459600; 56901126500; 7004144256","A hybrid intrusion detection approach based on message queuing telemetry transport (MQTT) protocol in industrial internet of things","2024","Transactions on Emerging Telecommunications Technologies","35","9","e5030","","","17","10.1002/ett.5030","https://www.scopus.com/pages/publications/85201570424?origin=resultslist","The number of attacks against Industrial Internet of Things (IIoT) devices has increased over the past years, particularly on widely used communication protocols like Message Queuing Telemetry Transfer (MQTT). The fast increase in IIoT applications brings both critical challenges and technical gaps in cybersecurity. On the other hand, traditional cyber-attack detection approaches scrap to address and support the run-time responsibilities of IIoT environments. This study presents a hybrid Genetic Algorithm and Random Forest (GA_RF) method for detecting cyber-attacks in Industrial Control Machines (ICS) that use MQTT protocol in the IIoT environment. This architecture integrates ICS with edge devices and cloud servers, using a GA_RF algorithm to detect anomalies in data collected by sensors. Normal data is processed locally and then sent to the cloud for storage and return, ensuring continuous monitoring and security. Also, the MQTT-IOT-IDS2020 dataset as a real test case was applied for prediction of the proposed GA_RF method with compare to some other powerful machine and deep learning models. The experimental results show that the proposed GA_RF method has an optimum accuracy of 99.87%–100% for detecting cyber-attacks. This hybrid algorithm also achieved 0–0.0015 in Mean Absolute Error (MAE) and 100% in Precision, Recall, and F-score factors. This result led to the proposed architecture, which connects the ICS to a server while running GA_RF on the IIoT environment. In conclusion, this study indicates the effectiveness of GA_RF and aims to improve security by using the MQTT protocol in IIoT. © 2024 John Wiley & Sons Ltd.","","Computer viruses; Copper scrap; Cyber attacks; Decision trees; Deep learning; Intrusion detection; Network intrusion; Network security; Queueing networks; Queueing theory; Random forests; Telemetering systems; Communications protocols; Critical challenges; Cyber security; Cyber-attacks; Hybrid intrusion detection; Industrial controls; Intrusion detection approaches; Random forest methods; Random forests; Transport protocols; Industrial internet of things (IIoT)","Article","Final","All Open Access; Hybrid Gold Open Access","Scopus","2-s2.0-85201570424"
"V A.; S K.S.R.","V, Asha (60228816300); S, Kanaga Suba Raja (60777510200)","60228816300; 60777510200","An intelligent cloud firewall framework for multi-cloud security using lstm anomaly detection and federated learning","2026","Scientific Reports","16","1","24128","","","0","10.1038/s41598-026-53470-y","https://www.scopus.com/pages/publications/105046653172?origin=resultslist","The evolving nature of the threat landscape against cloud services is outpacing the capabilities of traditional security measures. Current firewall implementations in cloud services may provide a foundational layer of security, but they have significant limitations regarding their ability to respond to recently identify zero day vulnerabilities and to protect sensitive information from potential attacks utilizing quantum computing, as well as validating audit logs in multi-tenanted, shared cloud service landscapes. In this research, we present an innovative integrated approach to addressing each of these limitations by combining AI driven Anomaly detection techniques with post quantum cryptography authentication, a Zero Trust Architecture (ZTA), and blockchain based audit logging. Our proposed AI enhanced cloud firewall uses a Long Short Term Memory (LSTM) deep learning model to analyze and classify traffic patterns across IaaS), Platform-as-a-Service (PaaS), and Software-as-a-Service (SaaS) environments and dynamically creates adaptive firewall policies with sub-second response times. Experimental testing on simulated cloud traffic sets demonstrated that our proposed framework achieved a detection rate of 94.7% and a False Positive Rate (FPR) of 2.1%, representing improvements of 24.7% and 12.9%, respectively, when compared to traditional rule-based firewalls. Additionally, the blockchain anchored audit logging mechanism will create tamper proof audit logs, and the post-quantum cryptography layer will prevent attacks using the CRYSTALS-Kyber and CRYSTALS-Dilithium algorithms. These test results demonstrate that our proposed framework is a scalable, resilient, and security hardened solution for future generations of cloud computing landscapes. © The Author(s) 2026.","Anomaly detection; Blockchain audit; Deep learning; Intelligent firewall; LSTM; Tenant isolation; Threat detection; Zero trust","algorithm; article; blockchain; clinical article; clinical audit; cloud computing; controlled study; deep learning; diagnosis; federated learning; human; logging; long short term memory network; outlier detection; quantum cryptography; reaction time; simulation; software as a service; vulnerability","Article","Final","All Open Access; Gold Open Access; Green Open Access","Scopus","2-s2.0-105046653172"
"Kavitha M.S.; Gayathri Devi K.","Kavitha, M.S. (60715048600); Gayathri Devi, K. (56574176700)","60715048600; 56574176700","A Secure Access Framework for IoT–Cloud Integration With Blockchain and Bi-GCN","2025","IET Information Security","2025","1","6512865","","","1","10.1049/ise2/6512865","https://www.scopus.com/pages/publications/105023952129?origin=resultslist","Digital advancements have made cloud computing and IoT essential for innovative environments such as healthcare and industry. Cloud platforms offer scalable compute and storage capabilities, whereas IoT devices generate real-time data. However, there are significant challenges faced while integrating the IoT with cloud to achieve robust, scalable, and secure access control. Traditional centralized models, such as static rule-based mechanisms and public key infrastructure (PKI), are prone to single points of failure and suffer from limited scalability and poor adaptability. To address these issues, this paper proposes a decentralized access control architecture that combines blockchain with a hybrid bidirectional graph convolutional network (Bi-GCN). The framework integrates ciphertext policy-attribute based encryption (CP-ABE) with trusted platform module (TPM)–based pseudonymous identities and the blockchain smart contracts for fine- and hardware-assisted access control. A generative adversarial network (GAN)-assisted prevalidation layer filters sybil, tampering, and spoofing attempts before block inclusion, enhancing integrity and reducing overhead. Bi-GCN supports real-time anomaly detection, trust adaptation, and behavior profiling, while smart contracts enforce adaptive role-attribute policies. Experimental results show that the proposed model outperforms existing methods across key metrics, including 0.97 accuracy, 0.98 F-measure, and minimal security overhead of 0.7%. Although it introduces slight latency due to advanced processing, the benefits of secure and intelligent access management outweigh the trade-off. The integration of blockchain ensures decentralized and immutable policy enforcement, while Bi-GCN facilitates self-adaptive security, making the architecture suitable for dynamic IoT–cloud ecosystems. Copyright © 2025 Kavitha M. S. and Gayathri Devi K. IET Information Security published by John Wiley & Sons Ltd.","bidirectional graph convolutional network; blockchain; cloud platforms; Internet of Things; self-adaptive security","Access control; Cloud computing architecture; Convolution; Decentralized control; Digital storage; Internet of things; Network security; Public key cryptography; Trusted computing; Bidirectional graph convolutional network; Block-chain; Cloud integrations; Cloud platforms; Cloud-computing; Convolutional networks; Innovative environments; Real-time data; Self adaptive securities; Storage capability; Blockchain; Economic and social effects","Article","Final","All Open Access; Gold Open Access","Scopus","2-s2.0-105023952129"
"Swarnalatha K.; Narisetty N.; Kancherla G.R.; Guntupalli N.; Rao S.M.; Kalidindi A.","Swarnalatha, K. (59367754600); Narisetty, Nirmalajyothi (57222984143); Kancherla, Gangadhara Rao (56593161700); Guntupalli, Neelima (58490072900); Rao, Simhadri Mallikarjuna (60094787500); Kalidindi, Archana (57210211381)","59367754600; 57222984143; 56593161700; 58490072900; 60094787500; 57210211381","Adaptive Ensemble Models for Robust Intrusion Detection in Cloud Environment on Imbalanced Dataset","2025","International Journal of Advanced Computer Science and Applications","16","8","","294","303","1","10.14569/IJACSA.2025.0160829","https://www.scopus.com/pages/publications/105015371342?origin=resultslist","The rapid development of Information storage and sharing technologies brings new challenges in protecting against network security attacks. In this study, ensemble learning models are evaluated to enhance the performance of a network intrusion detection system (NIDS) with three phases through machine learning approaches. In the first phase, the unbalanced dataset is processed through four re-sampling techniques, such as SMOTE, RUS, RUS+ROS, and RUS+SMOTE, for balancing treatment. In the second phase, Random Forest feature selection is imposed for these four balanced datasets. Finally, three Ensemble Models named as EM1, EM2 and EM3 are designed using six basic classifiers and thus evaluated. In earlier studies, the first and second phases were evaluated through an SVM binary classifier for four feature subsets. The four feature subsets are obtained through Random Forest feature selection with the four different thresholds of Cumulative Feature Importance Scores (CFIS) (85%, 90%, 95% and 99%). With the observation of the evaluated results, three challenges were identified: i) The highest accuracy obtained through the re-sampling method required maximum computational time. ii) Different thresholds of CFIS exhibit instability in performance metrics as well as computational times, even though the number of features is less. iii) The adopted multi-class SVM classifier’s efficiency to detect the attacks within minimum computational time and without compromising accuracy when compared to earlier works is yet to be ascertained. In this study, an attempt has been made to address these challenges with ensemble learning. Three ensemble models are chosen for the evaluation process conducted on the adopted CIIDS -2017 dataset. Finally, the comparative results are presented, and decisive discussions are carried out for implementing the prevention and mitigation algorithms by security professionals. © (2025), (Science and Information Organization). All rights reserved.","cloud computing; ensemble model; feature selection; intrusion detection system; machine learning; Resampling methods","Classification (of information); Computational efficiency; Computer crime; Intrusion detection; Learning systems; Network security; Set theory; Cloud-computing; Computational time; Ensemble learning; Ensemble models; Features selection; Intrusion Detection Systems; Machine-learning; Random forests; Resampling method; Second phase; Cloud computing; Feature extraction","Article","Final","All Open Access; Gold Open Access; Green Open Access","Scopus","2-s2.0-105015371342"
"George S.S.; Kolikipogu R.; Sowbhagya M.P.; Poornima D.; Sushma T.N.; Naitik S.T.; Holi G.; Dharamvir; Nawkhare R.N.; Mathew K D.","George, Shelly Shiju (60929175400); Kolikipogu, Ramakrishna (46661676300); Sowbhagya, M.P. (57958319000); Poornima, D. (60706364300); Sushma, T.N. (60929603700); Naitik, S.T. (57956726200); Holi, Ganga (56857615100); Dharamvir (56113193900); Nawkhare, Rahul N. (55807623800); Mathew K, Deepa (60929459700)","60929175400; 46661676300; 57958319000; 60706364300; 60929603700; 57956726200; 56857615100; 56113193900; 55807623800; 60929459700","Bluefin Trevally Optimization Driven CNN-Transformer Hybrid Framework for Privacy-preserving Secure Cloud Storage Systems","2026","International Journal of Intelligent Engineering and Systems","19","10","","520","541","0","10.22266/ijies2026.1031.26","https://www.scopus.com/pages/publications/105051579055?origin=resultslist","With the rapid implementation of cloud computing and increasing cyber-attacks, one of the most significant challenges is to ensure secure data storage and detection after it was intruded. This paper proposes a new and hybrid of Convolutional Neural Network (CNN)-Transformer framework for intrusion-aware privacy-preserving server-based cloud storage systems using Bluefin Trevally Optimization (BTO). It uses deep learning-driven intrusion detection with quantum-inspired encryption and attribute-based access control in an integrated manner to offer a comprehensive and secure cloud environment. The integrated model consists of a convolutional neural network for extracting local features and the more global level information captured by Transformer architectures and Bluefin Trevally Optimization (BTO) is used to optimize model-level parameters along with security. Adopting a diverse set of traffic scenarios, we test on three benchmark datasets (NSL-KDD; CICIDS2017; UNSW-NB15) representing legacy, modern and realistic network traffic respectively for a rigorous evaluation. The proposed framework achieves the highest binary classification accuracies of 99.32, 98.74, and 97.92, with corresponding AUC values of 0.999, 0.994, and 0.988 on the NSL-KDD, CICIDS2017, and UNSW-NB15 datasets, respectively. The results show excellent generalising from training classes, are resistant to class imbalance, and increase the accuracy with which minority attack classes are detected. Furthermore, high entropy (7.999) and improved avalanche effect (51.6) are obtained by the proposed Quantum Convolutional Neural Network (QCNN)-based encryption mechanism for data confidentiality assurance. Experimental results show that the proposed framework achieves high accuracy in intrusion detection, good cryptographic security and low computational overhead. The framework is thus suitable for deployment in cloud environments that demand low-latency intrusion detection and secure data protection, as inferred from the measured inference latency. This article is licensed under a Creative Commons Attribution-ShareAlike 4.0 International License. License details: https://creativecommons.org/licenses/by-sa/4.0/","Bluefin trevally optimization; CNN-transformer; Cross-dataset generalization; Deep learning; Intrusion detection system; Network security; Privacy-preserving encryption; Secure cloud storage","","Article","Final","All Open Access; Hybrid Gold Open Access","Scopus","2-s2.0-105051579055"
"Akhmetzhanova S.; Oralbekova Z.; Bayakhmetov A.; Abduvalova A.; Yeshmakhanova T.; Berdygulova A.; Toktarkozha G.","Akhmetzhanova, Shynar (57219663223); Oralbekova, Zhanar (55845982800); Bayakhmetov, Anuar (60211682400); Abduvalova, Ainur (57214589612); Yeshmakhanova, Tamara (60211752700); Berdygulova, Ainagul (58573578900); Toktarkozha, Gulnara (57200176692)","57219663223; 55845982800; 60211682400; 57214589612; 60211752700; 58573578900; 57200176692","IoT-Based Architecture with AI-Ready Analytics for Medical Waste Management: System Design and Pilot Validation","2026","Applied Sciences (Switzerland)","16","6","3081","","","1","10.3390/app16063081","https://www.scopus.com/pages/publications/105034061630?origin=resultslist","Internet-of-Things (IoT) sensing can improve traceability, safety, and efficiency of medical waste handling, yet many deployments remain fragmented, lack an end-to-end system architecture, and do not provide the structured data pipelines needed for artificial intelligence (AI) analytics. This paper presents a layered IoT-based system design for medical waste management that integrates: (i) Espressif Systems 32 (ESP32)-based edge devices for fill-level and Global Positioning System (GPS) telemetry; (ii) secure network communication; (iii) a cloud backend for data ingestion, storage, and analytics; and (iv) operator dashboards with event-driven alerting. The architecture extends our prior GPS-enabled tracking and route optimization by adding sensor-driven state monitoring, threshold-based decision support, and a time-series data pipeline designed for future AI-driven predictive analytics. In a 30-day pilot with five containers, the system collected one reading every 15 min (14,400 total readings). The backend demonstrated efficient processing with an average Application Programming Interface (API) response time of 45 ms, sub-50 ms database write latency, and high uptime; alerts were delivered promptly upon threshold violations. Compared with a fixed-schedule baseline, the system enabled condition-based collection scheduling with zero data loss. The proposed design emphasizes modularity, fault tolerance, and integration readiness for hospital information systems, providing a practical blueprint for scalable smart-healthcare waste logistics and a foundation for machine learning-based predictive waste management. © 2026 by the authors.","AI-ready data pipeline; cloud computing; edge computing; Espressif Systems 32 (ESP32); internet of things (IoT); medical waste management; real-time monitoring; smart healthcare","Computer architecture; Data communication systems; Digital storage; Health care; Information management; Internet of things; Medical computing; Medical information systems; Network architecture; Predictive analytics; Solid wastes; Waste management; Artificial intelligence-ready data pipeline; Cloud-computing; Data pipelines; Edge computing; Espressif system 32; Global positioning; Internet of thing; Medical waste management; Real time monitoring; Smart healthcare; accuracy; architecture; Article; artificial intelligence; decision making; design; environment; information storage; infrastructure; machine learning; mathematical model; medical waste management; monitoring; nonhuman; performance; pilot validation; planning; predictive model; protocol; reliability; Simple Mail Transfer Protocol; slow wave sleep; system design; validation study; waste management; Decision support systems; Edge computing","Article","Final","All Open Access; Gold Open Access; Green Open Access","Scopus","2-s2.0-105034061630"
"Aravindh G.; Sridhar K.P.","Aravindh, G. (57221605850); Sridhar, K.P. (55608797500)","57221605850; 55608797500","Cloud-Continuum-Based Deep Learning Optimization Framework for Next-Generation Healthcare Data Performance on IoT Platform","2026","International Journal of Advanced Computer Science and Applications","17","2","","618","629","1","10.14569/IJACSA.2026.0170262","https://www.scopus.com/pages/publications/105038860408?origin=resultslist","The development of healthcare data performance analysis is becoming more driven by the incorporation of intelligent computing paradigms that guarantee real-time, scalable, and personalized feedback for coaches and athletes. However, existing healthcare data analytics systems are challenged with severe issues such as decision-making latency, processing capacity limitations at the edge, data fragmentation, and the inability to integrate across heterogeneous computing environments seamlessly. Athletic data in this scenario refers to a combination of biomechanical factors (motion capture, joint angles, gait patterns), biometric signals (heart rate, oxygen saturation, muscle activity), and sport-specific performance indicators (workload, speed, and acceleration). This paper introduces the Cloud-Continuum-based Deep Learning Optimization Framework (CC-DLOF). This novel architecture leverages the synergistic potential of edge, fog, and cloud computing to provide a dynamic and smart healthcare data performance on an IoT platform. CC-DLOF is a hierarchical continuum architecture, with real-time data gathering and lightweight analytics performed in the edge layer, contextual processing and federated learning in the fog layer, and global intelligence, deep model training, and long-term data storage in the cloud layer. A new Cloud-Fog-Edge Orchestration Device (CFEOD) provides dynamic allocation of computational tasks in terms of latency sensitivity and device capability. At the same time, a blockchain-supported access control is used to maintain data security and privacy. Simulation analysis, done in a simulated training environment that combines with real-world data sets, illustrates the performance of the framework in mitigating latency by 35%, increasing model accuracy by 22%, and boosting system scalability and reliability. CC-DLOF is a revolutionary way in healthcare data technology, leading to smart, responsive, and safe next-generation healthcare data performance on an IoT platform. © (2026), (Science and Information Organization). All rights reserved.","Cloud; continuum; device; edge; fog; healthcare data; next-generation; orchestration; performance; platforms","Cloud analytics; Cloud computing architecture; Data privacy; Deep learning; Digital storage; Edge computing; Fog computing; Health care; Medical computing; Sports; Continuum; Data performance; Edge; Healthcare data; Learning optimizations; Next-generation; Optimization framework; Orchestration; Performance; Platform; Clouds; Fog","Article","Final","All Open Access; Gold Open Access; Green Open Access","Scopus","2-s2.0-105038860408"
"Yaqoob S.; Hussain A.; Subhan F.; Pappalardo G.; Awais M.","Yaqoob, Shumayla (57203994611); Hussain, Asad (57195394034); Subhan, Fazli (16313971400); Pappalardo, Giuseppina (55653963100); Awais, Muhammad (57224215215)","57203994611; 57195394034; 16313971400; 55653963100; 57224215215","Deep Learning Based Anomaly Detection for Fog-Assisted IoVs Network","2023","IEEE Access","11","","","19024","19038","50","10.1109/ACCESS.2023.3246660","https://www.scopus.com/pages/publications/85149368339?origin=resultslist","Internet of vehicles (IoVs) allows millions of vehicles to be connected and share information for various purposes. The main applications of IoVs are traffic management, emergency messages delivery, E-health, traffic, and temperature monitoring. On the other hand, IoVs lack in location awareness and geographic distribution, which is critical for some IoVs applications such as smart traffic lights and information sharing in vehicles. To support these topographies, fog computing was proposed as an appealing and novel term, which was integrated with IoVs to extend storage, computation, and networking. Unfortunately, it is also challenged with various security and privacy hazards, which is a serious concern of smart cities. Therefore, we can formulate that Fog-assisted IoVs (Fa-IoVs), are challenged by security threats during information dissemination among mobile nodes. These security threats of Fa-IoVs are considered as anomalies which is a serious concern that needs to be addressed for smooth Fa-IoVs network communication. Here, smooth communication refers to less risk of important data loss, delay, communication overhead, etc. This research work aims to identify research gaps in the Fa-IoVs network and present a deep learning-based dynamic scheme named CAaDet (Convolutional autoencoder Aided anomaly detection) to detect anomalies. CAaDet exploits convolutional layers with a customized autoencoder for useful feature extraction and anomaly detection. Performance evaluation of the proposed scheme is done by using the F1-score metric where experiments are carried out by exploiting a benchmark dataset named NSL-KDD. CAaDet also observes the behavior of fog nodes and hidden neurons and selects the best match to reduce false alarms and improve F1-score. The proposed scheme achieved significant improvement over existing schemes for anomaly detection. Identified research gaps in Fa-IoVs can give future directions to researchers and attract more attention to this new era.  © 2013 IEEE.","anomaly detection; Fog computing; fog-assisted IoVs; Internet of Vehicles; smooth communication","Benchmarking; Convolution; Deep learning; Digital storage; Edge computing; Feature extraction; Fog computing; Heuristic algorithms; Information dissemination; Intrusion detection; Network architecture; Network security; Roads and streets; Security systems; Vehicle to vehicle communications; Vehicles; Anomaly detection; Cloud-computing; Edge computing; Fog-assisted internet of vehicle; Heuristics algorithm; Internet of vehicle; Network intrusions; Security; Smooth communication; Fog","Article","Final","All Open Access; Gold Open Access; Green Open Access","Scopus","2-s2.0-85149368339"
"Pimenta J.; Fernandes J.N.; Azevedo A.","Pimenta, João (59661311700); Fernandes, João Nuno (35495930100); Azevedo, Alberto (7102837419)","59661311700; 35495930100; 7102837419","Remote Sensing Tool for Reservoir Volume Estimation","2025","Remote Sensing","17","4","619","","","13","10.3390/rs17040619","https://www.scopus.com/pages/publications/85219193440?origin=resultslist","Efficient reservoir management is essential for ensuring water security and flood control, as well as hydroelectric power generation. Accurate volume measurements are key to optimizing these functions, but traditional methods—such as in situ measurements and physical surveys—are often time-consuming, costly, and unfeasible in many regions due to financial or geographical limitations. This study introduces a novel globally accessible remote sensing tool designed to overcome these challenges by providing a more effective approach to reservoir volume estimation. The tool leverages high-resolution satellite imagery from Sentinel-2 and integrates it with official storage capacity data and the GLOBAthy dataset to calculate surface area and reservoir volume across varying water levels over user-defined timeframes. Users can select reservoirs, date ranges, and cloud cover thresholds via an intuitive interface, which then generates time-series data of reservoir volumes. The tool employs machine learning algorithms to improve the precision of water surface delineation and volume calculations, accounting for complex environmental factors like cloud cover and built structures such as bridges. This remote sensing tool was tested on reservoirs of varying sizes and topographies in Portugal and California, USA, demonstrating a high accuracy with a Mean Absolute Percentage Error (MAPE) of 5.35% and a correlation coefficient (R2) of 0.90 when compared to official records. By offering a cost-effective, scalable, totally remote, and timely solution, the tool enables improved reservoir monitoring, particularly in remote or otherwise inaccessible areas. Ultimately, this research contributes to global water resources management, enhancing the sustainability and resilience of reservoir operations around the world. © 2025 by the authors.","machine learning; remote sensing; reservoir volume; satellite imagery; water resources management","Building components; Reservoirs (water); Water management; Cloud cover; Machine-learning; Management IS; Remote sensing tools; Remote-sensing; Reservoir volume; Volume estimations; Water flood; Water resources management; Water security; Flood control","Article","Final","All Open Access; Gold Open Access; Green Open Access","Scopus","2-s2.0-85219193440"
"Thilagam K.; Beno A.; Vanitha Lakshmi M.; Wilfred C.B.; George S.M.; Karthikeyan M.; Peroumal V.; Ramesh C.; Karunakaran P.","Thilagam, K. (56041205200); Beno, A. (55489684400); Vanitha Lakshmi, M. (56565597600); Wilfred, C. Bazil (57204004095); George, Santhi M. (56302713400); Karthikeyan, M. (57203218678); Peroumal, Vijayakumar (55975531200); Ramesh, C. (57723981900); Karunakaran, Prabakaran (57728895000)","56041205200; 55489684400; 56565597600; 57204004095; 56302713400; 57203218678; 55975531200; 57723981900; 57728895000","Secure IoT Healthcare Architecture with Deep Learning-Based Access Control System","2022","Journal of Nanomaterials","2022","","2638613","","","79","10.1155/2022/2638613","https://www.scopus.com/pages/publications/85131381136?origin=resultslist","The existing healthcare system based on traditional management involves the storage and processing of large quantities of medical data. The incorporation of the Internet of Things (IoT) and its gradual maturation has led to the evolution of IoT-enabled healthcare with extraordinary data processing capability and massive data storage. Due to the advancement in the Industrial Internet of Things (IIoT), the resulting system is aimed at building an intelligent healthcare system that can monitor the medical health of the patient by means of a wearable device that is monitored remotely. The data that is gathered by the wearable IoT module is stored in the cloud server which is subject to privacy leakage and attacks by unauthorized users and attackers. To address this security issue, an IoT-based deep learning-based privacy preservation and data analytics system is proposed in this work. Data is collected from the user, and the sensitive information is segregated and separated. Using a convolutional neural network (CNN), the health-related information is analyzed in the cloud, devoid of users' privacy information. Thus, a secure access control module is introduced that works based on the user attributes for the IoT-Healthcare system. A relationship between the users' trust and attributes is discovered using the proposed work. The precision, recall, and F1 score of the proposed CNN classifier are achieved at 95%. With the increase in the size of the training set, higher performance is attained. When data augmentation is added, the system performs better without data augmentation. Further, the accuracy of around 98% is achieved with an increased user count. Experimental analysis indicates the robustness and effectiveness of the proposed system with respect to low privacy leakage and high data integrity.  © 2022 K. Thilagam et al.","","Access control; Convolutional neural networks; Data Analytics; Data privacy; Deep learning; Digital storage; Health care; Information management; Wearable technology; Access control systems; Convolutional neural network; Data augmentation; Data storage; Healthcare systems; Massive data; Medical data; Privacy leakages; Processing capability; Traditional management; Internet of things","Article","Final","All Open Access; Green Open Access; Hybrid Gold Open Access","Scopus","2-s2.0-85131381136"
"Skrivanos A.G.; Kouretas I.; Simantiris N.; Malaperdas G.; Peppas K.P.","Skrivanos, Anastasios G. (57204024639); Kouretas, Ioannis (6505877354); Simantiris, Nikolaos (57211849858); Malaperdas, George (57201458105); Peppas, Kostas P. (16025317800)","57204024639; 6505877354; 57211849858; 57201458105; 16025317800","An IoT-Based Real-Time Monitoring and Alert System for Sea Turtle Nest Protection","2026","Applied Sciences (Switzerland)","16","10","4839","","","0","10.3390/app16104839","https://www.scopus.com/pages/publications/105040200250?origin=resultslist","This paper presents a low-cost Internet-of-Things (IoT) telemetry and alerting system for monitoring and protecting sea turtle nests. The proposed platform integrates temperature, humidity, vibration, ultrasonic proximity, and ambient light sensors into an autonomous sensing node based on the ESP8266 microcontroller. Measurements are transmitted wirelessly to a cloud backend for real-time visualization and rule-based alert generation. The system is designed to support continuous nest-level monitoring and rapid response to environmental and anthropogenic threats such as overheating, artificial light exposure during hatching, and physical disturbance. In contrast to approaches that require extensive historical datasets or machine-learning models, the proposed solution employs transparent threshold-based rules that provide reliable operation without training data. The platform emphasizes low cost, ease of deployment, and scalability, making it suitable for large-scale conservation deployments across multiple nesting sites. It provides conservation practitioners with actionable situational awareness that complements existing field-based monitoring and protection strategies. © 2026 by the authors.","conservation technology; environmental monitoring; internet of things; real-time telemetry; sea turtles; sensor networks","Environmental protection; Environmental technology; Learning systems; Machine learning; Telemetering; Telemetering equipment; Alert systems; Conservation technologies; Environmental Monitoring; Low-costs; Real time monitoring system; Real- time; Real-time telemetry; Sea turtles; Sensors network; Telemetry systems; animal experiment; Article; awareness; controlled study; female; feminization; humidity; light exposure; machine learning; monitoring; nesting; nonhuman; risk factor; sea turtle; sex chromosome; sex determination; telemetry; temperature; vibration; workflow; Internet of things; Sensor networks","Article","Final","All Open Access; Gold Open Access; Green Open Access","Scopus","2-s2.0-105040200250"
"Alhabshy A.A.; Hameed B.I.; Eldahshan K.A.","Alhabshy, Abdallah A. (60732042200); Hameed, Bashar I. (57221440661); Eldahshan, Kamal Abdelraouf (60366164400)","60732042200; 57221440661; 60366164400","An Ameliorated Multiattack Network Anomaly Detection in Distributed Big Data System-Based Enhanced Stacking Multiple Binary Classifiers","2022","IEEE Access","10","","","52724","52743","27","10.1109/ACCESS.2022.3174482","https://www.scopus.com/pages/publications/85131289625?origin=resultslist","The growth of the Internet of Things (IoT) generates new processing, networking infrastructure, data storage, and management capabilities. This massive volume of data may be used to provide high-value information for decision support and data-intensive science research, etc. However, owing to the nature of IoT in distribution, virtualisation, cloud integration, and internet connectivity, the IoT environment is prone to various cyber-attacks and security issues. Hence, the increasing frequency and potency of recent attacks and constantly evolving attack vectors necessitate the development of improved detection methods. Therefore, this study proposes a distributed computing-based security model to safeguard big data systems. The proposed ensemble multi binary attack model (EMBAM) is an intrusion detection system (IDS) that offers a unique anomaly based IDS to detect normal behaviour and abnormal attack(s), for example, threats in a network. EMBAM ensembles multiple binary classifiers into a single model through stacking. The core binary model is a decision tree classifier with hyperparameters optimised using the grid search method. The use of multiple binary classifiers allows each binary classifier to adopt the limitations of the others. Empirical analysis of the experimental profile of the EMBAM has been discussed with eight-plus state-of-the-art methods using performance metrics, such as accuracy, detection rate, precision, specificity, false alarm rate, and F1-score. EMBAM can recognise multiple attack types as a star plug and play advantageous in a highly dynamic scheme. The proposed approach outperforms existing approaches on the UNSW-NB15 dataset and yields competitive results on the CICIDS2017 dataset.  © 2013 IEEE.","Anomaly-based IDS; ensemble learning; intrusion detection system; machine learning","Big data; Binary trees; Classification (of information); Cybersecurity; Data mining; Decision support systems; Decision trees; Denial-of-service attack; Digital storage; Distributed computer systems; Errors; Feature extraction; Hierarchical systems; Information management; Internet of things; Intrusion detection; Learning systems; Malware; Network architecture; Network security; Anomaly based intrusion detection systems; Attack modeling; Binary classifiers; Classification algorithm; Distributed database; Ensemble learning; Features extraction; Intrusion Detection Systems; Intrusion-Detection; Telecommunications traffic; Computer architecture","Article","Final","All Open Access; Gold Open Access; Green Open Access","Scopus","2-s2.0-85131289625"
"Fitzgerald B.; Ryan C.; Sullivan J.","Fitzgerald, Barry (57200605577); Ryan, Conor (7403275552); Sullivan, Joe (55451414700)","57200605577; 7403275552; 55451414700","An early-life NAND flash endurance prediction system","2021","IEEE Access","9","","","148635","148649","4","10.1109/ACCESS.2021.3124604","https://www.scopus.com/pages/publications/85118621786?origin=resultslist","NAND flash memory - ubiquitous in today's world of smart phones, SSDs (solid state drives), and cloud storage - has a number of well-known reliability problems. NAND data contains bit errors, which require the use of error correcting codes (ECCs). The raw bit error rate (RBER) increases with program-erase (P-E) cycling, and the number of P-E cycles the device can withstand before the RBER exceeds the ECC capability is called its endurance. ECC operates on data stored in a sector of NAND, and there is a large variation in the endurance of sectors within a device and across devices, resulting in excessively conservative endurance specifications. This research shows, for the first time, that a sector's true endurance can be predicted with remarkable accuracy, using a combination of the sector's location within the device, and measurements taken at the very beginning of life. Real-world data is gathered on millions of NAND sectors using a custom-built test platform. Optimised machine learning classification models are built from the raw data to predict if a sector will pass or fail to a fixed ECC threshold, after a target P-E cycling level has been reached. A novel technique is demonstrated that uses different ECC thresholds for model training and testing, which allows the models to be tuned so that they never misclassify samples that would fail. This eliminates ECC failures and data loss, allowing simpler, less expensive ECC schemes to be used for modern NAND devices. It also enables significant endurance extensions to be achieved. © 2021 Institute of Electrical and Electronics Engineers Inc.. All rights reserved.","Classification; Endurance; Gradient boosting; Machine learning; NAND flash; Prediction; Retention; Solid state drives","Adaptive boosting; Codes (symbols); Error correction; Flash memory; Forecasting; Liquid crystal displays; Machine learning; Memory architecture; NAND circuits; Smartphones; Erase cycling; Error correcting code; Error correction codes; Gradient boosting; NAND Flash; Program/erase; Raw bit error rates; Retention; Solid state drive; Three-dimensional display; Threshold voltage","Article","Final","All Open Access; Gold Open Access; Green Open Access","Scopus","2-s2.0-85118621786"
"Ahmed M.; Yuan J.-S.","Ahmed, Munir (60417192300); Yuan, Jiann-Shiun (57199894791)","60417192300; 57199894791","AI-Driven Hybrid Architecture for Secure, Reconstruction-Resistant Multi-Cloud Storage","2026","Future Internet","18","2","70","","","6","10.3390/fi18020070","https://www.scopus.com/pages/publications/105031064437?origin=resultslist","Cloud storage continues to experience recurring provider-side breaches, raising concerns about the confidentiality and recoverability of user data. This study addresses this challenge by introducing an Artificial Intelligence (AI)-driven hybrid architecture for secure, reconstruction-resistant multi-cloud storage. The system applies telemetry-guided fragmentation, where fragment sizes are dynamically predicted from real-time bandwidth, latency, memory availability and disk I/O, eliminating the predictability of fixed-size fragmentation. All payloads are compressed, encrypted with AES-128 and dispersed across independent cloud providers, while two encrypted fragments are retained within a VeraCrypt-protected local vault to enforce a distributed trust threshold that prevents cloud-only reconstruction. Synthetic telemetry was first used to evaluate model feasibility and scalability, followed by hybrid telemetry integrating real Microsoft system traces and Cisco network metrics to validate generalization under realistic variability. Across all evaluations, XGBoost and Random Forest achieved the highest predictive accuracy, while Neural Network and Linear Regression models provided moderate performance. Security validation confirmed that partial-access and cloud-only attack scenarios cannot yield reconstruction without the local vault fragments and the encryption key. These findings demonstrate that telemetry-driven adaptive fragmentation enhances predictive reliability and establishes a resilient, zero-trust framework for secure multi-cloud storage. © 2026 by the authors.","adaptive data management; AES-128 encryption; AI-driven adaptive fragmentation; hybrid multi-cloud architecture; predictive modeling; secure cloud storage; telemetry-based optimization; VeraCrypt local vault","Architecture; Cloud computing architecture; Cloud storage; Cryptography; Linear regression; Memory architecture; Network architecture; Network security; Telemetering; Adaptive data management; Adaptive fragmentation; AES-128 encryption; Artificial intelligence-driven adaptive fragmentation; Cloud architectures; Hybrid multi-cloud architecture; Multi-clouds; Optimisations; Predictive models; Secure cloud storages; Telemetry-based optimization; Veracrypt local vault; Telemetering equipment","Article","Final","All Open Access; Gold Open Access","Scopus","2-s2.0-105031064437"
"Anistoroaei A.; Iosif P.; Burlacu C.; Berdich A.; Groza B.","Anistoroaei, Alfred (57218210635); Iosif, Patricia (57291750000); Burlacu, Camelia (57221933628); Berdich, Adriana (57203884692); Groza, Bogdan (19933679100)","57218210635; 57291750000; 57221933628; 57203884692; 19933679100","AudioUnlock: Device-to-Device Authentication via Acoustic Signatures and One-Class Classifiers","2025","Sensors","25","21","6510","","","0","10.3390/s25216510","https://www.scopus.com/pages/publications/105021652254?origin=resultslist","Acoustic fingerprints can be used for device-to-device authentication due to manufacturing-induced variations in microphones and speakers. However, previous works have focused mostly on recognizing single devices from a set of multiple devices, which may not be sufficiently realistic since in practice, a single device has to be recognized from a very large pool of devices that are not available for training machine learning classifiers. Therefore, in this work, we focus on one-class classification algorithms, namely one-class Support Vector Machine and the local outlier factor. As such, learning the fingerprint of a single device is sufficient to recognize the legitimate device and reject all other attempts to impersonate it. The proposed application can also rely on cloud-based deployment to free the smartphone from intensive computational tasks or data storage. For the experimental part, we rely both on smartphones and an automotive-grade Android headunit, exploring in-vehicle environments as the main area of application. We create a dataset consisting of more than 5000 measurements and achieve a recognition rate ranging from 50% to 100% for different devices under various environmental conditions such as distance, altitude, and component aging. These conditions also serve as our limitations, however, we propose different solutions for overcoming them, which are part of our threat model. © 2025 by the authors.","acoustic signature; loudspeaker; machine learning; microphone; smartphone fingerprinting","Audio acoustics; Classification (of information); Classifiers; Digital storage; Learning systems; Loudspeakers; Smartphones; Support vector machines; Acoustic fingerprint; Acoustic signature; Device authentications; Learning classifiers; Machine-learning; Multiple devices; One-class classifier; Smart phones; Smartphone fingerprinting; Training machines; adult; aging; altitude; article; classification algorithm; classifier; cloud computing; controlled study; diagnosis; environmental disease; human; information storage; learning; machine learning; microphone; one class support vector machine; smartphone; Microphones","Article","Final","All Open Access; Gold Open Access; Green Open Access","Scopus","2-s2.0-105021652254"
"Pérez Carrasco F.; Fernández García A.; García A.; Ruiz Bejerano V.; Gutiérrez Á.; Belmonte-Hernández A.","Pérez Carrasco, Francisco (59198263300); Fernández García, Anaida (58193037600); García, Alberto (59198505600); Ruiz Bejerano, Verónica (57197162627); Gutiérrez, Álvaro (25651604300); Belmonte-Hernández, Alberto (57194728886)","59198263300; 58193037600; 59198505600; 57197162627; 25651604300; 57194728886","Cloud-Based Architecture for Hydrophone Data Acquisition and Processing of Surface and Underwater Vehicle Detection","2025","Journal of Marine Science and Engineering","13","8","1455","","","4","10.3390/jmse13081455","https://www.scopus.com/pages/publications/105014326693?origin=resultslist","This paper presents a cloud-based architecture for the acquisition, transmission, and processing of acoustic data from hydrophone arrays, designed to enable the detection and monitoring of both surface and underwater vehicles. The proposed system offers a modular and scalable cloud infrastructure that supports real-time and distributed processing of hydrophone data collected in diverse aquatic environments. Acoustic signals captured by heterogeneous hydrophones—featuring varying sensitivity and bandwidth—are streamed to the cloud, where several machine learning algorithms can be deployed to extract distinguishing acoustic signatures from vessel engines and propellers in interaction with water. The architecture leverages cloud-based services for data ingestion, processing, and storage, facilitating robust vehicle detection and localization through propagation modeling and multi-array geometric configurations. Experimental validation demonstrates the system’s effectiveness in handling high-volume acoustic data streams while maintaining low-latency processing. The proposed approach highlights the potential of cloud technologies to deliver scalable, resilient, and adaptive acoustic sensing platforms for applications in maritime traffic monitoring, harbor security, and environmental surveillance. © 2025 by the authors.","AIS integration; cloud computing; edge computing; hydrophones; maritime surveillance; underwater acoustic sensing; vehicle detection","Cloud computing architecture; Computer architecture; Data acquisition; Data handling; Digital storage; Embedded systems; Learning algorithms; Machine learning; Underwater acoustics; Vehicle detection; Vehicles; Waterway transportation; Acoustic sensing; AIS integration; Cloud-based architectures; Cloud-computing; Edge computing; Hydrophone data; Maritime-surveillance; Surface vehicles; Underwater acoustic sensing; Vehicles detection; Edge computing; Hydrophones","Article","Final","All Open Access; Gold Open Access; Green Open Access","Scopus","2-s2.0-105014326693"
"Sanyal P.; Rathore K.; Arjunan R.V.","Sanyal, Priyodip (60430338500); Rathore, Kumud (60429965100); Arjunan, R. Vijaya (39862542500)","60430338500; 60429965100; 39862542500","RAGMail: a cloud-based retrieval-augmented framework for reducing hallucinations in LLM text generation","2026","Scientific Reports","16","1","7925","","","0","10.1038/s41598-026-38913-w","https://www.scopus.com/pages/publications/105031598362?origin=resultslist","Cold emailing is used to personalize, target emails for outreach without prior contact. Automating this personalized cold email generation process can significantly improve outreach efficiency for job seekers, particularly in competitive industries. It streamlines the process of composition, saves time and increases engagement, tailored to a specific industry or role. In today’s competitive market, where job application is made easy, such a tool scales communication and boosts the conversion rate. The cold email generator. RAGMail, is an intelligent cold email generator that is cloud-integrated and uses Retrieval-Augmented Generation (RAG) to reduce hallucinations. The cloud-native infrastructure on which the system is built makes use of services including managed Large Language Model (LLMs) APIs, scalable vector databases, and object storage. With real-time document retrieval and cloud-hosted, metadata-aware templates, RAGMail guarantees high personalization accuracy and factual foundation. This cloud-native architecture provides elastic scalability, low-latency inference, and real-time personalization at scale, all while protecting data and user privacy with role-based access control and encrypted storage. Beyond job applications, the approach can be applied to a wide range of outreach sectors, including sales, academia, and commercial relationships, where factual accuracy and context sensitivity are critical. The system ensures high availability and load balancing during peak demand periods by utilizing distributed cloud resources. The models exhibit open-domain conversational capabilities, generalize effectively to scenarios beyond the trained data, and as verified by human evaluations, substantially reduce the well-known problem of knowledge hallucination in state-of-the-art chatbots. The proposed framework offers a scalable and reliable solution for generating contextually grounded, high-quality cold emails using Retrieval-Augmented Generation. © The Author(s) 2026.","AI personalization; Cloud native architecture; Cold email generation; Factualness evaluation; Generative AI; Large language models; Natural language processing; Weighting LLM","article; cloud computing; cold; controlled study; diagnosis; generative artificial intelligence; hallucination; human; information retrieval; large language model; natural language processing","Article","Final","All Open Access; Gold Open Access; Green Open Access","Scopus","2-s2.0-105031598362"
"Ting T.; Li M.","Ting, Tang (60083499700); Li, Ming (60083822400)","60083499700; 60083822400","Enhanced secure storage and data privacy management system for big data based on multilayer model","2025","Scientific Reports","15","1","32285","","","4","10.1038/s41598-025-16624-y","https://www.scopus.com/pages/publications/105014937548?origin=resultslist","As big data systems expand in scale and complexity, managing and securing sensitive data—especially personnel records—has become a critical challenge in cloud environments. This paper proposes a novel Multi-Layer Secure Cloud Storage Model (MLSCSM) tailored for large-scale personnel data. The model integrates fast and secure ChaCha20 encryption, Dual Stage Data Partitioning (DSDP) to maintain statistical reliability across blocks, k-anonymization to ensure privacy, SHA-512 hashing for data integrity, and Cauchy matrix-based dispersion for fault-tolerant distributed storage. A key novelty lies in combining cryptographic and statistical methods to enable privacy-preserving partitioned storage, optimized for distributed Cloud Computing Environments (CCE). Data blocks are securely encoded, masked, and stored in discrete locations across several cloud platforms, based on factors such as latency, bandwidth, cost, and security. They are later retrieved with integrity verification. The model also includes audit logs, load balancing, and real-time resource evaluation. To validate the system, experiments were tested using the MIMIC-III dataset on a 20-node Hadoop cluster. Compared to baseline models such as RDFA, SDPMC, and P&XE, the proposed model achieved a reduction in encoding time to 250 ms (block size 75), a CPU usage of 23% for 256 MB of data, a latency as low as 14 ms, and a throughput of up to 139 ms. These results confirm that the model offers superior security, efficiency, and scalability for cloud-based big data storage applications. © The Author(s) 2025.","Big data; Cloud computing; Cloud storage model; Information management; Machine learning; Privacy; Security","anonymization; article; bandwidth; big data; clinical audit; cloud computing; controlled study; data integrity; data privacy; dispersion; encoding; encryption; human; information storage; information system; machine learning; privacy; reliability; statistical analysis","Article","Final","All Open Access; Gold Open Access; Green Open Access","Scopus","2-s2.0-105014937548"
"Lakshmanna K.; Kavitha R.; Geetha B.T.; Nanda A.K.; Radhakrishnan A.; Kohar R.","Lakshmanna, Kuruva (56011347200); Kavitha, R. (56432609400); Geetha, B.T. (55419528700); Nanda, Ashok Kumar (54684568500); Radhakrishnan, Arun (57202397587); Kohar, Rachna (57193505642)","56011347200; 56432609400; 55419528700; 54684568500; 57202397587; 57193505642","Deep Learning-Based Privacy-Preserving Data Transmission Scheme for Clustered IIoT Environment","2022","Computational Intelligence and Neuroscience","2022","","8927830","","","26","10.1155/2022/8927830","https://www.scopus.com/pages/publications/85132273527?origin=resultslist","The Industrial Internet of Things (IIoT) has received significant attention from several leading industries like agriculture, mining, transport, energy, and healthcare. IIoT acts as a vital part of Industry 4.0 that mainly employs machine learning (ML) to investigate the interconnection and massive quantity of the IIoT data. As the data are generally saved at the cloud server, security and privacy of the collected data from numerous distributed and heterogeneous devices remain a challenging issue. This article develops a novel multi-agent system (MAS) with deep learning-based privacy preserving data transmission (BDL-PPDT) scheme for clustered IIoT environment. The goal of the BDL-PPDT technique is to accomplish secure data transmission in clustered IIoT environment. The BDL-PPDT technique involves a two-stage process. Initially, an enhanced moth swarm algorithm-based clustering (EMSA-C) technique is derived to choose a proper set of clusters in the IIoT system and construct clusters. Besides, multi-agent system is used to enable secure inter-cluster communication. Moreover, multi-head attention with bidirectional long short-term memory (MHA-BLSTM) model is applied for intrusion detection process. Furthermore, the hyperparameter tuning process of the MHA-BLSTM model can be carried out by the stochastic gradient descent with momentum (SGDM) model to improve the detection rate. For examining the promising performance of the BDL-PPDT technique, an extensive comparison study takes place and the results are assessed under varying measures. A significant amount of capital is required. It goes without saying that one of the most obvious industrial IoT concerns is the high cost of adoption. Secure data storage and management connectivity failures are common among IoT devices due to the massive amount of data they create. The simulation results demonstrate the enhanced outcomes of the BDL-PPDT technique over the recent methods. Despite the fact that the offered BDL-PPDT technique has an accuracy of just 98.15 percent, it produces the best feasible outcome. Because of the data analysis conducted as detailed above, it was determined that the BDL-PPDT technique outperformed the other current techniques on a range of different criteria and was thus recommended.  © 2022 Kuruva Lakshmanna et al.","","Computer Security; Deep Learning; Information Storage and Retrieval; Internet of Things; Privacy; Deep learning; Gradient methods; Information management; Internet of things; Learning systems; Multi agent systems; Privacy-preserving techniques; Stochastic models; Stochastic systems; Cloud servers; Data-transmission; Leading industry; Machine-learning; Massive quantities; Memory modeling; Privacy preserving; Security and privacy; Transmission schemes; Transport energy; computer security; information retrieval; privacy; Digital storage","Article","Final","All Open Access; Green Open Access; Hybrid Gold Open Access","Scopus","2-s2.0-85132273527"
"Kumar A.; Khan S.B.; Pandey S.K.; Shankar A.; Maple C.; Mashat A.; Malibari A.A.","Kumar, Ankit (57209569655); Khan, Surbhi Bhatia (56655934600); Pandey, Saroj Kumar (57202704001); Shankar, Achyut (7005442649); Maple, Carsten (6603067743); Mashat, Arwa (57211476380); Malibari, Areej A. (6506143515)","57209569655; 56655934600; 57202704001; 7005442649; 6603067743; 57211476380; 6506143515","Development of a cloud-assisted classification technique for the preservation of secure data storage in smart cities","2023","Journal of Cloud Computing","12","1","92","","","31","10.1186/s13677-023-00469-9","https://www.scopus.com/pages/publications/85162733153?origin=resultslist","Cloud computing is the most recent smart city advancement, made possible by the increasing volume of heterogeneous data produced by apps. More storage capacity and processing power are required to process this volume of data. Data analytics is used to examine various datasets, both structured and unstructured. Nonetheless, as the complexity of data in the healthcare and biomedical communities grows, obtaining more precise results from analyses of medical datasets presents a number of challenges. In the cloud environment, big data is abundant, necessitating proper classification that can be effectively divided using machine language. Machine learning is used to investigate algorithms for learning and data prediction. The Cleveland database is frequently used by machine learning researchers. Among the performance metrics used to compare the proposed and existing methodologies are execution time, defect detection rate, and accuracy. In this study, two supervised learning-based classifiers, SVM and Novel KNN, were proposed and used to analyses data from a benchmark database obtained from the UCI repository. Initially, intrusions were detected using the SVM classification method. The proposed study demonstrated how the novel KNN used for distance capacity outperformed previous studies. The accuracy of the results of both approaches is evaluated. The results show that the intrusion detection system (IDS) with a 98.98% accuracy rate produces the best results when using the suggested system. © 2023, The Author(s).","Cloud; Data protection; Intrusion detection; Machine learning; Smart cities","Classification (of information); Data Analytics; Digital storage; Intrusion detection; Network security; Support vector machines; Biomedical community; Classification technique; Cloud-computing; Data analytics; Heterogeneous data; Intrusion-Detection; Machine-learning; Processing power; Secure data storage; Storage capacity; Smart city","Article","Final","All Open Access; Gold Open Access; Green Open Access","Scopus","2-s2.0-85162733153"
"Moawad M.M.; Madbouly M.M.; Guirguis S.K.","Moawad, Mayar M. (57211988142); Madbouly, Magda M. (57211989802); Guirguis, Shawkat K. (60431641200)","57211988142; 57211989802; 60431641200","DLBIoT: Deep Learning and Blockchain for IoT Secure Architecture","2023","International Journal of Intelligent Engineering and Systems","16","6","","237","248","0","10.22266/ijies2023.1231.20","https://www.scopus.com/pages/publications/85177636820?origin=resultslist","The internet of things (IoT) has been industrializing in a variety of real-world implementations to improve human life. As IoT becomes more industrialized, a huge portion of data is being generated by various devices. Edge, Fog, and Cloud security is a topical issue associated with data storage, managing, or processing systems. Once an attack occurs, it has irreversible and disastrous effects on the development of IoT. Therefore, many security systems have been proposed and implemented for the sake of system security. So, this study consists of three steps based on deep learning, and blockchain for IoT (DLBIoT) architecture security. BoT-IoT and TON-IoT datasets are utilized to demonstrate the DLBIoT, also, the performance was measured using a variety of metrics. Results indicate that the proposed architecture is more efficient than other systems. DLBIoT architecture reaches an approximately 5 % increase for F1-Score compared to DT, NB, RF, and TP2SF. Also, the proposed architecture has simultaneously displayed an accuracy of 98.9% that increases steadily as the Learning Rate increases. Additionally, DLBIoT architecture may be utilized for real-time IoT applications. © (2023), (Intelligent Network and Systems Society). All Rights Reserved.","Blockchain; Cyberattacks; DL; Internet of things security; Intrusion detection","","Article","Final","All Open Access; Bronze Open Access","Scopus","2-s2.0-85177636820"
"Pawar T.; Rao J.; Patil P.","Pawar, Tejaswini (57219249044); Rao, Jyoti (57189242800); Patil, Pramod (14632512000)","57219249044; 57189242800; 14632512000","Cyber-shield machine learning: an intrusion detection system with blockchain-powered secure log storage across network nodes","2025","Sigma Journal of Engineering and Natural Sciences","43","3","","714","725","5","10.14744/sigma.2025.00066","https://www.scopus.com/pages/publications/105007467201?origin=resultslist","Intrusion detection and blockchain technology have been extensively studied to enhance data privacy and identify current and potential cyber attacks. In this approach, machine learning algorithms can identify complicated malicious occurrences simultaneously by protecting data privacy. This model is utilized to offer more security and privacy in the cloud to protect networks. This research proposes an innovative Intrusion Detection System imposing blockchain technology which employs consensus mechanisms and compares different machine learning methods including XGBoost, Random Forest, Decision Tree, and Extra Tree. This system is developed to enhance data privacy, security, and protect Internet-of-Things networks. The utilization of ant colony optimization further improves accuracy during real-time data analysis. The aim of the study is to extend the application of machine learning for network intrusion detection and to conduct a comparative analysis of the proposed ant colony algorithms with other existing studies in terms of accuracy, recall, and precision measures. The high accuracy and strong intrusion detection capability of the model are verified through experimental evaluations using datasets such as NSL-KDD and CICIDS2017. Proposed system shows effectiveness by using creative technology integration for mitigating cyber security risks. The experimental result shows that a machine learning algorithm using ant colony optimization achieves 99% accuracy. This model represents a significant progression towards addressing a resilient solution for cyber security challenges and to tackle new cyber threats. Copyright 2021, Yıldız Technical University.","Blockchain, Collaborative Intrusion Detection; Learning-Based Ensemble Model; Machine Learning; Privacy Preservation","","Article","Final","All Open Access; Gold Open Access","Scopus","2-s2.0-105007467201"
"Liu J.; Xiong W.; Bai L.; Xia Y.; Huang T.; Ouyang W.; Zhu B.","Liu, Jianan (57225028675); Xiong, Weiyi (57310259500); Bai, Liping (57310259600); Xia, Yuxuan (57195639986); Huang, Tao (40661166600); Ouyang, Wanli (27068028000); Zhu, Bing (57194141362)","57225028675; 57310259500; 57310259600; 57195639986; 40661166600; 27068028000; 57194141362","Deep Instance Segmentation With Automotive Radar Detection Points","2023","IEEE Transactions on Intelligent Vehicles","8","1","","84","94","74","10.1109/TIV.2022.3168899","https://www.scopus.com/pages/publications/85127239086?origin=resultslist","Automotive radar provides reliable environmental perception in all-weather conditions with affordable cost, but it hardly supplies semantic and geometry information due to the sparsity of radar detection points. With the development of automotive radar technologies in recent years, instance segmentation becomes possible by using automotive radar. Its data contain contexts such as radar cross section and micro-Doppler effects, and sometimes can provide detection when the field of view is obscured. The outcome from instance segmentation could be potentially used as the input of trackers for tracking targets. The existing methods often utilize a clustering-based classification framework, which fits the need of real-time processing but has limited performance due to minimum information provided by sparse radar detection points. In this paper, we propose an efficient method based on clustering of estimated semantic information to achieve instance segmentation for the sparse radar detection points. In addition, we show that the performance of the proposed approach can be further enhanced by incorporating the visual multi-layer perceptron. The effectiveness of the proposed method is verified by experimental results on the popular RadarScenes dataset, achieving 89.53% mean coverage and 86.97% mean average precision with the IoU threshold of 0.5, which is superior to other approaches in the literature. More significantly, the consumed memory is around 1MB, and the inference time is less than 40 ms, indicating that our proposed algorithm is storage and time efficient. These two criteria ensure the practicality of the proposed method in real-world systems.  © 2016 IEEE.","automotive radar; Autonomous driving; clustering; deep learning; environmental perception; instance segmentation; semantic segmentation","Classification (of information); Deep learning; Digital storage; Inference engines; Object detection; Radar cross section; Semantic Segmentation; Signal detection; Tracking radar; Automotive radar; Autonomous driving; Clusterings; Deep learning; Environmental perceptions; Instance segmentation; Point cloud compression; Point-clouds; Radar cross-sections; Radar detection; Semantic segmentation; Semantics","Article","Final","All Open Access; Green Open Access","Scopus","2-s2.0-85127239086"
"Selvaperumal P.; Sahoo L.K.; Tomar A.; Ingale K.; Radha N.; Patel D.J.; Verma S.; R H.","Selvaperumal, P. (56589160200); Sahoo, Lulup Kumar (57193671840); Tomar, Arjit (58029478800); Ingale, Kiran (57874708800); Radha, Nainavarapu (58527430400); Patel, Devanshu J. (57994638100); Verma, Shikhar (56035531300); R, Harshini (60705245500)","56589160200; 57193671840; 58029478800; 57874708800; 58527430400; 57994638100; 56035531300; 60705245500","Artificial Intelligence Enabled Zero-Trust Cyber Security Framework for Smart Healthcare Infrastructure","2026","International Journal of Artificial Intelligence and Machine Learning","6","2S","","204","217","0","10.51483/ijaiml.6.2s.2026.204-217","https://www.scopus.com/pages/publications/105042624162?origin=resultslist","Smart infrastructure deployment in healthcare, such as the Internet of Medical Things (IoMT) devices, cloud-based clinical platforms and intelligent patient monitoring systems, has greatly enhanced the vulnerabilities of the healthcare infrastructure. Traditional perimeter security solutions are not enough to defend against advanced attacks like ransomware, unauthorised access, data breaches or insider threats. These challenges led to proposing an AI-enabled Zero-Trust Cyber Security Framework for smart healthcare infrastructure that continuously verifies the users, devices, and network activities before providing access to critical medical resources. The plan in the proposed infrastructure is to combine Zero-Trust Architecture (ZTA) principles with an AI-based threat detection system that can detect unusual behavior and patterns of malicious traffic in real time. An adaptive intrusion detection, dynamic trust evaluation and intelligent access control are implemented with the help of a hybrid deep learning model. The experimental validation has been performed on cybersecurity datasets related to the healthcare industry and simulated smart healthcare traffic scenarios. The proposed framework achieves high results for attack detection accuracy, low false positive and low authentication latency compared to the conventional security techniques, as shown by results. The framework improves security resilience, scalability and instant protection for the next generation smart healthcare ecosystems. © 2026, SvedbergOpen. All rights reserved.","Artificial Intelligence; Cybersecurity Framework; Intrusion Detection; IoMT Security; Smart Healthcare; Zero-Trust Security","","Article","Final","All Open Access; Hybrid Gold Open Access","Scopus","2-s2.0-105042624162"
"Wang C.; Chen Y.; Liu S.; Chen D.","Wang, Congrong (60382432100); Chen, Yajun (35758431900); Liu, Shanhui (36768525000); Chen, Dongle (60071091400)","60382432100; 35758431900; 36768525000; 60071091400","Review of the progress in 3D defect detection methods; [三维缺陷检测技术研究进展]","2026","Journal of Image and Graphics","31","2","","374","390","0","10.11834/jig.250111","https://www.scopus.com/pages/publications/105029969691?origin=resultslist","With the rapid development of modern manufacturing，consumers and producers have increasingly higher demands for product quality and safety. However，various defects such as dents，cracks，and bubbles inevitably occur during production，which may directly affect product performance. Therefore，early detection and accurate identification of defects are crucial for ensuring product quality and improving production efficiency. Traditional 2D defect detection methods only provide surface information of objects，making them inconsiderably effective in detecting deep or internal defects. Additionally，factors such as lighting，texture，and shadows can significantly influence the stability and robustness of 2D images in complex environments. In recent years，3D defect detection technology has gradually become a research hotspot. By utilizing 3D data，such as point clouds and depth maps，it provides more comprehensive and accurate information，capturing the geometric shape，spatial distribution，and depth of objects，thereby enhancing detection accuracy and reliability. However，there is currently no systematic and comprehensive review article that tackles 3D defect detection technologies. This study aims to fill this gap by providing a thorough review of existing 3D defect detection methods and exploring future research directions. This paper first introduces the background of defect detection， highlighting the limitations of 2D defect detection technologies in detecting complex 3D objects and deep defects， and emphasizes the advantages of 3D defect detection technologies. Traditional 2D methods， which rely on image features such as texture analysis， edge detection， and morphological processing， have achieved certain success in surface defect detection. However， they struggle with complex 3D objects and internal defects because of their reliance on 2D images. By contrast， 3D defect detection technologies leverage point clouds and depth maps to provide a more comprehensive analysis of surface and internal structures， making them more suitable for modern industrial applications. Subsequently， this paper systematically summarizes the current research status of 3D defect detection from two perspectives: traditional and deep learning. In traditional methods， 3D defect detection is mainly divided into three categories: methods based on local features in point clouds， methods based on point cloud registration， and methods based on point cloud segmentation. Methods based on local features in point clouds detect defects by extracting local features such as depth， area， and slope， combined with threshold settings. These methods exhibit robustness and computational efficiency but lack utilization of global contextual information. For example， they can effectively detect common industrial defects like dents and protrusions but may miss defects that require a global understanding of the object’s structure. Methods based on point cloud registration align target point clouds with model data and identify defects by comparing differences. Their performance depends on the accuracy and efficiency of the registration algorithm. While these methods excel in utilizing global information and shape consistency， they face challenges in computational complexity and error accumulation. Methods based on point cloud segmentation detect defects by segmenting point clouds and extracting regional features. They excel in local feature extraction and fine-grained localization but may lose global information. These methods are computationally efficient in the preprocessing stage but may suffer from segmentation errors and parameter sensitivity. In deep learning methods， 3D defect detection is divided into point cloud-based methods and multimodal fusion-based methods. Point cloud-based methods automatically learn point cloud features through neural networks， making them suitable for complex surfaces. However， they involve intricate data processing and require significant computational resources. For instance， these methods can handle irregular shapes and textures but may struggle with real-time applications owing to their computational demands. Multimodal fusion-based methods combine information from multiple modalities such as RGB images and point cloud data， significantly improving detection accuracy and robustness. Specific methods include teacher-student network-based methods， memory bank-based methods， reconstruction based methods， and methods leveraging contrastive language-image pretraining (CLIP), Teacher-student network-based methods achieve efficient feature learning through knowledge distillation or reverse distillation， offering advantages such as model lightweighting and high detection sensitivity. However， their performance heavily depends on the quality of the teacher network and the precision of feature matching. Memory bank-based methods enable rapid detection by storing multimodal features but incur high storage costs. Reconstruction-based methods analyze defect locations through reconstruction errors but exhibit low sensitivity to minor defects. These methods leverage the spatial and texture features of 3D data but require complex model training and high-quality reconstruction networks. CLIP-based methods leverage cross-modal characteristics for zero-shot detection， offering strong adaptability but requiring high computational costs. They are promising for their ability to generalize across different defect types but may need task-specific optimizations to improve performance. Moreover， this paper summarizes commonly used public datasets in the field of 3D defect detection， including the MVTec 3D Anomaly Detection (MVTec 3D-AD), Eyecandies， Real 3D-AD， Play-Doh made (PD-REAL), Anomaly ShapeNet， and Multi-pose Anomaly Detection datasets. These datasets provide various samples and annotations， enabling researchers to train， validate， and evaluate their methods effectively. This paper also introduces evaluation metrics such as the image level area under the receiver operating characteristic curve (I-AUROC), pixel-level area under the receiver operating characteristic curve (P-AUROC), and area under the precision-recall operating curve (AUPRO), along with their definitions and calculation methods. I-AUROC measures a model’s ability to distinguish between normal and defective images at the image level， while P-AUROC evaluates pixel-level defect localization. AUPRO focuses on the overlap between predicted and actual defect regions， providing a more detailed assessment of detection performance. Finally， this study analyzes the current challenges in 3D defect detection， including data quality， large-scale data processing， real-time performance， and the integration of domain knowledge with algorithms. Data quality remains a critical issue， given that noisy or incomplete data can significantly affect detection accuracy. Large-scale data processing is another challenge， especially in industrial applications where real-time performance is essential. The integration of domain knowledge with advanced algorithms can enhance detection performance but requires interdisciplinary collaboration. This study further explores future research directions， such as cross-modal information fusion， the application of augmented reality and virtual reality technologies， and the optimization of real-time performance and efficiency. Cross-modal fusion can improve detection accuracy by combining complementary information from different data sources. Augmented reality and virtual reality technologies can enhance defect visualization and interaction， providing intuitive solutions for industrial applications. Real-time performance optimization is crucial for deploying 3D defect detection systems in production lines， where efficiency and speed are paramount. In conclusion， 3D defect detection is a critical and challenging task with broad applications in various fields. This paper provides a comprehensive review of traditional and deep learning methods in 3D defect detection， summarizes existing datasets and evaluation metrics， and discusses current challenges and future directions. By addressing these challenges and exploring new research avenues， this study aims to inspire further advancements in 3D defect detection technologies， ultimately contributing to improved product quality and manufacturing efficiency. © 2026, Editorial and Publishing Board of JIG. All rights reserved.","3D vision; computer vision; deep learning; defect detection; multimodal; review","","Article","Final","All Open Access; Bronze Open Access","Scopus","2-s2.0-105029969691"
"Kollu V.N.; Janarthanan V.; Karupusamy M.; Ramachandran M.","Kollu, Venkatagurunatham Naidu (58288416400); Janarthanan, Vijayaraj (58288368700); Karupusamy, Muthulakshmi (57673044100); Ramachandran, Manikandan (37061393600)","58288416400; 58288368700; 57673044100; 37061393600","Cloud-Based Smart Contract Analysis in FinTech Using IoT-Integrated Federated Learning in Intrusion Detection","2023","Data","8","5","83","","","28","10.3390/data8050083","https://www.scopus.com/pages/publications/85160214243?origin=resultslist","Data sharing is proposed because the issue of data islands hinders advancement of artificial intelligence technology in the 5G era. Sharing high-quality data has a direct impact on how well machine-learning models work, but there will always be misuse and leakage of data. The field of financial technology, or FinTech, has received a lot of attention and is growing quickly. This field has seen the introduction of new terms as a result of its ongoing expansion. One example of such terminology is “FinTech”. This term is used to describe a variety of procedures utilized frequently in the financial technology industry. This study aims to create a cloud-based intrusion detection system based on IoT federated learning architecture as well as smart contract analysis. This study proposes a novel method for detecting intrusions using a cyber-threat federated graphical authentication system and cloud-based smart contracts in FinTech data. Users are required to create a route on a world map as their credentials under this scheme. We had 120 people participate in the evaluation, 60 of whom had a background in finance or FinTech. The simulation was then carried out in Python using a variety of FinTech cyber-attack datasets for accuracy, precision, recall, F-measure, AUC (Area under the ROC Curve), trust value, scalability, and integrity. The proposed technique attained accuracy of 95%, precision of 85%, RMSE of 59%, recall of 68%, F-measure of 83%, AUC of 79%, trust value of 65%, scalability of 91%, and integrity of 83%. © 2023 by the authors.","cloud computing; FinTech; intrusion detection system; IoT federated learning architecture; smart contract analysis","5G mobile communication systems; Artificial intelligence; Computer architecture; Computer crime; Computer software; Finance; Internet of things; Intrusion detection; Learning systems; Network security; Scalability; Trusted computing; Area under the ROC curve; Cloud-based; Cloud-computing; F measure; Intrusion Detection Systems; Intrusion-Detection; IoT federated learning architecture; Learning architectures; Smart contract analyse; Trust values; Smart contract","Article","Final","All Open Access; Gold Open Access; Green Open Access","Scopus","2-s2.0-85160214243"
"Alduwayl Y.; Alessa A.; Frikha M.","Alduwayl, Yaseen (60330769300); Alessa, Abdullah (59496052600); Frikha, Mounir (36480090800)","60330769300; 59496052600; 36480090800","Behavior-Aware Access Control for IoT Networks Using Lightweight Machine Learning at the Gateway Level","2026","International Journal of Advanced Computer Science and Applications","17","6","","948","967","0","10.14569/IJACSA.2026.0170688","https://www.scopus.com/pages/publications/105044582065?origin=resultslist","The growing amount of heterogeneous devices with scarce resources is compromising the security of the Internet of Things (IoT), as they are more likely to adapt to a fixed and identity-based access control. Conventional security systems tend to assume that once a device is authenticated, the network may be exposed to credential theft, firmware, and insider abuse. In this study a behavior-sensitive access control solution is presented, which integrates lightweight supervised Machine Learning (ML) on the IoT gateway to provide dynamic authorization. Unlike the traditional passive intrusion detection models, the proposed framework uses a Supervised Random Forest model to process real-time statistical feature summaries in terms of mean, standard deviation, and sparsity of the IoT telemetry data. The method converts the output of anomaly detection directly into access (full, restricted or blocked) levels. The system was implemented on a Flask-based gateway and tested with ToN-IoT benchmark dataset. The results of the experiments show an anomaly-class recall of 0.9986 (99.86%) with 91,169 correctly detected attack and 125 false negatives among the 91,294 attack instances, for a securityoriented Zero Trust profile. As an example, when rounded to two decimal places, this value is 1.00, but the unrounded value is reported so as not to suggest 100% detection. The enforcement layer focuses on reducing risk and removes or filters out requests that were determined to be malicious or unauthorized in the scenarios. The architecture is designed to provide low latency through feature extraction and inference on the edge, which provides data privacy because telemetry processing is locally done without relying on the cloud. © 2026 Science and Information Organization. All right reserved","Behavioral-aware access control; edge intelligence; gateway-based security; intrusion detection; IoT security; lightweight machine learning; random forest","Anomaly detection; Authentication; Data privacy; Gateways (computer networks); Internet of things; Learning systems; Network security; Random forests; Supervised learning; Telemetering; Telemetering equipment; Behavioral-aware access control; Edge intelligence; Gateway-based security; Heterogeneous devices; Internet of thing security; Intrusion-Detection; Lightweight machine learning; Lightweight machines; Machine-learning; Random forests; Intrusion detection","Article","Final","All Open Access; Gold Open Access; Green Open Access","Scopus","2-s2.0-105044582065"
"Marwan M.; Ait Temghart H.; Ait Temghart A.; Lazaar M.","Marwan, Mbarek (57188879416); Ait Temghart, Hind (60521576100); Ait Temghart, Abdelkarim (57218185353); Lazaar, Mohamed (57200595982)","57188879416; 60521576100; 57218185353; 57200595982","A two-level security-aware reactive caching for IoT-edge data centers using deep learning and hyperledger fabric blockchain-driven access control","2026","Discover Internet of Things","6","1","94","","","0","10.1007/s43926-026-00422-7","https://www.scopus.com/pages/publications/105044550690?origin=resultslist","Data placement in next-generation networks identifies frequently requested content and proactively stores it in edge nodes during off-peak periods to reduce retrieval latency. However, existing cache placement and eviction policies mainly focus on prediction algorithms, thereby neglecting the critical role of storage constraints in cloud–edge environments. Given this, we propose a reactive caching strategy that combines recommender systems with blockchain-enabled access logging, ensuring that caching decisions are perfectly tailored to each authenticated end device. Specifically, we introduce a two-phase framework built on Graph Neural Networks (GNNs) and the Hyperledger Fabric platform. First, we proposed a hybrid approach, the ARBAC scheme, by combining the strengths of Attribute-Based Access Control (ABAC) and Role-Based Access Control (RBAC). Next, we integrated chaincodes (i.e. programs that consist of smart contracts) to support the distributed ledger, creating a permanent and tamper-resistant record. Second, GNN models are employed to predict popular content for each authorized IoT device. Empirical evaluation confirms the superiority of the proposed GraphSAGE model; by utilizing generalized aggregation functions and neighborhood sampling, it outperforms LSTM, CNN, GCN, and GAT, yielding improvements of up to approximately 20% in R², 18% in F1-score, and 17% in precision, recall, and NDCG, respectively. Crucially, by exploiting its consensus mechanism and on-chain identity management, the blockchain-based ARBAC model guarantees fine-grained query verification while optimizing the trade-off between security and edge content caching performance. © The Author(s) 2026.","Attribute-based access control; Cache placement and eviction policies; Cloud-edge-end collaboration; Graph neural networks; Hyperledger fabric blockchain; IoT; Role-based access control","Authentication; Blockchain; Deep learning; Digital storage; Graph neural networks; Network security; Attribute based access control; Block-chain; Cache placement; Cache placement and eviction policy; Cloud-edge-end collaboration; Graph neural networks; Hyperledger fabric blockchain; IoT; Role-based Access Control; Security-aware; Economic and social effects","Article","Final","All Open Access; Gold Open Access","Scopus","2-s2.0-105044550690"
"Farbo A.; Parsons D.; Borgogno-Mondino E.; Oliveira J.","Farbo, A. (57741642200); Parsons, D. (55523102176); Borgogno-Mondino, E. (57202105878); Oliveira, J. (57191259498)","57741642200; 55523102176; 57202105878; 57191259498","DeepGrass: A transformer-based approach for enhanced grassland management through Sentinel-2 time series spectral signature and vegetation indices forecasting","2026","Remote Sensing of Environment","344","","115545","","","0","10.1016/j.rse.2026.115545","https://www.scopus.com/pages/publications/105042586401?origin=resultslist","Grasslands are vital ecosystems that offer numerous ecological services, including water regulation, carbon storage, climate mitigation, and pollination. They support diverse flora and fauna, serving as essential habitats for many species, and are fundamental to livestock grazing, thereby contributing to food production and rural economies. Accurate forecasting of grassland productivity aids in setting appropriate stocking rates, ensuring sustainable grazing practices, and assists in planning for forage availability and water resources, enhancing overall management efficiency and environmental sustainability. In this study, we developed DeepGrass, an encoder-decoder transformer model designed to forecast all 10 Sentinel-2 spectral bands (SBs) and 28 vegetation indices (VIs) over the coming 15 days at field-level. The model was trained and validated using data from grasslands across Sweden, spanning three phenological seasons (2020−2022) for a total of 565,614 grassland fields, with additional inference testing on 2023 data (for a total of 87,738 grassland fields in Sweden and 44,764 in Finland) to simulate real-world and generalization applicability. DeepGrass achieved competitive results with respect to other state-of-the-art approaches, focused solely on NDVI forecasting, and demonstrated consistent results across all VIs and SBs, for example: NDVI with RMSE ranging from 0.028 (t + 1) to 0.105 (t + 15); NDMI with RMSE ranging from 0.038 (t + 1) to 0.115 (t + 15); Red band with RMSE ranging from 0.0075 (t + 1) to 0.0205 (t + 15); and NIR band with RMSE ranging from 0.028 (t + 1) to 0.073 (t + 15). Notably, VIs derived from forecasted SBs exhibited performance comparable to that of directly forecasted VIs. This finding implies that, in practice, all desired VIs can be computed a posteriori from the forecasted SBs without necessitating separate model retraining for each specific VI. Additionally, the model trained on field-average time series performed reasonably well on pixel-level data, suggesting computational efficiency without compromising accuracy. The availability of satellite observations in the input time series was crucial, especially for long-term forecasts, emphasizing the need to assess cloud coverage to evaluate model output reliability. This advanced forecasting approach provides a valuable tool for monitoring grassland dynamics. Accurate forecasting of SBs and VIs is vital for effective grassland management, enabling informed decisions for grazing, mowing, and conservation practices. © 2026 The Authors. Published by Elsevier Inc. This is an open access article under the CC BY-NC-ND license. http://creativecommons.org/licenses/by-nc-nd/4.0/","Deep learning; Grassland management; Irregular time series; Precision agriculture; Reflectance forecasting; Transfer learning; Vegetation indices forecasting","Finland; Sweden; Climate models; Digital storage; Economics; Ecosystems; Forecasting; Learning systems; Precision agriculture; Reflection; Time series; Vegetation; Water resources; Deep learning; Grassland management; Irregular time series; Precision Agriculture; Reflectance forecasting; Spectral band; Times series; Transfer learning; Vegetation index; Vegetation index forecasting; factor productivity; grassland; machine learning; NDVI; precision agriculture; satellite data; sustainability; time series analysis; Deep learning","Article","Final","All Open Access; Hybrid Gold Open Access","Scopus","2-s2.0-105042586401"
"Girijalaxmi G.; Hegadi R.S.","Girijalaxmi, G. (60740489000); Hegadi, Ravindra S. (16177125800)","60740489000; 16177125800","Design and Validation of an IoT-Enabled Safety Monitoring System for Agricultural UAV Operations","2026","Journal of Trends in Computer Science and Smart Technology","8","3","","538","557","0","10.36548/jtcsst.2026.3.006","https://www.scopus.com/pages/publications/105044724854?origin=resultslist","The challenges faced by Unmanned Aerial Vehicles (UAVs) used in precision agriculture are growing. Operational risks arise from harsh conditions, such as abnormal flight behaviors, extended missions, and environmental circumstances. Current flight controllers primarily focus on navigation and stabilization, with only limited ability to monitor real-time safety. This study presents a low-cost, real-time safety monitoring platform for agricultural UAVs using an ESP32 microcontroller integrated with an MPU6050 inertial measurement unit (IMU) and a DHT11 temperature sensor. The system continuously measures roll, pitch, and on-board temperature, sending telemetry data to a cloud-based IoT platform for visualization and alerts. An empirically derived, threshold-based anomaly detection plan, based on over 100 normal flight data points, more than 20 Pixhawk crash log analyses, and observations of climatic conditions from 28 Indian states, allows for timely detection of abnormal operating conditions. The monitoring module has a sampling rate of 30-40 Hz and uses persistence-based detection logic to ensure that sustained anomalies are present over a 125-165 ms timespan. It was experimentally verified that roll and pitch estimates based on an atan2-based approach have a mean absolute error of 7.62° and 13.52°, respectively, compared to reference flight controller measurements. Temperature validation shows that the DHT11 sensor's temperature readings do not exceed the ±4.6°C deviation limit relative to the reference readings. These findings reveal that the suggested framework offers a scalable, cost-effective, and easily implemented solution for safety monitoring and early detection of abnormal flight conditions in agricultural UAV delivery. © 2026 Inventive Research Organization.","Agricultural UAVs; DHT11 and MPU6050 Sensors; IoT-Based Monitoring; Safety Monitoring System; Threshold-Based Anomaly Detection","","Article","Final","All Open Access; Gold Open Access","Scopus","2-s2.0-105044724854"
"Singh P.; Kaur A.; Aujla G.S.; Batth R.S.; Kanhere S.","Singh, Parminder (57210392587); Kaur, Avinash (56517666100); Aujla, Gagangeet Singh (56218282200); Batth, Ranbir Singh (57201743939); Kanhere, Salil (8843325700)","57210392587; 56517666100; 56218282200; 57201743939; 8843325700","DaaS: Dew Computing as a Service for Intelligent Intrusion Detection in Edge-of-Things Ecosystem","2021","IEEE Internet of Things Journal","8","16","9216004","12569","12577","66","10.1109/JIOT.2020.3029248","https://www.scopus.com/pages/publications/85101248125?origin=resultslist","Edge of Things (EoT) enables the seamless transfer of services, storage, and data processing from the cloud layer to edge devices in a large-scale distributed Internet of Things (IoT) ecosystems (e.g., Industrial systems). This transition raises the privacy and security concerns in the EoT paradigm distributed at different layers. Intrusion detection systems (IDSs) are implemented in EoT ecosystems to protect the underlying resources from attackers. However, the current IDSs are not intelligent enough to control the false alarms, which significantly lower the reliability and add to the analysis burden on the IDSs. In this article, we present a Dew Computing as a Service (DaaS) for intelligent intrusion detection in EoT ecosystems. In DaaS, a deep learning-based classifier is used to design an intelligent alarm filtration mechanism. In this mechanism, the filtration accuracy is improved (or sustained) by using deep belief networks. In the past, the cloud-based techniques have been applied for offloading the EoT tasks, which increases the middle layer burden and raises the communication delay. Here, we introduce the dew computing features that are used to design the smart false alarm reduction system. DaaS, when experimented in a simulated environment, reflects lower response time to process the data in the EoT ecosystem. The revamped DBN model achieved the classification accuracy up to 95%. Moreover, it depicts a 60% improvement in the latency and 35% workload reduction of the cloud servers as compared to edge IDS. © 2014 IEEE.","Deep belief networks (DBNs); dew computing; Edge of Things (EoT); intrusion detection; smart false alarm filter","Alarm systems; Computer crime; Data as a service (DaaS); Deep learning; Digital storage; Ecosystems; Errors; Internet of things; Privacy by design; Reliability analysis; Storage as a service (STaaS); Classification accuracy; Communication delays; False alarm reductions; Filtration accuracies; Internet of Things (IOT); Intrusion Detection Systems; Privacy and security; Simulated environment; Intrusion detection","Article","Final","All Open Access; Green Open Access","Scopus","2-s2.0-85101248125"
"Madaminova N.; Maxammatov A.; Sadchikova S.; Altibaeva G.; Hamdamova M.; Alimov Z.; Jurayeva S.","Madaminova, Nilufar (60098620500); Maxammatov, Akram (60706368700); Sadchikova, Svetlana (23991529000); Altibaeva, Gulbakhor (60706485900); Hamdamova, Mahzuna (60705778500); Alimov, Zokir (60706368800); Jurayeva, Sadoqat (60413966200)","60098620500; 60706368700; 23991529000; 60706485900; 60705778500; 60706368800; 60413966200","Adaptive Anomaly Detection Algorithm for Real-Time Identification of Phishing and Credential Stuffing Attacks in E-Learning Systems Using Deep Reinforcement Learning","2026","Journal of Internet Services and Information Security","16","2","","199","212","0","10.58346/JISIS.2026.I2.013","https://www.scopus.com/pages/publications/105042637220?origin=resultslist","The quick embrace of e-learning software programs and cloud-based LMS has greatly enhanced digital education through better access and scalability of the platform. Nevertheless, with the reliance on the use of online authentication platforms, there is also a higher susceptibility to cyberattacks such as phishing attacks and credential stuffing attacks. These attacks utilize vulnerabilities in the user authentication process, stolen credentials, and deceptive communication tactics to gain unauthorized access, steal academic credentials, and disrupt the entire learning process. Traditional methods of intrusion detection and static machine learning have proven less effective in adapting to dynamic attack patterns and have a high percentage of false positives. To mitigate these problems, this paper proposes a novel Adaptive Anomaly Detection Algorithm that uses Deep Reinforcement Learning (DRL) to Real-Time Identify Phishing and Credential Stuffing Attacks in E-Learning Systems. The proposed approach involves the use of behavioral analysis, sequential anomaly detection, and adaptive policy optimization. Data pre-processing, behavioral feature extraction, state-action-based deep reinforcement learning, attack categorization, and adaptive mechanisms will form the basis of the proposed algorithm. Among behavioral features considered are failed login attempts, rate of IP change, session time, URL reputation, and device mismatch. Evaluation through experiments was carried out using a mixed cybersecurity data set that contained 125,000 instances with phishing attacks, credential stuffing, and legitimate users' actions. The developed DRL model attained outstanding results with an accuracy of 98.4%, precision of 98.1%, recall of 97.8%, and F1-score of 97.9% while having a minimum of false positives of 1.9%. A comparative study indicates remarkable improvements compared to SVM, Random Forest, CNN, and LSTM techniques. The findings prove the effectiveness of adaptive reinforcement learning in improving cybersecurity capabilities in contemporary e-learning environments. © 2026, Innovative Information Science and Technology Research Group. All rights reserved.","Adaptive Anomaly Detection; Credential Stuffing Attacks; Deep Reinforcement Learning; E-Learning Cybersecurity; Learning Management Systems; Phishing Attack Detection; Real-Time Intrusion Detection","","Article","Final","All Open Access; Gold Open Access","Scopus","2-s2.0-105042637220"
"Nkongolo M.; van Deventer J.P.; Kasongo S.M.; Zahra S.R.; Kipongo J.","Nkongolo, Mike (57287513100); van Deventer, Jacobus Philippus (25927652700); Kasongo, Sydney Mambwe (57208597012); Zahra, Syeda Rabab (57719690000); Kipongo, Joseph (57203585932)","57287513100; 25927652700; 57208597012; 57719690000; 57203585932","A Cloud Based Optimization Method for Zero-Day Threats Detection Using Genetic Algorithm and Ensemble Learning","2022","Electronics (Switzerland)","11","11","1749","","","24","10.3390/electronics11111749","https://www.scopus.com/pages/publications/85131036621?origin=resultslist","This article presents a cloud-based method to classify 0-day attacks from a novel dataset called UGRansome1819. The primary objective of the research is to classify potential unknown threats using Machine Learning (ML) algorithms and cloud services. Our study contribution uses a novel anomaly detection dataset that carries 0-day attacks to train and test ML algorithms using Amazon Web Services such as S3 bucket and SageMaker. The proposed method used Ensemble Learning with a Genetic Algorithm (GA) optimizer having three ML algorithms such as Naive Bayes (NB), Random Forest (RF), and Support Vector Machine (SVM). These algorithms analyze the dataset by combining each classifier and assessing the classification accuracy of 0-day threats. We have implemented several metrics such as Accuracy, F1-Score, Confusion Matrix, Recall, and Precision to evaluate the performance of the selected algorithms. We have then compared the UGRansome1819 performance complexity with existing datasets using the same optimization settings. The RF implementation (before and after optimization) remains constant on the UGRansome1819 that outperformed the CAIDA and UNSWNB-15 datasets. The optimization technique only improved in Accuracy on the UNSWNB-15 and CAIDA datasets but sufficient performance was achieved in terms of F1-Score with UGRansome1819 using a multi-class classification scheme. The experimental results demonstrate a UGRansome1819 classification ratio of 1% before and after optimization. When compared to the UNSWNB-15 and CAIDA datasets, UGRansome1819 attains the highest accuracy value of 99.6% (prior optimization). The Genetic Algorithm was used as a feature selector and dropped five attributes of the UGRansome1819 causing a decrease in the computational time and over-fitting. The straightforward way to improve the model performance to increase its accuracy after optimization is to add more data samples to the training data. Doing so will add more details to the data and fine-tune the model will result in a more accurate and optimized performance. The experiments demonstrate the instability of single classifiers such as SVM and NB and suggest the proposed optimized validation technique which can aggregate weak classifiers (e.g., SVM and NB) into an ensemble of the genetic optimizer to enhance the classification performance. The UGRansome1819 model’s specificity and sensitivity were estimated to be 100% with three predictors of threatening classes (Signature, Synthetic Signature, and Anomaly). Lastly, the test classification accuracy of the SVM model improved by 6% after optimization. © 2022 by the authors. Licensee MDPI, Basel, Switzerland.","cloud computing; machine learning; UGRansome1819; zero-day attacks","","Article","Final","All Open Access; Gold Open Access; Green Open Access","Scopus","2-s2.0-85131036621"
"Premsankar G.; Ghaddar B.","Premsankar, Gopika (57076872400); Ghaddar, Bissan (14057923000)","57076872400; 14057923000","Energy-Efficient Service Placement for Latency-Sensitive Applications in Edge Computing","2022","IEEE Internet of Things Journal","9","18","","17926","17937","56","10.1109/JIOT.2022.3162581","https://www.scopus.com/pages/publications/85127530305?origin=resultslist","Edge computing is a promising solution to host artificial intelligence (AI) applications that enable real-time insights on user-generated and device-generated data. This requires edge computing resources (storage and compute) to be widely deployed close to end devices. Such edge deployments require a large amount of energy to run as edge resources are typically overprovisioned to flexibly meet the needs of time-varying user demand with a low latency. Moreover, AI applications rely on deep neural network (DNN) models that are increasingly larger in size to support high accuracy. These DNN models must be efficiently stored and transferred, so as to minimize their energy consumption. In this article, we model the problem of energy-efficient placement of services (namely, DNN models) for AI applications as a multiperiod optimization problem. The formulation jointly places services and schedules requests such that the overall energy consumption is minimized and latency is low. We propose a heuristic that efficiently solves the problem while taking into account the impact of placing services across time periods. We assess the quality of the proposed heuristic by comparing its solution to a lower bound of the problem, obtained by formulating and solving a Lagrangian relaxation of the original problem. Extensive simulations show that our proposed heuristic outperforms baseline approaches in achieving a low energy consumption by packing services on a minimal number of edge nodes, while at the same time keeping the average latency of served requests below a configured threshold in nearly all time periods. © 2014 IEEE.","Deep neural network (DNN) model placement; edge computing; optimization; service placement","Digital storage; Edge computing; Energy efficiency; Energy utilization; Green computing; Optimization; Cloud-computing; Computational modelling; Deep neural network model placement; Edge computing; Energy-consumption; Load modeling; Neural network model; Optimisations; Optimization.; Service placements; Deep neural networks","Article","Final","All Open Access; Green Open Access; Hybrid Gold Open Access","Scopus","2-s2.0-85127530305"
"Mishra S.; Jena L.; Tripathy H.K.; Gaber T.","Mishra, Sushruta (57189066689); Jena, Lambodar (55898844600); Tripathy, Hrudaya Kumar (56500423700); Gaber, Tarek (36824668600)","57189066689; 55898844600; 56500423700; 36824668600","Prioritized and predictive intelligence of things enabled waste management model in smart and sustainable environment","2022","PLoS ONE","17","8 August","e0272383","","","90","10.1371/journal.pone.0272383","https://www.scopus.com/pages/publications/85136339318?origin=resultslist","Collaborative modelling of the Internet of Things (IoT) with Artificial Intelligence (AI) has merged into the Intelligence of Things concept. This recent trend enables sensors to track required parameters and store accumulated data in cloud storage, which can be further utilized by AI based predictive models for automatic decision making. In a smart and sustainable environment, effective waste management is a concern. Poor regulation of waste in surrounding areas leads to rapid spread of contagious disease risks. Traditional waste object management requires more working staff, increases effort, consumes time and is relatively ineffective. In this research, an Intelligence of Things Enabled Smart Waste Management (IoT-SWM) model with predictive capabilities is developed. Here, local sinks (LS) are deployed in specified locations. At every instant, the current status of smart bins in each LS is notified to users to determine the priority level of LS to be emptied. Based on aggregated sensor values for the three smart bins, LS weight and poison gas value, the priority order of emptying LS is computed, and decision is made whether to notify the users with an alert message or not. It also helps in predicting the LS, which is likely to be filled up at a faster rate based on assigned timestamp. This model is implemented in real time with many LS and it was observed that bins, which were close to more crowded sites filled up faster compared to sparse populated areas. Random forest algorithm was used to predict whether an alert notification is to be sent or not. An average mean of 95.8% accuracy was noted while using 60 decision trees in random forest algorithm. The average mean execution latency recorded for training and testing sets is 13.06 sec and 14.39 sec respectively. Observed accuracy rate, precision, recall and f1-score parameters were 95.8%, 96.5%, 98.5% and 97.2% respectively. Model buildup and the validation time computed were 3.26 sec and 4.25 sec respectively. It is also noted that at a threshold value of 0.93 in LS level, the maximum accuracy rate reached was 95.8%. Thus, based on the prediction of random forest approach, a decision to notify the users is taken. Obtained outcome indicates that the waste level can be efficiently determined, and the overflow of dustbins can be easily checked in time.  © 2022 Mishra et al. This is an open access article distributed under the terms of the Creative Commons Attribution License, which permits unrestricted use, distribution, and reproduction in any medium, provided the original author and source are credited.","","Algorithms; Artificial Intelligence; Cloud Computing; Humans; Intelligence; Waste Management; toxic gas; Article; artificial intelligence; environment; internet of things; random forest; waste; waste management; algorithm; cloud computing; human; intelligence","Article","Final","All Open Access; Gold Open Access; Green Open Access","Scopus","2-s2.0-85136339318"
"Ramya C.; Suphalakshmi A.","Ramya, C. (60145527900); Suphalakshmi, A. (56786346800)","60145527900; 56786346800","BLOCKCHAIN-DRIVEN TRANSFORMER-BASED INTRUSION DETECTION AND ACCESS CONTROL SYSTEM (BDL-IDACS)","2026","Journal of Engineering and Technology for Industrial Applications","12","60","","149","165","0","10.5935/jetia.v12i60.3620","https://www.scopus.com/pages/publications/105049693787?origin=resultslist","The increasing complexity of cyber threats across IoT-cloud infrastructures necessitates the use of innovative, flexible, and confidentiality-preserving prevention techniques. The Blockchain-Assisted Hybrid Attention-Based Intrusion Detection and Access Control System (BHA-IDACS) is presented in this paper. The primary detection module employs an Adaptive Spatio-Temporal Representation Architecture-Self-Attention and Intersample Attention Transformer (Astra-SAINT) to precisely detect evolving intrusion tendencies. A heron optimization algorithm (HOA) is utilized for tuning the model thereby improving accuracy of detection and convergence. Fully Homomorphic Encryption (FHE) maintains the security of data and storage of encrypted data in unsecured cloud and blockchain circumstances. On a Consortium Blockchain, all encrypted transactions and audit trails are maintained by a Proof-of-Stake Authority (PoSA) consensus method. Additionally, based on user behavior and trust level, Smart Contract-Based Dynamic Access Control independently enforces permission and authentication regulations. The suggested model provides better precision, recall, F1-score, F2-score, specificity, and Cohen's Kappa values in addition to a mean accuracy of 99.16%. Furthermore, statistical analysis using confidence intervals and low standard deviation values demonstrates that Astra-SAINT is reliable and consistent across all validation folds. These results demonstrate the efficacy of the suggested Astra-SAINT framework as a scalable and dependable intrusion detection method for protecting IoT environments of the next decade. © 2026 by authors and Galileo Institute of Technology and Education of the Amazon (ITEGAM).","Attention Models; Blockchain-Assisted Security; Cloud–IoT Security; Cyber Attack Detection; Deep Learning; Fully Homomorphic Encryption; Intrusion Detection System (IDS); Smart Contracts","","Article","Final","All Open Access; Gold Open Access","Scopus","2-s2.0-105049693787"
"Hanif M.F.A.; Sarvghadi M.A.","Hanif, Mohamad Fikri Aiman (60904936700); Sarvghadi, Mohammad Ali (56028457300)","60904936700; 56028457300","An Edge–Cloud Integrated Smart Monitoring System for Sustainable Freshwater Fishpond Management","2026","Jurnal Kejuruteraan","38","5","","2395","2410","0","10.17576/jkukm-2026-38(5)-24","https://www.scopus.com/pages/publications/105051067274?origin=resultslist","Water quality is a critical determinant of fish health and productivity in freshwater aquaculture, with parameters such as pH, dissolved oxygen (DO), temperature, and turbidity directly influencing growth, metabolism, and disease susceptibility. Traditional monitoring methods, based on manual sampling and laboratory analysis, are often slow, labor-intensive, and unable to detect rapid environmental changes. This paper presents the design and implementation of a hybrid edge–cloud integrated smart monitoring system for sustainable freshwater fishpond management. The system employs an ESP32-based edge node to collect real-time water quality data, detect threshold violations locally, and trigger immediate responses, including LED/buzzer alarms and actuator activation, while simultaneously sending email alerts via SMTP. Long-term data storage, visualization, and remote access are enabled through a cloud platform integrated with MQTT-based data publishing. Experimental evaluation demonstrated a total detection-to-action latency of 3.4 s, local alerts in 1.0 s, email notifications within 7.0 s, and cloud synchronization latency of 150 ms. Sensor measurements achieved high accuracy, with maximum deviations of only ±0.11 pH units, 0.3 mg/L DO, 0.21 NTU turbidity, and 0.2°C temperature. The system maintained 100% uptime during stable network conditions, confirming its reliability for continuous aquaculture monitoring. By combining low-latency local decision-making with cloud-based analytics, the proposed solution enhances operational efficiency, supports proactive management, and aligns with SDG 6 (Clean Water and Sanitation) and SDG 14 (Life Below Water). Future work will focus on integrating machine learning models for predictive water quality analysis and expanding the platform to other aquaculture and smart farming applications. © 2026, National University of Malaysia. All rights reserved.","cloud computing; edge computing; water monitoring; Water quality","","Article","Final","All Open Access; Gold Open Access","Scopus","2-s2.0-105051067274"
"Basim I.; Fakhfakh A.; Makhlouf A.M.","Basim, Israa (59545417800); Fakhfakh, Ahmed (13204730400); Makhlouf, Amel Meddeb (57073069200)","59545417800; 13204730400; 57073069200","Cloud Access Security Brokers: An easy-implement Method for Accessing Cloud Services Securely","2025","WSEAS Transactions on Information Science and Applications","22","","","189","202","1","10.37394/23209.2025.22.17","https://www.scopus.com/pages/publications/85217130720?origin=resultslist","In this changing digital age, cloud services have become very common. But the main challenge is to provide secure access to cloud services for retailers and users and also for providers. Read here The Important Role of Cloud Access Security Brokers (CASBs). Either on-premise or cloud, CASBs take the place of hardened enforcement points of security in policy that are capable of bringing corporate security policy together, layering it on top of cloud resource access. These essential functions include authentication, single sign-on, authorization, credential mapping, device profiling, encryption, tokenization, many more. But in general, the most common challenges for CASBS provide these in the cloud: threat detection, access control policy enforcement, risk assessment, data protection and compliance. The literature survey presented in this paper focuses on these threats and vulnerabilities, and clearly highlight the requirement of improved protective processes in Cloud computing. Complementing CASBs with machine learning (ML) is at the heart of our proposed solution. If you are only looking at how well ML algorithms worked in detecting real-time threats, or in automating access control policies, comprehensive risk assessments, classifying sensitive data and monitoring compliance Machine learning techniques like Decision Tree and Random Forest algorithms have been applied with the initiative taken by us on CSE-CICIDS database, a real-world dataset that is described with the characteristics for cloud utilization behaviors along with limited numbers of security violation incidents occurred. The Random Forest Algorithm is performing considerably better than others, it has perfect precision, recall and F1-scores, it is able to predict all the records in the data set correctly. © 2025 World Scientific and Engineering Academy and Society. All rights reserved.","authentication; CASBs; Cloud Access Security Brokers; cloud compliance; CSE-CICIDS database; encryption; machine learning; real-time threat detection; security policy enforcement; single sign-on","","Article","Final","All Open Access; Gold Open Access","Scopus","2-s2.0-85217130720"
"Yang Y.; Tu S.; Ali R.H.; Alasmary H.; Waqas M.; Amjad M.N.","Yang, Yongjie (57821623000); Tu, Shanshan (36642846800); Ali, Raja Hashim (56342801000); Alasmary, Hisham (57204050172); Waqas, Muhammad (57215416666); Amjad, Muhammad Nouman (58430922400)","57821623000; 36642846800; 56342801000; 57204050172; 57215416666; 58430922400","Intrusion Detection Based on Bidirectional Long Short-Term Memory with Attention Mechanism","2023","Computers, Materials and Continua","74","1","","801","815","69","10.32604/cmc.2023.031907","https://www.scopus.com/pages/publications/85139068626?origin=resultslist","With the recent developments in the Internet of Things (IoT), the amount of data collected has expanded tremendously, resulting in a higher demand for data storage, computational capacity, and real-time processing capabilities. Cloud computing has traditionally played an important role in establishing IoT. However, fog computing has recently emerged as a new field complementing cloud computing due to its enhanced mobility, location awareness, heterogeneity, scalability, low latency, and geographic distribution. However, IoT networks are vulnerable to unwanted assaults because of their open and shared nature. As a result, various fog computing-based security models that protect IoT networks have been developed. A distributed architecture based on an intrusion detection system (IDS) ensures that a dynamic, scalable IoT environment with the ability to disperse centralized tasks to local fog nodes and which successfully detects advanced malicious threats is available. In this study, we examined the time-related aspects of network traffic data. We presented an intrusion detection model based on a two-layered bidirectional long short-term memory (Bi-LSTM) with an attention mechanism for traffic data classification verified on the UNSW-NB15 benchmark dataset. We showed that the suggested model outperformed numerous leading-edge Network IDS that used machine learning models in terms of accuracy, precision, recall and F1 score. © 2023 Tech Science Press. All rights reserved.","attention mechanism; bi-LSTM; Fog computing; intrusion detection","Brain; Classification (of information); Digital storage; Fog; Fog computing; Geographical distribution; Internet of things; Long short-term memory; Network security; Attention mechanisms; Bi-LSTM; Cloud-computing; Computational capacity; Data storage; High demand; Intrusion-Detection; Processing capability; Realtime processing; Traffic data; Intrusion detection","Article","Final","All Open Access; Gold Open Access; Green Open Access","Scopus","2-s2.0-85139068626"
"Samunnisa K.; Kumar G.S.V.; Madhavi K.","Samunnisa, K. (57210730676); Kumar, G. Sunil Vijaya (56637627300); Madhavi, K. (56528232900)","57210730676; 56637627300; 56528232900","Intrusion detection system in distributed cloud computing: Hybrid clustering and classification methods","2023","Measurement: Sensors","25","","100612","","","103","10.1016/j.measen.2022.100612","https://www.scopus.com/pages/publications/85143895199?origin=resultslist","Cloud Computing is popular nowadays due to its storage and data access services. Security and privacy are prime concerns when network threats increase. Cloud computing offers organizations and enterprises a scalable, flexible, and cost-effective infrastructure to store data on the Web. An anomaly-based IDS implementation protects the integrity of the data in a database by identifying and quarantining records when something appears to have changed unexpectedly. Machine learning based clustering and classification methods are used for anomaly based IDS attack classification and scalability in advanced networking environments. Machine learning is a fast, efficient, and adaptable approach to develop intrusion detection models that can deal with emerging threats, i.e., known and unknown attacks (including zero-day attacks). This paper proposes an efficient Hybrid clustering and classification models for implementing an anomaly-based IDS for malicious attack type classifications such as normal (no intrusion), DoS, Probe, U2R, and R2L using threshold-based functions, and the results are tested with two different threshold values (e), 0.01 & 0.5. The experiments have been performed on two tested datasets, namely, NSL-KDD and KDDcup99. Detection rate, False alarm ratio, and accuracy have been used to study the performance of the proposed methodology. After applying the proposed approach, the K-means with random forest has been shown at two different threshold values to have a better classification accuracy, detection rate, and false alarm rate of 99.85%, 99.78% and 0.09% on the NSL-KDD dataset and 98.27%, 98.12% and 2.08% respectively on the KDDcup99 dataset. © 2022 The Authors","Distributed cloud computing; Gaussian Mixture Model; Intrusion detection system; K-means clustering; NSL-KDD; Random Forest","Alarm systems; Classification (of information); Cloud security; Cost effectiveness; Digital storage; Errors; Gaussian distribution; Intrusion detection; K-means clustering; Machine learning; Zero-day attack; Anomaly based IDS; Cloud-computing; Distributed cloud computing; Distributed clouds; Gaussian Mixture Model; Hybrid classification; Intrusion Detection Systems; K-means++ clustering; NSL-KDD; Random forests; Distributed cloud","Article","Final","All Open Access; Gold Open Access; Green Open Access","Scopus","2-s2.0-85143895199"
"Babu D.S.; Vidyasagar V.; Saritha B.; Parati N.; Chippada N.; Dhanasree V.; Channapragada C.S.C.","Babu, D. Suresh (60607087200); Vidyasagar, V. (57212669607); Saritha, B. (59976382900); Parati, Namita (24829498800); Chippada, Nagamani (57205388915); Dhanasree, Veeramachaneni (60284371500); Channapragada, Chinmayi Sree Chitra (58164259100)","60607087200; 57212669607; 59976382900; 24829498800; 57205388915; 60284371500; 58164259100","Edge-to-Cloud Continual Learning for Privacy-Preserving Chronic Disease Management","2026","Journal of Computing and Biomedical Informatics","10","2","","","","0","10.56979/1002/2026/1194","https://www.scopus.com/pages/publications/105037388711?origin=resultslist","Chronic disease management requires continuous monitoring and adaptive treatment strategies, yet traditional healthcare systems suffer from fragmented data collection and reactive interventions. This study presents an edge-to-cloud continual learning architecture that integrates wearable biosensor networks, longitudinal patient data, and privacy-preserving machine learning to enable personalized treatment recommendations. The system employs a three-tier computational model: edge devices perform low-latency real-time signal processing (135 ms), cloud servers provide secure storage and federated model aggregation, and continual learning algorithms adapt treatment plans as patient conditions evolve. The architecture implements iCaRL-based incremental learning with K=500 exemplar replay, combined with differential privacy (ε=2.1) and Paillier homomorphic encryption to protect patient confidentiality during model updates. A prospective clinical validation study enrolled N=132 patients (diabetes n=77, cardiac n=30, respiratory n=25) across three urban clinics over 12 weeks. The edge-to-cloud system achieved 92.6% treatment recommendation accuracy (95% CI: 90.1-95.1%), representing a 6% improvement over cloud-only baseline (86.8%) and 17.6% improvement over static models (75.0%). The hybrid architecture reduced end-to-end latency by 65.3% compared to cloud-only processing (255 ms vs. 735 ms), meeting the <2-second requirement for acute clinical alerts. Privacy evaluation demonstrated membership inference attack AUC of 0.50 (indicating formal privacy safety, threshold ≤0.55) while maintaining clinical accuracy. Backward transfer analysis showed 98.1% retention of prior knowledge after 100 learning rounds, with only 0.2% degradation, demonstrating effective mitigation of catastrophic forgetting. These results establish the feasibility of privacy-preserving, adaptive chronic disease management systems that combine edge intelligence with cloud-based population learning while maintaining patient confidentiality and clinical effectiveness. © 2026, Research Center of Computing and Biomedical Informatics. All rights reserved.","Chronic Disease Management; Continual Learning; Edge-to-Cloud Computing; Personalized Treatment; Privacy-Preserving Machine Learning; Wearable Biosensors","","Article","Final","All Open Access; Gold Open Access","Scopus","2-s2.0-105037388711"
"Ganesan P.; Arockia Edwin Xavier S.","Ganesan, P. (59271669500); Arockia Edwin Xavier, S. (54412022300)","59271669500; 54412022300","An Intelligent Intrusion Detection System in Smart Grid Using PRNN Classifier","2023","Intelligent Automation and Soft Computing","35","3","","2979","2996","12","10.32604/iasc.2023.029264","https://www.scopus.com/pages/publications/85141064092?origin=resultslist","Typically, smart grid systems enhance the ability of conventional power system networks as it is vulnerable to several kinds of attacks. These vulnerabilities might cause the attackers or intruders to collapse the entire network system thus breaching the confidentiality and integrity of smart grid systems. Thus, for this purpose, Intrusion detection system (IDS) plays a pivotal part in offering a reliable and secured range of services in the smart grid framework. Several existing approaches are there to detect the intrusions in smart grid framework, however they are utilizing an old dataset to detect anomaly thus resulting in reduced rate of detection accuracy in real-time and huge data sources. So as to overcome these limitations, the proposed technique is presented which employs both real-time raw data from the smart grid network and KDD99 dataset thus detecting anomalies in the smart grid network. In the grid side data acquisition, the power transmitted to the grid is checked and enhanced in terms of power quality by eradicating distortion in transmission lines. In this approach, power quality in the smart grid network is enhanced by rectifying the fault using a FACT device termed UPQC (Unified Power Quality Controller) and thereby storing the data in cloud storage. The data from smart grid cloud storage and KDD99 are pre-processed and are optimized using Improved Aquila Swarm Optimization (IASO) to extract optimal features. The probabilistic Recurrent Neural Network (PRNN) classifier is then employed for the prediction and classification of intrusions. At last, the performance is estimated and the outcomes are projected in terms of grid voltage, grid current, Total Harmonic Distortion (THD), voltage sag/swell, accuracy, precision, recall, F-score, false acceptance rate (FAR), and detection rate of the classifier. The analysis is compared with existing techniques to validate the proposed model efficiency. © 2023, Tech Science Press. All rights reserved.","anomaly detection; detection rate; fault rectification; harmonics elimination; improved aquila swarm optimization; Intrusion detection system; power quality enhancement; smart grid; unified power quality controller","","Article","Final","All Open Access; Hybrid Gold Open Access","Scopus","2-s2.0-85141064092"
"Omogbehin B.I.; Sigwele T.; Semong T.; Maenge A.; Nedev Z.; Hlomani H.","Omogbehin, Blessing Ifeoluwa (59718911400); Sigwele, Tshiamo (56512356800); Semong, Thabo (35173585400); Maenge, Aone (59717881200); Nedev, Zhivko (6507255992); Hlomani, Hlomani (36241692400)","59718911400; 56512356800; 35173585400; 59717881200; 6507255992; 36241692400","Securing cloud data with machine learning: trends, gaps, and performance metrics","2026","IAES International Journal of Artificial Intelligence","15","1","","44","55","0","10.11591/ijai.v15.i1.pp44-55","https://www.scopus.com/pages/publications/105031486799?origin=resultslist","The increasing reliance on cloud computing has raised significant concerns about the security of data access control, as traditional models are insufficient in managing the dynamic and large-scale nature of cloud environments. This review evaluates machine learning (ML)-based approaches to improve cloud data security, with a particular focus on advancements in anomaly detection and insider threat prevention. Deep learning (DL) models emerge as the most dominant, utilized by 47% of the studies due to their superior ability to process large datasets and adapt to real-time environments. Random forest models are also prominent, being adopted in 20% of the studies for their strong performance in anomaly detection and categorization. TensorFlow stands out as the most widely used tool, featuring in nearly 37% of the reviewed works, while datasets like Amazon Access and computer emergency response team (CERT) are employed in 20% and 13% of the research, respectively. Anomaly detection and prevention are critical priorities, accounting for 41.2% of the research objectives. However, gaps remain, with 21.7% of the studies noting adversarial vulnerabilities and 13% identifying limitations in dataset diversity. The review recommends further development of ML models to address these challenges, expanding dataset diversity, and improving real-time monitoring techniques to enhance cloud data security. © This is an open access article under the CC BY-SA license. https://creativecommons.org/licenses/by-sa/4.0/","Adversarial attacks; Cloud computing security; Data access control; Deep learning; Machine learning","","Article","Final","All Open Access; Gold Open Access","Scopus","2-s2.0-105031486799"
"Singh P.; Gaba G.S.; Kaur A.; Hedabou M.; Gurtov A.","Singh, Parminder (57210392587); Gaba, Gurjot Singh (55027229000); Kaur, Avinash (56517666100); Hedabou, Mustapha (8558575600); Gurtov, Andrei (6506910785)","57210392587; 55027229000; 56517666100; 8558575600; 6506910785","Dew-Cloud-Based Hierarchical Federated Learning for Intrusion Detection in IoMT","2023","IEEE Journal of Biomedical and Health Informatics","27","2","","722","731","101","10.1109/JBHI.2022.3186250","https://www.scopus.com/pages/publications/85134354506?origin=resultslist","The coronavirus pandemic has overburdened medical institutions, forcing physicians to diagnose and treat their patients remotely. Moreover, COVID-19 has made humans more conscious about their health, resulting in the extensive purchase of IoT-enabled medical devices. The rapid boom in the market worth of the internet of medical things (IoMT) captured cyber attackers' attention. Like health, medical data is also sensitive and worth a lot on the dark web. Despite the fact that the patient's health details have not been protected appropriately, letting the trespassers exploit them. The system administrator is unable to fortify security measures due to the limited storage capacity and computation power of the resource-constrained network devices'. Although various supervised and unsupervised machine learning algorithms have been developed to identify anomalies, the primary undertaking is to explore the swift progressing malicious attacks before they deteriorate the wellness system's integrity. In this paper, a Dew-Cloud based model is designed to enable hierarchical federated learning (HFL). The proposed Dew-Cloud model provides a higher level of data privacy with greater availability of IoMT critical application(s). The hierarchical long-term memory (HLSTM) model is deployed at distributed Dew servers with a backend supported by cloud computing. Data pre-processing feature helps the proposed model achieve high training accuracy (99.31%) with minimum training loss (0.034). The experiment results demonstrate that the proposed HFL-HLSTM model is superior to existing schemes in terms of performance metrics such as accuracy, precision, recall, and f-score.  © 2013 IEEE.","Dew computing; federated learning; internet of medical things (IoMT); intrusion detection system (IDS); machine learning","Algorithms; Cloud Computing; COVID-19; Humans; Internet; Internet of Things; Cloud computing; Cybersecurity; Diagnosis; Digital storage; Internet of things; Intrusion detection; Learning algorithms; Medical imaging; Network security; Purchasing; Sensitive data; Cloud-computing; Computational modelling; Dew computing; Federated learning; Internet of medical thing; Intrusion detection system; Intrusion Detection Systems; Intrusion-Detection; Machine-learning; Medical diagnostic imaging; Medical services; Article; artificial neural network; cloud computing; computer model; convolutional neural network; electronic medical record; health care personnel; learning algorithm; long term memory; machine learning; time series analysis; algorithm; cloud computing; human; Internet; Machine learning","Article","Final","All Open Access; Green Open Access","Scopus","2-s2.0-85134354506"
"Xu R.; Jin W.; Hong Y.; Kim D.-H.","Xu, Rongxu (57211633913); Jin, Wenquan (56824908400); Hong, Yonggeun (36195389700); Kim, Do-Hyeun (44361167000)","57211633913; 56824908400; 36195389700; 44361167000","Intelligent optimization mechanism based on an objective function for efficient home appliances control in an embedded edge platform","2021","Electronics (Switzerland)","10","12","1460","","","11","10.3390/electronics10121460","https://www.scopus.com/pages/publications/85108122823?origin=resultslist","In recent years the ever-expanding internet of things (IoT) is becoming more empowered to revolutionize our world with the advent of cutting-edge features and intelligence in an IoT ecosystem. Thanks to the development of the IoT, researchers have devoted themselves to technologies that convert a conventional home into an intelligent occupants-aware place to manage electric resources with autonomous devices to deal with excess energy consumption and providing a comfortable living environment. There are studies to supplement the innate shortcomings of the IoT and improve intelligence by using cloud computing and machine learning. However, the machine learning-based autonomous control devices lack flexibility, and cloud computing is challenging with latency and security. In this paper, we propose a rule-based optimization mechanism on an embedded edge platform to provide dynamic home appliance control and advanced intelligence in a smart home. To provide actional control ability, we design and developed a rule-based objective function in the EdgeX edge computing platform to control the temperature states of the smart home. Compared to cloud computing, edge computing can provide faster response and higher quality of services. The edge computing paradigm provides better analysis, processing, and storage abilities to the data generated from the IoT sensors to enhance the capability of IoT devices concerning computing, storage, and network resources. In order to satisfy the paradigm of distributed edge computing, all the services are implemented as microservices. The microservices are connected to each other through REST APIs based on the constrained IoT devices to provide all the functionalities that accomplish a trade-off between energy consumption and occupant-desired environment setting for the smart home appliances. We simulated our proposed system to control the temperature of a smart home; through experimental findings, we investigated the application against the delay time and overall memory consumption by the embedded edge system of EdgeX. The result of this research work suggests that the implemented services operated efficiently in the raspberry pi 3 hardware of IoT devices. © 2021 by the authors. Licensee MDPI, Basel, Switzerland. This article is an open access article distributed under the terms and conditions of the Creative Commons Attribution (CC BY) license (https:// creativecommons.org/licenses/by/ 4.0/).","EdgeX; Embedded edge system; Microservice; Objective function; Optimization; Smart home","","Article","Final","All Open Access; Gold Open Access; Green Open Access","Scopus","2-s2.0-85108122823"
"Sreenivasa Chakravarthi S.; Jagadeesh Kannan R.; Anantha Natarajan V.; Gao X.-Z.","Sreenivasa Chakravarthi, S. (59397816600); Jagadeesh Kannan, R. (24921467900); Anantha Natarajan, V. (57215509255); Gao, Xiao-Zhi (55488358100)","59397816600; 24921467900; 57215509255; 55488358100","Deep Learning Based Intrusion Detection in Cloud Services for Resilience Management","2022","Computers, Materials and Continua","71","2","","5117","5133","22","10.32604/cmc.2022.022351","https://www.scopus.com/pages/publications/85122759446?origin=resultslist","In the global scenario one of the important goals for sustainable development in industrial field is innovate new technology, and invest in building infrastructure. All the developed and developing countries focus on building resilient infrastructure and promote sustainable developments by fostering innovation. At this juncture the cloud computing has become an important information and communication technologies model influencing sustainable development of the industries in the developing countries. As part of the innovations happening in the industrial sector, a new concept termed as ‘smart manufacturing’ has emerged, which employs the benefits of emerging technologies like internet of things and cloud computing. Cloud services deliver an on-demand access to computing, storage, and infrastructural platforms for the industrial users through Internet. In the recent era of information technology the number of business and individual users of cloud services have been increased and larger volumes of data is being processed and stored in it. As a consequence, the data breaches in the cloud services are also increasing day by day. Due to various security vulnerabilities in the cloud architecture; as a result the cloud environment has become non-resilient. To restore the normal behavior of the cloud, detect the deviations, and achieve higher resilience, anomaly detection becomes essential. The deep learning architectures-based anomaly detection mechanisms uses various monitoring metrics characterize the normal behavior of cloud services and identify the abnormal events. This paper focuses on designing an intelligent deep learning based approach for detecting cloud anomalies in real time to make it more resilient. The deep learning models are trained using features extracted from the system level and network level performance metrics observed in the Transfer Control Protocol (TCP) traces of the simulation. The experimental results of the proposed approach demonstrate a superior performance in terms of higher detection rate and lower false alarm rate when compared to the Support Vector Machine (SVM). © 2022 Tech Science Press. All rights reserved.","Anomaly detection; Auto-encoder; Deep learning; Migration; Network flow data; Support vector machine","Cloud computing; Deep learning; Developing countries; Digital storage; Intrusion detection; Network architecture; Network coding; Planning; Sustainable development; Web services; Anomaly detection; Auto encoders; Cloud services; Cloud-computing; Deep learning; Flow data; Migration; Network flow data; Networks flows; Support vectors machine; Support vector machines","Article","Final","All Open Access; Gold Open Access","Scopus","2-s2.0-85122759446"
"Panindre P.; Acharya S.; Kalidindi N.; Kumar S.","Panindre, Prabodh (36344085700); Acharya, Shantanu (60056793200); Kalidindi, Nanda (60055684800); Kumar, Sunil (27169014900)","36344085700; 60056793200; 60055684800; 27169014900","Artificial-Intelligence-Integrated Autonomous IoT Alert System for Real-Time Remote Fire and Smoke Detection in Live Video Streams","2025","IEEE Internet of Things Journal","12","21","","45133","45149","8","10.1109/JIOT.2025.3598979","https://www.scopus.com/pages/publications/105013777929?origin=resultslist","Video surveillance via closed-circuit television (CCTV) is ubiquitous across the world today, with a multiplicity of monitoring objectives. However, Internet of Things (IoT)-enabled real-time automated detection of fire and smoke has not been a part of the CCTV repertoire so far. The present study addresses the feasibility and establishes a methodology for detecting fire and smoke solely from live video streams using a novel IoT-centric framework with minimal latency and higher accuracy, and without the need for additional data, such as from thermal or multispectral imaging streams. In our design, CCTV/IP cameras serve purely as Perception Layer nodes that stream raw video (without on-device inference or preprocessing), transmitting via IoT network protocols (RTSP/real-time messaging protocol (RTMP)/SDP) to a centralized Application Layer for artificial intelligence (AI) inference. It is shown that available AI object detection models (EfficientDet, Faster-RCNN, you only look once (YOLO), and their variants) that have been trained and tested with a comprehensive dataset of fire and smoke images are able to detect fire and smoke from video streams with varied accuracies that make the stand-alone models unreliable for practical applications. By uniquely integrating multiple AI algorithms into an end-to-end IoT architecture (Perception–Network–Application layers), as well as incorporating a novel technique of monitoring and analyzing the area of dynamically assigned bounding boxes around detected fire and smoke regions, the overall accuracy is significantly increased, creating a robust system for detecting all classes of fire within the same system. The dynamic analysis of bounding box areas over consecutive frames allows the system to differentiate between real, live fires, and static images or objects that resemble fire, thereby significantly reducing false positives. The framework leverages IoT camera nodes streaming via RTSP/RTMP/SDP to cloud-hosted ingestion servers on amazon web service (AWS) EC2 (Application Layer), where video frames are continuously extracted and fed to an AI ensemble. Detected events, validated by multimodel consensus, are stored in S3 and trigger alerts in real-time via AWS simple notification service (SNS)/simple email service (SES) based on custom risk thresholds. The mean Average Precision (mAP)@0.5 and detection time of Scaled-YOLOv4 (80.6%, 0.016 s/video frame) and EfficientDet (78.1%, 0.019 s/video frame) are found to be better than that of Faster-RCNN (67.8%, 0.054 s/video frame), highlighting the applicability of Scaled-YOLOv4 and EfficientDet for high-throughput, low-latency real-time detections within IoT-driven surveillance ecosystems. © 2014 IEEE.","Firefighting; Internet of Things (IoT); object detection; surveillance cameras","Automation; Cameras; Closed circuit television systems; Data streams; Distributed computer systems; Fire extinguishers; Fires; Inference engines; Internet protocols; Network architecture; Network layers; Network security; Object recognition; Security systems; Smoke; Smoke detectors; Video streaming; Amazon web services; Application layers; Bounding-box; Closed circuit television; Firefighting; Live video; Objects detection; Real- time; Surveillance cameras; Video frame; Object detection","Article","Final","All Open Access; Hybrid Gold Open Access","Scopus","2-s2.0-105013777929"
"Nawaz M.; Ahmed J.","Nawaz, Menaa (57189641443); Ahmed, Jameel (57210456020)","57189641443; 57210456020","Cloud-based healthcare framework for real-time anomaly detection and classification of 1-D ECG signals","2022","PLoS ONE","17","12 December","e0279305","","","26","10.1371/journal.pone.0279305","https://www.scopus.com/pages/publications/85144637994?origin=resultslist","Real-time data collection and pre-processing have enabled the recognition, realization, and prediction of diseases by extracting and analysing the important features of physiological data. In this research, an intelligent end-to-end system for anomaly detection and classification of raw, one-dimensional (1D) electrocardiogram (ECG) signals is given to assess cardiovascular activity automatically. The acquired raw ECG data is pre-processed carefully before storing it in the cloud, and then deeply analyzed for anomaly detection. A deep learning-based auto-encoder(AE) algorithm is applied for the anomaly detection of 1D ECG time-series signals. As a next step, the implemented system identifies it by a multi-label classification algorithm. To improve the classification accuracy and model robustness the improved feature-engineered parameters of the large and diverse datasets have been incorporated. The training has been done using the amazon web service (AWS) machine learning services and cloud-based storage for a unified solution. Multi-class classification of raw ECG signals is challenging due to a large number of possible label combinations and noise susceptibility. To overcome this problem, a performance comparison of a large set of machine algorithms in terms of classification accuracy is presented on an improved feature-engineered dataset. The proposed system reduces the raw signal size up to 95% using wavelet time scattering features to make it less compute-intensive. The results show that among several state-of-the-art techniques, the long short-term memory (LSTM) method has shown 100% classification accuracy, and an F1 score on the three-class test dataset. The ECG signal anomaly detection algorithm shows 98% accuracy using deep LSTM auto-encoders with a reconstructed error threshold of 0.02 in terms of absolute error loss. Our approach provides performance and predictive improvement with an average mean absolute error loss of 0.0072 for normal signals and 0.078 for anomalous signals. © 2022 Nawaz, Ahmed. This is an open access article distributed under the terms of the Creative Commons Attribution License, which permits unrestricted use, distribution, and reproduction in any medium, provided the original author and source are credited.","","Algorithms; Arrhythmias, Cardiac; Cloud Computing; Delivery of Health Care; Electrocardiography; Humans; Signal Processing, Computer-Assisted; accuracy; Article; artificial intelligence; autoencoder; classification; classification accuracy; cloud computing; deep learning; electrocardiogram; electrocardiography; health care system; human; k nearest neighbor; long short term memory network; mean absolute error; multilabel classification; outlier detection; P wave; QRS complex; recurrent neural network; signal detection; support vector machine; T wave; algorithm; cloud computing; health care delivery; heart arrhythmia; procedures; signal processing","Article","Final","All Open Access; Gold Open Access; Green Open Access","Scopus","2-s2.0-85144637994"
"Kalaivani K.; Chinnadurai M.","Kalaivani, K. (57865920900); Chinnadurai, M. (55316168200)","57865920900; 55316168200","A hybrid deep learning intrusion detection model for fog computing environment","2021","Intelligent Automation and Soft Computing","30","1","","1","15","29","10.32604/iasc.2021.017515","https://www.scopus.com/pages/publications/85111643620?origin=resultslist","Fog computing extends the concept of cloud computing by providing the services of computing, storage, and networking connectivity at the edge between data centers in cloud computing environments and end devices. Having the intelligence at the edge enables faster real-time decision-making and reduces the amount of data forwarded to the cloud. When enhanced by fog computing, the Internet of Things (IoT) brings low latency and improves real time and quality of service (QoS) in IoT applications of augmented reality, smart grids, smart vehi-cles, and healthcare. However, both cloud and fog computing environments are vulnerable to several kinds of attacks that can lead to unexpected loss. For exam-ple, a denial of service (DoS) attack can block authenticated users by rendering network resources unavailable and consuming network bandwidth unnecessarily. This paper proposes an intrusion classification model using a convolutional neural network (CNN) and Long Short-Term Memory networks (LSTM) to obtain the advantages of deep learning methods in order to accurately predict such attacks. The proposed integrated CNN with LSTM-based Fog Computing Intrusion Detection ICNN-FCID model is used for multi-class attack classification. Our proposed model is demonstrated using NSL-KDD, a benchmark dataset, and pro-vides attack detection accuracy of about 96.5%. Comparisons of the accuracy of our model with both traditional and other recent deep learning approaches show that our model is superior in performance. The ICNN-FCID model can be used in fog layer devices where network traffic is monitored and the attacks are detected. As a result, the cloud server and fog layer devices can be protected from malicious users and are always available in providing services to IoT devices. © 2021, Tech Science Press. All rights reserved.","CNN and LSTM; Deep learning; Fog computing; IDS; IoT","","Article","Final","All Open Access; Hybrid Gold Open Access","Scopus","2-s2.0-85111643620"
"Lloret J.; Romero O.; Leon A.","Lloret, Jaime (23389476400); Romero, Oscar (57197136997); Leon, Antonio (57198359237)","23389476400; 57197136997; 57198359237","Energy-efficient SDN routing with deep learning for data center networks","2026","Sustainable Computing: Informatics and Systems","51","","101368","","","1","10.1016/j.suscom.2026.101368","https://www.scopus.com/pages/publications/105037953219?origin=resultslist","The exponential growth of cloud storage services has led to a sharp increase in energy consumption across data center networks. To address this challenge, we propose a Software-Defined Networking (SDN)-based architecture focused on energy-efficient routing. The core of the system is a novel routing algorithm that combines Shortest Path First (SPF) principles with a deep learning decision module to dynamically select low-energy paths while maintaining quality of service. Network devices exchange status information using a custom extension of the OpenFlow protocol, allowing the SDN controller to make data-driven routing decisions based on real-time energy and performance metrics. The proposed architecture is validated through simulations and experiments on real network topologies, demonstrating energy savings under both synthetic and production-like traffic conditions. Experimental validation using both simulated and real network topologies shows that the proposed GMPC approach reduces energy consumption compared to standard OSPF routing, achieving energy savings of up to 7% in simulated mesh topologies and approximately 5% in real network environments, while maintaining QoS within acceptable thresholds. © 2026 The Authors","Deep learning; Energy consumption; Green networks; Network architecture; OpenFlow; Routing algorithms; Software Defined Networking","Data centers; Digital storage; Energy efficiency; Energy utilization; Green computing; Network architecture; Network topology; Routing algorithms; Data center networks; Deep learning; Energy-consumption; Energy-savings; Green networks; Network topology; Openflow; Real networks; Routings; Software-defined networkings; Software defined networking","Article","Final","All Open Access; Green Open Access; Hybrid Gold Open Access","Scopus","2-s2.0-105037953219"
"Aldossary S.M.; Alameen A.","Aldossary, Sultan Mesfer (57205587187); Alameen, Abdalla (57193394145)","57205587187; 57193394145","Bridging accuracy and interpretability in solar forecasting: A regional ensemble learning approach","2026","Energy Reports","15","","109136","","","0","10.1016/j.egyr.2026.109136","https://www.scopus.com/pages/publications/105030343961?origin=resultslist","Accurate solar irradiance forecasting is critical for optimizing photovoltaic systems, enhancing grid stability, and supporting energy storage management, particularly in regions with high climatic variability like Saudi Arabia. However, existing models often lack either the precision to handle dynamic atmospheric conditions or the interpretability needed for operational trust. This study addresses these challenges by developing a modular solar forecasting dashboard that balances accuracy and transparency for five climatically diverse Saudi cities: Riyadh, Jeddah, Abha, Dammam, and Qassim. The proposed framework combines Random Forest regression with physics-informed feature engineering (e.g., hour-cloud interactions) and Shapley Additive Explanations to ensure interpretable predictions. Empirical results demonstrated robust performance, with determination coefficients exceeding 0.90 across all regions and root mean squared errors as low as 92.4 watts per square meter in Dammam. A residual-based alert system flagged significant deviations (±100 watts per square meter), revealing Riyadh’s high alert rate (32.2%) due to dust-induced variability. Feature analysis confirmed the dominance of temporal-cloud interactions, accounting for 38%–42% of prediction variance. The study provides a scalable, interpretable solution for solar forecasting, aligning with Saudi Vision 2030’s renewable energy goals. Future work will integrate real-time satellite data and adaptive alert thresholds to further enhance operational utility. © 2026 The Authors.","Arid climates; Ensemble learning; Explainable artificial intelligence; Solar irradiance forecasting","Digital storage; Solar irradiance; Solar power generation; Solar radiation; Storage management; Weather forecasting; Arid climates; Ensemble learning; Ensemble learning approach; Explainable artificial intelligence; Grid stability; Interpretability; Photovoltaic systems; Solar forecasting; Solar irradiance forecasting; Solar irradiances; Mean square error","Article","Final","All Open Access; Gold Open Access","Scopus","2-s2.0-105030343961"
"Muthuvel S.; Priya S.; Sampath Kumar K.","Muthuvel, S. (60635705800); Priya, S. (60263013700); Sampath Kumar, K. (57210793527)","60635705800; 60263013700; 57210793527","Design of a multi-layered privacy-preserving architecture for secure medical data exchange in cloud environments","2026","Scientific Reports","16","1","11282","","","2","10.1038/s41598-026-40122-4","https://www.scopus.com/pages/publications/105035030938?origin=resultslist","Cloud-based e-health systems make medical data widely accessible for treatment, teleconsultation, and analytics; however, the moment clinical records are pushed to an external cloud, they are exposed to a combination of threats: curious insiders, colluding storage providers, and silent data tampering. Most existing attribute-based encryption (ABE) or standalone anomaly detection solutions address these threats in isolation. To address this gap, this work presents a unified, lifecycle-oriented security framework that integrates Server-Aided Revocable Attribute-Based Encryption (SR-ABE) to enforce fine-grained, revocable access control without requiring the re-encryption of historical data. The cryptographic layer is further strengthened through haze optimization-guided key generation, which enhances key-space exploration and randomness during the encryption process. Data integrity is ensured using a SHA-256–based verification mechanism applied at both the storage and access stages. In addition, an intelligent monitoring layer based on a heterogeneous Mixed Graph Neural Network (MGNN) model interacts with patterns among users, devices, and resources to enable continuous event-driven anomaly detection within the system”s operational latency bounds. Under this integrated design, the proposed model attains 99.1% training accuracy and 96.7% testing accuracy, converges with very low errors (training loss 0.0126, testing loss 0.0357), executes faster than prior approaches with an execution time of 10.4 ms at 50 epochs, sustains a high service throughput of 852–901 kbps even when multiple users are active, operates with reduced energy consumption of 0.214 J, maintains low access latency of 6.6 ms, and raises core security indicators to 99.12% data confidentiality and 98.53% data integrity. This shows that combining SR-ABE, HO-based key generation, cryptographic integrity checks, and MGNN-driven surveillance in a single pipeline delivers both stronger privacy guarantees and better runtime performance than existing cloud e-health security schemes. © The Author(s) 2026.","Attribute-based encryption; Cloud-based e-health systems; Graph neural network; Haze optimization; SHA-256 verification module","article; cloud computing; confidentiality; controlled study; data integrity; encryption; energy consumption; fatigue; graph neural network; haze; human; outlier detection; privacy; teleconsultation; telehealth","Article","Final","All Open Access; Gold Open Access; Green Open Access","Scopus","2-s2.0-105035030938"
"Rao S.M.; Jain A.","Rao, S. Madhusudhana (59594754800); Jain, Arpit (57214235873)","59594754800; 57214235873","Advances in Malware Analysis and Detection in Cloud Computing Environments: A Review","2024","International Journal of Safety and Security Engineering","14","1","","225","230","32","10.18280/ijsse.140122","https://www.scopus.com/pages/publications/85187660690?origin=resultslist","Cloud computing, integral for data storage and online services, presents significant advantages over traditional data storage and distribution methods, including enhanced convenience, on-demand storage, scalability, and cost efficiency. Its growing adoption in securing Internet of Things (IoT) and cyber-physical systems (CPS) against various cyber threats offers numerous opportunities. Despite the continuous evolution of malware and the lack of a universally effective detection method, cloud environments provide a promising approach for malware detection. Cloud computing, recognized for its efficiency, scalability, flexibility, and reliability on elastic resources, is widely utilized in the IT industry to support IT infrastructure and services. However, one of the foremost security challenges faced is malware attacks. Certain antivirus scanners struggle to detect metamorphic or encrypted malware in cloud environments due to complexity and scale, allowing such threats to evade detection. High detection rates with precision in reducing false positives are essential. Machine learning (ML) classifiers, a vital component in Artificial Intelligence (AI) systems, require training on extensive data volumes to develop credible models with high detection rates. Traditional detection methods face challenges in identifying complex malware, as modern malware employs contemporary packaging and obfuscation techniques to circumvent security measures. This paper provides a detailed discussion on detecting malware in cloud environments and the advantages of cloud computing in safeguarding IoT and CPS from cyber attacks. It presents a survey on malware analysis and detection models, aiding researchers in identifying limitations of traditional malware detection models in cloud environments and inspiring the design of innovative models with enhanced quality of service levels. Copyright: ©2024 The authors.","cloud computing; cyber-physical systems (CPS); data security; intrusion detection; machine learning (ML); malware detection; network security","","Article","Final","All Open Access; Hybrid Gold Open Access","Scopus","2-s2.0-85187660690"
"Kapadia M.; Pendyala V.S.","Kapadia, Mayank (60256820300); Pendyala, Vishnu S. (55936784700)","60256820300; 55936784700","Intelligent Cybersecurity Analytics and Predictive Network Process Monitoring Using Relational, Graph-Based, and Streaming Data Systems","2026","Eng","7","8","363","","","0","10.3390/eng7080363","https://www.scopus.com/pages/publications/105048223244?origin=resultslist","In today’s increasingly complicated network environments, effective cybersecurity analytics necessitate scalable data processing systems that can handle massive amounts of diverse traffic data. This article compares relational, graph-based, and streaming data systems for cybersecurity analytics using the CICIDS2017 dataset. We specifically compare a columnar cloud data warehouse (Amazon Redshift) with a graph database (Neo4j) using example analytical queries to investigate trade-offs in query expressiveness, performance, and data modeling flexibility. In addition, we evaluate a real-time data intake pipeline built on Apache Kafka and Apache Cassandra to investigate ingestion throughput and low-latency storage features under simulated streaming workloads. The systems are examined independently to highlight their strengths and weaknesses in batch analytics, relationship-centric analysis, and real-time monitoring. The findings offer practical insights into how alternative data models and processing paradigms impact cybersecurity analytical tasks, as well as recommendations for selecting optimal data systems for network traffic analytics and intrusion detection use cases. © 2026 by the authors.","Apache Cassandra; Apache Kafka; big data architecture; cybersecurity analytics; intrusion detection system (IDS); Neo4j; network traffic analysis; Redshift","Analytical models; Big data; Cybersecurity; Digital storage; Graph Databases; Intrusion detection; Predictive analytics; Query processing; Real time systems; Apache cassandrum; Apache kafkum; Big data architecture; Cassandras; Cyber security; Cybersecurity analytic; Data architectures; Intrusion detection system; Intrusion Detection Systems; Neo4j; Network traffic analysis; Red shift; Article; artificial intelligence; big data; computer security; controlled study; data system; data warehouse; graph neural network; information processing; ingestion; intrusion detection system; machine learning; nonhuman; prediction; process monitoring; process optimization; simulation; traffic; workload; Economic and social effects","Article","Final","All Open Access; Gold Open Access","Scopus","2-s2.0-105048223244"
"Awadelkarim A.M.","Awadelkarim, Awad M. (44261090000)","44261090000","GMD-AD: A Graph Metric Dimension-Based Hybrid Framework for Privacy-Preserving Anomaly Detection in Distributed Databases","2026","Mathematical and Computational Applications","31","1","28","","","0","10.3390/mca31010028","https://www.scopus.com/pages/publications/105031146503?origin=resultslist","Distributed databases are increasingly used in enterprise and cloud environments, but their distributed architecture introduces significant security challenges, including data leaks and insider threats. In the context of escalating cyber threats targeting large-scale distributed databases and cloud-native microservice architectures, this paper presents Graph Metric Dimension-based Anomaly Detection (GMD-AD), a novel graph-structure model designed to enhance cybersecurity in distributed databases by leveraging the metric dimension of interaction graphs; further, GMD-AD addresses the critical need for real-time, low-overhead, and privacy-aware anomaly detection mechanisms. The model introduces a compact resolving set as landmarks to detect intrusions through distance vector variations with minimal computational overhead. The proposed framework offers four major contributions, including sequential metric dimension updates to support dynamic topologies; a parallel BFS strategy to enable scalable processing; the incorporation of the k-metric anti-dimension to provide provable privacy against re-identification attacks; and a hybrid pipeline in which resolving-set subgraphs are processed by graph neural networks prior to final classification using gradient boosting. Experiments conducted on the SockShop microservices benchmark and a real MongoDB sharded cluster with injected anomalies reveal 60% reduced localization latency (1200 ms → 480 ms), stable detection accuracy (>0.997), increased noise robustness (F1 0.95 → 0.97) and a drop of re-identification success rate from the baseline by 40 percentage points (68% → 28%) when k = 3, ℓ = 2. We demonstrated up to 60% latency reduction and 40% privacy improvement over baselines, validated on real MongoDB clusters. The findings show that GMD-AD is a scalable, real-time and privacy-preserving HTTP anomaly detection solution for both distributed database systems and microservice architectures. © 2026 by the author.","anomaly detection; cybersecurity; distributed databases; graph neural networks; graph theory; intrusion detection; k-metric anti-dimension; metric dimension; privacy preservation; scalability","","Article","Final","All Open Access; Gold Open Access","Scopus","2-s2.0-105031146503"
"Barach J.","Barach, Jay (59514865800)","59514865800","Enhancing Ransomware Resilience in Cloud-Based HR Systems through Moving Target Defense","2026","Computers, Materials and Continua","86","2","","","","4","10.32604/cmc.2025.071705","https://www.scopus.com/pages/publications/105024848809?origin=resultslist","Human Resource (HR) operations increasingly rely on cloud-based platforms that provide hiring, payroll, employee management, and compliance services. These systems, typically built on multi-tenant microservice architectures, offer scalability and efficiency but also expand the attack surface for adversaries. Ransomware has emerged as a leading threat in this domain, capable of halting workflows and exposing sensitive employee records. Traditional defenses such as static hardening and signature-based detection often fail to address the dynamic requirements of HR Software as a Service (SaaS), where continuous availability and privacy compliance are critical. This paper presents a Moving Target Defense (MTD) framework for HR SaaS that combines container mutation, IP hopping, and node reassignment to randomize the attack surface without pausing services. Many prior defenses for cloud or IoT rely on static hardening or signature-driven detection and do not meet HR SaaS needs such as uninterrupted sessions, privacy compliance, and live service continuity. This paper presents a MTD framework for HR SaaS that combines container mutation, IP hopping, and node reassignment to randomize the attack surface without pausing services. The framework runs on Kubernetes and uses a KL-divergence–based anomaly detector that monitors HR access logs across five modules (onboarding, employee records, leave, payroll, and exit). In simulation with realistic HR traffic, the approach reaches 96.9% average detection accuracy with AUC 0.94–0.98, cuts mean time to containment to 91.4 s, and lowers the ransomware encryption rate to 13.2%. Measured overheads for CPU, memory, and per-mutation latency remain modest. Compared with prior MTD and non-MTD baselines, the design provides stronger containment without service interruption and aligns with zero-trust and compliance goals. Its modular implementation and control-plane orchestration support stepwise, enterprise-scale deployment in HR SaaS environments. Copyright © 2025 The Author.","anomaly detection; cloud security; container mutation; HR SaaS; moving target defense; Ransomware defense","Authentication; Cryptography; Data privacy; Hardening; Human resource management; Malware; Network security; Software as a service (SaaS); Wages; Anomaly detection; Cloud based platforms; Cloud securities; Cloud-based; Container mutation; Human resource saa; Moving target defense; Privacy compliance; Ransomware defense; Resource system; Anomaly detection","Article","Final","All Open Access; Gold Open Access","Scopus","2-s2.0-105024848809"
"Oliullah K.; Whaiduzzaman M.; Mahi Md.J.N.; Jan T.; Barros A.","Oliullah, Khondokar (57220029179); Whaiduzzaman, Md (55861266700); Mahi, Md. Julkar Nayeen (56412561600); Jan, Tony (7004322283); Barros, Alistair (8955189100)","57220029179; 55861266700; 56412561600; 7004322283; 8955189100","A machine learning based authentication and intrusion detection scheme for IoT users anonymity preservation in fog environment","2025","PLOS ONE","20","6 June","e0323954","","","5","10.1371/journal.pone.0323954","https://www.scopus.com/pages/publications/105008505546?origin=resultslist","Authentication is a critical challenge in fog computing security, especially as fog servers provide services to many IoT users. The conventional authentication process often requires disclosing sensitive personal information, such as usernames, emails, mobile numbers, and passwords that end users are reluctant to share with intermediary services (i.e., Fog servers). With the rapid growth of IoT networks, existing authentication methods often fail to balance low computational overhead with strong security, leaving systems vulnerable to various attacks, including unauthorized access and data interception. Additionally, traditional intrusion detection methods are not well-suited for the distinct characteristics of IoT devices, resulting in a low accuracy in applying existing anomaly detection methods. In this paper, we incorporate a two-step authentication process, starting with anonymous authentication using a secret ID with Elliptic Curve Cryptography (ECC), followed by an intrusion detection algorithm for users flagged as suspicious activity. The scheme allows users to register with a Cloud Service Provider (CSP) using encrypted credentials. The CSP responds with a secret number reserved in the Fog node for the IoT user. To access the services provided by the Fog Service Provider (FSP), IoT users must submit a secret ID. Furthermore, we introduce a staked ensemble learning approach for intrusion detection that achieves 99.86% accuracy, 99.89% precision, 99.96% recall, and a 99.91% F1-score in detecting anomalous instances, with a support count of 50,376. This approach is applied when users fail to provide a correct secret ID. Our proposed scheme utilizes several hash functions through symmetric encryption and decryption techniques to ensure secure end-to-end communication. © 2025 Oliullah et al. This is an open access article distributed under the terms of the Creative Commons Attribution License, which permits unrestricted use, distribution, and reproduction in any medium, provided the original author and source are credited.","","Algorithms; Cloud Computing; Computer Security; Humans; Internet of Things; Machine Learning; article; cloud computing; cryptography; detection algorithm; diagnosis; ensemble learning; hash function; human; machine learning; open access publishing; outlier detection; sensitive personal information; symmetric encryption; algorithm; cloud computing; computer security; internet of things","Article","Final","All Open Access; Gold Open Access; Green Open Access","Scopus","2-s2.0-105008505546"
"Saudagar S.; Jagnade G.; Shelke M.; Belhe S.; Gorde S.; Bhosle A.","Saudagar, Saleha (57195072021); Jagnade, Gayatri (57195075082); Shelke, Mayura (58651789400); Belhe, Sayali (58817214900); Gorde, Supriya (59979591900); Bhosle, Amol (58130530900)","57195072021; 57195075082; 58651789400; 58817214900; 59979591900; 58130530900","Lightweight Threshold-Based Real-Time Distributed Denial of Service Attack Detection with WebSocket Alerts","2025","International Journal of Safety and Security Engineering","15","12","","2649","2657","0","10.18280/ijsse.151220","https://www.scopus.com/pages/publications/105031640719?origin=resultslist","As digital platforms increasingly dominate day-to-day activities, ensuring robust and reliable security mechanisms has become a critical necessity. Among various cyber threats, Denial of Service (DoS) and Distributed Denial of Service (DDoS) attacks are widely studied, as they directly threaten service availability by overwhelming systems with excessive requests, making services inaccessible to legitimate users. Conventional DDoS detection techniques are often unsuitable for lightweight deployments because they rely heavily on expensive hardware or complex machine learning (ML) models. This work proposes a lightweight and scalable DDoS anomaly detection framework capable of identifying real-time anomalies from server log data. The system visualizes abnormal traffic patterns using WebSocket communication with a Node.js server. The web application, hosted on Google Cloud Storage (GCS), includes a real-time monitoring dashboard that is updated regularly. Experimental findings confirm the effectiveness of the proposed system in identifying high request rates with low latency, achieving 0.002 s latency and approximately 97.0% alert accuracy. The proposed solution is particularly suitable for small- to medium-sized online platforms, as it provides a cost-effective, scalable, and efficient real-time DDoS detection approach without requiring complex and intensive resource infrastructure. © 2025 The authors. This article is published by IIETA and is licensed under the CC BY 4.0 license (http://creativecommons.org/licenses/by/4.0/).","cybersecurity; Distributed Denial of Service detection; Node.js; real-time monitoring; WebSocket","","Article","Final","All Open Access; Hybrid Gold Open Access","Scopus","2-s2.0-105031640719"
"El-Sofany H.; El-Seoud S.A.; Karam O.H.; Bouallegue B.; Ahmed A.M.","El-Sofany, Hosam (26025857300); El-Seoud, Samir A. (6507058670); Karam, Omar H. (35773476700); Bouallegue, Belgacem (6507705996); Ahmed, Abdelmoty M. (57202438644)","26025857300; 6507058670; 35773476700; 6507705996; 57202438644","A proposed secure framework for protecting cloud-based educational systems from hacking","2024","Egyptian Informatics Journal","27","","100505","","","7","10.1016/j.eij.2024.100505","https://www.scopus.com/pages/publications/85198334613?origin=resultslist","Educational institutions and users involved in the whole learning process frequently have concerns about the storage and processing of sensitive data and essential apps in the cloud. Security and privacy issues have emerged as a major challenge, limiting cloud computing's implementation in educational environments. Several users have yet to meet this security challenge, which is linked to the system's multi-tenancy nature and the outsourcing of resources and data. This study proposes a secure framework for protecting cloud-based educational systems from hacking using a unique encryption technique, as well as a deep learning-based classification for cloud attack detection. Initially, we preprocess the data and extract features using a gray-level covariance matrix (GLCM). Next, we propose a classification based on multiple convolutional neural networks (M−CNN) to detect attacks in the cloud environment. Finally, we propose a modified digital signature algorithm (MDSA) for data encryption and decryption. The proposed technique achieved high security rates, with an accuracy of 97.7%, sensitivity of 96%, specificity of 94.3%, precision of 99.6%, and recall of 97%. Comparative evaluations showed that the proposed mechanism outperformed other encryption techniques. This novel model enhances the security of cloud-based educational systems and promotes users’ confidence in such platforms. © 2024","Cloud computing; CNN; Cyberattacks; Digital signature; E-learning; Education system; GLCM","Authentication; Cloud security; Cloud storage; Covariance matrix; Deep learning; E-learning; Learning systems; Personal computing; Sensitive data; Cloud-based; Cloud-computing; Covariance matrices; Cyber-attacks; E - learning; Education systems; Educational systems; Encryption technique; Gray-level; Gray-level covariance matrix; Cryptography","Article","Final","All Open Access; Gold Open Access","Scopus","2-s2.0-85198334613"
"Egho-Promise E.I.; Udoh E.; Gashi E.; Ola B.; Chennareddy V.; Yerabolu M.R.","Egho-Promise, Ehigiator Iyobor (60156573300); Udoh, Ekereuke (57203847551); Gashi, Edita (60572747600); Ola, Bamidele (60762599400); Chennareddy, Vijay (57653062700); Yerabolu, Malleswar Reddy (60347247200)","60156573300; 57203847551; 60572747600; 60762599400; 57653062700; 60347247200","AI-Driven Intelligent Intrusion Detection for Real-Time Network Threat Analysis in Enterprise and Cloud Networks","2026","Information (Switzerland)","17","7","669","","","0","10.3390/info17070669","https://www.scopus.com/pages/publications/105045979097?origin=resultslist","The rapid advancement of enterprise and cloud networks has significantly increased the complexity and scale of cyber threats, making conventional signature-based Intrusion Detection Systems (IDSs) insufficient. This paper presents the concept of an Intelligent Hybrid-Inference Network Intrusion Detection System (IHI-NIDS) powered by AI for real-time threat detection in high-velocity enterprise and cloud environments. IHI-NIDS combines Gated Recurrent Units (GRUs) for temporal sequence modelling with a multi-head self-attention mechanism, accounting for both short-range packet dynamics and long-range dependencies that signal multi-stage attacks. The system supports hybrid datasets that combine enterprise packet flows (PCAP/NetFlow) and cloud telemetry (VPC Flow Logs). It uses strong scaling and dimensionality reduction via PCA as the main approach to guarantee computational efficiency. Assessment of a composite dataset of 1.2 million flows indicates a detection rate of 97.8, recall of 96.1, F1-score of 96.5, and false alarm rate of 2.1, validating the capability to detect both enterprise-level and cloud-based threats. SHAP-based explainability highlights key features that affect predictions, which security analysts can use. Based on latency measurements, it can be deployed in real time to high-throughput networks, whereas temporal generalisation tests demonstrate its ability to withstand unobserved attack sequences. This article makes IHI-NIDS a scalable, interpretable, high-performance solution for current hybrid network security, filling the gap between operational viability and predictive AI-based defence. © 2026 by the authors.","AI-Driven Intrusion Detection; Anomaly Detection; explainable AI (XAI); high-throughput networks; Hybrid Enterprise–Cloud Networks; network security; real-time threat analysis; TAN-GRU","Anomaly detection; Cloud computing; Computational efficiency; Computer crime; Computer networks; Dimensionality reduction; Embedded systems; Intrusion detection; Throughput; AI-driven intrusion detection; Anomaly detection; Cloud networks; Explainable AI (XAI); High-throughput; High-throughput network; Hybrid enterprise–cloud network; Intrusion-Detection; Networks security; Real- time; Real-time threat analyze; TAN-gated recurrent unit; Threats analysis; Network security","Article","Final","All Open Access; Gold Open Access","Scopus","2-s2.0-105045979097"
"Rao S.M.; Jain A.","Rao, Sanaboyina Madhusudhana (59594754800); Jain, Arpit (57214235873)","59594754800; 57214235873","DYNAMIC ATTRIBUTE FILTERING FOR HIGH-ACCURACY MALICIOUS ACTIVITY RECOGNITION IN CLOUD PLATFORMS","2026","Archives for Technical Sciences","18","35","","471","481","0","10.70102/afts.2026.1835.471","https://www.scopus.com/pages/publications/105041549168?origin=resultslist","Cloud computing is a critical infrastructure to the modern digital services, which provides the ability to store data on a scale, distributed computing, and the ability to deploy services flexibly. Moreover, the high rate of cloud environment development has also contributed to the risk of malicious intrusions like the spread of malware, unauthorized access, insider threats, and suspicious network activity. Such threats are hard to detect because of the very high dimensionality of cloud activity datasets and redundant or irrelevant attributes. This research suggests a Dynamic Attribute Filtration framework to identify malicious activities in cloud environments with high accuracy to report this issue. The proposed system dynamically determines the importance of attributes based on statistical measures of importance (information gain and correlation analysis), and selects the useful features based on an adaptive threshold mechanism. The filtered feature set is then used by a machine learning classifier to differentiate between normal and malicious cloud activities. It was tested with Python and traditional cloud security datasets with thousands of networks and system activity records. According to the Investigational results, the proposed method considerably extends detection performance in opposition to the traditional feature selection methods. The explicit model has an accuracy of 98.2%, precision of 97.8%, recall of 98.5%, and a F1-score of 98.1% with a false positive rate of 1.6%. The comparative analysis, with no filtering and all feature models, had an accuracy of 94.1%, and the static feature selection methods led to an accuracy of about 95.6. The proposed framework saved the time of computational processing approximately 20-25%, which is more efficient when it comes to large-scale data analysis of clouds. The findings indicate the effectiveness of dynamic attribute filtering in developing malicious activity recognition in cloud settings. The proposed framework increases the detection accuracy, minimizes false alarms, and provides an efficient method to protect modern cloud infrastructures. © 2026, Technical institute of Bijeljina. All rights reserved.","cloud computing systems; cloud security; dynamic attribute filtering; feature selection; intrusion detection; machine learning; malicious activity detection","","Article","Final","All Open Access; Gold Open Access","Scopus","2-s2.0-105041549168"
"Sharma T.; Siddiqui F.; Chopra K.; Ahmed J.","Sharma, Tanu (59983597600); Siddiqui, Farheen (55392678200); Chopra, Khyati (59631552400); Ahmed, Jawed (57218924225)","59983597600; 55392678200; 59631552400; 57218924225","Integrating Machine Learning–Driven Threat Detection with Advanced Cryptographic Solutions for Secure Cloud and Web Applications","2026","International Journal of Wireless and Microwave Technologies","16","4","","328","345","0","10.5815/ijwmt.2026.04.19","https://www.scopus.com/pages/publications/105049963099?origin=resultslist","With the accelerated proliferation of cloud services and web-based applications, exposure to sophisticated cyber threats like zero-day vulnerabilities, advanced persistent threats, and application-layer attacks, has sharply increased. Conventional intrusion detection systems, along with cryptographic security mechanisms, often do not fulfill the requirements of adaptive detection, privacy preservation, and variety of scalability within distributed systems. To alleviate these problems, this paper suggests a cross-layer adaptive security model, which includes, in the secure cloud and web applications, machine learning-based anomaly detection complemented with advanced cryptographic security. The model combines, in this context, lightweight local anomaly detection, federated learning, selective privacy, and a deep reinforcement learning-based threat detection and security orchestration. Through federated learning, active participation in the learning process is assured, while the selective privacy mechanism preserves the model parameters. The deep reinforcement learning agent adjusts the interaction, aggregation, and privacy settings according to demands of the adaptive system and the environment. The assessment of the model is realized through the CSE-CIC-IDS2018, CIC-IDS2017, and the CSIC 2010 HTTP benchmark datasets to verify the model in detection, generalization, and operational effectiveness. The results of the performed tests reflect an accuracy of 97.9%, a F1 score of 97.5%, a false positive rate of 1.8%, and a detection latency of 36 ms, surpassing performance of conventional federated and centralized state-of-the-art models. Cross-dataset testing validates the model effectiveness in the presence of highly variable traffic. The results suggest that adaptive orchestration, federated learning, and selective privacy preservation, when combined, substantially boost intrusion detection, decrease communication overhead, and ensure privacy preservation. Therefore, this framework is a scalable and robust approach to intrusion detection within contemporary cloud and web settings. © 2026, Modern Education and Computer Science Press. All rights reserved.","Adaptive Threat Detection; Cloud Computing Security; Deep Reinforcement Learning; Distributed Cybersecurity; Federated Learning; Intrusion Detection Sys-tems; Privacy-Preserving Security; Web Application Security","","Article","Final","All Open Access; Gold Open Access","Scopus","2-s2.0-105049963099"
"Song L.","Song, Lina (60242085300)","60242085300","A Hybrid Data Protection Mechanisms Using Attribute Based Encryption and Role Based Access Control Mechanism for Digital Music Classrooms","2025","Journal of Cyber Security and Mobility","14","5","","1033","1066","1","10.13052/jcsm2245-1439.1451","https://www.scopus.com/pages/publications/105024941145?origin=resultslist","Network Security in Cloud-Based Digital Music Classrooms (NS-CDMC) is a novel architecture that secures critical educational environments. RBAC, fine-grained ABE, dynamic TBAR, secure session creation, data integrity verification, and proactive anomaly-based intrusion detection are used in NS-CDMC. The NS-CDMC model has demonstrated superior performance across critical security metrics compared to several benchmark methods. Key results include an Anomaly Detection Rate (ADR) of 0.96, outperforming other methods and indicating the model’s ability to detect sophisticated threats and insider misuse. The model handles access requests efficiently with an Access Control Decision Latency of 48 ms, comparable to or lower than other benchmark techniques. Additionally, the NS-CDMC model has a substantially lower False Positive Rate (FPR) of 0.03, minimizing unnecessary interruptions and improving operational smoothness in digital music classrooms. Simulations for the NS-CDMC model captured access choices, trust score changes, anomaly scores, and Attribute-Based Encryption (ABE) policy applications. The NS-CDMC security framework provides a secure, real-time, and user-friendly environment for digital music classrooms using ABE, Trust-Based Access Refinement (TBAR), and anomaly detection. ABE restricts content decryption to authorized users based on roles, courses, and instruments. TBAR dynamically adjusts access control based on user trust scores, which reflect behavior in the system. © 2025 River Publishers","access control; anomaly detection; attribute-based encryption (abe); Cloud security; data protection; digital music classrooms; intrusion detection; network security; role-based access control (RBAC); secure data storage","Access control models; Anomaly detection; Benchmarking; Computer music; Cryptography; Data privacy; Digital storage; Network security; Teaching; Anomaly detection; Attribute-based encryption; Attribute-based encryptions; Cloud securities; Digital music; Digital music classroom; Intrusion-Detection; Networks security; Role-based Access Control; Secure data storage; Intrusion detection","Article","Final","All Open Access; Gold Open Access","Scopus","2-s2.0-105024941145"
"Al-Ghuwairi A.-R.; Sharrab Y.; Al-Fraihat D.; AlElaimat M.; Alsarhan A.; Algarni A.","Al-Ghuwairi, Abdel-Rahman (56394575100); Sharrab, Yousef (55441240300); Al-Fraihat, Dimah (57195403454); AlElaimat, Majed (58555540900); Alsarhan, Ayoub (35118743100); Algarni, Abdulmohsen (26421927200)","56394575100; 55441240300; 57195403454; 58555540900; 35118743100; 26421927200","Intrusion detection in cloud computing based on time series anomalies utilizing machine learning","2023","Journal of Cloud Computing","12","1","127","","","146","10.1186/s13677-023-00491-x","https://www.scopus.com/pages/publications/85169162683?origin=resultslist","The growth of cloud computing is hindered by concerns about privacy and security. Despite the widespread use of network intrusion detection systems (NIDS), the issue of false positives remains prevalent. Furthermore, few studies have approached the intrusion detection problem as a time series issue, requiring time series modeling. In this study, we propose a novel technique for the early detection of intrusions in cloud computing using time series data. Our approach involves a method for Feature Selection (FS) and a prediction model based on the Facebook Prophet model to assess its efficiency. The FS method we propose is a collaborative feature selection model that integrates time series analysis techniques with anomaly detection, stationary, and causality tests. This approach specifically addresses the challenge of misleading connections between time series anomalies and attacks. Our results demonstrate a significant reduction in predictors employed in our prediction model, from 70 to 10 predictors, while improving performance metrics such as Mean Absolute Error (MAE), Mean Squared Error (MSE), Root Mean Squared Error (RMSE), Mean Absolute Percentage Error (MAPE), Median Absolute Percentage Error (MdAPE), and Dynamic Time Warping (DTW). Furthermore, our approach has resulted in reduced training, prediction, and cross-validation times of approximately 85%, 15%, and 97%, respectively. Although memory consumption remains similar, the utilization time has been significantly reduced, resulting in substantial resource usage reduction. Overall, our study presents a comprehensive methodology for effective early detection of intrusions in cloud computing based on time series anomalies, employing a collaborative feature selection model and the Facebook Prophet prediction model. Our findings highlight the efficiency and performance improvements achieved through our approach, contributing to the advancement of intrusion detection techniques in the context of cloud computing security. © 2023, Springer-Verlag GmbH Germany, part of Springer Nature.","Cloud Computing Security; Facebook Prophet; Features Selection; Granger Causality; Intrusion Detection; Machine Learning; Time Series Analysis","Anomaly detection; Cloud computing; Efficiency; Errors; Feature Selection; Forecasting; Harmonic analysis; Intrusion detection; Mean square error; Network security; Social networking (online); Cloud computing securities; Cloud-computing; Facebook; Facebook prophet; Features selection; Granger Causality; Intrusion-Detection; Machine-learning; Time-series analysis; Times series; Time series analysis","Article","Final","All Open Access; Gold Open Access; Green Open Access","Scopus","2-s2.0-85169162683"
"Thilagam T.; Aruna R.","Thilagam, T. (57212511449); Aruna, R. (58509317500)","57212511449; 58509317500","LM-GA: A Novel IDS with AES and Machine Learning Architecture for Enhanced Cloud Storage Security","2023","Journal of Machine and Computing","3","2","","69","79","5","10.53759/7669/jmc202303008","https://www.scopus.com/pages/publications/85160249776?origin=resultslist","Cloud Computing (CC) is a relatively new technology that allows for widespread access and storage on the internet. Despite its low cost and numerous benefits, cloud technology still confronts several obstacles, including data loss, quality concerns, and data security like recurring hacking. The security of data stored in the cloud has become a major worry for both Cloud Service Providers (CSPs) and users. As a result, a powerful Intrusion Detection System (IDS) must be set up to detect and prevent possible cloud threats at an early stage. Intending to develop a novel IDS system, this paper introduces a new optimization concept named Lion Mutated-Genetic Algorithm (LM-GA) with the hybridization of Machine Learning (ML) algorithms such as Convolutional Neural Network (CNN) and Long Short-Term Memory (LSTM). Initially, the input text data is preprocessed and balanced to avoid redundancy and vague data. The preprocessed data is then subjected to the hybrid Deep Learning (DL) models namely the CNN-LSTM model to get the IDS output. Now, the intruded are discarded and non-intruded data are secured using Advanced Encryption Standard (AES) encryption model. Besides, the optimal key selection is done by the proposed LM-GA model and the cipher text is further secured via the steganography approach. NSL-KDD and UNSW-NB15 are the datasets used to verify the performance of the proposed LM-GA-based IDS in terms of average intrusion detection rate, accuracy, precision, recall, and F-Score. © 2023 The Authors. Published by AnaPub Publications. This is an open access article under the CC BY-NC-ND license. (http://creativecommons.org/licenses/by-nc-nd/4.0/)","Cloud Security; Convolutional Neural Network; Hybrid Deep Learning; Intrusion Detection System; Lion Mutated-Genetic Algorithm; Long Short-Term Memory","","Article","Final","All Open Access; Hybrid Gold Open Access","Scopus","2-s2.0-85160249776"
"Dixit R.S.; Choudhary S.L.; Arya N.; Nathani N.; Bhowmik C.; Roy V.; Jain S.","Dixit, Rinku Sharma (55922612200); Choudhary, Shailee Lohmor (60741439800); Arya, Nancy (57204835256); Nathani, Neeta (58312889700); Bhowmik, Chaitali (57222121489); Roy, Vandana (57197479820); Jain, Shitanshu (57207211348)","55922612200; 60741439800; 57204835256; 58312889700; 57222121489; 57197479820; 57207211348","Artificial intelligence-powered cloud security strategies for protecting critical clinical operations in healthcare environments","2026","Scientific Reports","16","1","26779","","","1","10.1038/s41598-026-55522-9","https://www.scopus.com/pages/publications/105048301831?origin=resultslist","The increasing use of cloud computing in hospitals, telemedicine, the Internet of Medical Things (IoMT) and real-time patient monitoring has made for an increasing trend of artificial intelligence-driven cloud security in hospitals. The growing reliance on distributed healthcare clouds layers the cyber-attack surface, however, with critical clinical operations now at risk from ransomware attacks, insider threats, API exploitation, and advanced persistent attacks. This research study introduces a novel AI-integrated cloud security framework tailored for safeguarding mission critical applications in the healthcare sector featuring an intelligent threat detection component, a probabilistic risk evaluation system, and an adaptive response orchestration system. The proposed architecture is built-in by using telemetry normalization, probabilistic behaviour modelling, deep autoencoders for anomaly detection, Bayesian approach for threat probability estimation, multi-objective risk scoring and reinforcement learning for adaptive mitigation. An experimental validation was performed with the CICIDS2017 dataset including around two million samples of network traffic data across various attack categories. The experimental results show that excellent performances have been achieved with an accuracy of 0.96, precision of 0.95, recall of 0.94, F1score of 0.95 and AUC of 0.98 with low latency of around 26 ms and reduced false positive rate of 0.03. A comparative analysis against the current cloud security methods also confirms the effectiveness of the proposed framework in delivering better operational security, response time and the availability of clinical services, providing the continuous clinical service that healthcare organizations require. The research showcases how incorporating AI with responsive cloud security mechanisms can offer a scalable and resilient defense against today’s healthcare cloud infrastructures. © The Author(s) 2026.","Artificial intelligence; Behavioral access control; Clinical operations protection; Cloud security; Federated threat intelligence; Healthcare cybersecurity; Intelligent threat detection","Artificial Intelligence; Autoencoder; Bayes Theorem; Cloud Computing; Computer Security; Delivery of Health Care; Humans; Internet of Things; artificial intelligence; autoencoder; Bayes theorem; cloud computing; computer security; health care delivery; human; internet of things","Article","Final","All Open Access; Gold Open Access; Green Open Access","Scopus","2-s2.0-105048301831"
"Zhao K.; Sun G.","Zhao, Kai (60630285300); Sun, Guiling (56310314900)","60630285300; 56310314900","Real-Time Analysis and Intervention of Classroom Behavior Using Multi-Modal Fusion and Spatiotemporal Context","2026","Applied Sciences (Switzerland)","16","9","4069","","","2","10.3390/app16094069","https://www.scopus.com/pages/publications/105038637148?origin=resultslist","Analyzing classroom engagement is essential for developing effective smart learning environments. Conventional methods often face challenges in achieving reliable identification of individual students, accurately recognizing their behavioral states, and providing timely support. This paper presents a multimodal sensing and supportive feedback system built upon an end–edge–cloud collaborative architecture. By integrating RFID-based seat association, fingerprint verification, and computer vision-based activity analysis, the system establishes a reliable link between student identity and observed activities. Key computational tasks, including activity recognition, spatiotemporal context matching, and rule-based assessment, are executed locally on edge nodes. This enables low-latency, privacy-conscious feedback delivered via Bluetooth, effectively avoiding delays associated with cloud processing. Experimental results indicate that the proposed system significantly enhances both activity recognition accuracy and identity–behavior association reliability in typical classroom scenarios while substantially reducing the average feedback latency compared to traditional approaches. © 2026 by the authors.","Adaptive Support; Engagement Analysis; Multimodal Fusion; Semantic Consistency; Smart Learning Environment","Association reactions; Computer aided instruction; Computer architecture; Distributed computer systems; Feedback; Pattern recognition; Students; Teaching; Verification; Activity recognition; Adaptive support; Conventional methods; Engagement analysis; Identification of individuals; Learning environments; Multi-modal fusion; Real time analysis; Semantic consistency; Smart learning environment; architecture; Article; behavior; behavioral intervention; classroom behavior; cloud computing; collaborative learning; computer vision; encryption; feedback system; human; latent period; learning environment; machine learning; multi modal fusion; philosophy; radiofrequency identification; recognition; reliability; smart learning environment; spatiotemporal analysis; spatiotemporal context; Semantics","Article","Final","All Open Access; Gold Open Access; Green Open Access","Scopus","2-s2.0-105038637148"
