"Publication Type","Authors","Book Authors","Book Editors","Book Group Authors","Author Full Names","Book Author Full Names","Group Authors","Article Title","Source Title","Book Series Title","Book Series Subtitle","Language","Document Type","Conference Title","Conference Date","Conference Location","Conference Sponsor","Conference Host","Author Keywords","Keywords Plus","Abstract","Addresses","Affiliations","Reprint Addresses","Email Addresses","Researcher Ids","ORCIDs","Funding Orgs","Funding Name Preferred","Funding Text","Cited References","Cited Reference Count","Times Cited, WoS Core","Times Cited, All Databases","180 Day Usage Count","Since 2013 Usage Count","Publisher","Publisher City","Publisher Address","ISSN","eISSN","ISBN","Journal Abbreviation","Journal ISO Abbreviation","Publication Date","Publication Year","Volume","Issue","Part Number","Supplement","Special Issue","Meeting Abstract","Start Page","End Page","Article Number","DOI","DOI Link","Book DOI","Early Access Date","Number of Pages","WoS Categories","Web of Science Index","Research Areas","IDS Number","Pubmed Id","Open Access Designations","Highly Cited Status","Hot Paper Status","Date of Export","UT (Unique WOS ID)","Web of Science Record"
"J","Matos, M; Gomes, F; Nogueira, F; Almeida, F","","","","Matos, Mafalda; Gomes, Filipe; Nogueira, Fernando; Almeida, Fernando","","","Energy-efficient meta-classifier model for log access anomaly detection in healthcare systems","INTERNATIONAL JOURNAL OF INTELLIGENT COMPUTING AND CYBERNETICS","","","English","Article","","","","","","Anomaly detection; Healthcare access logs; Meta-classifier; Hybrid model","","PurposeDetecting anomalous access to electronic health records (EHRs) is critical for safeguarding patient privacy and ensuring compliance with healthcare regulations. Traditional anomaly detection methods often struggle in this domain due to extreme class imbalance, limited labelled data and the subtlety of insider threats. This study proposes a lightweight, hybrid anomaly detection framework that integrates unsupervised, supervised and rule-based approaches using a meta-classifier architecture.Design/methodology/approachAn experimental and model-development approach is employed, combining machine learning techniques with domain-inspired rule modelling to construct a hybrid anomaly detection framework for healthcare access logs. Performance of the algorithm is measured using standard classification metrics such as precision, recall, F1-score and accuracy.FindingsEvaluated on a synthetic but realistic dataset of 50.000 normal and 500 labelled anomalous healthcare access events, the proposed framework achieved superior performance compared to standalone models as well as other hybrid models, with an F1-score of 0.8989 and recall of 0.8180. It also maintained low inference latency (0.028 ms) and energy consumption (4.03e-07 kg CO2), making it suitable for deployment in resource-constrained clinical environments.Originality/valueThis study highlights the potential of a hybrid meta-classifier to enhance anomaly detection in healthcare access logs, capturing both subtle and obvious anomalies while outperforming conventional models and remaining efficient, scalable and practical for real-time monitoring.","[Matos, Mafalda; Gomes, Filipe; Nogueira, Fernando] ISPGAYA, Vila Nova De Gaia, Portugal; [Almeida, Fernando] Univ Porto, Fac Engn, Porto, Portugal; [Almeida, Fernando] INESC TEC, CITE, Porto, Portugal","","Almeida, F (corresponding author), Univ Porto, Fac Engn, Porto, Portugal.;Almeida, F (corresponding author), INESC TEC, CITE, Porto, Portugal.","ispg2024103142@ispgaya.pt; ispg3928@ispgaya.pt; ispg2021101220@ispgaya.pt; almd@fe.up.pt","","","","","","","","0","0","","","","","","","","","","","FEB 16","2026","19","1","","","","","183","202","","10.1108/IJICC-08-2025-0548","0","","DEC 2025","","","","","","","hybrid","","","2026-10-01","WOS:001634540000001","0"
"J","Barach, J","","","","Barach, Jay","","","Enhancing Ransomware Resilience in Cloud-Based HR Systems through Moving Target Defense","CMC-COMPUTERS MATERIALS & CONTINUA","","","English","Article","","","","","","Ransomware defense; moving target defense; HR SaaS; anomaly detection; container mutation; cloud security","","Human Resource (HR) operations increasingly rely on cloud-based platforms that provide hiring, payroll, employee management, and compliance services. These systems, typically built on multi-tenant microservice architectures, offer scalability and efficiency but also expand the attack surface for adversaries. Ransomware has emerged as a leading threat in this domain, capable of halting workflows and exposing sensitive employee records. Traditional defenses such as static hardening and signature-based detection often fail to address the dynamic requirements of HR Software as a Service (SaaS), where continuous availability and privacy compliance are critical. This paper presents a Moving Target Defense (MTD) framework for HR SaaS that combines container mutation, IP hopping, and node reassignment to randomize the attack surface without pausing services. Many prior defenses for cloud or IoT rely on static hardening or signature-driven detection and do not meet HR SaaS needs such as uninterrupted sessions, privacy compliance, and live service continuity. This paper presents a MTD framework for HR SaaS that combines container mutation, IP hopping, and node reassignment to randomize the attack surface without pausing services. The framework runs on Kubernetes and uses a KL-divergence-based anomaly detector that monitors HR access logs across five modules (onboarding, employee records, leave, payroll, and exit). In simulation with realistic HR traffic, the approach reaches 96.9% average detection accuracy with AUC 0.94-0.98, cuts mean time to containment to 91.4 s, and lowers the ransomware encryption rate to 13.2%. Measured overheads for CPU, memory, and per-mutation latency remain modest. Compared with prior MTD and non-MTD baselines, the design provides stronger containment without service interruption and aligns with zero-trust and compliance goals. Its modular implementation and control-plane orchestration support stepwise, enterprise-scale deployment in HR SaaS environments.","[Barach, Jay] Syst Staffing Grp Inc, King Of Prussia, PA 19406 USA","","Barach, J (corresponding author), Syst Staffing Grp Inc, King Of Prussia, PA 19406 USA.","jaybarach2012@gmail.com","","","","","","","","1","1","","","","","","","","","","","","2026","86","2","","","","","","","71705","10.32604/cmc.2025.071705","0","","","","","","","","","gold","","","2026-10-01","WOS:001643050700001","0"
"J","Ebrahimishadman, M; Souri, A","","","","Ebrahimishadman, Mohammad; Souri, Alireza","","","Edge-Optimized Automatic Number Plate Recognition for IoT-Based Smart Parking Using YOLOv8","CMC-COMPUTERS MATERIALS & CONTINUA","","","English","Article","","","","","","Automatic number plate recognition (ANPR); edge computing; Internet of Things (IoT); PaddleOCR; Raspberry Pi; smart parking systems; YOLOv8","","Automatic Number Plate Recognition (ANPR) is widely used in Intelligent Transportation Systems (ITS) and smart parking applications, but running deep learning-based ANPR directly on low-power edge devices remains difficult because of computation time, memory, and latency limitations. In this study, we develop an edge-oriented ANPR pipeline for an Internet of Things (IoT)-based sensor-triggered stop-and-go smart parking platform, targeting deployment on a resource-constrained edge device. The pipeline combines YOLOv8 for license plate detection, PaddleOCR for text recognition, and a rule-based normalization stage to reduce Optical Character Recognition (OCR) errors caused by spacing inconsistencies and plate-format variations. In the OCR-only ablation study conducted on cropped plate images, PaddleOCR outperformed the other OCR options evaluated, achieving up to 96.0% exact-match accuracy and 98.78% character-level accuracy, with an average OCR-only processing time of 52.55 ms per image. When evaluated as a complete end-to-end pipeline on a Raspberry Pi with ONNX Runtime, the system achieved 83.5% exact-match accuracy and 94.83% character-level accuracy, with an average end-to-end latency of 1713 ms per image, indicating that edge-side operation is feasible for sensor-triggered parking entry and exit events despite CPU-only hardware constraints. In addition to the ANPR module, the proposed platform connects edge devices with Firebase services and Flutter-based user applications for parking status updates, user interaction, reservation matching, and access logs. These results show that a low-cost edge-based ANPR architecture can support practical sensor-triggered smart parking operations without depending on continuous cloud-side inference.","[Ebrahimishadman, Mohammad; Souri, Alireza] Hal Univ, Dept Comp Engn, Istanbul, Turkiye","","Souri, A (corresponding author), Hal Univ, Dept Comp Engn, Istanbul, Turkiye.","alirezasouri@halic.edu.tr","","","","","","","","0","0","","","","","","","","","","","","2026","88","3","","","","","","","84","10.32604/cmc.2026.084246","0","","","","","","","","","gold","","","2026-10-01","WOS:001839162900001","0"
"J","Ji, JP; Liu, Y; Chen, J; Yao, ZW; Zhang, MD; Gong, YY","","","","Ji, Jinpeng; Liu, Yang; Chen, Jian; Yao, Zhiwei; Zhang, Mengdi; Gong, Yanyong","","","False Data Injection Attack Detection Method Based on Deep Learning With Multi-Scale Feature Fusion","IEEE ACCESS","","","English","Article","","","","","","Feature extraction; Vectors; Logic gates; Data models; Training; Topology; Convolutional neural networks; Cyberattack; False data injection attack; convolution neural network; feature fusion; multi-scale convolution; dynamic state estimation","","Cyber-attacks, especially the false data injection attack (FDIA), are gradually becoming a common way to threaten the regular operation of power grid. However, the FDIA is challenging to detect because it prevents the bad data detection mechanism in the energy management system from destroying the integrity of measurement information. Aiming at the problem of the FDIA detection in smart grids, this paper presents a FDIA detection method based on deep learning with multi-scale feature fusion. First, the improved convolution neural network (ICNN) is used to predict measurement data by combining convolution neural network with the Inception v1 module. Then, the attention mechanism is introduced into the ICNN to extract and fuse full and partial features of measurement data. By fitting the function between measurement and state vectors, the state data are generated with predicted measurement data. Eventually, the threshold of divergence is obtained to determine whether the FDIA occurs or not by the difference in probability distribution between predicted and actual state vectors. The performance of the proposed method is evaluated in the IEEE 14-node and 39-node test systems. The results show that the proposed method can accurately detect the existence of FDIA in time. This method has definite robustness to noise and distributed generation switching.","[Ji, Jinpeng; Liu, Yang; Yao, Zhiwei; Zhang, Mengdi; Gong, Yanyong] Shandong Univ Technol, Sch Elect & Elect Engn, Zibo 255000, Peoples R China; [Chen, Jian] Zibo Metrol Technol Res Inst, Zibo 255025, Peoples R China","","Liu, Y (corresponding author), Shandong Univ Technol, Sch Elect & Elect Engn, Zibo 255000, Peoples R China.","bqxyl@sdut.edu.cn","","","","","","","","7","8","","","","","","","","","","","","2024","12","","","","","","89262","89274","","10.1109/ACCESS.2024.3418883","0","","","","","","","","","Green Submitted, gold","","","2026-10-01","WOS:001262675200001","0"
"J","Wang, JL; Li, S; Ji, WT; Jiang, T; Song, BY","","","","Wang, Junlu; Li, Su; Ji, Wanting; Jiang, Tian; Song, Baoyan","","","A T-CNN time series classification method based on Gram matrix","SCIENTIFIC REPORTS","","","English","Article","","","","","","","","Time series classification is a basic task in the field of streaming data event analysis and data mining. The existing time series classification methods have the problems of low classification accuracy and low efficiency. To solve these problems, this paper proposes a T-CNN time series classification method based on a Gram matrix. Specifically, we perform wavelet threshold denoising on time series to filter normal curve noise, and propose a lossless transformation method based on the Gram matrix, which converts the time series to the time domain image and retains all the information of events. Then, we propose an improved CNN time series classification method, which introduces the Toeplitz convolution kernel matrix into convolution layer calculation. Finally, we introduce a Triplet network to calculate the similarity between similar events and different classes of events, and optimize the squared loss function of CNN. The proposed T-CNN model can accelerate the convergence rate of gradient descent and improve classification accuracy. Experimental results show that, compared with the existing methods, our T-CNN time series classification method has great advantages in efficiency and accuracy.","[Wang, Junlu; Li, Su; Ji, Wanting; Jiang, Tian; Song, Baoyan] Liaoning Univ, Sch Informat, Shenyang 110036, Peoples R China","","Song, BY (corresponding author), Liaoning Univ, Sch Informat, Shenyang 110036, Peoples R China.","bysong@lnu.edu.cn","","","","","","","","15","16","","","","","","","","","","","SEP 21","2022","12","1","","","","","","","15731","10.1038/s41598-022-19758-5","0","","","","","","","","","Green Submitted, gold","","","2026-10-01","WOS:000858344700037","0"
"J","Cuéllar, S; Santos, M; Alonso, F; Fabregas, E; Farias, G","","","","Cuellar, Sara; Santos, Matilde; Alonso, Fernando; Fabregas, Ernesto; Farias, Gonzalo","","","Explainable anomaly detection in spacecraft telemetry","ENGINEERING APPLICATIONS OF ARTIFICIAL INTELLIGENCE","","","English","Article","","","","","","Anomaly detection; Spacecraft telemetry; Explainable machine learning; Time-series analysis","FAULT-DETECTION; IDENTIFICATION; NETWORKS","As spacecraft missions become more complex and ambitious, it becomes increasingly important to track the status and health of the spacecraft in real-time to ensure mission success. Anomaly detection is a crucial part of spacecraft telemetry analysis, allowing engineers to quickly identify unexpected or abnormal behaviour reflected on spacecraft data and take appropriate corrective action. Traditional statistical methods based on threshold setting are often inadequate for detecting anomalies in this context, requiring the development of more sophisticated techniques that can handle the high -dimensional, non-linear, and non -stationary nature of spacecraft telemetry data such as machine learning -based techniques. This article presents an approach for anomaly detection using machine -learning techniques for spacecraft telemetry. The identification of anomaly types present on two real telemetry datasets from NASA is performed to incorporate information of magnitude, frequency, and waveform from known anomalies into the feature extraction process. Then, a machine -learningbased model is trained with the obtained features and tested with unknown real data. The proposed method achieves 95.3% of precision and 100% of Recall, giving a F05 score of 96.2% in both datasets, outperforming the metrics obtained on the existing related works, demonstrating that the inclusion of known anomalies can improve the performance of the data -driven models. Finally, an explainability analysis is performed to understand why a particular data instance has been identified as anomalous, proving the effectiveness of the feature extraction process.","[Cuellar, Sara; Farias, Gonzalo] Pontificia Univ Catolica Valparaiso, Escuela Ingn Electr, Ave Brasil 2147, Valparaiso 2362804, Chile; [Santos, Matilde] Univ Complutense Madrid, Inst Tecnol Conocimiento, C Prof Garcia Santesmases 9, Madrid 28040, Spain; [Alonso, Fernando] Telespazio Germany GmbH, Head Planning Syst Sect, Europapl 5, D-64293 Darmstadt, Germany; [Fabregas, Ernesto] Univ Nacl Educ Distancia, Dpto Informat & Automat, C-Juan Rosal 16, Madrid 28040, Spain","","Farias, G (corresponding author), Pontificia Univ Catolica Valparaiso, Escuela Ingn Electr, Ave Brasil 2147, Valparaiso 2362804, Chile.","gonzalo.farias@pucv.cl","","","","","","","","44","49","","","","","","","","","","","JUL","2024","133","","A","","","","","","108083","10.1016/j.engappai.2024.108083","0","","FEB 2024","","","","","","","hybrid","","","2026-10-01","WOS:001187183000001","0"
"J","Farkas, K","","","","Farkas, Karoly","","","AREP: an adaptive, machine learning-based algorithm for real-time anomaly detection on network telemetry data","NEURAL COMPUTING & APPLICATIONS","","","English","Article","","","","","","Anomaly detection; Machine learning; LSTM; Network telemetry; Time series; AREP","","Abnormal behaviour detection is an essential task of real-time monitoring to secure the reliable operation of ICT infrastructures. This paper presents AREP, an adaptive, long short-term memory-based machine learning algorithm for real-time anomaly detection on network telemetry data. AREP is an improved version of Alter-Re-2, the direct predecessor algorithm developed by our research team. AREP introduces automatic tuning of its two key parameters and includes an offset compensation component to increase accuracy. Unfortunately, AREP and its predecessors perform well only on time series showing specific patterns. Thus, we propose also a data type classification method to identify patterns on which AREP performs best. Moreover, we use an extended range of metrics in our performance evaluations, including area under the curve (AUC). AUC computation is based on receiver operating characteristic (ROC) curves. However, generating ROC curves is not straightforward due to the inherent adaptive threshold technique used by AREP and its predecessors, so we had to develop a novel ROC curve generation approach for these algorithms. We show through rigorous experiments that on network time series following specific data patterns AREP overperforms its predecessors and produces similar or even better performance than other state-of-the-art algorithms.","[Farkas, Karoly] Budapest Univ Technol & Econom, Dept Networked Syst & Serv, Muegyetem Rkp 3, H-1111 Budapest, Hungary; [Farkas, Karoly] Gloster Infocommunicat Publ Co Ltd Shares, Csonka Janos utca 1-a, H-2142 Nagytarcsa, Hungary","","Farkas, K (corresponding author), Budapest Univ Technol & Econom, Dept Networked Syst & Serv, Muegyetem Rkp 3, H-1111 Budapest, Hungary.;Farkas, K (corresponding author), Gloster Infocommunicat Publ Co Ltd Shares, Csonka Janos utca 1-a, H-2142 Nagytarcsa, Hungary.","farkas.karoly@vik.bme.hu","","","","","","","","3","4","","","","","","","","","","","MAR","2023","35","8","","","SI","","6079","6094","","10.1007/s00521-022-08000-y","0","","NOV 2022","","","","","","","hybrid","","","2026-10-01","WOS:000882759300006","0"
"J","Al-Ghuwairi, AR; Sharrab, Y; Al-Fraihat, D; Alelaimat, M; Alsarhan, A; Algarni, A","","","","Al-Ghuwairi, Abdel-Rahman; Sharrab, Yousef; Al-Fraihat, Dimah; Alelaimat, Majed; Alsarhan, Ayoub; Algarni, Abdulmohsen","","","Intrusion detection in cloud computing based on time series anomalies utilizing machine learning","JOURNAL OF CLOUD COMPUTING-ADVANCES SYSTEMS AND APPLICATIONS","","","English","Article","","","","","","Intrusion Detection; Cloud Computing Security; Features Selection; Time Series Analysis; Granger Causality; Facebook Prophet; Machine Learning","FEATURE-SELECTION; CHALLENGES; SYSTEMS","The growth of cloud computing is hindered by concerns about privacy and security. Despite the widespread use of network intrusion detection systems (NIDS), the issue of false positives remains prevalent. Furthermore, few studies have approached the intrusion detection problem as a time series issue, requiring time series modeling. In this study, we propose a novel technique for the early detection of intrusions in cloud computing using time series data. Our approach involves a method for Feature Selection (FS) and a prediction model based on the Facebook Prophet model to assess its efficiency. The FS method we propose is a collaborative feature selection model that integrates time series analysis techniques with anomaly detection, stationary, and causality tests. This approach specifically addresses the challenge of misleading connections between time series anomalies and attacks. Our results demonstrate a significant reduction in predictors employed in our prediction model, from 70 to 10 predictors, while improving performance metrics such as Mean Absolute Error (MAE), Mean Squared Error (MSE), Root Mean Squared Error (RMSE), Mean Absolute Percentage Error (MAPE), Median Absolute Percentage Error (MdAPE), and Dynamic Time Warping (DTW). Furthermore, our approach has resulted in reduced training, prediction, and cross-validation times of approximately 85%, 15%, and 97%, respectively. Although memory consumption remains similar, the utilization time has been significantly reduced, resulting in substantial resource usage reduction. Overall, our study presents a comprehensive methodology for effective early detection of intrusions in cloud computing based on time series anomalies, employing a collaborative feature selection model and the Facebook Prophet prediction model. Our findings highlight the efficiency and performance improvements achieved through our approach, contributing to the advancement of intrusion detection techniques in the context of cloud computing security.","[Al-Ghuwairi, Abdel-Rahman; Alelaimat, Majed] Hashemite Univ, Dept Software Engn, Zarqa, Jordan; [Sharrab, Yousef] Isra Univ, Dept Data Sci & Artificial Intelligence, Amman, Jordan; [Al-Fraihat, Dimah] Isra Univ, Dept Software Engn, Amman, Jordan; [Alsarhan, Ayoub] Hashemite Univ, Dept Informat Technol, Zarqa, Jordan; [Algarni, Abdulmohsen] King Khalid Univ, Dept Comp Sci, Abha, Saudi Arabia","","Al-Fraihat, D (corresponding author), Isra Univ, Dept Software Engn, Amman, Jordan.;Algarni, A (corresponding author), King Khalid Univ, Dept Comp Sci, Abha, Saudi Arabia.","d.fraihat@iu.edu.jo; a.algarni@kku.edu.sa","","","","","","","","55","70","","","","","","","","","","","AUG 29","2023","12","1","","","","","","","127","10.1186/s13677-023-00491-x","0","","","","","","","","","Green Submitted, gold","","","2026-10-01","WOS:001057883500001","0"
"J","Attou, H; Guezzaz, A; Benkirane, S; Azrour, M; Farhaoui, Y","","","","Attou, Hanaa; Guezzaz, Azidine; Benkirane, Said; Azrour, Mourade; Farhaoui, Yousef","","","Cloud-Based Intrusion Detection Approach Using Machine Learning Techniques","BIG DATA MINING AND ANALYTICS","","","English","Article","","","","","","cloud security; anomaly detection; features engineering; random forest","SECURITY ISSUES; CHALLENGES; ENSEMBLE","Cloud computing (CC) is a novel technology that has made it easier to access network and computer resources on demand such as storage and data management services. In addition, it aims to strengthen systems and make them useful. Regardless of these advantages, cloud providers suffer from many security limits. Particularly, the security of resources and services represents a real challenge for cloud technologies. For this reason, a set of solutions have been implemented to improve cloud security by monitoring resources, services, and networks, then detect attacks. Actually, intrusion detection system (IDS) is an enhanced mechanism used to control traffic within networks and detect abnormal activities. This paper presents a cloud-based intrusion detection model based on random forest (RF) and feature engineering. Specifically, the RF classifier is obtained and integrated to enhance accuracy (ACC) of the proposed detection model. The proposed model approach has been evaluated and validated on two datasets and gives 98.3% ACC and 99.99% ACC using Bot-IoT and NSL-KDD datasets, respectively. Consequently, the obtained results present good performances in terms of ACC, precision, and recall when compared to the recent related works.","[Attou, Hanaa; Guezzaz, Azidine; Benkirane, Said] Cadi Ayyad Univ, Technol Higher Sch Essaouira, Marrakech 44000, Morocco; [Azrour, Mourade; Farhaoui, Yousef] Moulay Ismail Univ Meknes, Fac Sci & Tech, STI Lab, IDMS Team, Errachidia 25003, Morocco","","Guezzaz, A (corresponding author), Cadi Ayyad Univ, Technol Higher Sch Essaouira, Marrakech 44000, Morocco.","A.GUZZAZ@gmail.com","","","","","","","","73","84","","","","","","","","","","","SEP","2023","6","3","","","","","311","320","","10.26599/BDMA.2022.9020038","0","","","","","","","","","Green Submitted, gold","","","2026-10-01","WOS:001079611500006","0"
"J","Chakravarthi, SS; Kannan, RJ; Natarajan, VA; Gao, XZ","","","","Chakravarthi, S. Sreenivasa; Kannan, R. Jagadeesh; Natarajan, V. Anantha; Gao, Xiao-Zhi","","","Deep Learning Based Intrusion Detection in Cloud Services for Resilience Management","CMC-COMPUTERS MATERIALS & CONTINUA","","","English","Article","","","","","","Anomaly detection; network flow data; deep learning; migration; auto-encoder; support vector machine","ANOMALY DETECTION; NETWORK","In the global scenario one of the important goals for sustainable development in industrial field is innovate new technology, and invest in building infrastructure. All the developed and developing countries focus on building resilient infrastructure and promote sustainable developments by fostering innovation. At this juncture the cloud computing has become an important information and communication technologies model influencing sustainable development of the industries in the developing countries. As part of the innovations happening in the industrial sector, a new concept termed as 'smart manufacturing' has emerged, which employs the benefits of emerging technologies like internet of things and cloud computing. Cloud services deliver an on-demand access to computing, storage, and infrastructural platforms for the industrial users through Internet. In the recent era of information technology the number of business and individual users of cloud services have been increased and larger volumes of data is being processed and stored in it. As a consequence, the data breaches in the cloud services are also increasing day by day. Due to various security vulnerabilities in the cloud architecture; as a result the cloud environment has become non-resilient. To restore the normal behavior of the cloud, detect the deviations, and achieve higher resilience, anomaly detection becomes essential. The deep learning architectures-based anomaly detection mechanisms uses various monitoring metrics characterize the normal behavior of cloud services and identify the abnormal events. This paper focuses on designing an intelligent deep learning based approach for detecting cloud anomalies in real time to make it more resilient. The deep learning models are trained using features extracted from the system level and network level performance metrics observed in the Transfer Control Protocol (TCP) traces of the simulation. The experimental results of the proposed approach demonstrate a superior performance in terms of higher detection rate and lower false alarm rate when compared to the Support Vector Machine (SVM).","[Chakravarthi, S. Sreenivasa] VIT, Sree Vidyanikethan Engn Coll, Ctr Intelligent Comp, CSE, Chennai 600127, Tamil Nadu, India; [Chakravarthi, S. Sreenivasa] VIT, Sch Comp Sci & Engn, Chennai 600127, Tamil Nadu, India; [Kannan, R. Jagadeesh] VIT, Sch Comp Sci & Engn, Chennai 600127, Tamil Nadu, India; [Natarajan, V. Anantha] Sree Vidyanikethan Engn Coll, Ctr Intelligent Comp, CSE, Tirupati 517102, Andhra Pradesh, India; [Gao, Xiao-Zhi] Univ Eastern Finland, Sch Comp, Espoo 02130, Finland","","Chakravarthi, SS (corresponding author), VIT, Sree Vidyanikethan Engn Coll, Ctr Intelligent Comp, CSE, Chennai 600127, Tamil Nadu, India.;Chakravarthi, SS (corresponding author), VIT, Sch Comp Sci & Engn, Chennai 600127, Tamil Nadu, India.","sreenivasachakravarthi3@gmail.com","","","","","","","","10","11","","","","","","","","","","","","2022","71","3","","","","","5117","5133","","10.32604/cmc.2022.022351","0","","","","","","","","","gold","","","2026-10-01","WOS:000770817300046","0"
"J","Mohamed, MS; Arabo, A","","","","Mohamed, Mohamed Salah; Arabo, Abdullahi","","","A SIEM-Integrated Cybersecurity Prototype for Insider Threat Anomaly Detection Using Enterprise Logs and Behavioural Biometrics","ELECTRONICS","","","English","Article","","","","","","insider threat; anomaly detection; SIEM; Splunk MLTK; convolutional neural networks; behavioural biometrics; calibration; precision-recall; class imbalance; 1D CNN","","Insider threats remain a serious concern for organisations in both public and private sectors. Detecting anomalous behaviour in enterprise environments is critical for preventing insider incidents. While many prior studies demonstrate promising results using deep learning on offline datasets, few address real-time operationalisation or calibrated alert control within a Security Information and Event Management (SIEM) workflow. This paper presents a SIEM-integrated prototype that fuses the Computer Emergency Response Team Insider Threat Test Dataset (CERT) enterprise logs (Logon, Device, HTTP, and Email) with behavioural biometrics from the Balabit mouse dynamics dataset. Per-modality one-dimensional convolutional neural network (1D CNN) branches are trained independently using imbalance-aware strategies, including downsampling, class weighting, and focal loss. A unified 20 x N feature schema ensures train-serve parity and consistent feature validation during live inference. Post-training calibration using Platt and isotonic regression enables analyst-controlled threshold tuning and stable alert budgeting inside the SIEM. The models are deployed in Splunk's Machine Learning Toolkit (MLTK), where dashboards visualise anomaly timelines, risky users or hosts, and cross-stream overlaps. Evaluation emphasises operational performance, precision-recall balance, calibration stability, and throughput rather than headline accuracy. Results show calibrated, controllable alert volumes: for Device, precision approximate to 0.70 at recall approximate to 0.30 (PR-AUC = 0.468, ROC-AUC = 0.949); for Logon, ROC-AUC = 0.936 with an ultra-low false-positive rate at a conservative threshold. Batch CPU inference sustains approximate to 70.5 k windows/s, confirming real-time feasibility. This study's main contribution is to demonstrate a calibrated, multi-modal CNN framework that integrates directly within a live SIEM pipeline. It provides a reproducible path from offline anomaly detection research to Security Operations Centre (SOC)-ready deployment, bridging the gap between academic models and operational Cybersecurity practice.","[Mohamed, Mohamed Salah; Arabo, Abdullahi] Univ West England UWE Bristol, Comp Sci Res Ctr, Sch Comp & Creat Technol, UWECyber, Bristol BS16 1QY, England","","Arabo, A (corresponding author), Univ West England UWE Bristol, Comp Sci Res Ctr, Sch Comp & Creat Technol, UWECyber, Bristol BS16 1QY, England.","mohamed15.mohamed@live.uwe.ac.uk; abdullahi.arabo@uwe.ac.uk","","","","","","","","3","3","","","","","","","","","","","JAN 5","2026","15","1","","","","","","","248","10.3390/electronics15010248","0","","","","","","","","","Green Submitted, gold","","","2026-10-01","WOS:001657315300001","0"
"J","Peccatiello, RB; Gondim, JJC; Garcia, LPF","","","","Peccatiello, Rafael Bruno; Gondim, Joao Jose Costa; Garcia, Luis Paulo Faina","","","Applying One-Class Algorithms for Data Stream-Based Insider Threat Detection","IEEE ACCESS","","","English","Article","","","","","","Insider threat detection; data stream; machine learning; one-class classification","CLASSIFICATION; NETWORK","An insider threat is anyone who has legitimate access to a particular organization's network and uses that access to harm that organization. Insider threats may act with or without intent, but when they have an intention, they usually also have some specific motivation. This motivation can vary, including but not limited to personal discontent, financial issues, and coercion. It is hard to face insider threats with traditional security solutions because those solutions are limited to the signature detection paradigm. To overcome this restriction, researchers have proposed using Machine Learning which can address Insider Threat issues more comprehensively. Some of them have used batch learning, and others have used stream learning. Batch approaches are simpler to implement, but the problem is how to apply them in the real world. That is because real insider threat scenarios have complex characteristics to address by batch learning. Although more complex, stream approaches are more comprehensive and feasible to implement. Some studies have also used unsupervised and supervised Machine Learning techniques, but obtaining labeled samples makes it hard to implement fully supervised solutions. This study proposes a framework that combines different data science techniques to address insider threat detection. Among them are using semi-supervised and supervised machine learning, data stream analysis, and periodic retraining procedures. The algorithms used in the implementation were Isolation Forest, Elliptic Envelop, and Local Outlier Factor. This study evaluated the results according to the values obtained by the precision, recall, and F1-Score metrics. The best results were obtained by the ISOF algorithm, with 0.78 for the positive class (malign) recall and 0.80 for the negative class (benign) recall.","[Peccatiello, Rafael Bruno; Gondim, Joao Jose Costa; Garcia, Luis Paulo Faina] Univ Brasilia, Dept Comp Sci, BR-70910900 Brasilia, Brazil","","Peccatiello, RB (corresponding author), Univ Brasilia, Dept Comp Sci, BR-70910900 Brasilia, Brazil.","rafael.peccatiello@aluno.unb.br","","","","","","","","10","16","","","","","","","","","","","","2023","11","","","","","","70560","70573","","10.1109/ACCESS.2023.3293825","0","","","","","","","","","Green Submitted, gold","","","2026-10-01","WOS:001038310200001","0"
"J","Pawar, T; Rao, J; Patil, P","","","","Pawar, Tejaswini; Rao, Jyoti; Patil, Pramod","","","Cyber-shield machine learning: an intrusion detection system with blockchain-powered secure log storage across network nodes","SIGMA JOURNAL OF ENGINEERING AND NATURAL SCIENCES-SIGMA MUHENDISLIK VE FEN BILIMLERI DERGISI","","","English","Article","","","","","","Blockchain, Collaborative Intrusion Detection; Learning-Based Ensemble Model; Machine Learning; Privacy Preservation","","Intrusion detection and blockchain technology have been extensively studied to enhance data privacy and identify current and potential cyber attacks. In this approach, machine learning algorithms can identify complicated malicious occurrences simultaneously by protecting data privacy. This model is utilized to offer more security and privacy in the cloud to protect networks. This research proposes an innovative Intrusion Detection System imposing blockchain technology which employs consensus mechanisms and compares different machine learning methods including XGBoost, Random Forest, Decision Tree, and Extra Tree. This system is developed to enhance data privacy, security, and protect Internet-of-Things networks. The utilization of ant colony optimization further improves accuracy during real-time data analysis. The aim of the study is to extend the application of machine learning for network intrusion detection and to conduct a comparative analysis of the proposed ant colony algorithms with other existing studies in terms of accuracy, recall, and precision measures. The high accuracy and strong intrusion detection capability of the model are verified through experimental evaluations using datasets such as NSL-KDD and CICIDS2017. Proposed system shows effectiveness by using creative technology integration for mitigating cyber security risks. The experimental result shows that a machine learning algorithm using ant colony optimization achieves 99% accuracy. This model represents a significant progression towards addressing a resilient solution for cyber security challenges and to tackle new cyber threats.","[Pawar, Tejaswini] Dr DY Patil Inst Technol, Pune 411018, India; [Rao, Jyoti; Patil, Pramod] MVP Karmaveer Adv Baburao Ganpatrao Thakare Coll E, Nasik 422013, India","","Pawar, T (corresponding author), Dr DY Patil Inst Technol, Pune 411018, India.","pawar.tejaswini@kbtcoe.org","","","","","","","","5","5","","","","","","","","","","","JUN","2025","43","3","","","","","714","725","","10.14744/sigma.2025.00066","0","","","","","","","","","gold","","","2026-10-01","WOS:001519032700002","0"
"J","Putro, IH; Ahmad, T; Ijtihadie, RM","","","","Putro, Iwan Handoyo; Ahmad, Tohari; Ijtihadie, Royyana Muslim","","","Enhancing MQTT Intrusion Detection in IoT Using Machine Learning and Feature Engineering","IEEE OPEN JOURNAL OF THE COMMUNICATIONS SOCIETY","","","English","Article","","","","","","Security; Protocols; Internet of Things; Intrusion detection; Feature extraction; Eavesdropping; Accuracy; Terminology; Stochastic processes; MQTT; intrusion detection system; feature engineering; machine learning; network security; network security","SECURITY","The Internet of Things (IoT) has accelerated and broadened adoption, creating an extensive range of security issues, particularly in resource-constrained IoT protocols such as Message Queuing Telemetry Transport (MQTT). Being designed as a lightweight and security-limited protocol makes MQTT vulnerable to various types of attacks. Although studies on securing the Internet of Things (IoT) have grown substantially and obtained a degree of maturity in several areas, studies based on machine learning (ML) and feature engineering (FE) to identify and classify threats on MQTT-based networks remain limited. This work suggests the use of ML and FE approaches to improve the performance of MQTT-based intrusion detection systems (IDS). We assessed seven machine learning models: Stochastic Gradient Descent (SGD), Logistic Regression (LR), Random Forests (RF), Decision Tree (DT), Na & iuml;ve Bayes (NB), k-Nearest Neighbors (k-NN), and XGBoost to detect and classify network traffic anomalies. Our proposed framework was built based on the Euclidean distance method to generate new features and outperform existing models. After applying the proposed framework, the k-NN model achieves an accuracy of 98.90% and maintains a well-balanced and high performance of precision (99.11%), recall (99.66%), and F-1 score (99.39%) metrics. As far as FPR improvement is concerned, the DT model indicates the best improvement, from 63.98% to 11.79%. The DT model also demonstrates a significant improvement in specificity percentage, increasing from 39.02% to 97.03%. The results of this study emphasize the necessity of embedding ML-based security mechanisms into MQTT networks to mitigate emerging cyber threats and enhance the overall security framework.","[Putro, Iwan Handoyo; Ahmad, Tohari; Ijtihadie, Royyana Muslim] Inst Teknol Sepuluh Nopember, Dept Informat, Surabaya 60111, Indonesia; [Putro, Iwan Handoyo] Petra Christian Univ, Dept Elect Engn, Surabaya 60236, Indonesia","","Ahmad, T (corresponding author), Inst Teknol Sepuluh Nopember, Dept Informat, Surabaya 60111, Indonesia.","tohari@if.its.ac.id","","","","","","","","3","3","","","","","","","","","","","","2025","6","","","","","","7855","7884","","10.1109/OJCOMS.2025.3610132","0","","","","","","","","","Green Submitted, gold","","","2026-10-01","WOS:001586175900011","0"
"J","Zhou, WG; Li, B; Zeng, X","","","","Zhou, Wengang; Li, Bo; Zeng, Xue","","","Intrusion detection model of UAV system based on machine learning and neural network","FRONTIERS IN PHYSICS","","","English","Article","","","","","","machine learning; graph neural networks; unmanned aerial vehicle systems; intrusion detection; malignant traffic","","Introduction With the growing complexity and scale of cyber attacks, intrusion detection for unmanned aerial vehicle (UAV) systems has become a critical challenge in modern network security. UAVs have unique constraints including limited battery life, restricted data-transmission distance, and small data-storage capacity, while malicious activities can disrupt their power usage, communication, and data storage-highlighting the need for dedicated intrusion-detection solutions. Traditional traffic detection methods lack efficient modeling of local and global features, making it difficult to capture complex data patterns.Methods We propose an intrusion detection model integrating machine learning and neural networks. First, UAV data is cleaned, and traditional feature selection techniques (filtering, packaging, embedding) are used to separate key and non-key features. Non-key features are mapped to the key feature subspace via CNN + LSTM for feature fusion, and the fused features serve as model inputs. Machine learning and neural networks are then combined to detect UAV network traffic.Results Testing on public datasets ISCXVPN2016, CICIDS2018, TON IoT, and CIC IoT 2023 shows that our method improves accuracy by up to 3%, F1 score by up to 4%, and recall by up to 3% compared to the three major feature selection techniques.Discussion The integration of CNN + LSTM enables effective modeling of local and global features, addressing the limitations of traditional methods. The model's optimization for feature fusion and UAV-specific constraints ensures it is suitable for resource-constrained UAV systems, providing reliable intrusion detection.","[Zhou, Wengang] Civil Aviat Flight Univ China, Deyang, Sichuan, Peoples R China; [Zhou, Wengang] Sichuan Prov Engn Res Ctr Domest Civil Aircraft Fl, Deyang, Sichuan, Peoples R China; [Li, Bo] Pengzhou Peoples Hosp, Informat Dept, Chengdu, Peoples R China; [Li, Bo; Zeng, Xue] Adv Cryptog & Syst Secur Key Lab Sichuan Prov, Chengdu, Peoples R China; [Zeng, Xue] Chengdu Univ Informat Technol, Chengdu, Peoples R China","","Li, B (corresponding author), Pengzhou Peoples Hosp, Informat Dept, Chengdu, Peoples R China.;Li, B (corresponding author), Adv Cryptog & Syst Secur Key Lab Sichuan Prov, Chengdu, Peoples R China.","7816501@qq.com","","","","","","","","2","2","","","","","","","","","","","JAN 2","2026","13","","","","","","","","1660104","10.3389/fphy.2025.1660104","0","","","","","","","","","Green Submitted, gold","","","2026-10-01","WOS:001661773200001","0"
"J","Saleem, J; Raza, U; Hammoudeh, M; Holderbaum, W","","","","Saleem, Jibran; Raza, Umar; Hammoudeh, Mohammad; Holderbaum, William","","","Machine Learning-Enhanced Attribute-Based Authentication for Secure IoT Access Control","SENSORS","","","English","Article","","","","","","attribute-based authentication; machine learning; hybrid ML; IoT; random forest; security; Industry 4.0","BIOMETRICS; FRAMEWORK; INTERNET","The rapid growth of Internet of Things (IoT) devices across industrial and critical sectors requires robust and efficient authentication mechanisms. Traditional authentication systems struggle to balance security, privacy and computational efficiency, particularly in resource-constrained environments such as Industry 4.0. This research presents the SmartIoT Hybrid Machine Learning (ML) Model, a novel integration of Attribute-Based Authentication and a lightweight machine learning algorithm designed to enhance security while minimising computational overhead. The SmartIoT Hybrid ML Model utilises Random Forest classifiers for real-time anomaly detection, dynamically assessing access requests based on user attributes, login patterns and behavioural analysis. The model enhances identity protection while enabling secure authentication without exposing sensitive information by incorporating privacy-preserving Attribute-Based Credentials and Attribute-Based Signatures. Our experimental evaluation demonstrates 86% authentication accuracy, 88% precision and 96% recall, significantly outperforming existing solutions while maintaining an average response time of 112ms, making it suitable for low-power IoT devices. Comparative analysis with state-of-the-art authentication frameworks shows the model's security resilience, computational efficiency and adaptability in real-world IoT applications.","[Saleem, Jibran; Raza, Umar; Holderbaum, William] Manchester Metropolitan Univ, Fac Sci & Engn, Dept Engn, Manchester M1 5GD, England; [Hammoudeh, Mohammad] Manchester Metropolitan Univ, Fac Sci & Engn, Dept Comp & Math, Manchester M1 5GD, England","","Raza, U (corresponding author), Manchester Metropolitan Univ, Fac Sci & Engn, Dept Engn, Manchester M1 5GD, England.","jibran.saleem@stu.mmu.ac.uk; u.raza@mmu.ac.uk; m.hammoudeh@mmu.ac.uk; w.holderbaum@mmu.ac.uk","","","","","","","","8","10","","","","","","","","","","","APR 28","2025","25","9","","","","","","","2779","10.3390/s25092779","0","","","","","","","","","Green Submitted, gold","","","2026-10-01","WOS:001486846500001","0"
"J","Alkharabsheh, AR; Binsalma, G; Alharmi, M; Alshateri, R; Altaee, S; Sweidan, M","","","","Alkharabsheh, Abdel Rahman; Binsalma, Ghaya; Alharmi, Mahra; Alshateri, Ruqia; Altaee, Shahad; Sweidan, Mousa","","","Artificial Intelligence-Based Insider-Threat Detection: A Hybrid Explainable Framework with Automated Response and Privilege Containment","COMPUTERS","","","English","Article","","","","","","incident response; insider; cybersecurity; explainable artificial intelligence (XAI); hybrid machine learning; insider-threat detection; SHAP; user behavior analytics","","Insider threats continue to be the most persistent and most destructive threat to cybersecurity; malicious or negligent users work only in the real-time restricted area of the organization and are gradually breaking the boundaries of company norms. Conventional rule-based and statistical detection methods have difficulty detecting inconspicuous, context-dependent, and ever-changing behavior, leading to detection delays and high false-positive rates. Our paper introduces an explainable AI-based Insider-Threat Detection (AIB-ITD) model that integrates enterprise telemetry-including email, web, logon/VPN, and file events-into a unified behavioral framework. The effectiveness of combining heterogeneous behavioral indicators observed in AIB-ITD is consistent with recent behavioral analytics implementations that have demonstrated the value of multimodal user-behavior profiling for insider-threat identification in enterprise environments. The proposed AIB-ITD framework is based on anomaly-driven processing, unsupervised models (Isolation Forest, PCA reconstruction, and Autoencoder) are combined with sequential modeling (with an LSTM Autoencoder) to model both static and temporal deviations in behavior. An ensemble strategy is applied to combine the outputs of these models to yield a probabilistic insider risk score. To improve transparent analysis and to help the analyst gain trust, SHapley Additive Explanations (SHAP) is used to keep every detection outcome transparent and interpretable using the features. It also integrates feature correlation analysis, static vs sequential-model comparisons, and SHAP stability assessment to validate methodological robustness and reproducibility. An experimental review of the hybrid ensemble using the SEI/CMU CERT Insider Threat Dataset reveals that it performs better than single models for anomaly detection and stability, especially with the inclusion of temporal patterns. The assessment prioritizes anomaly score consistency and reliable risk ranking, rather than classification accuracy, to better reflect real deployment scenarios. In addition, an Automated Response and Privilege Containment (ARPC) feature automatically converts risk scores to multilevel mitigation actions that serve to protect the privacy of the user as the least privileged policies are enforced promptly. The proposed model showed superior robustness, stability, and operational effectiveness to classical methods, especially in the presence of scarce labeled data. Through hybrid anomaly recognition, explainable AI and automated response, AIB-ITD is a practical and scalable solution for next-generation insider-threat detection in enterprise systems.","[Alkharabsheh, Abdel Rahman; Binsalma, Ghaya; Alharmi, Mahra; Alshateri, Ruqia; Altaee, Shahad] Higher Coll Technol, Comp Informat Sci, POB 25026, Abu Dhabi, U Arab Emirates; [Sweidan, Mousa] Higher Coll Technol, Comp Informat Sci, POB 15825, Dubai, U Arab Emirates","","Alkharabsheh, AR (corresponding author), Higher Coll Technol, Comp Informat Sci, POB 25026, Abu Dhabi, U Arab Emirates.","akharabsheh@hct.ac.ae; h00532052@hct.ac.ae; h00532385@hct.ac.ae; h00532228@hct.ac.ae; h00532149@hct.ac.ae; msweidan@hct.ac.ae","","","","","","","","0","0","","","","","","","","","","","JUL 2","2026","15","7","","","","","","","426","10.3390/computers15070426","0","","JUL 2026","","","","","","","gold","","","2026-10-01","WOS:001831546000001","0"
"J","Kumar, A; Khan, SB; Pandey, SK; Shankar, A; Maple, C; Mashat, A; Malibari, AA","","","","Kumar, Ankit; Khan, Surbhi Bhatia; Pandey, Saroj Kumar; Shankar, Achyut; Maple, Carsten; Mashat, Arwa; Malibari, Areej A.","","","Development of a cloud-assisted classification technique for the preservation of secure data storage in smart cities","JOURNAL OF CLOUD COMPUTING-ADVANCES SYSTEMS AND APPLICATIONS","","","English","Article","","","","","","Cloud; Smart cities; Data protection; Intrusion detection; Machine learning","PRIVACY PRESERVATION","Cloud computing is the most recent smart city advancement, made possible by the increasing volume of heterogeneous data produced by apps. More storage capacity and processing power are required to process this volume of data. Data analytics is used to examine various datasets, both structured and unstructured. Nonetheless, as the complexity of data in the healthcare and biomedical communities grows, obtaining more precise results from analyses of medical datasets presents a number of challenges. In the cloud environment, big data is abundant, necessitating proper classification that can be effectively divided using machine language. Machine learning is used to investigate algorithms for learning and data prediction. The Cleveland database is frequently used by machine learning researchers. Among the performance metrics used to compare the proposed and existing methodologies are execution time, defect detection rate, and accuracy. In this study, two supervised learning-based classifiers, SVM and Novel KNN, were proposed and used to analyses data from a benchmark database obtained from the UCI repository. Initially, intrusions were detected using the SVM classification method. The proposed study demonstrated how the novel KNN used for distance capacity outperformed previous studies. The accuracy of the results of both approaches is evaluated. The results show that the intrusion detection system (IDS) with a 98.98% accuracy rate produces the best results when using the suggested system.","[Kumar, Ankit; Pandey, Saroj Kumar] GLA Univ, Dept Comp Engn & Applicat, Mathura, India; [Khan, Surbhi Bhatia] Lebanese Amer Univ, Dept Elect & Comp Engn, Byblos, Lebanon; [Khan, Surbhi Bhatia] Univ Salford, Sch Sci Engn & Environm, Dept Data Sci, Manchester, England; [Shankar, Achyut] Univ Warwick, WMG, Coventry CV4 7AL, England; [Maple, Carsten] Univ Warwick, Secure Cyber Syst Res Grp SCSRG, WMG, Coventry, England; [Mashat, Arwa] King Abdulaziz Univ, Fac Comp & Informat Sci, Rabigh 25732, Saudi Arabia; [Malibari, Areej A.] Princess Nourah Bint Abdulrahman Univ, Coll Engn, Dept Ind & Syst Engn, POB 84428, Riyadh 11671, Saudi Arabia","","Khan, SB (corresponding author), Lebanese Amer Univ, Dept Elect & Comp Engn, Byblos, Lebanon.;Khan, SB (corresponding author), Univ Salford, Sch Sci Engn & Environm, Dept Data Sci, Manchester, England.","surbhibhatia1988@yahoo.com","","","","","","","","11","14","","","","","","","","","","","JUN 21","2023","12","1","","","","","","","92","10.1186/s13677-023-00469-9","0","","","","","","","","","Green Submitted, gold","","","2026-10-01","WOS:001009766600001","0"
"J","Allaga, H; Biniz, M; Farchane, A","","","","Allaga, Hamza; Biniz, Mohamed; Farchane, Abderrazak","","","MQTTEEB-D: A high-fidelity benchmark for real-time MQTT anomaly detection using machine learning techniques","AD HOC NETWORKS","","","English","Article","","","","","","Internet of Things; MQTT protocol; Anomaly detection system; Machine learning; Cybersecurity; Class imbalance; Tree ensembles; Boosting algorithms; Feature engineering; Network security; IoT security","INTRUSION DETECTION; INTERNET","Message Queuing Telemetry Transport (MQTT) is essential for resource-constrained Internet of Things (IoT) environments; however, its widespread adoption has introduced significant security vulnerabilities. Although machine learning (ML) offers a promising solution for anomaly detection, existing models are often hindered by unrealistic data, severe class imbalances, and high computational costs. To address these limitations, we present a comprehensive ML framework for MQTT anomaly detection benchmarked on MQTTEEB-D, a high-fidelity dataset from a physical IoT testbed. Our framework evaluates a diverse suite of algorithms, including tree ensembles and boosting methods, on both original imbalanced and balanced data. We assessed performance using standard metrics, imbalance-stable metrics such as the Matthews Correlation Coefficient (MCC), and a Performance-Efficiency Score (PES) to quantify the trade-off between predictive power and computational cost. Our results establish a new state-of-the-art, with the top models achieving over 98.8% accuracy and F1-score. These models also yielded dramatic efficiency gains, including a 43-fold reduction in training time and a 299-fold speedup in inference latency over previous benchmarks. Critically, we found that a model's resilience to class imbalance is more vital for real-world deployment than its peak performance on artificially balanced data. Simpler tree-based models remained robust under imbalanced conditions, where more complex algorithms failed. These findings provide a new benchmark and reorient model selection towards efficient, reliable, and deployable IoT security systems.","[Allaga, Hamza; Farchane, Abderrazak] Sultan Moulay Slimane Univ, Dept Informat, Innovat Lab Math Applicat & Informat Technol LIMAT, Beni Mellal 23000, Morocco; [Biniz, Mohamed] Sultan Moulay Slimane Univ, Dept Comp Sci, Lab Informat Proc & Decis Support TIAD, Beni Mellal 23000, Morocco","","Allaga, H (corresponding author), Sultan Moulay Slimane Univ, Dept Informat, Innovat Lab Math Applicat & Informat Technol LIMAT, Beni Mellal 23000, Morocco.","hamzaallaga@gmail.com; a.farchane@gmail.com","","","","","","","","5","5","","","","","","","","","","","FEB 1","2026","181","","","","","","","","104062","10.1016/j.adhoc.2025.104062","0","","OCT 2025","","","","","","","hybrid","","","2026-10-01","WOS:001612518600003","0"
"J","Rawat, R; Rawat, H; Rawat, A; Rajavat, A","","","","Rawat, Romil; Rawat, Hitesh; Rawat, Anjali; Rajavat, Anand","","","T-HFAM IDS: A low-latency machine learning framework for adaptive threat detection in IoT networks","ARRAY","","","English","Article","","","","","","IoT security; Machine learning; Anomaly detection; Edge computing; Cyber threat analytics","INTRUSION; SYSTEMS","With the rapid expansion of IoT networks, ensuring real-time security against sophisticated cyberattacks has become critical. Existing intrusion detection approaches often struggle with dynamic, low-signal threats and resource constraints on edge devices, creating a need for adaptive and efficient solutions. To address this gap, this research proposes a Transformer-based Hybrid Feature Attention Mechanism (T-HFAM) IDS (intrusion detection systems) that combines temporal modeling with dynamic feature prioritization to detect diverse attacks such as DoS, backdoors, and reconnaissance. The novelty lies in integrating multi-head temporal attention with residual skip connections for enhanced anomaly detection while maintaining low-latency edge deployment. The framework leverages the widely recognized TON_IoT dataset, encompassing network traffic and telemetry logs from heterogeneous IoT environments. Experimental results demonstrate superior performance over traditional machine learning and LSTM models, achieving over 99% accuracy and F1-score with minimal resource consumption. The study concludes that T-HFAM-IDS provides a robust, scalable, and energy-efficient solution for modern IoT security challenges, with future work focusing on federated learning, blockchain integration, and cross-domain adaptability to further enhance resilience and generalization.","[Rawat, Romil; Rajavat, Anand] Shri Vaishnav Vidyapeeth Vishwavidyalaya, SVIIT, Dept Comp Sci Engn, Indore, India; [Rawat, Hitesh; Rawat, Anjali] Shri Vaishnav Vidyapeeth Vishwavidyalaya, SVIIT, Comp Sci Dept, Indore, India","","Rawat, R (corresponding author), Shri Vaishnav Vidyapeeth Vishwavidyalaya, SVIIT, Dept Comp Sci Engn, Indore, India.","rawat.romil@gmail.com; hrawat88@gmail.com; rawatanjali457@gmail.com; directorsviit@svvv.edu.in","","","","","","","","0","0","","","","","","","","","","","SEP","2026","31","","","","","","","","101100","10.1016/j.array.2026.101100","0","","JUL 2026","","","","","","","gold","","","2026-10-01","WOS:001837281100001","0"
"J","Yellanki, VS; Sah, B","","","","Yellanki, V. Sahiti; Sah, Basant","","","Federated MapReduce fractional deep learning for scalable and privacy-aware intrusion detection in cloud computing","DISCOVER COMPUTING","","","English","Article","","","","","","Federated learning; Intrusion detection systems; Cloud computing security; Fractional deep learning; Distributed MapReduce processing","NETWORK","Conventional intrusion detection systems (IDSs) are not suitable for large-scale, heterogeneous, and privacy-sensitive cloud environments, owing to the rapid adoption of cloud computing and Internet of Things (IoT) technologies, which have resulted in an increasing scale and complexity of cyberattacks. Current machine learning, deep learning, and federated IDS methods are typically centralised, cannot be scaled to provide high service availability, are inefficient at distributing data preprocessing, are not robust enough to converge under non-IID data distributions, and lack proper adaptive optimisations. In order to overcome these drawbacks, in this paper, a Federated MapReduce-Enabled Fractional Deep Learning Framework (FedMR-FFNet) is proposed to provide scalable and privacy-preserving intrusion detection in cloud computing. The proposed structure includes MapReduce-based distributed preprocessing to process features in a large scale efficiently, HSBOA-driven ensemble feature selection to select informative features of an intrusion, Fractional Feedforward Network (FFNet) learning to address the issues of complex nonlinear intrusion pattern representations, Taylor Wave Search Algorithm (TWSA) for optimizing the model parameters adaptively, and an adaptive federated aggregation strategy to assign weights to the clients based on their dataset size, loss, update consistency, and noise level to enhance the robustness under heterogeneous non-IID environments. The proposed framework is validated through extensive experiments conducted on the NSL-KDD, CIC-IDS2017 and TON_IoT datasets. The methods of FedMR-FFNet show high accuracy (99.18%), precision (99.03%), recall (98.94%) and F1-score (98.98%), and the convergence speed is stable, reducing the computational time and improving the accuracy, precision, recall and F1-score relative to conventional machine learning, deep learning and federated IDS. Moreover, the framework exhibits high cross-dataset generalisation, communication efficiency, scalability and privacy preservation, which presents a promising solution to intelligent intrusion detection in modern distributed cloud and IoT infrastructures.","[Yellanki, V. Sahiti; Sah, Basant] KL Univ, Koneru Lakshmaiah Educ Fdn, Dept Comp Sci & Engn, Guntur 522502, AP, India","","Yellanki, VS (corresponding author), KL Univ, Koneru Lakshmaiah Educ Fdn, Dept Comp Sci & Engn, Guntur 522502, AP, India.","sahithivellanki@gmail.com; basantbitmtech2008@kluniversity.in","","","","","","","","0","0","","","","","","","","","","","SEP 18","2026","29","1","","","","","","","641","10.1007/s10791-026-10585-0","0","","SEP 2026","","","","","","","gold","","","2026-10-01","WOS:001878601400001","0"
"J","Mills, R; Marnerides, AK; Broadbent, M; Race, N","","","","Mills, Ryan; Marnerides, Angelos K.; Broadbent, Matthew; Race, Nicholas","","","Practical Intrusion Detection of Emerging Threats","IEEE TRANSACTIONS ON NETWORK AND SERVICE MANAGEMENT","","","English","Article","","","","","","Intrusion detection; Anomaly detection; Labeling; Telemetry; Security; Real-time systems; Internet of Things; Intrusion detection; machine learning; cyber threat intelligence","","The Internet of Things (IoT), in combination with advancements in Big Data, communications and networked systems, offers a positive impact across a range of sectors including health, energy, manufacturing and transport. By virtue of current business models adopted by manufacturers and ICT operators, IoT devices are deployed over various networked infrastructures with minimal security, opening up a range of new attack vectors. Conventional rule-based intrusion detection mechanisms used by network management solutions rely on pre-defined attack signatures and hence are unable to identify new attacks. In parallel, anomaly detection solutions tend to suffer from high false positive rates due to the limited statistical validation of ground truth data, which is used for profiling normal network behaviour. In this work we go beyond current solutions and leverage the coupling of anomaly detection and Cyber Threat Intelligence (CTI) with parallel processing for the profiling and detection of emerging cyber attacks. We demonstrate the design, implementation, and evaluation of Citrus: a novel intrusion detection framework which is adept at tackling emerging threats through the collection and labelling of live attack data by utilising diverse Internet vantage points in order to detect and classify malicious behaviour using graph-based metrics as well as a range of machine learning (ML) algorithms. Citrus considers the importance of ground truth data validation and its flexible software architecture enables both the real-time and offline profiling, detection and classification of emerging cyber-attacks under optimal computational costs. Thus, establishing it as a viable and practical solution for next generation network defence and resilience strategies.","[Mills, Ryan; Broadbent, Matthew; Race, Nicholas] Univ Lancaster, Sch Comp & Commun, Lancaster LA1 4YW, England; [Marnerides, Angelos K.] Univ Glasgow, Sch Comp Sci, Glasgow G12 8RZ, Lanark, Scotland","","Mills, R (corresponding author), Univ Lancaster, Sch Comp & Commun, Lancaster LA1 4YW, England.","r.mills2@lancaster.ac.uk; angelos.marnerides@glasgow.ac.uk; m.broadbent@lancaster.ac.uk; n.race@lancaster.ac.uk","","","","","","","","26","28","","","","","","","","","","","MAR","2022","19","1","","","","","582","600","","10.1109/TNSM.2021.3091517","0","","","","","","","","","Green Submitted","","","2026-10-01","WOS:000767855700041","0"
"J","Ahmed, M; Yuan, JS","","","","Ahmed, Munir; Yuan, Jiann-Shiun","","","AI-Driven Hybrid Architecture for Secure, Reconstruction-Resistant Multi-Cloud Storage","FUTURE INTERNET","","","English","Article","","","","","","adaptive data management; AES-128 encryption; AI-driven adaptive fragmentation; hybrid multi-cloud architecture; predictive modeling; secure cloud storage; telemetry-based optimization; VeraCrypt local vault","","Cloud storage continues to experience recurring provider-side breaches, raising concerns about the confidentiality and recoverability of user data. This study addresses this challenge by introducing an Artificial Intelligence (AI)-driven hybrid architecture for secure, reconstruction-resistant multi-cloud storage. The system applies telemetry-guided fragmentation, where fragment sizes are dynamically predicted from real-time bandwidth, latency, memory availability and disk I/O, eliminating the predictability of fixed-size fragmentation. All payloads are compressed, encrypted with AES-128 and dispersed across independent cloud providers, while two encrypted fragments are retained within a VeraCrypt-protected local vault to enforce a distributed trust threshold that prevents cloud-only reconstruction. Synthetic telemetry was first used to evaluate model feasibility and scalability, followed by hybrid telemetry integrating real Microsoft system traces and Cisco network metrics to validate generalization under realistic variability. Across all evaluations, XGBoost and Random Forest achieved the highest predictive accuracy, while Neural Network and Linear Regression models provided moderate performance. Security validation confirmed that partial-access and cloud-only attack scenarios cannot yield reconstruction without the local vault fragments and the encryption key. These findings demonstrate that telemetry-driven adaptive fragmentation enhances predictive reliability and establishes a resilient, zero-trust framework for secure multi-cloud storage.","[Ahmed, Munir; Yuan, Jiann-Shiun] Univ Cent Florida, Dept Elect & Comp Engn, Orlando, FL 32816 USA","","Ahmed, M; Yuan, JS (corresponding author), Univ Cent Florida, Dept Elect & Comp Engn, Orlando, FL 32816 USA.","sh390973@ucf.edu; jiann-shiun.yuan@ucf.edu","","","","","","","","2","2","","","","","","","","","","","JAN 27","2026","18","2","","","","","","","70","10.3390/fi18020070","0","","","","","","","","","gold","","","2026-10-01","WOS:001701193300001","0"
"J","Zaza, S; Atemkeng, M; Murray, TS; Filmalter, JD; Cowley, PD","","","","Zaza, Siphendulwe; Atemkeng, Marcellin; Murray, Taryn S.; Filmalter, John David; Cowley, Paul D.","","","Unsupervised-explainable anomaly detection in large-scale estuarine acoustic telemetry data","ECOLOGICAL INFORMATICS","","","English","Article","","","","","","Acoustic telemetry; Argyrosomus japonicus; Machine learning; Deep learning; Breede estuary; Dusky kob","ARGYROSOMUS-JAPONICUS SCIAENIDAE; DETECTION RANGE; MOVEMENT; FISH","Acoustic telemetry data play a vital role in understanding the behaviour and movement of aquatic animals. However, these datasets, which often consist of millions of individual detections, frequently contain anomalous movements that pose significant challenges. Traditionally, anomalous movements can be identified either manually or through basic statistical methods, approaches that are time-consuming and prone to high rates of unidentified anomalies in large datasets. This study focuses on the development of automated classifiers for a large telemetry dataset comprising detections from 50 acoustically tagged dusky kob (Argyrosomus japonicus ) monitored in the Breede Estuary, South Africa. Using an array of 16 acoustic receivers deployed throughout the estuary between 2016 and 2021, resulting in the collection of over three million individual detections. This paper presents detailed guidelines for data pre-processing, resampling strategies, labelling process, feature engineering, data splitting methodologies, and the selection and interpretation of machine learning (ML) and deep learning (DL) models for anomaly detection. Among the evaluated models, neural network autoencoder (NN-AE) demonstrated superior performance, aided by our proposed threshold-finding algorithm. NN-AE achieved a high recall with no false normals (i.e., no misclassifications of anomalous movements as normal patterns), a critical factor in ensuring that no true anomalies are overlooked. In contrast, other models exhibited false normal fractions exceeding 0.9, indicating they failed to detect the majority of true anomalies-a significant limitation for telemetry studies where undetected anomalies can distort interpretations of movement patterns. While the NN-AE's performance highlights its reliability and robustness in detecting anomalies, it faced challenges in accurately learning normal movement patterns when these patterns gradually deviated from anomalous ones. To the best of our knowledge, this study represents the first effort to develop automated methods leveraging ML and DL to address anomalous detections in acoustic telemetry data.","[Zaza, Siphendulwe; Atemkeng, Marcellin] Rhodes Univ, Dept Math, POB 94, ZA-6140 Makhanda, South Africa; [Zaza, Siphendulwe; Atemkeng, Marcellin; Murray, Taryn S.; Filmalter, John David; Cowley, Paul D.] South African Inst Aquat Biodivers, Private Bag 1015, ZA-6140 Makhanda, South Africa; [Murray, Taryn S.] Rhodes Univ, Dept Ichthyol & Fisheries Sci, POB 94, ZA-6140 Makhanda, South Africa; [Atemkeng, Marcellin] Natl Inst Theoret & Computat Sci NITheCS, ZA-7600 Stellenbosch, South Africa","","Atemkeng, M (corresponding author), Rhodes Univ, Dept Math, POB 94, ZA-6140 Makhanda, South Africa.","m.atemkeng@ru.ac.za","","","","","","","","1","1","","","","","","","","","","","MAR","2026","94","","","","","","","","103672","10.1016/j.ecoinf.2026.103672","0","","","","","","","","","Green Submitted, gold","","","2026-10-01","WOS:001707396300001","0"
"J","Rustemli, AC; Sahin, G; Akin, E; Adewole, KS; Rustemli, S","","","","Rustemli, Ali Cengiz; Sahin, Gokhan; Akin, Erdal; Adewole, Kayode Sakariyah; Rustemli, Sabir","","","A Comparative Deep Learning Framework for Multivariate Time Series Anomaly Detection in Satellite Telemetry","APPLIED SCIENCES-BASEL","","","English","Article","","","","","","satellite telemetry; multivariate time series; point level anomaly detection; deep learning; BiLSTM; Transformer; Hybrid BiLSTM-Transformer; Hybrid BiGRU-Transformer; BiGRU; Focal Loss; temporal label smoothing; data preprocessing; high-dimensional sensor systems","TRANSFORMER","This study compares deep learning models for point-level anomaly detection in multichannel satellite telemetry data. Raw event-based telemetry was converted into segment-based multivariate time series without windowing or feature extraction, allowing models to learn system behavior at each time step. Preprocessing included channel alignment, training set-based normalization, missing value imputation, and temporal label smoothing, while Focal Loss and segment-level oversampling addressed class imbalance. Five architectures, BiLSTM, BiGRU, Transformer, Hybrid BiLSTM-Transformer, and Hybrid BiGRU-Transformer, were evaluated, with thresholds optimized on a validation set. The results show that hybrid models combining recurrent networks and attention mechanisms effectively capture both short- and long-term dependencies. The standalone BiGRU model achieves the highest overall classification performance in terms of F1 score and accuracy. In contrast, the Hybrid BiGRU-Transformer architecture does not outperform BiGRU in classification metrics but provides superior temporal stability, improved boundary sensitivity, and better interpretability in anomaly detection tasks.","[Rustemli, Ali Cengiz] Ostim Tech Univ, Engn Fac, Software Engn Dept, TR-06000 Ankara, Turkiye; [Sahin, Gokhan] Univ Utrecht, Copernicus Inst Sustainable Dev, Princetonlaan 8A, NL-3584 CB Utrecht, Netherlands; [Sahin, Gokhan] Municipal Dronten, Rede 1, NL-8251 ER Dronten, Netherlands; [Akin, Erdal; Adewole, Kayode Sakariyah] Malmo Univ, Dept Comp Sci & Media Technol, S-20506 Malmo, Sweden; [Akin, Erdal; Adewole, Kayode Sakariyah] Malmo Univ, Sustainable Digitalisat Res Ctr, S-20506 Malmo, Sweden; [Akin, Erdal] Malmo Univ, Biofilms Res Ctr Biointerfaces BRCB, S-20506 Malmo, Sweden; [Akin, Erdal] Bitlis Eren Univ, Dept Comp Engn, TR-13100 Bitlis, Turkiye; [Rustemli, Sabir] Bitlis Eren Univ, Fac Engn & Architecture, Dept Elect & Elect Engn, TR-13100 Bitlis, Turkiye","","Akin, E (corresponding author), Malmo Univ, Dept Comp Sci & Media Technol, S-20506 Malmo, Sweden.;Akin, E (corresponding author), Malmo Univ, Sustainable Digitalisat Res Ctr, S-20506 Malmo, Sweden.;Akin, E (corresponding author), Malmo Univ, Biofilms Res Ctr Biointerfaces BRCB, S-20506 Malmo, Sweden.;Akin, E (corresponding author), Bitlis Eren Univ, Dept Comp Engn, TR-13100 Bitlis, Turkiye.","alicengizrustemli@gmail.com; g.sahin0638@gmail.com; erdal.akin@mau.se; kayode.adewole@mau.se","","","","","","","","0","0","","","","","","","","","","","JUN 5","2026","16","11","","","","","","","5694","10.3390/app16115694","0","","JUN 2026","","","","","","","Green Submitted, gold","","","2026-10-01","WOS:001789732300001","0"
"J","Alzahrani, A; Aldhyani, THH","","","","Alzahrani, Ali; Aldhyani, Theyazn H. H.","","","Artificial Intelligence Algorithms for Detecting and Classifying MQTT Protocol Internet of Things Attacks","ELECTRONICS","","","English","Article","","","","","","cybersecurity; MQTT; deep learning; artificial intelligence; machine learning","MACHINE; PREDICTION","The Internet of Things (IoT) grew in popularity in recent years, becoming a crucial component of industrial, residential, and telecommunication applications, among others. This innovative idea promotes communication between physical components, such as sensors and actuators, to improve process flexibility and efficiency. Smart gadgets in IoT contexts interact using various message protocols. Message queuing telemetry transfer (MQTT) is a protocol that is used extensively in the IoT context to deliver sensor or event data. The aim of the proposed system is to create an intrusion detection system based on an artificial intelligence algorithm, which is becoming essential in the defense of the IoT networks against cybersecurity threats. This study proposes using a k-nearest neighbors (KNN) algorithm, linear discriminant analysis (LDA), a convolutional neural network (CNN), and a convolutional long short-term memory neural network (CNN-LSTM) to identify MQTT protocol IoT intrusions. A cybersecurity system based on artificial intelligence algorithms was examined and evaluated using a standard dataset retrieved from the Kaggle repository. The dataset was injected by five attacks, namely brute-force, flooding, malformed packet, SlowITe, and normal packets. The deep learning algorithm achieved high performance compared with the developing security system using machine learning algorithms. The performance accuracy of the KNN method was 80.82%, while the accuracy of the LDA algorithm was 76.60%. The CNN-LSTM model attained a high level of precision (98.94%) and is thus very effective at detecting intrusions in IoT settings.","[Alzahrani, Ali] King Faisal Univ, Dept Comp Engn, Al Hufuf 31982, Saudi Arabia; [Aldhyani, Theyazn H. H.] King Faisal Univ, Appl Coll Abqaiq, Ai Hofuf 31982, Saudi Arabia","","Aldhyani, THH (corresponding author), King Faisal Univ, Appl Coll Abqaiq, Ai Hofuf 31982, Saudi Arabia.","taldhyani@kfu.edu.sa","","","","","","","","23","26","","","","","","","","","","","NOV","2022","11","22","","","","","","","3837","10.3390/electronics11223837","0","","","","","","","","","Green Submitted, gold","","","2026-10-01","WOS:000887130200001","0"
"J","Aldallal, A","","","","Aldallal, Ammar","","","Toward Efficient Intrusion Detection System Using Hybrid Deep Learning Approach","SYMMETRY-BASEL","","","English","Article","","","","","","intrusion detection system; deep learning; LSTM; GRU; RNN; feature selection; Pearson correlation","FEATURE-SELECTION; WIRELESS NETWORK; MACHINE; FOREST","The increased adoption of cloud computing resources produces major loopholes in cloud computing for cybersecurity attacks. An intrusion detection system (IDS) is one of the vital defenses against threats and attacks to cloud computing. Current IDSs encounter two challenges, namely, low accuracy and a high false alarm rate. Due to these challenges, additional efforts are required by network experts to respond to abnormal traffic alerts. To improve IDS efficiency in detecting abnormal network traffic, this work develops an IDS using a recurrent neural network based on gated recurrent units (GRUs) and improved long short-term memory (LSTM) through a computing unit to form Cu-LSTMGRU. The proposed system efficiently classifies the network flow instances as benign or malevolent. This system is examined using the most up-to-date dataset CICIDS2018. To further optimize computational complexity, the dataset is optimized through the Pearson correlation feature selection algorithm. The proposed model is evaluated using several metrics. The results show that the proposed model remarkably outperforms benchmarks by up to 12.045%. Therefore, the Cu-LSTMGRU model provides a high level of symmetry between cloud computing security and the detection of intrusions and malicious attacks.","[Aldallal, Ammar] Ahlia Univ, Telecommun Engn Dept, POB 10878, Manama, Bahrain","","Aldallal, A (corresponding author), Ahlia Univ, Telecommun Engn Dept, POB 10878, Manama, Bahrain.","aaldallal@ahlia.edu.bh","","","","","","","","28","37","","","","","","","","","","","SEP","2022","14","9","","","","","","","1916","10.3390/sym14091916","0","","","","","","","","","Green Submitted, gold","","","2026-10-01","WOS:000856666100001","0"
"J","Fayyaz, Y; Afrasiabi, SN; Yang, L; El-Khatib, K","","","","Fayyaz, Yasamin; Afrasiabi, Seyedeh Negar; Yang, Li; El-Khatib, Khalil","","","CubeSat cybersecurity dataset for intrusion detection (CuCD-ID): Labelled NOS3/cFS telemetry (raw","DATA IN BRIEF","","","English","Article; Data Paper","","","","","","Intrusion detection; CubeSats; On-orbit dataset; Cybersecurity; NOS3; CCSDS; Cyber-physical systems; Space system security; On-board machine learning","","This data article presents the CubeSat Cybersecurity Dataset for Intrusion Detection (CuCD-ID), a collection of labelled command and telemetry data designed to support machine learning-based security research for space systems. The data were generated in a high-fidelity software-in-the-loop environment using NASA's Operational Simulator for Small Satellites (NOS3) running the core Flight System (cFS). Telemetry was captured across five scripted scenarios: one nominal case and four adversarial tactics aligned with the Space Attack Research and Tactic Analysis (SPARTA) framework, specifically command flooding, false data injection, storage exhaustion, and defence impairment. All scenarios were driven by commands issued from the COSMOS v4 ground station software. The repository contains two primary tabular datasets in Comma-Separated Values (CSV) format: a raw, balanced dataset with 25,0 0 0 records and 31 features, and an augmented, noised dataset with 22,465 records and 23 features. Each record contains features parsed from Consultative Committee for Space Data Systems (CCSDS) packet headers or engineered from a 20-second sliding window, alongside system-level metrics and a numeric class label. The augmented data incorporates nine documented noise categories to emulate plausible in-orbit disturbances and im prove model robustness against benign variability: White Noise, Analog Outliers, Gaps, Trends, Signal Shifts, Frequency Changes, Sensor Dropout, Magnitude Warping, and Window Time Warping. The dataset is suitable for developing and benchmarking supervised and unsupervised intrusion detection methods, including on-board and Tiny Machine Learning applications. All COSMOS v4 scripts used to generate the scenarios are also provided to ensure full reproducibility and enable extension of the data collection. (c) 2026 The Authors. Published by Elsevier Inc. This is an open access article under the CC BY-NC-ND license (http://creativecommons.org/licenses/by-nc-nd/4.0/)","[Fayyaz, Yasamin; Afrasiabi, Seyedeh Negar; Yang, Li; El-Khatib, Khalil] Ontario Tech Univ, Fac Business & Informat Technol, 2000 Simcoe St North, Oshawa, ON L1G 0C5, Canada","","Fayyaz, Y (corresponding author), Ontario Tech Univ, Fac Business & Informat Technol, 2000 Simcoe St North, Oshawa, ON L1G 0C5, Canada.","yasamin.fayyaz@ontariotechu.ca","","","","","","","","2","2","","","","","","","","","","","APR","2026","65","","","","","","","","112598","10.1016/j.dib.2026.112598","0","","","","","","","","","Green Submitted, gold","","","2026-10-01","WOS:001705095000001","0"
"J","Hadi, HJ; Khan, MK; Ahmad, N","","","","Hadi, Hassan Jalil; Khan, Muhammad Khurram; Ahmad, Naveed","","","A Real-Time Multi-Tier Machine Learning Intrusion Detection Framework for Securing Ground Control Station-UAV Communications","IEEE OPEN JOURNAL OF THE COMMUNICATIONS SOCIETY","","","English","Article","","","","","","Payloads; Jamming; Telemetry; Aerospace and electronic systems; Military aircraft; Space technology; Aerospace control; Electronic warfare; Feeds; Broadcasting; UAVs; ground control station (GCS); command and control (C2) link; intrusion detection system (IDS); machine learning; dataset","","UAVs are widely used in mission-critical tasks but remain vulnerable due to open communication links. Especially, the Ground Control Station to UAV (G2U) communication channel is particularly vulnerable, often exploited for large-scale intrusions due to its multi-connectivity and openness. To address these risks, significant efforts have been devoted to developing Intrusion Detection Systems (IDS) based on machine learning for UAVs. However, most existing ML-based IDS solutions concentrate on UAV operations rather than G2U communication, lack real-time detection capability, and rely heavily on limited or synthetic datasets. To address this gap, we present GCS-NIDD, a real-time dataset that captures both normal and malicious traffic across nine attack types, including Replay, DoS/DDoS, Evil Twin, and Fake Landing attacks, among others. We build a physical testbed using actual UAV devices (PX4 Vision Dev Kit V1.5) and diverse GCS platforms (laptops, Tablets) to emulate real G2U communication scenarios. Furthermore, we propose G2UIDS, a multi-tier IDS framework that leverages complementary strengths of ML models across three layers, Tier 1 (LightGBM) performs anomaly detection to separate normal and malicious traffic, Tier 2 (TabNet) conducts fine-grained multi-class attack classification, and Tier 3 (BLS) focuses on detecting zero-day attacks. These outputs are combined through decision-level fusion, ensuring both accuracy and robustness. Unlike prior simulation-based solutions, G2UIDS is deployed and evaluated in a real operational environment. Experimental results demonstrate that G2UIDS achieves 93.16% accuracy and a 94.80% detection rate, significantly outperforming existing methods while maintaining low computational overhead.","[Hadi, Hassan Jalil] King Abdullah Univ Sci & Technol KAUST, Jeddah 239556900, Saudi Arabia; [Khan, Muhammad Khurram] King Saud Univ, Ctr Excellence Informat Assurance, DSR, Riyadh 11653, Saudi Arabia; [Ahmad, Naveed] Prince Sultan Univ, Coll Comp & Informat Sci, Riyadh 12435, Saudi Arabia","","Hadi, HJ (corresponding author), King Abdullah Univ Sci & Technol KAUST, Jeddah 239556900, Saudi Arabia.","hassan.hadi@kaust.edu.sa","","","","","","","","0","0","","","","","","","","","","","","2026","7","","","","","","3881","3900","","10.1109/OJCOMS.2026.3683883","0","","","","","","","","","Green Submitted, gold","","","2026-10-01","WOS:001746929700001","0"
"J","Vanitha, S; Balasubramanie, P","","","","Vanitha, S.; Balasubramanie, P.","","","Improved Ant Colony Optimization and Machine Learning Based Ensemble Intrusion Detection Model","INTELLIGENT AUTOMATION AND SOFT COMPUTING","","","English","Article","","","","","","Network intrusion detection system (NIDS); internet of things (IOT); ensemble learning; statistical flow features; botnet; ensemble technique; improved ant colony optimization (IACO); feature selection","ALGORITHM; INTERNET; IOT","Internet of things (IOT) possess cultural, commercial and social effect in life in the future. The nodes which are participating in IOT network are basi-cally attracted by the cyber-attack targets. Attack and identification of anomalies in IoT infrastructure is a growing problem in the IoT domain. Machine Learning Based Ensemble Intrusion Detection (MLEID) method is applied in order to resolve the drawback by minimizing malicious actions in related botnet attacks on Message Queue Telemetry Transport (MQTT) and Hyper-Text Transfer Proto-col (HTTP) protocols. The proposed work has two significant contributions which are a selection of features and detection of attacks. New features are chosen from Improved Ant Colony Optimization (IACO) in the feature selection, and then the detection of attacks is carried out based on a combination of their possible proper-ties. The IACO approach is focused on defining the attacker's important features against HTTP and MQTT. In the IACO algorithm, the constant factor is calculated against HTTP and MQTT based on the mean function for each element. Attack detection, the performance of several machine learning models are Distance Deci-sion Tree (DDT), Adaptive Neuro-Fuzzy Inference System (ANFIS) and Mahala-nobis Distance Support Vector Machine (MDSVM) were compared with predicting accurate attacks on the IoT network. The outcomes of these classifiers are combined into the ensemble model. The proposed MLEID strategy has effec-tively established malicious incidents. The UNSW-NB15 dataset is used to test the MLEID technique using data from simulated IoT sensors. Besides, the pro-posed MLEID technique has a greater detection rate and an inferior rate of false-positive compared to other conventional techniques.","[Vanitha, S.] Anna Univ, Chennai 600025, India; [Balasubramanie, P.] Kongu Engn Coll, Dept Comp Sci & Engn, Erode 638060, India","","Vanitha, S (corresponding author), Anna Univ, Chennai 600025, India.","vanithaarvind@gmail.com","","","","","","","","14","15","","","","","","","","","","","","2023","36","1","","","","","849","864","","10.32604/iasc.2023.032324","0","","","","","","","","","hybrid","","","2026-10-01","WOS:000875839900015","0"
"J","Rustam, F; Jurcut, AD; Salauddin, M","","","","Rustam, Furqan; Jurcut, Anca Delia; Salauddin, Md","","","Unsupervised Diffusion-Guided LSTM for Anomaly Detection in Water Distribution Networks","IEEE ACCESS","","","English","Article","","","","","","Telemetry; Aerospace and electronic systems; Feeds; Broadcasting; Broadcast technology; Programmable logic devices; Data communication; Internet of Things; Communication systems; Water distribution systems; machine learning; unsupervised learning; autoencoder; anomaly detection","","Water distribution systems (WDS) are critical cyber-physical infrastructures that increasingly rely on sensor-driven monitoring and automated control. This increased connectivity also exposes WDS to cyber and physical attacks. Identifying these threats through data-driven anomaly detection remains challenging due to high-dimensional telemetry, strong temporal dependencies, severe class imbalance, and evolving operating conditions. Traditional anomaly detection methods often rely on linear assumptions, static thresholds, or limited temporal modeling, which restrict their ability to capture the nonlinear and dynamic behavior of real WDS environments. In this work, we propose Diff-Water, a diffusion-based anomaly detection framework designed for multivariate WDS telemetry. The proposed approach models normal system behavior using a variance-preserving diffusion process with a cosine noise schedule and learns reverse diffusion dynamics through an EpsLSTM noise-prediction network conditioned on sinusoidal time embeddings. To improve detection robustness, we further introduce a weighted multi-sample reconstruction-based anomaly scoring strategy that aggregates reconstruction errors across diffusion timesteps. These design choices enable the model to capture complex temporal dynamics and provide stable anomaly scoring under noisy industrial telemetry. We evaluate Diff-Water on two widely used benchmark datasets, WADI and BATADAL, and compare it with statistical, machine learning, and deep learning baselines. On the WADI dataset, Diff-Water achieves an F1-score of 0.748 with a false-positive rate of 0.85 FP/h, while on BATADAL, it achieves an F1-score of 0.824 with 0.386 FP/h, demonstrating strong detection performance across different water network configurations. Compared with recent diffusion-based approaches, Diff-Water provides a more practical efficiency-accuracy trade-off by integrating temporal modeling and reporting deployment-oriented metrics such as false positives per hour and inference throughput.","[Rustam, Furqan; Jurcut, Anca Delia] Univ Coll Dublin, Sch Comp Sci, Dublin D04 V1W8, Ireland; [Salauddin, Md] Univ Coll Dublin, Sch Civil Engn, Dublin D04 V1W8, Ireland","","Salauddin, M (corresponding author), Univ Coll Dublin, Sch Civil Engn, Dublin D04 V1W8, Ireland.","md.salauddin@ucd.ie","","","","","","","","0","0","","","","","","","","","","","","2026","14","","","","","","58919","58935","","10.1109/ACCESS.2026.3683296","0","","","","","","","","","Green Submitted, gold","","","2026-10-01","WOS:001746859000024","0"
"J","Shukla, RM; Sengupta, S","","","","Shukla, Raj Mani; Sengupta, Shamik","","","A novel machine learning pipeline to detect malicious anomalies for the Internet of Things","INTERNET OF THINGS","","","English","Article","","","","","","IoT; Anomaly detection; Ensemble learning; Predictive analytics","","Anomaly detection is an imperative problem in the field of the Internet of Things (IoT). The anomalies are considered as samples that do not follow a normal pattern and significantly differ from the expected values. There can be numerous reasons an IoT sensor data is anomalous. For example, it can be due to abnormal events, IoT sensor faults, or malicious manipulation of data generated from IoT devices. There has been wide-scale research done on anomaly detection problems in general, i.e., finding the samples in data that differ significantly from the expected values. However, there has been limited work done to figure out the inherent cause of the anomalies in IoT sensor data. Accordingly, once an abnormal data sample has been observed, the challenge of detecting whether the anomaly is due to an abnormal event or IoT sensor data manipulation by an attacker has not been explored in detail. In this paper, rather than finding the typical anomalies, we propose a method to detect malicious anomalies. The given paper puts forward an idea of where anomalies in IoT can be categorized into different types. Consequently, rather than finding an anomalous sample point, our method filters only malicious anomalies in the measured IoT data. Initially, we provide an attack model for the IoT sensor data and show how the model can affect the decision-making abilities of IoT-based applications by introducing malicious anomalies. Further, we design a novel Machine Learning (ML) based method to detect these malicious anomalies. Our ML method is inspired by ensemble machine learning and uses threshold and aggregation methods rather than the traditional methods of output aggregation in ensemble learning. The proposed ML architecture is tested using pollutant, telemetry, and vehicular traffic data obtained from the state of California. Simulation results show that our architecture performs with a decent accuracy for various sizes of malicious anomalies. In particular, by setting the parameters of the anomaly detector, the precision, recall, and F-score values of 93%, 94%, and 93% are obtained; i.e., a well-balance between all three metrics. By varying model parameters either precision or recall value can be increased further at the cost of other showing that the model is tunable to meet the application requirement.","[Shukla, Raj Mani; Sengupta, Shamik] Univ Nevada, Dept Comp Sci & Engn, Reno, NV USA; [Shukla, Raj Mani] Anglia Ruskin Univ, Sch Comp & Informat Sci, Cambridge, England","","Shukla, RM (corresponding author), Anglia Ruskin Univ, Sch Comp & Informat Sci, Cambridge, England.","rajshukla@nevada.unr.edu; ssengupta@unr.edu","","","","","","","","3","3","","","","","","","","","","","NOV","2022","20","","","","","","","","100603","10.1016/j.iot.2022.100603","0","","SEP 2022","","","","","","","Green Submitted","","","2026-10-01","WOS:000862155700005","0"
"J","Singh, P; Gaba, GS; Kaur, A; Hedabou, M; Gurtov, A","","","","Singh, Parminder; Gaba, Gurjot Singh; Kaur, Avinash; Hedabou, Mustapha; Gurtov, Andrei","","","Dew-Cloud-Based Hierarchical Federated Learning for Intrusion Detection in IoMT","IEEE JOURNAL OF BIOMEDICAL AND HEALTH INFORMATICS","","","English","Article","","","","","","Medical services; Computational modeling; Intrusion detection; Training; Cloud computing; Medical diagnostic imaging; Servers; Dew computing; federated learning; internet of medical things (IoMT); intrusion detection system (IDS); machine learning","HEALTH-CARE-SYSTEM; MEDICAL DEVICES; INTERNET; THINGS; FRAMEWORK; SECURE; IOT","The coronavirus pandemic has overburdened medical institutions, forcing physicians to diagnose and treat their patients remotely. Moreover, COVID-19 has made humans more conscious about their health, resulting in the extensive purchase of IoT-enabled medical devices. The rapid boom in the market worth of the internet of medical things (IoMT) captured cyber attackers' attention. Like health, medical data is also sensitive and worth a lot on the dark web. Despite the fact that the patient's health details have not been protected appropriately, letting the trespassers exploit them. The system administrator is unable to fortify security measures due to the limited storage capacity and computation power of the resource-constrained network devices'. Although various supervised and unsupervised machine learning algorithms have been developed to identify anomalies, the primary undertaking is to explore the swift progressing malicious attacks before they deteriorate the wellness system's integrity. In this paper, a Dew-Cloud based model is designed to enable hierarchical federated learning (HFL). The proposed Dew-Cloud model provides a higher level of data privacy with greater availability of IoMT critical application(s). The hierarchical long-term memory (HLSTM) model is deployed at distributed Dew servers with a backend supported by cloud computing. Data pre-processing feature helps the proposed model achieve high training accuracy (99.31%) with minimum training loss (0.034). The experiment results demonstrate that the proposed HFL-HLSTM model is superior to existing schemes in terms of performance metrics such as accuracy, precision, recall, and f-score.","[Singh, Parminder; Hedabou, Mustapha] Mohammed VI Polytech Univ, Sch Comp Sci, Ben Guerir 43150, Morocco; [Singh, Parminder; Kaur, Avinash] Lovely Profess Univ, Sch Comp Sci & Engn, Phagwara 14441, India; [Gaba, Gurjot Singh; Gurtov, Andrei] Linkoping Univ, Dept Comp & Informat Sci, S-58183 Linkoping, Sweden","","Gaba, GS (corresponding author), Linkoping Univ, Dept Comp & Informat Sci, S-58183 Linkoping, Sweden.","parminder.singh@um6p.ma; gurjot.singh@liu.se; avinash.14557@lpu.co.in; mustapha.hedabou@um6p.ma; andrei.gurtov@liu.se","","","","","","","","68","74","","","","","","","","","","","FEB","2023","27","2","","","","","722","731","","10.1109/JBHI.2022.3186250","0","","","","","","","","","Green Submitted","","","2026-10-01","WOS:000965128600001","0"
"J","Chuang, HY; Chen, RM","","","","Chuang, Hong-Yu; Chen, Ruey-Maw","","","Feature Selection for Malicious Detection on Industrial IoT Using Machine Learning","SENSORS AND MATERIALS","","","English","Article","","","","","","industrial IoT (IIoT); intrusion detection system; network security; network features","","The rapid deployment of IoT devices for enhanced convenience and increased production efficiency has resulted in a significant rise in the potential for cyberattacks. Consequently, the detection of malicious attacks has become a crucial concern in industrial IoT (IIoT) applications. Furthermore, IoT usage is continuously expanding, with new functional IoT devices connecting to the network daily, leading to a substantial increase in network traffic. To address the need for an intrusion detection system (IDS) to identify malicious attacks under a high-traffic condition, a highly efficient IDS is essential. In this study, an IDS based on machine learning (ML) with a reduced set of features on the TON_IoT dataset is employed. The TON_IoT includes telemetry data, operating systems data, and network data for an IoT network. A Pearson correlation coefficient (PCC) was applied to assess the correlations among packet features, and a filtering rule based on the Jamovi software's frequency table was used to identify the most essential features within the TON_IoT dataset. Finally, the 45 original features were narrowed down to 10 core features for the IDS to effectively detect intrusion activities. To evaluate the detection performance of malicious intrusion activities using the yielded set of 10 core features, we utilized evaluation metrics including accuracy, precision, recall, and F 1-score. Four ML techniques, namely, K-Nearest Neighbors, Random Forest, Na & iuml;ve Bayes, and eXtreme Gradient Boosting, were tested. The experimental results demonstrated that the four ML techniques could detect multiple types of attack with an accuracy exceeding 96% and with a recall rate over 97%, underscoring the effectiveness and efficiency of utilizing the reduced 10 core features for malicious attack detection while maintaining a high level of accuracy.","[Chuang, Hong-Yu; Chen, Ruey-Maw] Natl Chin Yi Univ Technol, Comp Sci & Informat Engn, 57 Sec 2,Zhongshan Rd, Taichung, Taiwan","","Chen, RM (corresponding author), Natl Chin Yi Univ Technol, Comp Sci & Informat Engn, 57 Sec 2,Zhongshan Rd, Taichung, Taiwan.","sapang0626@gmail.com; rmchen@ncut.edu.tw","","","","","","","","1","1","","","","","","","","","","","","2024","36","3","1","","SI","","1035","1046","","10.18494/SAM4666","0","","","","","","","","","gold","","","2026-10-01","WOS:001223039700003","0"
"J","Chen, SY; Jin, G; Ma, XY","","","","Chen, Siya; Jin, G.; Ma, Xinyu","","","Satellite On-Orbit Anomaly Detection Method Based on a Dynamic Threshold and Causality Pruning","IEEE ACCESS","","","English","Article","","","","","","Entropy; Satellites; Anomaly detection; Telemetry; Predictive models; Data models; Space vehicles; Dynamic threshold; causality pruning; anomaly detection; GRU; on-orbit satellite","TIME-SERIES; TRANSFER ENTROPY; NETWORK","It is difficult for existing deep learning-based satellite on-orbit anomaly detection methods to define the residual-based detection threshold and identify false anomalies. To solve the above problems, this paper proposes both a detection threshold determination and dynamic correction method and a causality-based false anomaly identification and pruning method. We use the GRU (Gated Recurrent Unit) to model and predict the telemetry parameters to obtain the residual vector; determine and dynamically correct the threshold according to the prescribed false positive rate; propose an improved multivariate transfer entropy method to identify the causal relationships between the telemetry parameters; and, based on the causality, determine whether the detected parameter anomalies are false. Experiments show that the precision, recall, and F1-score of the method proposed in this paper are superior to the current typical method, and the false positive rate is significantly reduced, demonstrating the effectiveness of the proposed method.","[Chen, Siya; Jin, G.] Natl Univ Def Technol, Coll Syst Engn, Changsha 410073, Peoples R China; [Ma, Xinyu] Beijing Aerosp Control Ctr, Beijing 100048, Peoples R China","","Jin, G (corresponding author), Natl Univ Def Technol, Coll Syst Engn, Changsha 410073, Peoples R China.","jinguang@nudt.edu.cn","","","","","","","","14","16","","","","","","","","","","","","2021","9","","","","","","86751","86758","","10.1109/ACCESS.2021.3088439","0","","","","","","","","","Green Submitted, gold","","","2026-10-01","WOS:000673398600001","0"
"J","Zeng, ZF; Jin, G; Xu, C; Chen, SY; Zhang, L","","","","Zeng, Zefan; Jin, Guang; Xu, Chi; Chen, Siya; Zhang, Lu","","","Spacecraft Telemetry Anomaly Detection Based on Parametric Causality and Double-Criteria Drift Streaming Peaks over Threshold","APPLIED SCIENCES-BASEL","","","English","Article","","","","","","anomaly detection; causality; double criteria; DSPOT; spacecraft","RECONSTRUCTION; INFERENCE","Most of the spacecraft telemetry anomaly detection methods based on statistical models suffer from the problems of high false negatives, long time consumption, and poor interpretability. Besides, complex interactions, which may determine the propagation of anomalous mode between telemetry parameters, are often ignored. To discover the complex interaction between spacecraft telemetry parameters and improve the efficiency and accuracy of anomaly detection, we propose an anomaly detection framework based on parametric causality and Double-Criteria Drift Streaming Peaks Over Threshold (DCDSPOT). We propose Normalized Effective Transfer Entropy (NETE) to reduce the error and noise caused by nonstationarity of the data in the calculation of transfer entropy, and then apply NETE to improve the Multivariate Effective Source Selection (MESS) causal inference algorithm to infer parametric causality. We define the Weighted Source Parameter (WSP) of the target parameter to be detected, then DSPOT is employed to set multi-tier thresholds for target parameter and WSP. At last, two criteria are formulated to determine anomalies. Additionally, to cut the time consumption of the DCDSPOT, we apply Probability Weighted Moments (PWM) for parameter estimation of Generalized Pareto Distribution (GPD). Experiments on real satellite telemetry dataset shows that our method has higher recall and F1-score than other commonly used methods, and the running time is also significantly reduced.","[Zeng, Zefan; Jin, Guang; Xu, Chi; Chen, Siya; Zhang, Lu] Natl Univ Defense Technol, Coll Syst Engn, Changsha 410073, Peoples R China","","Jin, G (corresponding author), Natl Univ Defense Technol, Coll Syst Engn, Changsha 410073, Peoples R China.","zzfzad2021@163.com; jinguang@nudt.edu.cn; xuchi20@nudt.edu.cn; chensiyayayaya@gmail.com; cs3796606@126.com","","","","","","","","25","26","","","","","","","","","","","FEB","2022","12","4","","","","","","","1803","10.3390/app12041803","0","","","","","","","","","Green Submitted, gold","","","2026-10-01","WOS:000767663300001","0"
"J","Savva, G; Herodotou, H","","","","Savva, George; Herodotou, Herodotos","","","Adaptive Data Prefetching for File Storage Systems Using Online Machine Learning","BIG DATA AND COGNITIVE COMPUTING","","","English","Article","","","","","","online machine learning; smart storage systems; data prefetching; Hoeffding tree; SOKNL; streaming ML","","Data prefetching is essential for modern file storage systems operating in large-scale cloud and data-intensive environments, where high performance increasingly depends on intelligent, adaptive mechanisms. Traditional rule-based methods and recently proposed machine learning-based techniques often struggle to cope with the complex and rapidly evolving data access patterns characteristic of big-data workloads. In this paper, we introduce an online, streaming machine learning (SML) approach for predictive data prefetching that retrieves useful data into the cache ahead of time. We present a novel online training framework that extracts features in real time and continuously updates streaming ML models to learn and adapt from large and dynamic access streams. Building on this framework, we design new SML-driven prefetching algorithms that decide when, how, and what data to prefetch into the cache with minimal overhead. Extensive experiments using production traces from Huawei Technologies Inc. and Google workloads from the SNIA IOTTA repository demonstrate that our intelligent policies consistently deliver the highest byte hits among competing approaches, achieving 97% prefetch byte precision and reducing data access latency by up to 2.8 times. These results show that streaming ML can deliver immediate performance gains and offers a scalable foundation for future adaptive storage systems.","[Savva, George; Herodotou, Herodotos] Cyprus Univ Technol, Dept Elect Engn Comp Sci & Engn, CY-3036 Limassol, Cyprus","","Herodotou, H (corresponding author), Cyprus Univ Technol, Dept Elect Engn Comp Sci & Engn, CY-3036 Limassol, Cyprus.","gec.savva@edu.cut.ac.cy; herodotos.herodotou@cut.ac.cy","","","","","","","","0","0","","","","","","","","","","","JAN 10","2026","10","1","","","","","","","28","10.3390/bdcc10010028","0","","","","","","","","","Green Submitted, gold","","","2026-10-01","WOS:001670704600001","0"
"J","Englisch, CN; Trouvain, AM; Wakili, P; Wolf, MJ; Dick, HB; Mansouri, K; Hoffmann, EM; Mackert, MJ; Langenbucher, A; Alexandersson, J; Boden, KT; Szurman, P","","","","Englisch, Colya N.; Trouvain, Andre M.; Wakili, Philip; Wolf, Moritz J.; Dick, H. Burkhard; Mansouri, Kaweh; Hoffmann, Esther M.; Mackert, Marc J.; Langenbucher, Achim; Alexandersson, Jan; Boden, Karl T.; Szurman, Peter","","","Machine Learning-Based Prediction of Long-Term Intraocular Pressure Fluctuations in Open-Angle Glaucoma","OPHTHALMOLOGY SCIENCE","","","English","Article","","","","","","Glaucoma; Artificial intelligence; Machine learning; Intraocular pressure; Fluctuation","OCULAR PERFUSION-PRESSURE; CONTACT-LENS SENSOR; RISK-FACTOR; IOP; PERFORMANCE; PROGRESSION; TELEMETRY; PATTERNS; SAFETY; CURVE","Objective: To investigate the predictability of long-term intraocular pressure (IOP) fluctuations in open-angle glaucoma eyes implanted with a telemetric IOP sensor. Design: A prospective, open-label, single-arm, multicenter study. Subjects: Twenty-four patients were enrolled, including 20 with primary open-angle glaucoma, 2 with pseudoexfoliative, 1 with pigmentary, and 1 with uveitic glaucoma. Mean age was 65.2 +/- 10.2 years. Methods: Telemetric IOP measurements were aggregated into nyctohemeral means. The first 90 postoperative days were excluded. A rolling reference framework was applied, in which temporally paired observations were generated by comparing each eligible day with a future time point at fixed prediction horizons. The relationship between short-term (7, 14, or 28 days) and long-term (273 or 364 days) fluctuations was assessed using Pearson correlation. Multivariate regression was applied to predict long-term fluctuations based on short-term data. In addition, supervised machine learning with a Random Forest Classifier was used to predict long-term fluctuations from clinical, demographic, and IOP-derived features. For each horizon (273 or 364 days) and threshold (+2.0, +3.0, and +4.0 mmHg), changes in mean nyctohemeral IOP were calculated. Outcomes were labeled as 1 if the increase met or exceeded the threshold and 0 otherwise. Main Outcome Measures: Predictability of long-term IOP fluctuations at 273 and 364 days. Results: Short-term fluctuations correlated only weakly with long-term variability (Pearson r <= 0.33) and explained at most 15.2% in regression analysis. Across 1224 Random Forest Classifier models, 47 met inclusion criteria of area under the receiver operating characteristic curve (AUROC) >0.8 and sensitivity and specificity >0.7 (27 for 364 days, 20 for 273 days). On average, 5563 +/- 116 valid pairings from 9.2 +/- 0.8 patients were used per configuration. Five final configurations were selected for each threshold-horizon combination based on the highest F1 values. Performance metrics included AUROC 0.81 to 0.86, cross-validated AUROC 0.78 to 0.83, accuracy 0.72 to 0.81, sensitivity 0.72 to 0.78, specificity 0.70 to 0.82, precision 0.32 to 0.44, and F1 value 0.44 to 0.56. All models included 7, 14, and 28-day fluctuations, mean nyctohemeral IOP, ocular pulse amplitude, age, body mass index, and central corneal thickness as predictors, with mean nyctohemeral IOP contributing most (38%-55%). Conclusions: Long-term IOP fluctuations can be predicted from baseline clinical and demographic data combined with IOP-related features. Telemetric devices and remote IOP monitoring, combined with predictive modeling, could reduce the burden of time-intensive procedures and health care costs while supporting individualized care in the face of rising demand. Financial Disclosure(s): Proprietary or commercial disclosure may be found in the Footnotes and Disclosures at the end of this article. Ophthalmology Science 2026;6:101240 (c) 2026 American Academy of Ophthalmology, Inc. Published by Elsevier Inc. This is an open access article under the CC BY license (http://creativecommons.org/ licenses/by/4.0/).","[Englisch, Colya N.; Trouvain, Andre M.; Wakili, Philip; Boden, Karl T.; Szurman, Peter] Knappschaft Hosp Saar, Eye Clin Sulzbach, Klin 10, D-66280 Sulzbach, Germany; [Englisch, Colya N.; Langenbucher, Achim] Saarland Univ, Dept Expt Ophthalmol, Kirrbergerstr 100, D-66421 Homburg Saar, Germany; [Wolf, Moritz J.; Alexandersson, Jan] German Res Ctr Artificial Intelligence DFKI, Saarland Informat Campus, Saarbrucken, Germany; [Dick, H. Burkhard] Ruhr Univ Bochum, Univ Hosp, Knappschaftskrankenhaus Eye Clin, Bochum, Germany; [Mansouri, Kaweh] Montchoisi Clin, Swiss Visio Glaucoma Res Ctr, Lausanne, Switzerland; [Mansouri, Kaweh] Univ Colorado, Dept Ophthalmol, Denver, CO USA; [Hoffmann, Esther M.] Johannes Gutenberg Univ Mainz, Univ Med Ctr, Dept Ophthalmol, Mainz, Germany; [Mackert, Marc J.] Ludwig Maximilians Univ Munchen, LMU Univ Hosp, Dept Ophthalmol, Munich, Germany","","Englisch, CN; Szurman, P (corresponding author), Knappschaft Hosp Saar, Eye Clin Sulzbach, Klin 10, D-66280 Sulzbach, Germany.;Englisch, CN (corresponding author), Saarland Univ, Dept Expt Ophthalmol, Kirrbergerstr 100, D-66421 Homburg Saar, Germany.","colya.englisch@uni-saarland.de; Peter.Szurman@Knappschaft-Kliniken.de","","","","","","","","4","4","","","","","","","","","","","JUL","2026","6","7","","","","","","","101240","10.1016/j.xops.2026.101240","0","","JUN 2026","","","","","","","gold","","","2026-10-01","WOS:001803234400001","0"
"J","Neupane, S; Goswami, T","","","","Neupane, Samikshya; Goswami, Tarun","","","Machine Learning Classification of Pacemaker Low-Longevity Status Using Device Interrogation Reports","APPLIED SCIENCES-BASEL","","","English","Article","","","","","","pacemaker; battery longevity; machine learning; cross-validation; telemetry; generator replacement; clinical decision support; remote monitoring","LEADS","Pacemaker generator replacement remains clinically important because battery depletion influences the timing of elective replacement procedures and associated procedural risk. This study investigated whether routinely available pacemaker interrogation-derived telemetry can classify devices with manufacturer-estimated low longevity status, defined as remaining device life below 12 months. A total of 39 Medtronic pacemaker interrogation snapshots were analyzed, including 11 single-chamber, 21 dual-chamber, and 7 triple-chamber CRT-P devices. Four machine learning classifiers, namely, Na & iuml;ve Bayes, HistGradientBoosting, Logistic Regression, and Random Forest, were evaluated using leave-one-out cross-validation as the primary internal validation strategy, with bootstrap 95% confidence intervals calculated from aggregated out-of-fold predictions. The study is application-based rather than algorithmic, focusing on transparent comparison and interpretation of established classifiers for pacemaker-specific low-longevity classification. Logistic Regression achieved the strongest LOOCV performance, with ROC-AUC 0.941, accuracy 0.872, precision 0.958, recall 0.852, and F1-score 0.902. Random Forest also showed favorable performance, with ROC-AUC 0.855 and F1-score 0.873. Parsimonious baseline analysis showed that months since implantation plus battery voltage achieved ROC-AUC 0.883, accuracy 0.846, and F1-score 0.875, approaching the full Logistic Regression model. SHAP analysis identified months since implantation, battery voltage, and right ventricular capture threshold as the most influential predictors. These findings suggest that routine interrogation variables can classify manufacturer-estimated low-longevity status, but the incremental benefit of full multivariable machine learning over simple predictors was modest. Because the endpoint was based on manufacturer-estimated longevity rather than observed clinical battery failure or generator replacement timing, larger longitudinal and multi-manufacturer validation studies are needed before clinical application.","[Neupane, Samikshya; Goswami, Tarun] Wright State Univ, Biomed Ind & Human Factors Engn, 3640 Col Glen Hwy, Dayton, OH 45325 USA","","Goswami, T (corresponding author), Wright State Univ, Biomed Ind & Human Factors Engn, 3640 Col Glen Hwy, Dayton, OH 45325 USA.","neupane.36@wright.edu; tarun.goswami@wright.edu","","","","","","","","0","0","","","","","","","","","","","MAY 21","2026","16","10","","","","","","","5134","10.3390/app16105134","0","","MAY 2026","","","","","","","Green Submitted, gold","","","2026-10-01","WOS:001774278600001","0"
"J","Murugan, T; Badusha, NANM; Kumar, PM; Perumal, V","","","","Murugan, Thangavel; Badusha, Nasurudeen Ahamed Noor Mohamed; Malarvizhi Kumar, Priyan; Perumal, Varalakshmi","","","SDAP-K: A Kerberos-Assisted Secure Data Auditing Protocol for Cloud Storage","FUTURE INTERNET","","","English","Article","","","","","","cloud computing security; secure data auditing; Kerberos authentication; N-ary hash tree; integrity verification; error localization; data recovery","VERIFICATION","Cloud storage services have become a fundamental component of modern computing infrastructures, enabling scalable and cost-effective data management. However, outsourcing data to remote cloud servers introduces significant security challenges, particularly in ensuring data integrity, secure access control, and efficient auditing of stored information. Existing cloud auditing schemes primarily focus on integrity verification and often rely on trusted third-party auditors, leading to additional trust assumptions, communication overhead, and metadata management complexity. To address these limitations, this research presents a Kerberos-Assisted Secure Data Auditing Protocol (SDAP-K) that integrates authenticated service exchange with lightweight integrity verification for outsourced cloud storage. The proposed framework employs Kerberos-based mutual authentication and ticket-driven access control to establish secure communication among the Data Owner, Authentication Server, Metadata Server, and Cloud Data Server. To verify storage correctness, an N-ary hash tree with the Modified Murmur hash algorithm is used to enable efficient file- and block-level auditing without requiring a trusted third-party auditor. The framework further incorporates metadata-assisted auditing, dynamic data operations, and an error localization and recovery mechanism that identifies and restores corrupted data blocks. Security analysis demonstrates that the proposed protocol mitigates unauthorized access, replay attacks, impersonation attempts, and malicious data modification. Experimental results indicate that SDAP-K reduces storage execution time by 18.6%, retrieval time by 24.3%, update time by 21.8%, file-level auditing overhead by 31.5%, and block-level auditing latency by 36.2% compared with state-of-the-art research, while eliminating the need for a trusted third-party auditor. The results indicate that the proposed framework offers a practical, lightweight, and reliable solution for secure cloud data auditing in enterprise cloud storage environments.","[Murugan, Thangavel; Badusha, Nasurudeen Ahamed Noor Mohamed; Malarvizhi Kumar, Priyan] United Arab Emirates Univ, Coll Comp & Artificial Intelligence, POB 15551, Al Ain, U Arab Emirates; [Perumal, Varalakshmi] Anna Univ, Coll Engn, Dept Informat Sci & Technol, Chennai 60025, Tamilnadu, India","","Murugan, T (corresponding author), United Arab Emirates Univ, Coll Comp & Artificial Intelligence, POB 15551, Al Ain, U Arab Emirates.","thangavelm@uaeu.ac.ae; nasurudeenahamed@uaeu.ac.ae; priyanit085@gmail.com; varanip@gmail.com","","","","","","","","0","0","","","","","","","","","","","AUG 3","2026","18","8","","","","","","","411","10.3390/fi18080411","0","","AUG 2026","","","","","","","gold","","","2026-10-01","WOS:001859796000001","0"
"J","Yang, YJ; Tu, SS; Ali, RH; Alasmary, H; Waqas, M; Amjad, MN","","","","Yang, Yongjie; Tu, Shanshan; Ali, Raja Hashim; Alasmary, Hisham; Waqas, Muhammad; Amjad, Muhammad Nouman","","","Intrusion Detection Based on Bidirectional Long Short-Term Memory with Attention Mechanism","CMC-COMPUTERS MATERIALS & CONTINUA","","","English","Article","","","","","","Fog computing; intrusion detection; bi-LSTM; attention mechanism","DEEP LEARNING APPROACH; IMPERSONATION ATTACK DETECTION; DETECTION SYSTEM; INTERNET; AUTOENCODER; SECURITY; NETWORK","With the recent developments in the Internet of Things (IoT), the amount of data collected has expanded tremendously, resulting in a higher demand for data storage, computational capacity, and real-time processing capabilities. Cloud computing has traditionally played an important role in establishing IoT. However, fog computing has recently emerged as a new field complementing cloud computing due to its enhanced mobility, location awareness, heterogeneity, scalability, low latency, and geographic distribution. However, IoT networks are vulnerable to unwanted assaults because of their open and shared nature. As a result, various fog computing-based security models that protect IoT networks have been developed. A distributed archi-tecture based on an intrusion detection system (IDS) ensures that a dynamic, scalable IoT environment with the ability to disperse centralized tasks to local fog nodes and which successfully detects advanced malicious threats is available. In this study, we examined the time-related aspects of network traffic data. We presented an intrusion detection model based on a two -layered bidirectional long short-term memory (Bi-LSTM) with an attention mechanism for traffic data classification verified on the UNSW-NB15 bench-mark dataset. We showed that the suggested model outperformed numerous leading-edge Network IDS that used machine learning models in terms of accuracy, precision, recall and F1 score.","[Yang, Yongjie; Tu, Shanshan] Beijing Univ Technol, Fac Informat Technol, Engn Res Ctr Intelligent Percept & Autonomous Cont, Beijing 100124, Peoples R China; [Ali, Raja Hashim] GIK Inst Engn Sci & Technol, Fac Comp Sci & Engn, Topi 23460, Pakistan; [Alasmary, Hisham] King Khalid Univ, Coll Comp Sci, Dept Comp Sci, Abha, Saudi Arabia; [Alasmary, Hisham] King Khalid Univ, Informat Secur & Cybersecur Unit, Abha, Saudi Arabia; [Waqas, Muhammad] Univ Bahrain, Coll Informat Technol, Comp Engn Dept, Zallaq 32038, Bahrain; [Waqas, Muhammad] Edith Cowan Univ, Sch Engn, Joondalup Perth, WA 6027, Australia; [Amjad, Muhammad Nouman] Univ Management & Technol, Sch Engn, Lahore, Pakistan","","Waqas, M (corresponding author), Univ Bahrain, Coll Informat Technol, Comp Engn Dept, Zallaq 32038, Bahrain.;Waqas, M (corresponding author), Edith Cowan Univ, Sch Engn, Joondalup Perth, WA 6027, Australia.","engr.waqas2079@gmail.com","","","","","","","","18","20","","","","","","","","","","","","2023","74","1","","","","","801","815","","10.32604/cmc.2023.031907","0","","","","","","","","","Green Submitted, gold","","","2026-10-01","WOS:000886509600016","0"
"J","Arifin, Z; Anifah, L; Buditjahjanto, IGPA","","","","Arifin, Zainal; Anifah, Lilik; Buditjahjanto, I. G. P. Asto","","","Anomaly Detection in Autonomous Fixed-Wing UAV Agricultural Mapping Missions Using Deep Learning","INTERNATIONAL JOURNAL OF INTEGRATED ENGINEERING","","","English","Article","","","","","","UAV; anomaly detection; autoencoder; precision agriculture; deep learning","","Autonomous fixed-wing UAVs are now a cornerstone of precision agriculture, especially for large-scale mapping. But even small aerodynamic disturbances or slight shifts in the center of gravity (CG) can introduce subtle instabilities in flight. These small changes may not seem dramatic, yet they can reduce mapping accuracy and potentially affect operational safety. In this study, we present an unsupervised deep learning framework for detecting flight anomalies using multivariate telemetry data (specifically, roll, pitch, and altitude signals). Three autoencoder architectures were tested: LSTM, GRU, and a 1D-CNN. The evaluation was based on telemetry collected from 13 real autonomous agricultural flights, where CG variations were intentionally controlled to create realistic instability conditions. Anomalies were identified using window-level reconstruction errors, and performance was evaluated through threshold-independent ROC-AUC analysis. All three models perfectly classified severe anomalies, achieving accuracies and F1 Scores of 1.00. When it came to milder CG deviations, differences became more apparent. The GRU autoencoder showed the strongest sensitivity, reaching an ROC-AUC of 1.00 and detecting over 98% of mild anomaly cases. The LSTM achieved near-perfect separability (AUC = 0.99), while the 1D-CNN delivered solid performance (AUC = 0.97) with the added advantage of lower computational complexity. Overall, the results confirm that recurrent autoencoder architectures are highly effective for real-time UAV anomaly monitoring. Among them, the GRU offers the best balance between detection performance and model efficiency, making it particularly well-suited for embedded agricultural UAV applications.","[Arifin, Zainal; Anifah, Lilik; Buditjahjanto, I. G. P. Asto] State Univ Surabaya, Fac Engn, Dept Elect Engn, Surabaya 60231, Indonesia","","Anifah, L (corresponding author), State Univ Surabaya, Fac Engn, Dept Elect Engn, Surabaya 60231, Indonesia.","lilikanifah@unesa.ac.id","","","","","","","","0","0","","","","","","","","","","","","2026","18","4","","","","","50","62","","10.30880/ijie.2026.18.04.004","0","","","","","","","","","Green Submitted, gold","","","2026-10-01","WOS:001804894700004","0"
"J","Chinnasamy, P; Subashini, B; Ayyasamy, RK; Kiran, A; Pandey, BK; Pandey, D; Lelisho, ME","","","","Chinnasamy, P.; Subashini, B.; Ayyasamy, Ramesh Kumar; Kiran, Ajmeera; Pandey, Binay Kumar; Pandey, Digvijay; Lelisho, Mesfin Esayas","","","Blockchain based electronic educational document management with role-based access control using machine learning model","SCIENTIFIC REPORTS","","","English","Article","","","","","","Electronic educational document management; Blockchain; Role-based access; Temporal neural network; Remora swarm optimization","","The emergence of digital technology has led to a significant increase in the importance of educational credential storage, exchange, and verification for organisations, enterprises, and universities. Academic record forgery, record misuse, credential data tampering, time-consuming verification procedures, ownership and control difficulties, and other problems plague the education sector. Machine learning (ML) and blockchain, two of the most disruptive methods, have replaced traditional techniques in the education sector with highly technological and efficient ways. Our study aims to propose a novel electronic educational document management technique using a blockchain-based fuzzy feed-forward convolutional temporal neural network that detects malicious users. Here, the training is carried out based on NLP analysis in document word weight indexing. This document management access control is based on role-based access with simulated remora swarm optimisation. In order to identify malicious users, this suggested system logs access requests on the blockchain and authenticated users. The findings demonstrate that this suggested architecture performs as intended in every case. The experimental analysis is based on a malicious user detection dataset regarding Prediction accuracy, Mean average precision, F-measure, Latency, QoS, Contract execution time, and Throughput. Based on dataset feature analysis, the proposed B-FCTNN_SRSO achieved a prediction accuracy of 98%, a mean average precision (MAP) of 95%, and an F1 score of 97%, with a latency of 96%. Additionally, based on blockchain security analysis, the B-FCTNN_SRSO attained a QoS of 97%, a precision of 94%, and a throughput of 96%.","[Chinnasamy, P.] Kalasalingam Acad Res & Engn, Sch Comp, Dept Comp Sci & Engn, Srivilliputtur, India; [Subashini, B.] SRMIST, Sch Comp, Dept Data Sci & Business Syst, Chennai, India; [Ayyasamy, Ramesh Kumar] Univ Tunku Abdul Rahman, Fac Informat & Commun Technol, Kampar, Perak, Malaysia; [Kiran, Ajmeera] MLR Inst Technol, Dept Comp Sci & Engn, Hyderabad, India; [Pandey, Binay Kumar] Govind Ballabh Pant Univ Agr & Technol Pantnagar, Coll Technol, Dept Informat Technol, Pantnagar, Uttrarakhand, India; [Pandey, Digvijay] Govt Uttar Pradesh, Dept Tech Educ, Kanpur, Uttar Pradesh, India; [Lelisho, Mesfin Esayas] Mizan Tepi Univ, Coll Nat & Computat Sci, Dept Stat, Tepi, Ethiopia","","Lelisho, ME (corresponding author), Mizan Tepi Univ, Coll Nat & Computat Sci, Dept Stat, Tepi, Ethiopia.","mesfinesayas@mtu.edu.et","","","","","","","","7","9","","","","","","","","","","","MAY 29","2025","15","1","","","","","","","18828","10.1038/s41598-025-99683-5","0","","","","","","","","","Green Submitted, gold","","","2026-10-01","WOS:001499335000004","0"
"J","Rajagopalan, S; Sivalingam, KM; Shami, G; Lyonnais, M","","","","Rajagopalan, Saithivyah; Sivalingam, Krishna M.; Shami, Gauravdeep; Lyonnais, Marc","","","ALADA: Packet-Level Analysis for Line Rate Anomaly Detection Using a Programmable Dataplane Switch","IEEE OPEN JOURNAL OF THE COMMUNICATIONS SOCIETY","","","English","Article","","","","","","Payloads; Telemetry; Central Processing Unit; Electronic circuits; Feedback; Circuits; Application specific integrated circuits; Filtering; Radio frequency; Radio access networks; Programmable data plane switches; anomaly detection; machine learning models; P4 language; intel Tofino","","Existing network traffic anomaly detection systems require the participation of the control plane to enhance the accuracy and completeness of malicious traffic detection. This results in higher latency, limiting the ability of these systems to scale to higher traffic volumes. This paper presents the design and implementation of a framework, called Adaptive Line Rate Anomaly Detection Architecture (ALADA) framework, using a Programmable Data Plane (PDP) switch that can provide line-rate speed detection. A key objective is to reduce false positive rates since these tend to disrupt legitimate user activity and operations. Packets are initially processed by a high-accuracy model in the switch's match-action pipeline; packets identified as anomalous are forwarded to a separate high-precision model running on the switch's high-capacity CPU for anomaly confirmation. This framework also dynamically adjusts the machine learning model's thresholds based on information gathered from network packets, enabling it to adapt to changing network conditions and traffic patterns. The proposed framework and mechanisms have been implemented using the P4 language in an Intel Tofino-1 based Wedge100BF-32QS switch, and compared to other baseline approaches and the CyberSentinel framework. The results show that the proposed ALADA approach performs better in terms of various ML metrics such as accuracy, precision, false positive rate, and other metrics such as latency and throughput compared to the other approaches. The FP rate is reduced by approximately 20% in the unbalanced network traffic; also, the packet processing latency is around 196 ns order hundred nanoseconds compared to around 1,672 ns for CyberSentinel.","[Rajagopalan, Saithivyah; Sivalingam, Krishna M.] Indian Inst Technol Madras, Dept Comp Sci & Engn, Chennai 600036, India; [Shami, Gauravdeep; Lyonnais, Marc] Ciena Corp, External Res Global Res & Dev, Ottawa, ON K2K 01L, Canada","","Sivalingam, KM (corresponding author), Indian Inst Technol Madras, Dept Comp Sci & Engn, Chennai 600036, India.","skrishnam@cse.iitm.ac.in","","","","","","","","1","1","","","","","","","","","","","","2026","7","","","","","","4200","4222","","10.1109/OJCOMS.2026.3686225","0","","","","","","","","","Green Submitted, gold","","","2026-10-01","WOS:001756770100003","0"
"J","Ghazi, MR; Raghava, NS","","","","Ghazi, Mohd. Rehan; Raghava, N. S.","","","Securing cloud-enabled smart cities by detecting intrusion using sparkbased stacking ensemble of machine learning algorithms","ELECTRONIC RESEARCH ARCHIVE","","","English","Article","","","","","","smart cities; cloud security; spark; pigeon-inspired optimizer; PSO; IDS","FEATURE-SELECTION; DETECTION SYSTEM; ATTACK DETECTION; BIG DATA; ARTIFICIAL-INTELLIGENCE; ANOMALY DETECTION; IOT; CLASSIFIER; DEEP; INTERNET","With the use of cloud computing, which provides the infrastructure necessary for the efficient delivery of smart city services to every citizen over the internet, intelligent systems may be readily integrated into smart cities and communicate with one another. Any smart system at home, in a car, or in the workplace can be remotely controlled and directed by the individual at any time. Continuous cloud service availability is becoming a critical subscriber requirement within smart cities. However, these cost-cutting measures and service improvements will make smart city cloud networks more vulnerable and at risk. The primary function of Intrusion Detection Systems (IDS) has gotten increasingly challenging due to the enormous proliferation of data created in cloud networks of smart cities. To alleviate these concerns, we provide a framework for automatic, reliable, and uninterrupted cloud availability of services for the network data security of intelligent connected devices. This framework enables IDS to defend against security threats and to provide services that meet the users' Quality of Service (QoS) expectations. This study's intrusion detection solution for cloud network data from smart cities employed Spark and Waikato Environment for Knowledge Analysis (WEKA). WEKA and Spark are linked and made scalable and distributed. The Hadoop Distributed File System (HDFS) storage advantages are combined with WEKA's Knowledge flow for processing cloud network data for smart cities. Utilizing HDFS components, WEKA's machine learning algorithms receive cloud network data from smart cities. This research utilizes the wrapperbased Feature Selection (FS) approach for IDS, employing both the Pigeon Inspired Optimizer (PIO) and the Particle Swarm Optimization (PSO). For classifying the cloud network traffic of smart cities, the tree -based Stacking Ensemble Method (SEM) of J48, Random Forest (RF), and eXtreme Gradient Boosting (XGBoost) are applied. Performance evaluations of our system were conducted using the UNSW-NB15 and NSL-KDD datasets. Our technique is superior to previous works in terms of sensitivity, specificity, precision, false positive rate (FPR), accuracy, F1 Score, and Matthews correlation coefficient (MCC).","[Ghazi, Mohd. Rehan; Raghava, N. S.] Delhi Technol Univ, Dept Elect & Commun Engn, Delhi 110042, India","","Ghazi, MR (corresponding author), Delhi Technol Univ, Dept Elect & Commun Engn, Delhi 110042, India.","er.rehan.aras@gmail.com","","","","","","","","2","3","","","","","","","","","","","","2024","32","2","","","","","1268","1307","","10.3934/era.2024060","0","","","","","","","","","Green Submitted, gold","","","2026-10-01","WOS:001168206200001","0"
"J","Singh, P; Kaur, A; Aujla, GS; Batth, RS; Kanhere, S","","","","Singh, Parminder; Kaur, Avinash; Aujla, Gagangeet Singh; Batth, Ranbir Singh; Kanhere, Salil","","","DaaS: Dew Computing as a Service for Intelligent Intrusion Detection in Edge-of-Things Ecosystem","IEEE INTERNET OF THINGS JOURNAL","","","English","Article","","","","","","Cloud computing; Intrusion detection; Computational modeling; Peer-to-peer computing; Internet of Things; Ecosystems; Deep belief networks (DBNs); dew computing; Edge of Things (EoT); intrusion detection; smart false alarm filter","","Edge of Things (EoT) enables the seamless transfer of services, storage, and data processing from the cloud layer to edge devices in a large-scale distributed Internet of Things (IoT) ecosystems (e.g., Industrial systems). This transition raises the privacy and security concerns in the EoT paradigm distributed at different layers. Intrusion detection systems (IDSs) are implemented in EoT ecosystems to protect the underlying resources from attackers. However, the current IDSs are not intelligent enough to control the false alarms, which significantly lower the reliability and add to the analysis burden on the IDSs. In this article, we present a Dew Computing as a Service (DaaS) for intelligent intrusion detection in EoT ecosystems. In DaaS, a deep learning-based classifier is used to design an intelligent alarm filtration mechanism. In this mechanism, the filtration accuracy is improved (or sustained) by using deep belief networks. In the past, the cloud-based techniques have been applied for offloading the EoT tasks, which increases the middle layer burden and raises the communication delay. Here, we introduce the dew computing features that are used to design the smart false alarm reduction system. DaaS, when experimented in a simulated environment, reflects lower response time to process the data in the EoT ecosystem. The revamped DBN model achieved the classification accuracy up to 95%. Moreover, it depicts a 60% improvement in the latency and 35% workload reduction of the cloud servers as compared to edge IDS.","[Singh, Parminder; Kaur, Avinash; Batth, Ranbir Singh] Lovely Profess Univ, Sch Comp Sci & Engn, Phagwara, India; [Aujla, Gagangeet Singh] Univ Durham, Dept Comp Sci, Durham DH1 3LE, England; [Kanhere, Salil] Univ New South Wales, Dept Comp Sci & Engn, Sydney, NSW 2052, Australia","","Aujla, GS (corresponding author), Univ Durham, Dept Comp Sci, Durham DH1 3LE, England.","parminder.16479@lpu.co.in; avinash.14557@lpu.co.in; gagi_aujla82@yahoo.com; ranbir.21123@lpu.co.in; salil.kanhere@unsw.edu.au","","","","","","","","52","57","","","","","","","","","","","AUG 15","2021","8","16","","","","","12569","12577","","10.1109/JIOT.2020.3029248","0","","","","","","","","","Green Submitted","","","2026-10-01","WOS:000682147600015","0"
"J","Awotunde, JB; Folorunso, SO; Imoize, AL; Odunuga, JO; Lee, CC; Li, CT; Do, DT","","","","Awotunde, Joseph Bamidele; Folorunso, Sakinat Oluwabukonla; Imoize, Agbotiname Lucky; Odunuga, Julius Olusola; Lee, Cheng-Chi; Li, Chun-Ta; Do, Dinh-Thuan","","","An Ensemble Tree-Based Model for Intrusion Detection in Industrial Internet of Things Networks","APPLIED SCIENCES-BASEL","","","English","Article","","","","","","cybersecurity; industrial internet of things; feature selection; machine learning; ensemble learning; intrusion detection systems; chi-square statistical algorithm","DETECTION SYSTEM; IOT; ANALYTICS; DATASET","With less human involvement, the Industrial Internet of Things (IIoT) connects billions of heterogeneous and self-organized smart sensors and devices. Recently, IIoT-based technologies are now widely employed to enhance the user experience across numerous application domains. However, heterogeneity in the node source poses security concerns affecting the IIoT system, and due to device vulnerabilities, IIoT has encountered several attacks. Therefore, security features, such as encryption, authorization control, and verification, have been applied in IIoT networks to secure network nodes and devices. However, the requisite machine learning models require some time to detect assaults because of the diverse IIoT network traffic properties. Therefore, this study proposes ensemble models enabled with a feature selection classifier for Intrusion Detection in the IIoT network. The Chi-Square Statistical method was used for feature selection, and various ensemble classifiers, such as eXtreme gradient boosting (XGBoost), Bagging, extra trees (ET), random forest (RF), and AdaBoost can be used for the detection of intrusion applied to the Telemetry data of the TON_IoT datasets. The performance of these models is appraised based on accuracy, recall, precision, F1-score, and confusion matrix. The results indicate that the XGBoost ensemble showed superior performance with the highest accuracy over other models across the datasets in detecting and classifying IIoT attacks.","[Awotunde, Joseph Bamidele] Univ Ilorin, Fac Informat & Commun Sci, Dept Comp Sci, Ilorin 240003, Nigeria; [Folorunso, Sakinat Oluwabukonla; Odunuga, Julius Olusola] Olabisi Onabanjo Univ, Dept Math Sci, Ago Iwoye 120107, Nigeria; [Imoize, Agbotiname Lucky] Univ Lagos, Fac Engn, Dept Elect & Elect Engn, Lagos 100213, Nigeria; [Imoize, Agbotiname Lucky] Ruhr Univ, Inst Digital Commun, Dept Elect Engn & Informat Technol, D-44801 Bochum, Germany; [Lee, Cheng-Chi] Fu Jen Catholic Univ, Res & Dev Ctr Phys Educ Hlth Inform Technol, Dept Lib & Informat Sci, New Taipei City 24205, Taiwan; [Lee, Cheng-Chi] Asia Univ, Dept Comp Sci & Informat Engn, Taichung 41354, Taiwan; [Li, Chun-Ta] Fu Jen Catholic Univ, Bachelors Program Artificial Intelligence & Inform, New Taipei City 24206, Taiwan; [Do, Dinh-Thuan] Asia Univ, Coll Informat & Elect Engn, Dept Comp Sci & Informat Engn, Taichung 41354, Taiwan","","Imoize, AL (corresponding author), Univ Lagos, Fac Engn, Dept Elect & Elect Engn, Lagos 100213, Nigeria.;Imoize, AL (corresponding author), Ruhr Univ, Inst Digital Commun, Dept Elect Engn & Informat Technol, D-44801 Bochum, Germany.;Lee, CC (corresponding author), Fu Jen Catholic Univ, Res & Dev Ctr Phys Educ Hlth Inform Technol, Dept Lib & Informat Sci, New Taipei City 24205, Taiwan.;Lee, CC (corresponding author), Asia Univ, Dept Comp Sci & Informat Engn, Taichung 41354, Taiwan.","aimoize@unilag.edu.ng; cclee@mail.fju.edu.tw","","","","","","","","66","73","","","","","","","","","","","FEB","2023","13","4","","","","","","","2479","10.3390/app13042479","0","","","","","","","","","Green Submitted, gold","","","2026-10-01","WOS:000938801700001","0"
"J","Oliullah, K; Whaiduzzaman, M; Mahi, MJN; Jan, T; Barros, A","","","","Oliullah, Khondokar; Whaiduzzaman, Md; Mahi, Md. Julkar Nayeen; Jan, Tony; Barros, Alistair","","","A machine learning based authentication and intrusion detection scheme for IoT users anonymity preservation in fog environment","PLOS ONE","","","English","Article","","","","","","","INTERNET; THINGS","Authentication is a critical challenge in fog computing security, especially as fog servers provide services to many IoT users. The conventional authentication process often requires disclosing sensitive personal information, such as usernames, emails, mobile numbers, and passwords that end users are reluctant to share with intermediary services (i.e., Fog servers). With the rapid growth of IoT networks, existing authentication methods often fail to balance low computational overhead with strong security, leaving systems vulnerable to various attacks, including unauthorized access and data interception. Additionally, traditional intrusion detection methods are not well-suited for the distinct characteristics of IoT devices, resulting in a low accuracy in applying existing anomaly detection methods. In this paper, we incorporate a two-step authentication process, starting with anonymous authentication using a secret ID with Elliptic Curve Cryptography (ECC), followed by an intrusion detection algorithm for users flagged as suspicious activity. The scheme allows users to register with a Cloud Service Provider (CSP) using encrypted credentials. The CSP responds with a secret number reserved in the Fog node for the IoT user. To access the services provided by the Fog Service Provider (FSP), IoT users must submit a secret ID. Furthermore, we introduce a staked ensemble learning approach for intrusion detection that achieves 99.86% accuracy, 99.89% precision, 99.96% recall, and a 99.91% F1-score in detecting anomalous instances, with a support count of 50,376. This approach is applied when users fail to provide a correct secret ID. Our proposed scheme utilizes several hash functions through symmetric encryption and decryption techniques to ensure secure end-to-end communication.","[Oliullah, Khondokar] Comilla Univ, Dept Informat & Commun Technol, Cumilla, Bangladesh; [Oliullah, Khondokar; Whaiduzzaman, Md; Mahi, Md. Julkar Nayeen] Jahangirnagar Univ, Inst Informat Technol, Dhaka, Bangladesh; [Whaiduzzaman, Md; Mahi, Md. Julkar Nayeen; Barros, Alistair] Queensland Univ Technol, Sch Informat Syst, Brisbane, Qld, Australia; [Whaiduzzaman, Md; Jan, Tony] Torrens Univ, Design & Creat Technol Vert, Brisbane, Qld, Australia","","Oliullah, K (corresponding author), Comilla Univ, Dept Informat & Commun Technol, Cumilla, Bangladesh.;Oliullah, K (corresponding author), Jahangirnagar Univ, Inst Informat Technol, Dhaka, Bangladesh.","oli.it.ju@gmail.com","","","","","","","","2","2","","","","","","","","","","","","2025","20","6","","","","","","","e0323954","10.1371/journal.pone.0323954","0","","","","","","","","","Green Submitted, gold","","","2026-10-01","WOS:001510005900030","0"
"J","Alhabshy, AA; Hameed, BI; Eldahshan, KA","","","","Alhabshy, Abdallah A.; Hameed, Bashar I.; Eldahshan, Kamal Abdelraouf","","","An Ameliorated Multiattack Network Anomaly Detection in Distributed Big Data System-Based Enhanced Stacking Multiple Binary Classifiers","IEEE ACCESS","","","English","Article","","","","","","Big Data; Intrusion detection; Feature extraction; Classification algorithms; Telecommunication traffic; Distributed databases; Computer architecture; Anomaly-based IDS; ensemble learning; intrusion detection system; machine learning","NEURAL-NETWORK","The growth of the Internet of Things (IoT) generates new processing, networking infrastructure, data storage, and management capabilities. This massive volume of data may be used to provide high-value information for decision support and data-intensive science research, etc. However, owing to the nature of IoT in distribution, virtualisation, cloud integration, and internet connectivity, the IoT environment is prone to various cyber-attacks and security issues. Hence, the increasing frequency and potency of recent attacks and constantly evolving attack vectors necessitate the development of improved detection methods. Therefore, this study proposes a distributed computing-based security model to safeguard big data systems. The proposed ensemble multi binary attack model (EMBAM) is an intrusion detection system (IDS) that offers a unique anomaly based IDS to detect normal behaviour and abnormal attack(s), for example, threats in a network. EMBAM ensembles multiple binary classifiers into a single model through stacking. The core binary model is a decision tree classifier with hyperparameters optimised using the grid search method. The use of multiple binary classifiers allows each binary classifier to adopt the limitations of the others. Empirical analysis of the experimental profile of the EMBAM has been discussed with eight-plus state-of-the-art methods using performance metrics, such as accuracy, detection rate, precision, specificity, false alarm rate, and F1-score. EMBAM can recognise multiple attack types as a star plug and play advantageous in a highly dynamic scheme. The proposed approach outperforms existing approaches on the UNSW-NB15 dataset and yields competitive results on the CICIDS2017 dataset.","[Alhabshy, Abdallah A.; Hameed, Bashar I.; Eldahshan, Kamal Abdelraouf] Al Azhar Univ, Fac Sci, Math Dept, Cairo 11884, Egypt","","Alhabshy, AA (corresponding author), Al Azhar Univ, Fac Sci, Math Dept, Cairo 11884, Egypt.","abdallah@azhar.edu.eg","","","","","","","","12","13","","","","","","","","","","","","2022","10","","","","","","52724","52743","","10.1109/ACCESS.2022.3174482","0","","","","","","","","","Green Submitted, gold","","","2026-10-01","WOS:000800161800001","0"
"J","Egho-Promise, EI; Udoh, E; Gashi, E; Ola, B; Chennareddy, V; Yerabolu, MR","","","","Egho-Promise, Ehigiator Iyobor; Udoh, Ekereuke; Gashi, Edita; Ola, Bamidele; Chennareddy, Vijay; Yerabolu, Malleswar Reddy","","","AI-Driven Intelligent Intrusion Detection for Real-Time Network Threat Analysis in Enterprise and Cloud Networks","INFORMATION","","","English","Article","","","","","","AI-Driven Intrusion Detection; TAN-GRU; Hybrid Enterprise-Cloud Networks; real-time threat analysis; explainable AI (XAI); network security; Anomaly Detection; high-throughput networks","","The rapid advancement of enterprise and cloud networks has significantly increased the complexity and scale of cyber threats, making conventional signature-based Intrusion Detection Systems (IDSs) insufficient. This paper presents the concept of an Intelligent Hybrid-Inference Network Intrusion Detection System (IHI-NIDS) powered by AI for real-time threat detection in high-velocity enterprise and cloud environments. IHI-NIDS combines Gated Recurrent Units (GRUs) for temporal sequence modelling with a multi-head self-attention mechanism, accounting for both short-range packet dynamics and long-range dependencies that signal multi-stage attacks. The system supports hybrid datasets that combine enterprise packet flows (PCAP/NetFlow) and cloud telemetry (VPC Flow Logs). It uses strong scaling and dimensionality reduction via PCA as the main approach to guarantee computational efficiency. Assessment of a composite dataset of 1.2 million flows indicates a detection rate of 97.8, recall of 96.1, F1-score of 96.5, and false alarm rate of 2.1, validating the capability to detect both enterprise-level and cloud-based threats. SHAP-based explainability highlights key features that affect predictions, which security analysts can use. Based on latency measurements, it can be deployed in real time to high-throughput networks, whereas temporal generalisation tests demonstrate its ability to withstand unobserved attack sequences. This article makes IHI-NIDS a scalable, interpretable, high-performance solution for current hybrid network security, filling the gap between operational viability and predictive AI-based defence.","[Egho-Promise, Ehigiator Iyobor; Udoh, Ekereuke; Gashi, Edita; Chennareddy, Vijay] QA Higher Educ, Dept Comp, London EC1R 4TF, England; [Ola, Bamidele] Technobeacon Consulting Ltd, Dept Cybersecur, London SE3 8EJ, England; [Yerabolu, Malleswar Reddy] Rubistone Technol LLC, Dept Secur Operat, Charlotte, NC 28213 USA","","Egho-Promise, EI (corresponding author), QA Higher Educ, Dept Comp, London EC1R 4TF, England.","ehigiator.eghopromise@qa.com; ekereuke.udoh@qa.com; edita.gashi@qa.com; olawest@technobeacon.com; vijay.chennareddy@qa.com; malleswar.yerabolu@rubistonetechnologies.com","","","","","","","","0","0","","","","","","","","","","","JUL 9","2026","17","7","","","","","","","669","10.3390/info17070669","0","","JUL 2026","","","","","","","gold","","","2026-10-01","WOS:001832062100001","0"
"J","Liu, ZX; Lv, YX; Bi, MH; Zhai, YR","","","","Liu, Zixin; Lv, Yunxin; Bi, Meihua; Zhai, Yanrong","","","A novel artificial intelligence based wireless local area network channel access control scheme for low latency e-health applications","IET COMMUNICATIONS","","","English","Article","","","","","","access control; delay; telecommunication network management; wireless LAN","PREDICTION; INTERNET","To effectively support low-latency e-health applications, a novel artificial intelligence-based wireless local area network (WLAN) channel access control scheme named intelligent hybrid channel access (IHCA) is proposed and studied. In the IHCA scheme, each beacon interval comprises multiple cycles, with each cycle containing a contention-free period (CFP) and a contention period (CP). By adopting an artificial neural network (ANN) and utilizing its calculation outputs to (1) decide whether to poll a hub during the CFP and (2) determine the initial backoff count (IBC) of each hub, polling of empty hubs during CFP can be reduced, and collisions during CP can be relieved. The authors' simulation results show that the IHCA scheme can effectively reduce latency compared to the Hybrid coordination function Controlled Channel Access (HCCA) and the Request based Polling Access (RPA) reference designs.","[Liu, Zixin; Lv, Yunxin; Bi, Meihua; Zhai, Yanrong] Hangzhou Dianzi Univ, Sch Commun Engn, Key Lab Data Storage & Transmission Technol Zhejia, Hangzhou, Zhejiang, Peoples R China; [Zhai, Yanrong] Univ Kent, Sch Engn, Canterbury, England","","Lv, YX (corresponding author), Hangzhou Dianzi Univ, Sch Commun Engn, Key Lab Data Storage & Transmission Technol Zhejia, Hangzhou, Zhejiang, Peoples R China.","yunxinlyu@hdu.edu.cn","","","","","","","","2","2","","","","","","","","","","","OCT","2023","17","17","","","","","1974","1983","","10.1049/cmu2.12668","0","","AUG 2023","","","","","","","Green Submitted, gold","","","2026-10-01","WOS:001048696700001","0"
"J","Francis, GT; Gashut, A; Alayedi, M; Malkawi, M","","","","Francis, George Thamer; Gashut, Abdulrahman; Alayedi, Mohanad; Malkawi, Malek","","","Scalable and Generalizable Cross-Domain Invariant Network Analysis and Intrusion Detection System Using Deep Learning","IEEE OPEN JOURNAL OF THE COMMUNICATIONS SOCIETY","","","English","Article","","","","","","Feature extraction; Accuracy; Intrusion detection; Training; Real-time systems; Convolutional neural networks; Computational modeling; Anomaly detection; Telemetry; Network analyzers; Cross-domain network analysis; intrusion detection system; deep learning; generalizability; scalability; invariant feature analysis","INTERNET","Modern networks are increasingly complex and diverse-especially with the rapid growth of the Internet of Things (IoT) and Industrial IoT (IIoT)-so intrusion detection (ID) models that are tightly coupled to a single dataset or environment often fail when deployed elsewhere. This work studies cross-domain generalization within network-traffic domains and proposes a scalable neural classifier trained with quasi-Newton optimization: NN-BFGS in WEKA (MLPClassifier) and its low-memory variant NN-LBFGS in Python (scikit-learn). We evaluate on three widely used corpora: CICIDS_2017 (general network traffic), MQTT_IDS (protocol-specific), and ToN_IoT (system/host telemetry). Across MQTT scenarios, the proposed model achieves > 99.90% accuracy with near-perfect recall and minimal false positives; on CICIDS_2017 it is robust across seven attack groups. We also assess scalability on merged scenarios, where performance is retained. From a feature perspective, we identify a compact set of 3 feature types (packet transmission, transmission pattern, and flags) that are invariant between the network-traffic datasets and can guide future model design and dataset construction. Finally, we present a reusable workflow architecture to facilitate building similar scalable ID systems.","[Francis, George Thamer; Malkawi, Malek] Istanbul Medipol Univ, Dept Comp Engn, TR-34810 Istanbul, Turkiye; [Gashut, Abdulrahman; Alayedi, Mohanad] Halic Univ, Dept Software Engn, Fac Engn, TR-34060 Istanbul, Turkiye","","Malkawi, M (corresponding author), Istanbul Medipol Univ, Dept Comp Engn, TR-34810 Istanbul, Turkiye.","malek.malkawi@medipol.edu.tr","","","","","","","","1","1","","","","","","","","","","","","2026","7","","","","","","3913","3938","","10.1109/OJCOMS.2026.3677692","0","","","","","","","","","Green Submitted, gold","","","2026-10-01","WOS:001748485200010","0"
"J","Yu, HYS; Kim, H","","","","Yu, Hyeonsoo; Kim, Hwankuk","","","Performance Analysis of an AI-Based IDS xApp for Cyberattack Anomaly Detection in O-RAN Near-RT RIC","CMES-COMPUTER MODELING IN ENGINEERING & SCIENCES","","","English","Article","","","","","","Open RAN security; near-RT RIC; IDS xApp; AI-driven intrusion detection; inference latency","","The introduction of the Open Radio Access Network (O-RAN) architecture enhances network flexibility but introduces novel security threats targeting open interfaces and the RAN Intelligent Controller (RIC). Particularly in the Near-RT RIC environment, an effective Intrusion Detection System (IDS) that satisfies strict near-real-time constraints of within 1 s is essential to defend against cyber attacks. This paper proposes an Artificial Intelligence (AI)-based IDS xApp designed for real-time cyber attack monitoring in the O-RAN Near-RT RIC environment, and quantitatively analyzes its anomaly detection performance and inference latency characteristics against multi-layer security threats utilizing Open RAN Centralized Unit(O-CU) network layer data and Open RAN Distributed Unit (O-DU) radio telemetry data. Evaluation using a public dataset (NetsLab 5G O-RAN IDD) on four deep learning models (LSTM, CNN, Transformer, Autoencoder) showed that supervised learning-based models achieved high F1-scores (reaching up to 0.99) on both datasets. Furthermore, their performance variation remained highly stable at approximately the +/- 0.1 pp level upon transition from the training environment (the Service and Management Orchestration, SMO) to the deployment environment (Near-RT RIC). In the inference latency analysis, the system's scalability was evaluated by increasing the number of prediction instances up to 80,000. The results confirmed that the latency follows a highly predictable linear time complexity (O(N)). Specifically, the LSTM, CNN, and Autoencoder models successfully maintained a response time within 1000 ms even under the maximum load of 80,000 instances across both datasets, whereas the computationally heavy Transformer model experienced resource exhaustion in the KServe inference pod at approximately 20,000 instances, causing the inference process to terminate and rendering further measurement infeasible. Comprehensively, the LSTM model demonstrated the most outstanding balance between performance and operational efficiency by recording stable detection performance, short tail latency (approximately 140 ms at P99), and low training resource consumption. This study experimentally demonstrates the anomaly detection performance of the IDS xApp in the O-RAN near-real-time control environment, and comprehensively verifies its practical effectiveness by considering both inference latency and resource consumption.","[Yu, Hyeonsoo] Kookmin Univ, Dept Cyber Secur, Seoul, South Korea; [Kim, Hwankuk] Kookmin Univ, Dept Informat Secur Cryptog & Math, Seoul, South Korea","","Kim, H (corresponding author), Kookmin Univ, Dept Informat Secur Cryptog & Math, Seoul, South Korea.","rinyfeel@kookmin.ac.kr","","","","","","","","0","0","","","","","","","","","","","MAY","2026","147","2","","","","","","","52","10.32604/cmes.2026.082095","0","","","","","","","","","gold","","","2026-10-01","WOS:001785631000001","0"
"J","Yaqoob, S; Hussain, A; Subhan, F; Pappalardo, G; Awais, M","","","","Yaqoob, Shumayla; Hussain, Asad; Subhan, Fazli; Pappalardo, Giuseppina; Awais, Muhammad","","","Deep Learning Based Anomaly Detection for Fog-Assisted IoVs Network","IEEE ACCESS","","","English","Article","","","","","","Security; Cloud computing; Anomaly detection; Edge computing; Heuristic algorithms; Servers; Network intrusion; Fog computing; smooth communication; Internet of Vehicles; anomaly detection; fog-assisted IoVs","CONGESTION AVOIDANCE; ATTACK DETECTION; INTRUSION DETECTION; INTERNET; VEHICLES; AUTOENCODER; CHALLENGES; SCHEME","Internet of vehicles (IoVs) allows millions of vehicles to be connected and share information for various purposes. The main applications of IoVs are traffic management, emergency messages delivery, E-health, traffic, and temperature monitoring. On the other hand, IoVs lack in location awareness and geographic distribution, which is critical for some IoVs applications such as smart traffic lights and information sharing in vehicles. To support these topographies, fog computing was proposed as an appealing and novel term, which was integrated with IoVs to extend storage, computation, and networking. Unfortunately, it is also challenged with various security and privacy hazards, which is a serious concern of smart cities. Therefore, we can formulate that Fog-assisted IoVs (Fa-IoVs), are challenged by security threats during information dissemination among mobile nodes. These security threats of Fa-IoVs are considered as anomalies which is a serious concern that needs to be addressed for smooth Fa-IoVs network communication. Here, smooth communication refers to less risk of important data loss, delay, communication overhead, etc. This research work aims to identify research gaps in the Fa-IoVs network and present a deep learning-based dynamic scheme named CAaDet (Convolutional autoencoder Aided anomaly detection) to detect anomalies. CAaDet exploits convolutional layers with a customized autoencoder for useful feature extraction and anomaly detection. Performance evaluation of the proposed scheme is done by using the F1-score metric where experiments are carried out by exploiting a benchmark dataset named NSL-KDD. CAaDet also observes the behavior of fog nodes and hidden neurons and selects the best match to reduce false alarms and improve F1-score. The proposed scheme achieved significant improvement over existing schemes for anomaly detection. Identified research gaps in Fa-IoVs can give future directions to researchers and attract more attention to this new era.","[Yaqoob, Shumayla] Univ Catania, Dept Elect Elect Comp & Telecommun Engn, I-95124 Catania, Italy; [Hussain, Asad; Subhan, Fazli] Natl Univ Modern Languages, Fac Engn & Comp Sci, Islamabad 44000, Pakistan; [Pappalardo, Giuseppina] Univ Catania, Dept Civil Engn & Architecture, I-95124 Catania, Italy; [Awais, Muhammad] Edge Hill Univ Lancashire, Dept Comp Sci, Ormskirk L39 4QP, England","","Yaqoob, S (corresponding author), Univ Catania, Dept Elect Elect Comp & Telecommun Engn, I-95124 Catania, Italy.","shumayla.yaqoob@phd.unict.it","","","","","","","","36","40","","","","","","","","","","","","2023","11","","","","","","19024","19038","","10.1109/ACCESS.2023.3246660","0","","","","","","","","","Green Submitted, Green Accepted, gold","","","2026-10-01","WOS:000942268900001","0"
"J","Rahmani, J; Çakmakçi, SD; Detken, KO; Sikora, A","","","","Rahmani, Jaafer; Cakmakci, Salva Daneshgadeh; Detken, Kai Oliver; Sikora, Axel","","","An Operational Hybrid SIEM Framework for OT Anomaly Detection","SENSORS","","","English","Article","","","","","","SIEM; anomaly detection; multi-layer telemetry; autoencoder; edge computing; operational technology; industrial Internet of Things; MITRE ATT&CK","","Security monitoring in Industrial Internet of Things environments requires telemetry that spans Information Technology (IT) and Operational Technology (OT) network layers, and most public datasets capture only one such view. We describe a design pattern for hybrid Security Information and Event Management (SIEM) deployments in OT environments (rule-based detection plus edge-deployed machine learning anomaly detection writing into a shared index) and validate it on a Modbus/Jetson/Elastic instance. The pattern is platform-independent: any rule engine that exposes a query language and any edge device with adequate memory headroom can host an instance, and the paper documents the architectural choices that make this portability concrete. The validated instance comprises 27 rules in Kibana Query Language mapped to MITRE Adversarial Tactics, Techniques, and Common Knowledge, plus a CNN-BiLSTM autoencoder on a Jetson Orin Nano that reaches a true positive rate of 1.000 at the 98th-percentile validation threshold and 0.997 at the 99.5th-percentile threshold on a 9997-flow held-out attack partition. Runtime behaviour on the edge hardware is characterised under steady state and adversarial burst, including the queue-wait regime that dominates tail latency. A self-contained calibration step projects rule and model evidence onto a common scale for downstream fusion.","[Rahmani, Jaafer; Sikora, Axel] Offenburg Univ Appl Sci, Inst Reliable Embedded Syst & Commun Elect ivESK, Offenburg 77652, Germany; [Rahmani, Jaafer] Univ Freiburg, Fac Engn, D-79110 Freiburg, Germany; [Cakmakci, Salva Daneshgadeh; Detken, Kai Oliver] DECOIT GmbH & Co KG, D-28215 Bremen, Germany","","Rahmani, J (corresponding author), Offenburg Univ Appl Sci, Inst Reliable Embedded Syst & Commun Elect ivESK, Offenburg 77652, Germany.","jaafer.rahmani@hs-offenburg.de; daneshgadeh@decoit.de; detken@decoit.de; axel.sikora@hs-offenburg.de","","","","","","","","1","1","","","","","","","","","","","MAY 16","2026","26","10","","","","","","","3155","10.3390/s26103155","0","","MAY 2026","","","","","","","Green Submitted, gold","","","2026-10-01","WOS:001777261500001","0"
"J","Sumathi, M; Sangeetha, S","","","","Sumathi, M.; Sangeetha, S.","","","A group-key-based sensitive attribute protection in cloud storage using modified random Fibonacci cryptography","COMPLEX & INTELLIGENT SYSTEMS","","","English","Article","","","","","","Attribute group; Modified random Fibonacci cryptography; Group key; Sensitive attribute","ACCESS-CONTROL; SECURE","Cloud computing is an eminent technology for providing a data storage facility with efficient storage, maintenance, management and remote backups. Hence, user data are shifted from customary storage to cloud storage. In this transfer, the sensitive attributes are also shifted to cloud storage with high-end security. Current security techniques are processed with high encryption time and provide identical security of entire data with single key dependent. These processes are taking high computational time and leaks entire information if the key is hacked. The proposed Group Key Based Attribute Encryption using Modified Random Fibonacci Cryptographic (MRFC) technique rectifies these issues. Instead of machine learning technique, data owner preference-based attributes segregation is used to divide an input dataset into sensitive and non-sensitive attribute groups. Based on inter-organization usage and data owner's willingness, sensitive attribute is divided into 'n + 1 ' subgroups and each subgroup is encrypted by 'n + 1' group keys. The encrypted sensitive subgroups are merged with non-sensitive attributes and uploaded into a private cloud. The novelties of this paper are, (1) data owner preferred sensitive attribute classification instead of machine learning algorithms, (2) sensitive attribute encryption instead of entire attributes, (3) To reduce encryption time without compromising data owner privacy, (4) To decrypt and access the required subgroup instead of the entire attribute. Our experimental results show that, the proposed method takes minimal processing time, better classification accuracy and minimal memory space with high security to selected attributes as compared to existing classification and security techniques. Hence, sensitive data security and privacy is achieved with minimal processing cost.","[Sumathi, M.; Sangeetha, S.] Natl Inst Technol, Dept Comp Applicat, Tiruchirappalli, Tamil Nadu, India","","Sumathi, M (corresponding author), Natl Inst Technol, Dept Comp Applicat, Tiruchirappalli, Tamil Nadu, India.","sumathishanjai.nitt@gmail.com; sangeetha@nitt.edu","","","","","","","","11","12","","","","","","","","","","","AUG","2021","7","4","","","SI","","1733","1747","","10.1007/s40747-020-00162-3","0","","JUN 2020","","","","","","","gold","","","2026-10-01","WOS:000540659700001","0"
"J","Dafhalla, AKY; Ali, FAE; Eldeen, AIG; Ahmed, IS; Filali, A; Zahou, AME; AlShaer, AA; Elfaki, SBA; Eltayeb, RM; Adam, T","","","","Dafhalla, Alaa Kamal Yousif; Ali, Fawzia Awad Elhassan; Eldeen, Asma Ibrahim Gamar; Ahmed, Ikhlas Saad; Filali, Ameni; Zahou, Amel Mohamed essaket; AlShaer, Amal Abdallah; Elfaki, Suhier Bashir Ahmed; Eltayeb, Rabaa Mohammed; Adam, Tijjani","","","FPGA-Accelerated Machine Learning for Computational Environmental Information Processing in IoT-Integrated High-Density Nanosensor Networks","INFORMATION","","","English","Article","","","","","","machine learning; high-density nanosensor networks; IoT-integrated smart greenhouse; environmental information processing; precision agriculture; sustainable agriculture systems","","This study presents a nanosensor network system for autonomous microclimate optimization in precision horticulture, leveraging a field-programmable gate array (FPGA)-based control architecture that is integrated with an edge-level machine learning inference. Unlike the conventional greenhouse automation systems, which exhibit thermal and hygroscopic hysteresis often exceeding 32 degrees C and 78% relative humidity, the proposed framework embeds a random forest regression (RFR) model directly within the Altera DE2-115 FPGA fabric to enable predictive environmental regulation. The model achieved an R2 of 0.985 and root mean square error (RMSE) of 0.28 degrees C, allowing proactive compensation for the thermodynamic disturbances from the high-intensity light-emitting diode (LED) lighting with a 120 s predictive horizon. The real-time monitoring and remote supervision were supported via a NodeMCU-based IoT gateway, achieving a 140 ms mean communication latency and a 99.8% packet delivery reliability. The preliminary validation using lettuce (Lactuca sativa) optimized the environmental parameters, while the subsequent experiments with pepper (Capsicum annuum), a commercially important and environmentally sensitive crop, demonstrated system performance under real-world conditions. The control system maintained a temperature and humidity within +/- 0.3 degrees C and +/- 1.2% of the setpoints, respectively, and outperformed the baseline rule-based control with a 28% increase in fresh biomass, a 22% improvement in dry matter accumulation, a 25% reduction in actuator duty-cycle switching, and an 18% decrease in overall energy consumption. These results highlight the efficacy of FPGA-integrated edge intelligence combined with low-latency IoT telemetry as a scalable, energy-efficient, and high-fidelity solution for sub-degree environmental control in next-generation, controlled-environment, and vertical farming systems.","[Dafhalla, Alaa Kamal Yousif; Filali, Ameni] Univ Hail, Coll Comp Sci & Engn, Dept Comp Engn, KSA1, Hail 81451, Saudi Arabia; [Ali, Fawzia Awad Elhassan; Eldeen, Asma Ibrahim Gamar; Ahmed, Ikhlas Saad; Zahou, Amel Mohamed essaket; AlShaer, Amal Abdallah; Elfaki, Suhier Bashir Ahmed] Imam Abdulrahman Bin Faisal Univ, Appl Coll, Dept Comp Sci, Dammam 31441, Saudi Arabia; [Eltayeb, Rabaa Mohammed] Univ Hail, Coll Arts, Dept English, Hail 81451, Saudi Arabia; [Adam, Tijjani] Univ Malaysia Perlis, Fac Elect Engn & Technol, Arau 02600, Perlis, Malaysia; [Adam, Tijjani] Univ Malaysia Perlis, Ctr Excellence CoE, Micro Syst Technol, Arau 02600, Perlis, Malaysia; [Adam, Tijjani] Univ Malaysia Perlis, Inst Nano Elect Engn, Kangar 01000, Perlis, Malaysia","","Adam, T (corresponding author), Univ Malaysia Perlis, Fac Elect Engn & Technol, Arau 02600, Perlis, Malaysia.;Adam, T (corresponding author), Univ Malaysia Perlis, Ctr Excellence CoE, Micro Syst Technol, Arau 02600, Perlis, Malaysia.;Adam, T (corresponding author), Univ Malaysia Perlis, Inst Nano Elect Engn, Kangar 01000, Perlis, Malaysia.","a.dafhalla@uoh.edu.sa; faelhassan@iau.edu.sa; aieldeen@iau.edu.sa; issaad@iau.edu.sa; ama.filali@uoh.edu.sa; amza-hou@iau.edu.sa; aaalshaer@iau.edu.sa; sbelfaki@iau.edu.sa; r.eltayeb@uoh.edu.sa; tijjani@unimap.edu.my","","","","","","","","1","1","","","","","","","","","","","APR 8","2026","17","4","","","","","","","354","10.3390/info17040354","0","","APR 2026","","","","","","","Green Submitted, gold","","","2026-10-01","WOS:001749726900001","0"
"J","Kharraz, N; Szabó, I","","","","Kharraz, Nezha; Szabo, Istvan","","","Cloud-Driven Data Analytics for Growing Plants Indoor","AGRIENGINEERING","","","English","Article","","","","","","precision agriculture; cloud computing; data analytics; artificial intelligence; IoT; Raspberry Pi; real-time data processing; sustainable farming","AGRICULTURE; GROWTH","The integration of cloud computing, IoT (Internet of Things), and artificial intelligence (AI) is transforming precision agriculture by enabling real-time monitoring, data analytics, and dynamic control of environmental factors. This study develops a cloud-driven data analytics pipeline for indoor agriculture, using lettuce as a test crop due to its suitability for controlled environments. Built with Apache NiFi (Niagara Files), the pipeline facilitates real-time ingestion, processing, and storage of IoT sensor data measuring light, moisture, and nutrient levels. Machine learning models, including SVM (Support Vector Machine), Gradient Boosting, and DNN (Deep Neural Networks), analyzed 12 weeks of sensor data to predict growth trends and optimize thresholds. Random Forest analysis identified light intensity as the most influential factor (importance: 0.7), while multivariate regression highlighted phosphorus (0.54) and temperature (0.23) as key contributors to plant growth. Nitrogen exhibited a strong positive correlation (0.85) with growth, whereas excessive moisture (-0.78) and slightly elevated temperatures (-0.24) negatively impacted plant development. To enhance resource efficiency, this study introduces the Integrated Agricultural Efficiency Metric (IAEM), a novel framework that synthesizes key factors, including resource usage, alert accuracy, data latency, and cloud availability, leading to a 32% improvement in resource efficiency. Unlike traditional productivity metrics, IAEM incorporates real-time data processing and cloud infrastructure to address the specific demands of modern indoor farming. The combined approach of scalable ETL (Extract, Transform, Load) pipelines with predictive analytics reduced light use by 25%, water by 30%, and nutrients by 40% while simultaneously improving crop productivity and sustainability. These findings underscore the transformative potential of integrating IoT, AI, and cloud-based analytics in precision agriculture, paving the way for more resource-efficient and sustainable farming practices.","[Kharraz, Nezha] Hungarian Univ Agr & Life Sci, Doctoral Sch Mech Engn, H-2100 Godollo, Hungary; [Szabo, Istvan] Hungarian Univ Agr & Life Sci, Inst Mech Engn, H-2100 Godollo, Hungary","","Kharraz, N (corresponding author), Hungarian Univ Agr & Life Sci, Doctoral Sch Mech Engn, H-2100 Godollo, Hungary.","nezha.kharraz@phd.uni-mate.hu; szabo.istvan.prof@uni-mate.hu","","","","","","","","2","3","","","","","","","","","","","APR 2","2025","7","4","","","","","","","101","10.3390/agriengineering7040101","0","","","","","","","","","Green Submitted, gold","","","2026-10-01","WOS:001474756800001","0"
"J","Amirkhanova, GA; Prokopovych-Tkachenko, DI; Adilzhanova, SA; Zubchenko, N; Bektemir, LE","","","","Amirkhanova, Gulshat Amanzholovna; Prokopovych-Tkachenko, Dmytro Ihorovych; Adilzhanova, Saltanat Almykhametovna; Zubchenko, Nazar; Bektemir, Liya Erbolkyzy","","","Machine learning-based early incident detection system in a bakery plant's industrial network: a cognitive model for counteracting hybrid threats","FRONTIERS IN COMPUTER SCIENCE","","","English","Article","","","","","","anomaly detection; CNN-LSTM; deep learning; digital twin; industrial control systems (ICS); User and Entity Behavior Analytics (UEBA); zero trust","","Introduction In the context of growing cyber risks to critical industries, including bakery complexes, this paper proposes a cognitive architecture for early incident detection in the operational technology (OT) network.Methods The architecture integrates User and Entity Behavior Analytics (UEBA), a Security Information and Event Management (SIEM) system, and Zero Trust principles, focusing on hybrid threats: from external attacks on industrial controllers, such as programmable logic controllers (PLCs) to internal operator errors. At the analytics layer, two complementary deep learning pipelines are used: a convolutional neural network (CNN) + long short-term memory (LSTM) (CNN + LSTM) model for detecting low-level network patterns (Byte2Image) and an autoencoder (AE) combined with LSTM (AE + LSTM model) for predicting time-series data and identifying anomalies in equipment telemetry. An adaptive threshold decision procedure is introduced for the first time, optimizing both accuracy and computational resources on edge nodes. The architecture complies with the IEC 62443 and ISO/IEC 27019 standards.Results and discussion High performance metrics, specifically Precision, were demonstrated in the bakery plant's digital twin scenarios.","[Amirkhanova, Gulshat Amanzholovna; Bektemir, Liya Erbolkyzy] Al Farabi Kazakh Natl Univ, Fac Informat Technol, Dept Artificial Intelligence & Big Data, Alma Ata, Kazakhstan; [Prokopovych-Tkachenko, Dmytro Ihorovych; Zubchenko, Nazar] Univ Customs & Finance, Dept Cybersecur & Informat Technol, Dnipro, Ukraine; [Adilzhanova, Saltanat Almykhametovna] Al Farabi Kazakh Natl Univ, Fac Informat Technol, Dept Cybersecur & Cryptol, Alma Ata, Kazakhstan","","Bektemir, LE (corresponding author), Al Farabi Kazakh Natl Univ, Fac Informat Technol, Dept Artificial Intelligence & Big Data, Alma Ata, Kazakhstan.","liya15bektemir@gmail.com","","","","","","","","1","1","","","","","","","","","","","MAR 2","2026","8","","","","","","","","1751284","10.3389/fcomp.2026.1751284","0","","","","","","","","","gold","","","2026-10-01","WOS:001715369500001","0"
"J","Ganesan, P; Xavier, SAE","","","","Ganesan, P.; Xavier, S. Arockia Edwin","","","An Intelligent Intrusion Detection System in Smart Grid Using PRNN Classifier","INTELLIGENT AUTOMATION AND SOFT COMPUTING","","","English","Article","","","","","","Intrusion detection system; anomaly detection; smart grid; power quality enhancement; unified power quality controller; harmonics elimination; fault rectification; improved aquila swarm optimization; detection rate","","Typically, smart grid systems enhance the ability of conventional power system networks as it is vulnerable to several kinds of attacks. These vulnerabil-ities might cause the attackers or intruders to collapse the entire network system thus breaching the confidentiality and integrity of smart grid systems. Thus, for this purpose, Intrusion detection system (IDS) plays a pivotal part in offering a reliable and secured range of services in the smart grid framework. Several exist-ing approaches are there to detect the intrusions in smart grid framework, however they are utilizing an old dataset to detect anomaly thus resulting in reduced rate of detection accuracy in real-time and huge data sources. So as to overcome these limitations, the proposed technique is presented which employs both real-time raw data from the smart grid network and KDD99 dataset thus detecting anoma-lies in the smart grid network. In the grid side data acquisition, the power trans-mitted to the grid is checked and enhanced in terms of power quality by eradicating distortion in transmission lines. In this approach, power quality in the smart grid network is enhanced by rectifying the fault using a FACT device termed UPQC (Unified Power Quality Controller) and thereby storing the data in cloud storage. The data from smart grid cloud storage and KDD99 are pre-pro-cessed and are optimized using Improved Aquila Swarm Optimization (IASO) to extract optimal features. The probabilistic Recurrent Neural Network (PRNN) classifier is then employed for the prediction and classification of intrusions. At last, the performance is estimated and the outcomes are projected in terms of grid voltage, grid current, Total Harmonic Distortion (THD), voltage sag/swell, accu-racy, precision, recall, F-score, false acceptance rate (FAR), and detection rate of the classifier. The analysis is compared with existing techniques to validate the proposed model efficiency.","[Ganesan, P.] Govt Coll Engn, Dept Elect & Elect Engn, Trichy 620012, India; [Xavier, S. Arockia Edwin] Thiagarajar Coll Engn, Dept Elect & Elect Engn, Madurai 625015, India","","Ganesan, P (corresponding author), Govt Coll Engn, Dept Elect & Elect Engn, Trichy 620012, India.","kponnarganesh@rediffmail.com","","","","","","","","4","7","","","","","","","","","","","","2023","35","3","","","","","2979","2996","","10.32604/iasc.2023.029264","0","","","","","","","","","hybrid","","","2026-10-01","WOS:000861046500007","0"
"J","Gouri, F; Kota, CPK; Shivnatri, M; Jain, K","","","","Gouri, Faiz; Kota, Chakra Pavan Kumar; Shivnatri, Mahesh; Jain, Kuber","","","AutoScaleAI: An AI-Powered Framework for Cloud Resource Optimization Using Telemetry Analytics","IEEE ACCESS","","","English","Article","","","","","","Telemetry; Forecasting; Costs; Anomaly detection; Predictive models; Optimization; Long short term memory; Cloud computing; Resource management; Accuracy; AI telemetry analytics; anomaly detection; Azure infrastructure; cloud computing; cost reduction; distributed applications; gradient boosting; hybrid AI systems; real-time scaling; resource forecasting","","Cloud infrastructure operators face increasing challenges in balancing performance, cost, and reliability due to dynamic workloads and complex interdependencies. This paper presents AutoScaleAI, an AI-driven telemetry analytics framework designed to proactively optimize cloud resource utilization and reduce operational costs. The framework integrates a hybrid prediction model combining Gradient Boosting Machines (GBM) and Long Short-Term Memory (LSTM) networks to forecast short-horizon CPU, memory, and network utilization trends, enabling proactive scaling decisions. It further incorporates a two-tier anomaly detection engine combining Isolation Forest (IF) and Variational Autoencoders (VAE) to identify sudden workload surges, latency deviations, and telemetry drift that may violate service level objectives. Telemetry data modeled on real-world Azure deployments (synthetic simulations validated against historical traces) are used to train and evaluate the system across compute, storage, and network dimensions. In addition, we conduct a controlled real-world pilot on Azure Kubernetes Service (AKS) with live telemetry and production APIs, validating end-to-end feasibility and quantifying operational overhead. Experimental results show that AutoScaleAI achieves up to 38% cost reduction and a 35% increase in resource efficiency, outperforming traditional threshold-based and deep reinforcement learning baselines. Additionally, the system achieves a decision latency of 235 milliseconds, making it suitable for real-time cloud optimization scenarios. AutoScaleAI is further validated through real-world case studies in e-commerce, finance, and healthcare environments. This work contributes a scalable and adaptive solution for AI-powered cloud management, offering practical benefits for both hyperscale providers and enterprise consumers.","[Kota, Chakra Pavan Kumar] Univ Cumberlands, Mckinney, TX 75071 USA","","","faizgouri@ieee.org","","","","","","","","0","0","","","","","","","","","","","","2026","14","","","","","","49082","49098","","10.1109/ACCESS.2026.3677437","0","","","","","","","","","Green Submitted, gold","","","2026-10-01","WOS:001732696000014","0"
"J","Ghosh, P; Sarkar, D; Sharma, J; Phadikar, S","","","","Ghosh, Partha; Sarkar, Dipankar; Sharma, Joy; Phadikar, Santanu","","","An Intrusion Detection System Using Modified-Firefly Algorithm in Cloud Environment","INTERNATIONAL JOURNAL OF DIGITAL CRIME AND FORENSICS","","","English","Article","","","","","","Cloud Computing; Feature Selection; Firefly Algorithm (FA); Intrusion Detection System (IDS); NSL-KDD Dataset; Particle Swarm Optimization (PSO)","CLASSIFICATION","The present era is being dominated by cloud computing technology which provides services to the users as per demand over the internet. Satisfying the needs of huge people makes the technology prone to activities which come up as a threat. Intrusion detection system (IDS) is an effective method of providing data security to the information stored in the cloud which works by analyzing the network traffic and informs in case of any malicious activities. In order to control high amount of data stored in cloud, data is stored as per relevance leading to distributed computing. To remove redundant data, the authors have implemented data mining process such as feature selection which is used to generate an optimum subset of features from a dataset. In this paper, the proposed IDS provides security working upon the idea of feature selection. The authors have prepared a modified-firefly algorithm which acts as a proficient feature selection method and enables the NSL-KDD dataset to consume less storage space by reducing dimensions as well as less training time with greater classification accuracy.","[Ghosh, Partha; Sharma, Joy] Netaji Subhash Engn Coll, Kolkata, W Bengal, India; [Sarkar, Dipankar] Tata Consultancy Serv, Mumbai, Maharashtra, India; [Phadikar, Santanu] Maulana Abul Kalam Azad Univ Technol, Dept Comp Sci & Engn, Kolkata, W Bengal, India","","Ghosh, P (corresponding author), Netaji Subhash Engn Coll, Kolkata, W Bengal, India.","","","","","","","","","13","14","","","","","","","","","","","APR-JUN","2021","13","2","","","","","77","93","","10.4018/IJDCF.2021030105","0","","","","","","","","","gold","","","2026-10-01","WOS:000619811300005","0"
"J","Jain, A; Khanna, A; Pimpalkar, A; Dewangan, BK; Shelke, N","","","","Jain, Anurag; Khanna, Abhirup; Pimpalkar, Amit; Dewangan, Bhupesh Kumar; Shelke, Nilesh","","","An explainable multimodal temporal deep learning framework for intrusion detection (EMT-IDNet) in IoT environments","SCIENTIFIC REPORTS","","","English","Article","","","","","","Multi-modal threat detection; Explainable AI; Intrusion detection system; Internet of Things; Cyberattacks","TON-IOT","The high rate of Internet of Things (IoT) ecosystem development presents a significant security problem because of the heterogeneity of devices, dynamic network behaviour, and the lack of built-in security features. Traditional intrusion detection systems (IDS) cannot detect multi-stage attacks to IoT systems, and this issue is mainly due to their use of single-modality information and the poor temporal modeling properties of these applications. This paper seeks to overcome these shortcomings by offering the explainable multimodal temporal deep learning framework of intrusion detection (EMT-IDNet). The proposed model combines different data sources network traffic, logs on host operating system and IoT telemetry using modality-specific encoders and cross-modal attention-based fusion block. Temporal attention module gets ultimate attack sequences and detects key time moments related to malicious actions. Additionally, an attention-based hierarchical multi-layered perceptron (TA-MLP) classifier can be used to identify binary and multi-class intrusion with high efficiency and interpretability as demonstrated by visualization of attention weights. Empirical testing on TON-IoT data reveals that EMT-IDNet has a binary classification with 99.98% accuracy, 99.99% precision, 99.97% recall and 99.98% F1-score, and its AUC value is 0.9999. The framework offers significant temporal as well as modality-level explanations, which increase trust and practical utility to applications in the real world IoT security.","[Jain, Anurag] IILM Univ, Sch Comp Sci & Engn, Gurugram, Haryana, India; [Khanna, Abhirup] Univ Petr & Energy Studies, Sch Comp Sci, Dehra Dun, India; [Pimpalkar, Amit] Ramdeobaba Univ, Sch Comp Sci & Engn, Nagpur, India; [Dewangan, Bhupesh Kumar; Shelke, Nilesh] Symbiosis Int, Symbiosis Inst Technol, Nagpur Campus, Pune, India","","Dewangan, BK (corresponding author), Symbiosis Int, Symbiosis Inst Technol, Nagpur Campus, Pune, India.","bhupesh.dewangan@gmail.com","","","","","","","","1","1","","","","","","","","","","","MAY 19","2026","16","1","","","","","","","22737","10.1038/s41598-026-53557-6","0","","MAY 2026","","","","","","","Green Submitted, gold","","","2026-10-01","WOS:001826699800006","0"
"J","Attaullah, HM; Khan, IU; Alam, MM; Ud, MMS; Kaushik, K","","","","Attaullah, Hafiz Muhammad; Khan, Inam Ullah; Alam, Muhammad Mansoor; Mohd Su Ud, Mazliham; Kaushik, Keshav","","","RoboLSTM-IDS: multi-dataset evaluation of deep learning framework for UAV network","PEERJ COMPUTER SCIENCE","","","English","Article","","","","","","UAV; IDS; Anomaly detection; RoboLSTM; Intrusion detection; RoboLSTM-IDS; Multidataset FRAMEWORK; Cyber physical attacks; UAV classical attacks","INTRUSION DETECTION SYSTEM; SECURITY; ATTACKS","The growing deployment of uncrewed aerial vehicles (UAV) in autonomous and networked missions has heightened their exposure to both cyber and cyber-physical attacks, underscoring the need for intelligent and lightweight intrusion detection systems (IDS) solutions. This study introduces RoboLSTM-IDS, a deep anomaly-based framework that combines robust feature engineering with temporal sequence modeling for UAV network security. Leveraging Robust Optimization-Based Tabular Feature Engineering (ROBOTa), a robust optimization-based feature selection technique-the system extracts stable, high-impact features from complex UAV telemetry and communication data. These are modeled using a Long Short-Term Memory network to capture sequential attack dynamics. Comprehensive experiments conducted on five benchmark datasets, including real-world UAV cyber-physical data (T-ITS), CICIDS-2017, UNSW-NB15, and their CTGAN-augmented variants, demonstrate that RoboLSTM-IDS consistently outperforms traditional machine learning and deep learning baselines. It achieves up to 99.62% accuracy and 0.997 AUC, while maintaining low false positive rates and real-time execution performance. Unlike conventional IDS models that are computationally heavy, proposed model achieves a 6 & times; smaller model size, 3 & times; lower memory footprint, and significantly reduced inference latency. These results confirm RoboLSTM-IDS as an effective and scalable IDS solution tailored for next-generation UAV ecosystems.","[Attaullah, Hafiz Muhammad; Khan, Inam Ullah; Alam, Muhammad Mansoor; Mohd Su Ud, Mazliham] Multimedia Univ, Fac Comp & Informat, Cyberjaya, Selangor, Malaysia; [Alam, Muhammad Mansoor] Riphah Int Univ, Dept Comp Sci, Islamabad, Pakistan; [Kaushik, Keshav] Sharda Univ, Ctr Cyber Secur & Cryptol, Sharda Sch Comp Sci & Engn, Greater Noida, India","","Attaullah, HM; Ud, MMS (corresponding author), Multimedia Univ, Fac Comp & Informat, Cyberjaya, Selangor, Malaysia.","attaullahshafiq10@gmail.com; mazliham@mmu.edu.my","","","","","","","","2","2","","","","","","","","","","","FEB 19","2026","12","","","","","","","","e3500","10.7717/peerj-cs.3500","0","","","","","","","","","Green Submitted, gold","","","2026-10-01","WOS:001707856600001","0"
"J","Dixit, RS; Choudhary, SL; Arya, N; Nathani, N; Bhowmik, C; Roy, V; Jain, S","","","","Dixit, Rinku Sharma; Choudhary, Shailee Lohmor; Arya, Nancy; Nathani, Neeta; Bhowmik, Chaitali; Roy, Vandana; Jain, Shitanshu","","","Artificial intelligence-powered cloud security strategies for protecting critical clinical operations in healthcare environments","SCIENTIFIC REPORTS","","","English","Article","","","","","","Artificial intelligence; Cloud security; Healthcare cybersecurity; Clinical operations protection; Intelligent threat detection; Behavioral access control; Federated threat intelligence","","The increasing use of cloud computing in hospitals, telemedicine, the Internet of Medical Things (IoMT) and real-time patient monitoring has made for an increasing trend of artificial intelligence-driven cloud security in hospitals. The growing reliance on distributed healthcare clouds layers the cyber-attack surface, however, with critical clinical operations now at risk from ransomware attacks, insider threats, API exploitation, and advanced persistent attacks. This research study introduces a novel AI-integrated cloud security framework tailored for safeguarding mission critical applications in the healthcare sector featuring an intelligent threat detection component, a probabilistic risk evaluation system, and an adaptive response orchestration system. The proposed architecture is built-in by using telemetry normalization, probabilistic behaviour modelling, deep autoencoders for anomaly detection, Bayesian approach for threat probability estimation, multi-objective risk scoring and reinforcement learning for adaptive mitigation. An experimental validation was performed with the CICIDS2017 dataset including around two million samples of network traffic data across various attack categories. The experimental results show that excellent performances have been achieved with an accuracy of 0.96, precision of 0.95, recall of 0.94, F1score of 0.95 and AUC of 0.98 with low latency of around 26 ms and reduced false positive rate of 0.03. A comparative analysis against the current cloud security methods also confirms the effectiveness of the proposed framework in delivering better operational security, response time and the availability of clinical services, providing the continuous clinical service that healthcare organizations require. The research showcases how incorporating AI with responsive cloud security mechanisms can offer a scalable and resilient defense against today's healthcare cloud infrastructures.","[Dixit, Rinku Sharma; Choudhary, Shailee Lohmor] New Delhi Inst Management, Dept Artificial Intelligence & Machine Learning, New Delhi, India; [Arya, Nancy] GD Goenka Univ, Sch Engn & Sci, Dept Comp Sci, Sohna, Haryana, India; [Nathani, Neeta; Roy, Vandana] Gyan Ganga Inst Technol & Sci, Dept Elect & Commun Engn, Jabalpur, Madhya Pradesh, India; [Bhowmik, Chaitali] Maharaja Agrasen Inst Technol, Dept Artificial Intelligence & Machine Learning, New Delhi, India; [Jain, Shitanshu] Manipal Univ Jaipur, Dept Data Sci & Engn, Jaipur, Rajasthan, India","","Roy, V (corresponding author), Gyan Ganga Inst Technol & Sci, Dept Elect & Commun Engn, Jabalpur, Madhya Pradesh, India.;Jain, S (corresponding author), Manipal Univ Jaipur, Dept Data Sci & Engn, Jaipur, Rajasthan, India.","vandana.roy20@gmail.com; shitanshu.jain@jaipur.manipal.edu","","","","","","","","0","1","","","","","","","","","","","JUN 12","2026","16","1","","","","","","","26779","10.1038/s41598-026-55522-9","0","","JUN 2026","","","","","","","Green Submitted, gold","","","2026-10-01","WOS:001859333200012","0"
"J","Kollu, VN; Janarthanan, V; Karupusamy, M; Ramachandran, M","","","","Kollu, Venkatagurunatham Naidu; Janarthanan, Vijayaraj; Karupusamy, Muthulakshmi; Ramachandran, Manikandan","","","Cloud-Based Smart Contract Analysis in FinTech Using IoT-Integrated Federated Learning in Intrusion Detection","DATA","","","English","Article","","","","","","intrusion detection system; FinTech; IoT federated learning architecture; smart contract analysis; cloud computing","ARCHITECTURE","Data sharing is proposed because the issue of data islands hinders advancement of artificial intelligence technology in the 5G era. Sharing high-quality data has a direct impact on how well machine-learning models work, but there will always be misuse and leakage of data. The field of financial technology, or FinTech, has received a lot of attention and is growing quickly. This field has seen the introduction of new terms as a result of its ongoing expansion. One example of such terminology is FinTech. This term is used to describe a variety of procedures utilized frequently in the financial technology industry. This study aims to create a cloud-based intrusion detection system based on IoT federated learning architecture as well as smart contract analysis. This study proposes a novel method for detecting intrusions using a cyber-threat federated graphical authentication system and cloud-based smart contracts in FinTech data. Users are required to create a route on a world map as their credentials under this scheme. We had 120 people participate in the evaluation, 60 of whom had a background in finance or FinTech. The simulation was then carried out in Python using a variety of FinTech cyber-attack datasets for accuracy, precision, recall, F-measure, AUC (Area under the ROC Curve), trust value, scalability, and integrity. The proposed technique attained accuracy of 95%, precision of 85%, RMSE of 59%, recall of 68%, F-measure of 83%, AUC of 79%, trust value of 65%, scalability of 91%, and integrity of 83%.","[Kollu, Venkatagurunatham Naidu] Dr MGR Educ & Res Inst, Dept Comp Sci & Engn, Chennai 600095, India; [Janarthanan, Vijayaraj] Easwari Engn Coll, Dept Artificial Intelligence & Data Sci, Chennai 600089, India; [Karupusamy, Muthulakshmi] PanimalarEngn Coll, Dept Informat Technol, Chennai 600123, India; [Ramachandran, Manikandan] SASTRA Deemed Univ, Sch Comp, Thanjavur 613401, India","","Ramachandran, M (corresponding author), SASTRA Deemed Univ, Sch Comp, Thanjavur 613401, India.","manikandan75@core.sastra.edu","","","","","","","","12","13","","","","","","","","","","","APR 29","2023","8","5","","","","","","","83","10.3390/data8050083","0","","","","","","","","","Green Submitted, gold","","","2026-10-01","WOS:000996611000001","0"
"J","Montano, IH; Diaz, JR; Molina-Cardín, S; López, JJG; Aranda, JJG; Díez, ID","","","","Montano, Isabel Herrera; Diaz, Juan Ramos; Molina-Cardin, Sergio; Lopez, Juan Jose Guerrero; Aranda, Jose Javier Garcia; Diez, Isabel de la Torre","","","SecureMD5: A new stream cipher for secure file systems and encryption key generation with artificial intelligence","COMPUTER STANDARDS & INTERFACES","","","English","Article","","","","","","Encryption algorithm; Encryption key generation; Artificial intelligence; Information security; Insider threat","FACE RECOGNITION; HAND GEOMETRY; ATTACKS","The insider threat to sensitive information posed by employees or partners of an organisation remains a major cybersecurity challenge. In this regard, the measures taken by organisations and companies to protect information are often insufficient. Primarily, due to the legitimate access and knowledge of security holes that these individuals possess. This study proposes SecureMD5, an encryption algorithm designed specifically for secure file systems (SFS). The algorithm is based on custom one-way functions integrated into an encryption scheme that operates at the byte level. It uses 11 dynamic variables generated from contextual parameters such as file position, access time, random values, and user-specific keys. This approach ensures that SecureMD5 does not inherit the known vulnerabilities of MD5 as a standard cryptographic algorithm. Consequently, SecureMD5 is presented as an adaptive and robust solution that addresses the challenges posed by insider threats in SFS. In parallel, a modular contextual key generation scheme is proposed, which can incorporate various challenges such as user identity, access time and device location. Biometric key generation based on Artificial Intelligence (AI) methods is evaluated independently from the validation of the encryption algorithm. In the evaluated biometric key generation scheme, the AI models MediaPipe Hand Landmark and LBPHFaceRecognizer from OpenCV have been used. These methods are part of a sub-key generation scheme based on contextual challenges. This scheme eliminates the need for key storage for dynamic and secure access to sensitive information. SecureMD5 was validated by diffusion, confusion, entropy and performance analysis. It achieved 31 % higher entropy than comparable algorithms. Performance improved by 0.32 % compared to RC4. It also passed 87 % of NIST 800-22 tests, demonstrating its robustness against cryptographic vulnerabilities. In addition, SecureMD5 balances security and performance, with encryption times 25 % faster than a modified AES algorithm for 10 MB files. Biometric key generation methods were evaluated using metrics such as precision, accuracy, false acceptance rate and specificity, achieving satisfactory values above 80 % on all metrics. This work addresses critical gaps in information security, providing significant advances in protecting SFS against insider threats. The design and adaptability of SecureMD5 make it particularly suitable for sectors with strict security requirements, such as healthcare, finance, and corporate data management. Its ability to enable dynamic and secure access control addresses the real challenges posed by protecting confidential information from internal threats.","[Montano, Isabel Herrera; Diez, Isabel de la Torre] Telemat Engn Univ Valladolid, Dept Signal Theory & Commun, Paseo de Belen 15, Valladolid 47011, Spain; [Diaz, Juan Ramos; Molina-Cardin, Sergio; Lopez, Juan Jose Guerrero; Aranda, Jose Javier Garcia] Nokia, Dept Innovat, Maria Tubau St 9, Madrid 28050, Spain","","Montano, IH (corresponding author), Telemat Engn Univ Valladolid, Dept Signal Theory & Commun, Paseo de Belen 15, Valladolid 47011, Spain.","isabel.herrera.montano@uva.es; juan.ramos_diaz.ext@nokia.com; sergio.molina_cardin.ext@nokia.com; juan.ramos_diaz.ext@nokia.com; jose_javier.garcia_aranda@nokia.com; isator@tel.uva.es","","","","","","","","1","1","","","","","","","","","","","JAN","2026","95","","","","","","","","104047","10.1016/j.csi.2025.104047","0","","JUL 2025","","","","","","","hybrid","","","2026-10-01","WOS:001548353600001","0"
"J","Joshi, V; Chowdhury, A; Pal, A; Singh, VK; Rathore, RS","","","","Joshi, Vaibhav; Chowdhury, Abishi; Pal, Amrit; Singh, Vishal Krishna; Rathore, Rajkumar Singh","","","Real-Time Anomaly Detection Using Federated Learning in Edge Devices","SOFTWARE-PRACTICE & EXPERIENCE","","","English","Article; Early Access","","","","","","anomaly detection; clustered federated learning (CFL); edge computing; federated learning; intrusion detection system","","Background The widespread expansion of IoT devices has significantly increased the scope for malicious activities on the part of cybercriminals. This has made edge computing highly vulnerable to various types of network intrusions, including DDoS floods and brute-force attacks. However, traditional centralized Intrusion Detection Systems (IDS) do not address these concerns due to their inherent latency and lack of consideration of data privacy. To overcome these drawbacks of traditional IDS, we have developed a distributed real-time anomaly detection system architecturally designed for deployment on edge computing hardware.Method A monitoring agent collects system and network telemetry and real-time network flow data on a Raspberry Pi similar to 3 and sends it to a centralized server via a TCP socket. The server uses a dual-engine detection system consisting of rule-based heuristics and a DNN model. To address the concerns of data privacy and non-IID data distribution inherent to distributed IoT networks, our system uses a collaboratively trained DNN model using three different Federated Learning (FL) techniques: Clustered Federated Learning (CFL), FedDyn, and FedNova.Results These techniques were evaluated on the CIC-IoT-DIAD similar to 2024 dataset with severe non-IID data distribution. The results show that CFL outperforms others with an F1-score of 0.89 and an AUC of 0.95. This work shows that production-grade, privacy-preserving intrusion detection is feasible in IoT networks at the edge.","[Joshi, Vaibhav; Chowdhury, Abishi; Pal, Amrit] Vellore Inst Technol, Sch Comp Sci & Engn, Chennai, India; [Singh, Vishal Krishna] Univ Essex, Sch Comp Sci & Elect Engn, Colchester, England; [Rathore, Rajkumar Singh] Cardiff Metropolitan Univ, Sch Technol, Dept Comp Sci, Cardiff, Wales","","Chowdhury, A (corresponding author), Vellore Inst Technol, Sch Comp Sci & Engn, Chennai, India.","abishi.chowdhury@vit.ac.in","","","","","","","","0","0","","","","","","","","","","","2026 SEP 8","2026","","","","","SI","","","","","10.1002/spe.70101","0","","SEP 2026","","","","","","","Green Submitted","","","2026-10-01","WOS:001869573500001","0"
"J","Alzughaibi, S; El Khediri, S","","","","Alzughaibi, Saud; El Khediri, Salim","","","A Cloud Intrusion Detection Systems Based on DNN Using Backpropagation and PSO on the CSE-CIC-IDS2018 Dataset","APPLIED SCIENCES-BASEL","","","English","Article","","","","","","cloud computing; artificial neural networks; deep learning; intrusion detection system; particle swarm optimization; backpropagation; multi-layer perceptron; CSE-CIC-IDS2018","NEURAL-NETWORK","Cloud computing (CC) is becoming an essential technology worldwide. This approach represents a revolution in data storage and collaborative services. Nevertheless, security issues have grown with the move to CC, including intrusion detection systems (IDSs). Intruders have developed advanced tools that trick the traditional IDS. This study attempts to contribute toward solving this problem and reducing its harmful effects by boosting IDS performance and efficiency in a cloud environment. We build two models based on deep neural networks (DNNs) for this study: the first model is built on a multi-layer perceptron (MLP) with backpropagation (BP), and the other is trained by MLP with particle swarm optimization (PSO). We use these models to deal with binary and multi-class classification on the updated cybersecurity CSE-CIC-IDS2018 dataset. This study aims to improve the accuracy of detecting intrusion attacks for IDSs in a cloud environment and to enhance other performance metrics. In this study, we document all aspects of our experiments in depth. The results show that the best accuracy obtained for binary classification was 98.97% and that for multi-class classification was 98.41%. Furthermore, the results are compared with those from the related literature.","[Alzughaibi, Saud; El Khediri, Salim] Qassim Univ, Coll Comp, Dept Informat Technol, Buraydah 52571, Saudi Arabia","","Alzughaibi, S; El Khediri, S (corresponding author), Qassim Univ, Coll Comp, Dept Informat Technol, Buraydah 52571, Saudi Arabia.","411116202@qu.edu.sa; s.elkhediri@qu.edu.sa","","","","","","","","76","89","","","","","","","","","","","FEB","2023","13","4","","","","","","","2276","10.3390/app13042276","0","","","","","","","","","Green Submitted, gold","","","2026-10-01","WOS:000938766200001","0"
"J","Kalaivani, K; Chinnadurai, M","","","","Kalaivani, K.; Chinnadurai, M.","","","A Hybrid Deep Learning Intrusion Detection Model for Fog Computing Environment","INTELLIGENT AUTOMATION AND SOFT COMPUTING","","","English","Article","","","","","","IoT; Fog computing; IDS; deep learning; CNN and LSTM","INTERNET; THINGS","Fog computing extends the concept of cloud computing by providing the services of computing, storage, and networking connectivity at the edge between data centers in cloud computing environments and end devices. Having the intelligence at the edge enables faster real-time decision-making and reduces the amount of data forwarded to the cloud. When enhanced by fog computing, the Internet of Things (IoT) brings low latency and improves real time and quality of service (QoS) in IoT applications of augmented reality, smart grids, smart vehicles, and healthcare. However, both cloud and fog computing environments are vulnerable to several kinds of attacks that can lead to unexpected loss. For example, a denial of service (DoS) attack can block authenticated users by rendering network resources unavailable and consuming network bandwidth unnecessarily. This paper proposes an intrusion classification model using a convolutional neural network (CNN) and Long Short-Term Memory networks (LSTM) to obtain the advantages of deep learning methods in order to accurately predict such attacks. The proposed integrated CNN with LSTM-based Fog Computing Intrusion Detection ICNN-FCID model is used for multi-class attack classification. Our proposed model is demonstrated using NSL-KDD, a benchmark dataset, and provides attack detection accuracy of about 96.5%. Comparisons of the accuracy of our model with both traditional and other recent deep learning approaches show that our model is superior in performance. The ICNN-FCID model can be used in fog layer devices where network traffic is monitored and the attacks are detected. As a result, the cloud server and fog layer devices can be protected from malicious users and are always available in providing services to IoT devices.","[Kalaivani, K.; Chinnadurai, M.] EGS Pillay Engn Coll, Dept Comp Sci & Engn, Nagapattinam 611002, India","","Kalaivani, K (corresponding author), EGS Pillay Engn Coll, Dept Comp Sci & Engn, Nagapattinam 611002, India.","akilkalai12@gmail.com","","","","","","","","20","26","","","","","","","","","","","","2021","30","1","","","","","1","15","17515","10.32604/iasc.2021.017515","0","","","","","","","","","hybrid","","","2026-10-01","WOS:000679278600001","0"
"J","Baguswasito, H; Hilman, MH","","","","Baguswasito, Handoko; Hilman, Muhammad Hafizhuddin","","","Near Real-Time Anomaly Detection and Localization in Tier-2 ISP Networks","IEEE ACCESS","","","English","Article","","","","","","Location awareness; Telemetry; Anomaly detection; Real-time systems; Measurement; Monitoring; Robustness; Production; Costs; Correlation; change-point detection; PELT; network telemetry; round-trip time; interface utilization; ISP networks","","Near real-time anomaly detection and localization are critical requirements for operational Internet Service Provider (ISP) networks, where short-lived performance degradations can significantly affect service quality. However, widely deployed monitoring systems still rely on static thresholds or offline analysis, which are poorly suited to non-stationary traffic patterns and heterogeneous network metrics. This paper presents a near real-time anomaly detection and localization framework for Tier-2 ISP networks based on Round-Trip Time (RTT) and interface utilization telemetry. The proposed method applies a rolling-window exhaustive change-point detection strategy derived from the penalized optimal partitioning formulation associated with the PELT family of methods. Instead of relying on global pruning and fixed penalty selection, all candidate split points are exhaustively evaluated within bounded temporal windows to improve detection stability under dynamic traffic conditions. Detected change points are temporally aggregated across multiple metrics and further analyzed using an ensemble of complementary statistical and density-based techniques, including Z-score deviation analysis, Shape-Based Distance, Multidimensional Scaling, Local Outlier Factor, and Isolation Forest, to enable interface-level anomaly localization. The framework is evaluated using both a public labeled network anomaly dataset and real production telemetry collected from a Tier-2 ISP backbone network. Experimental results on the labeled dataset demonstrate consistent detection performance across multiple Key Performance Indicators (KPIs), achieving F1-scores of up to 0.84. Evaluation on production telemetry further shows that the proposed framework successfully identifies multiple operationally confirmed anomalies while maintaining detection latency suitable for near real-time network operations. Overall, the results indicate that rolling-window exhaustive change-point analysis combined with ensemble-based multivariate localization provides a practical and deployable solution for anomaly detection in large-scale ISP networks.","[Baguswasito, Handoko; Hilman, Muhammad Hafizhuddin] Univ Indonesia, Fac Comp Sci, Comp Syst Lab CSL, Depok 16424, Indonesia","","Hilman, MH (corresponding author), Univ Indonesia, Fac Comp Sci, Comp Syst Lab CSL, Depok 16424, Indonesia.","muhammad.hilman@ui.ac.id","","","","","","","","0","0","","","","","","","","","","","","2026","14","","","","","","30143","30151","","10.1109/ACCESS.2026.3666491","0","","","","","","","","","gold","","","2026-10-01","WOS:001706374500044","0"
"J","Gupta, R; Singh, AK","","","","Gupta, Rishabh; Singh, Ashutosh Kumar","","","Differential and Access Policy Based Privacy-Preserving Model in Cloud Environment","JOURNAL OF WEB ENGINEERING","","","English","Article","","","","","","Cloud computing; differential privacy; machine learning; privacy-preserving; access control","","Cloud computing has multiple benefits in terms of minimum cost, maximum efficiency, and high scalability, which prompts shifting a large amount of data from the local machine to the cloud environment for storage, computation, and data sharing among various parties stakeholders. However, owners do not fully trust the cloud platform operated by a third party. Therefore, security and privacy emerge as critical issues while sharing data among different parties. In this paper, a novel privacy-preserving model is proposed by utilizing encryption, differential privacy, and machine learning approaches. It facilitates data owners to share their data securely in the cloud environment. The model defines access policy and communication protocol among the involved untrusted parties for data processing and privacy preservation. The proposed model is evaluated by executing experiments using distinct datasets. The achieved results reveal that the proposed model provides high accuracy, precision, recall, and f1-score up to 98%, 98%, 97%, and 97%, respectively, over the state of the art methods.","[Gupta, Rishabh; Singh, Ashutosh Kumar] Natl Inst Technol, Dept Comp Applicat, Kurukshetra, Haryana, India","","Gupta, R (corresponding author), Natl Inst Technol, Dept Comp Applicat, Kurukshetra, Haryana, India.","rishabhgpt66@gmail.com; ashutosh@nitkkr.ac.in","","","","","","","","7","7","","","","","","","","","","","","2022","21","3","","","","","609","632","","10.13052/jwe1540-9589.2132","0","","","","","","","","","gold","","","2026-10-01","WOS:000754943700002","0"
"J","Popoola, SI; Adebisi, B; Ande, R; Hammoudeh, M; Atayero, AA","","","","Popoola, Segun I.; Adebisi, Bamidele; Ande, Ruth; Hammoudeh, Mohammad; Atayero, Aderemi A.","","","Memory-Efficient Deep Learning for Botnet Attack Detection in IoT Networks","ELECTRONICS","","","English","Article","","","","","","botnet; cybersecurity; machine learning; deep learning; intrusion detection; network traffic; Internet of Things","INTRUSION DETECTION SYSTEM; INTERNET; THINGS; MITIGATION; FRAMEWORK","Cyber attackers exploit a network of compromised computing devices, known as a botnet, to attack Internet-of-Things (IoT) networks. Recent research works have recommended the use of Deep Recurrent Neural Network (DRNN) for botnet attack detection in IoT networks. However, for high feature dimensionality in the training data, high network bandwidth and a large memory space will be needed to transmit and store the data, respectively in IoT back-end server or cloud platform for Deep Learning (DL). Furthermore, given highly imbalanced network traffic data, the DRNN model produces low classification performance in minority classes. In this paper, we exploit the joint advantages of Long Short-Term Memory Autoencoder (LAE), Synthetic Minority Oversampling Technique (SMOTE), and DRNN to develop a memory-efficient DL method, named LS-DRNN. The effectiveness of this method is evaluated with the Bot-IoT dataset. Results show that the LAE method reduced the dimensionality of network traffic features in the training set from 37 to 10, and this consequently reduced the memory space required for data storage by 86.49%. SMOTE method helped the LS-DRNN model to achieve high classification performance in minority classes, and the overall detection rate increased by 10.94%. Furthermore, the LS-DRNN model outperformed state-of-the-art models.","[Popoola, Segun I.; Adebisi, Bamidele; Ande, Ruth] Manchester Metropolitan Univ, Dept Engn, Manchester M1 5GD, Lancs, England; [Hammoudeh, Mohammad] Manchester Metropolitan Univ, Dept Comp & Math, Manchester M1 5GD, Lancs, England; [Atayero, Aderemi A.] Covenant Univ, Dept Elect & Informat Engn, PMB 1023, Ota, Nigeria","","Adebisi, B (corresponding author), Manchester Metropolitan Univ, Dept Engn, Manchester M1 5GD, Lancs, England.","segun.i.popoola@stu.mmu.ac.uk; b.adebisi@mmu.ac.uk; ruth.e.ande@stu.mmu.ac.uk; m.hammoudeh@mmu.ac.uk; atayero@covenantuniversity.edu.ng","","","","","","","","26","30","","","","","","","","","","","MAY","2021","10","9","","","","","","","1104","10.3390/electronics10091104","0","","","","","","","","","Green Submitted, gold","","","2026-10-01","WOS:000649996500001","0"
"J","Algarni, A; Ahmad, Z; Ala'Anzy, MA","","","","Algarni, Abdulmohsen; Ahmad, Zulfiqar; Alaa Ala'Anzy, Mohammed","","","An Edge Computing-Based and Threat Behavior-Aware Smart Prioritization Framework for Cybersecurity Intrusion Detection and Prevention of IEDs in Smart Grids With Integration of Modified LGBM and One Class-SVM Models","IEEE ACCESS","","","English","Article","","","","","","Smart grids; Computer security; Machine learning; Intrusion detection; Image edge detection; Real-time systems; Internet of Things; Cyberattack; Power distribution planning; cyberattack detection and prevention; IEDs; LGBM; One Class-SVM; intrusions","ANOMALY DETECTION; MANAGEMENT; INTERNET; THINGS","The smart grid environment, which emphasizes sustainability, dependability, and efficiency through smart components such as Intelligent Electronic Devices (IEDs), communication networks, and control systems, marks a revolutionary change in the way traditional power distribution is carried out. As smart grids grow and are integrated into energy distribution networks, these systems become more vulnerable to cybersecurity threats due to their increased connectivity, usage of IEDs, and reliance on digital communication channels. This study presents an edge computing-based, threat behavior-aware smart prioritization framework with binary and multidimensional classification and detection of cybersecurity intrusions through modified machine learning methods. The proposed framework has the potential to improve smart grid cybersecurity by offering a comprehensive defense against intrusion threats. The proposed framework enhances smart grid cybersecurity by utilizing a multi-criteria approach. It implements edge-computing technology for data storage and processing in smart grids. It applies machine-learning models for cybersecurity intrusion detection in IEDs and provides prevention by assigning priorities to the threats based on their behavior. In order to show the effectiveness of the proposed framework, we modified and implemented two machine-learning models, i.e., LGBM and One Class-SVM, as proposed models in the framework. For multidimensional classification and detection of cybersecurity intrusions in IEDs of smart grids, we used LGBM. Whereas, for binary classification and detection of cybersecurity intrusions, we used One Class-SVM. We simulated the detection and classification of cybersecurity intrusions in IEDs using a power system intrusion dataset. The results show that the LGBM model provides an accuracy of 93%, precision of 94%, recall of 93%, and F1 score of 93% in the detection and classification of cybersecurity intrusions in IEDs of smart grids. The implementation of One Class-SVM with binary classification yields an accuracy of 85%, precision of 89%, recall of 85%, and F1 score of 86%. We implemented the benchmark machine-learning models, i.e., Gradient Boosting Machine and Support Vector Machine, for performance comparison with the proposed modified machine-learning models. The performance comparison shows that the modified machine learning models implemented in the proposed framework outperformed the benchmark machine-learning models.INDEX TERMS Smart grids, cyberattack detection and prevention, IEDs, LGBM, One Class-SVM, intrusions.","[Algarni, Abdulmohsen] King Khalid Univ, Dept Comp Sci, Abha 61421, Saudi Arabia; [Ahmad, Zulfiqar] Hazara Univ, Dept Comp Sci & Informat Technol, Mansehra 21300, Pakistan; [Alaa Ala'Anzy, Mohammed] SDU Univ, Dept Comp Sci, Kaskelen 040900, Kazakhstan","","Ahmad, Z (corresponding author), Hazara Univ, Dept Comp Sci & Informat Technol, Mansehra 21300, Pakistan.;Ala'Anzy, MA (corresponding author), SDU Univ, Dept Comp Sci, Kaskelen 040900, Kazakhstan.","zulfiqarahmad@hu.edu.pk; m.alanzy.cs@gmail.com","","","","","","","","15","17","","","","","","","","","","","","2024","12","","","","","","104948","104963","","10.1109/ACCESS.2024.3435564","0","","","","","","","","","Green Submitted, gold","","","2026-10-01","WOS:001286646700001","0"
"J","Ahmad, M; Riaz, Q; Zeeshan, M; Tahir, H; Haider, SA; Khan, MS","","","","Ahmad, Muhammad; Riaz, Qaiser; Zeeshan, Muhammad; Tahir, Hasan; Haider, Syed Ali; Khan, Muhammad Safeer","","","Intrusion detection in internet of things using supervised machine learning based on application and transport layer features using UNSW-NB15 data-set","EURASIP JOURNAL ON WIRELESS COMMUNICATIONS AND NETWORKING","","","English","Article","","","","","","IoT; Flow and MQTT cluster; TCP cluster; NIDS","","Internet of Things (IoT) devices are well-connected; they generate and consume data which involves transmission of data back and forth among various devices. Ensuring security of the data is a critical challenge as far as IoT is concerned. Since IoT devices are inherently low-power and do not require a lot of compute power, a Network Intrusion Detection System is typically employed to detect and remove malicious packets from entering the network. In the same context, we propose feature clusters in terms of Flow, Message Queuing Telemetry Transport (MQTT) and Transmission Control Protocol (TCP) by using features in UNSW-NB15 data-set. We eliminate problems like over-fitting, curse of dimensionality and imbalance in the data-set. We apply supervised Machine Learning (ML) algorithms, i.e., Random Forest (RF), Support Vector Machine and Artificial Neural Networks on the clusters. Using RF, we, respectively, achieve 98.67% and 97.37% of accuracy in binary and multi-class classification. In clusters based techniques, we achieved 96.96%, 91.4% and 97.54% of classification accuracy by using RF on Flow & MQTT features, TCP features and top features from both clusters. Moreover, we show that the proposed feature clusters provide higher accuracy and requires lesser training time as compared to other state-of-the-art supervised ML-based approaches.","[Ahmad, Muhammad; Riaz, Qaiser; Zeeshan, Muhammad; Tahir, Hasan] Natl Univ Sci & Technol NUST, Sch Elect Engn & Comp Sci, Dept Comp, Islamabad 44000, Pakistan; [Haider, Syed Ali] SUNY Coll Fredonia, New York, NY USA; [Khan, Muhammad Safeer] Arkansas Tech Univ, Russellville, AR 72801 USA","","Riaz, Q (corresponding author), Natl Univ Sci & Technol NUST, Sch Elect Engn & Comp Sci, Dept Comp, Islamabad 44000, Pakistan.","qaiser.riaz@seecs.edu.pk","","","","","","","","85","101","","","","","","","","","","","JAN 21","2021","2021","1","","","","","","","10","10.1186/s13638-021-01893-8","0","","","","","","","","","Green Submitted, gold","","","2026-10-01","WOS:000613013300002","0"
"J","Kottapalli, R; Ganteda, C; Bindu, IBNH; Yarlagadda, VO; Vanga, VVVR; Gorumutchu, BV; Shaik, K; Ahmad, H; Abdelfattah, WM; Oqilat, O","","","","Kottapalli, Rajyalakshmi; Ganteda, Charankumar; Bindu, I. B. N. Hima; Yarlagadda, Vamsi Omkar; Vanga, Venkata Vishnu Vardhan Reddy; Gorumutchu, Bala Varun; Shaik, Khaleel; Ahmad, Hijaz; Abdelfattah, Waleed Mohammed; Oqilat, Osama","","","Optimizing Alzheimer's Data Analysis Through Multi-Cloud Integration: A Performance and Reliability Approach","RESULTS IN CONTROL AND OPTIMIZATION","","","English","Article","","","","","","Alzheimer's Disease; Multi-Cloud Integration; Cloud Computing; Data Management; Performance Optimization; Scalability; Predictive Modeling; Deep Learning; Data Analysis; Reliability; Infrastructure Management; Model Performance; Comparative Study; Advanced Classification; Proactive Maintenance; Predictive Analytics; Performance Degradation; Scalability Challenges; Cloud Platforms; and Data Handling","DISEASE PREDICTION; DIAGNOSIS; SYSTEM","Research in Alzheimer's disease demands extensive computational resources and efficient data management due to the large scale and complexity of multimodal biomedical data. This work proposes a multi-cloud integration strategy to enhance performance, scalability, and reliability by leveraging the complementary strengths of Google Cloud Platform (GCP), Microsoft Azure, and Amazon Web Services (AWS). The proposed infrastructure supports scalable computing and storage through AWS, advanced analytics and machine learning workflows via Azure, and high-performance data processing using GCP. Core components include AWS S3 and Azure Blob Storage for resilient data storage, Apache Kafka for real-time data streaming, and Apache Spark for distributed processing. The system is optimized to improve model accuracy (94%), reduce training time (128 minutes), and enable efficient hyperparameter tuning and feature extraction for state-of-the-art deep learning models such as YOLOv4 and EfficientNetB2 used in Alzheimer's detection and classification. Automated scaling and load balancing mechanisms ensure optimal resource utilization, low latency (24ms), and high fault tolerance under varying workloads. Additionally, the architecture demonstrates strong scalability, allowing seamless expansion across cloud environments as data volume and computational demands increase. Performance monitoring and reliability are ensured through cloud-native observability tools such as Prometheus and Grafana, while robust security measures-including data encryption and fine-grained access control-protect sensitive medical data. Overall, the proposed multicloud approach significantly enhances the efficiency, reliability, and performance of Alzheimer's disease assessment, providing a robust and scalable solution for advanced research, with further optimization and refinement identified as future work.","[Kottapalli, Rajyalakshmi; Yarlagadda, Vamsi Omkar; Vanga, Venkata Vishnu Vardhan Reddy; Gorumutchu, Bala Varun; Shaik, Khaleel] Koneru Lakshmaiah Educ Fdn, Dept Comp Sci & Engn, Vaddeswaram, Andhra Prades, India; [Ganteda, Charankumar] Deemed Univ, Siddhartha Acad Higher Educ, Dept Math, Vijayawada 520007, Andhra Prades, India; [Bindu, I. B. N. Hima] CVR Coll Engn Mangalpally Hyderabad, Dept CSE, Mangalpalli 501510, India; [Ahmad, Hijaz] Near East Univ, Irfan Suat Gunsel Operat Res Inst, Mersin 10, TR-99138 Nicosia TRNC, Turkiye; [Abdelfattah, Waleed Mohammed] Univ Business & Technol, Coll Engn, Jeddah 23435, Saudi Arabia; [Abdelfattah, Waleed Mohammed] Zagazig Univ, Fac Engn, Dept Engn Math & Phys, PO 44519, Zagazig, Egypt; [Oqilat, Osama] Al Ahliyya Amman Univ, Fac Arts & Sci, Dept Basic Sci, Amman, Jordan","","Ahmad, H (corresponding author), Near East Univ, Irfan Suat Gunsel Operat Res Inst, Mersin 10, TR-99138 Nicosia TRNC, Turkiye.","charankumarganteda@gmail.com; hamabindu.inampudi@gmail.com; vamsiomkary@gmail.com; vvvishnuvardhanreddy9@gmail.com; balavarun272@gmail.com; hijaz555@gmail.com","","","","","","","","0","0","","","","","","","","","","","JUN","2026","23","","","","","","","","100687","10.1016/j.rico.2026.100687","0","","","","","","","","","gold","","","2026-10-01","WOS:001741013300001","0"
"J","Alzahrani, A","","","","Alzahrani, Ahmed","","","Cognitive ZTNA: A Neuro-Symbolic AI Approach for Adaptive and Explainable Zero Trust Access Control","MATHEMATICS","","","English","Article","","","","","","zero trust network access; neuro-symbolic reasoning; adaptive trust computation; explainable security; OWL ontologies; federated access control; transformer-based security; hybrid AI systems","","Zero Trust Network Access (ZTNA) has emerged as a fundamental paradigm for securing cloud-native and distributed computing environments. However, existing ZTNA implementations remain largely limited by static policy enforcement and opaque machine-learning-based anomaly detection mechanisms, which often lack contextual adaptability, policy awareness, and interpretable decision-making capabilities. These limitations create significant challenges in dynamic multi-cloud environments where access behavior continuously evolves and security decisions must be both accurate and explainable. To address these challenges, this study proposes Cognitive ZTNA framework, a unified neuro-symbolic trust enforcement framework that integrates transformer-based behavioral trust modeling with ontology-guided symbolic reasoning. The proposed architecture enables continuous trust evaluation by combining behavioral access patterns with explicit policy semantics through a hybrid trust fusion mechanism. This design allows the system to capture long-range behavioral dependencies while maintaining policy-compliant and interpretable access control decisions. The framework is evaluated using the CloudZT-Bench-2025 dataset, comprising 4.2 million cross-platform access events derived from enterprise security telemetry, AWS CloudTrail logs, and simulated adversarial scenarios. Experimental results demonstrate that Cognitive ZTNA achieves Precision = 0.96, Recall = 0.93, and F1-score = 0.95, significantly outperforming rule-based and machine-learning baselines while reducing the false positive rate to 0.03. In addition, the system maintains real-time feasibility with an average decision latency of 24 ms and explanation latency below 5 ms, while achieving 92% analyst-rated explanation sufficiency. These findings demonstrate that integrating behavioral intelligence with symbolic policy reasoning enables adaptive, interpretable, and policy-aware Zero Trust enforcement. The proposed framework therefore provides a practical foundation for next-generation ZTNA systems capable of supporting secure, transparent, and context-aware access control in modern cloud environments.","[Alzahrani, Ahmed] King Abdulaziz Univ, Fac Comp & Informat Technol, Dept Comp Sci, Jeddah, Saudi Arabia","","Alzahrani, A (corresponding author), King Abdulaziz Univ, Fac Comp & Informat Technol, Dept Comp Sci, Jeddah, Saudi Arabia.","aaalzahrani9@kau.edu.sa","","","","","","","","0","0","","","","","","","","","","","APR 3","2026","14","7","","","","","","","1211","10.3390/math14071211","0","","APR 2026","","","","","","","Green Submitted, gold","","","2026-10-01","WOS:001738871400001","0"
"J","Tian, CR; Zhang, FB; Li, ZX; Wang, RD; Huang, XH; Xi, L; Zhang, Y","","","","Tian, Chongrui; Zhang, Fengbin; Li, Zhaoxiang; Wang, Ruidong; Huang, Xunhua; Xi, Liang; Zhang, Yi","","","RETRACTED: Intrusion Detection Method Based on Deep Learning (Retracted Article)","WIRELESS COMMUNICATIONS & MOBILE COMPUTING","","","English","Article; Retracted Publication","","","","","","","","In today's information age, the scale of the Internet is growing, the information capacity is also expanding explosively, and network security is becoming more and more important. Intrusion detection is regarded as a traditional security protection technology and is a key means to ensure the security of the network environment. Among them, the deep belief network performs well, and it can automatically learn abstract features for classification. In order to further improve the detection rate and reduce the false positive rate, it is necessary to improve the detection rate of small sample data. This paper builds an intelligent deep learning model and analysis model for intrusion detection data based on TensorFlow. By learning to identify network intrusion characteristic data, the characteristic data and model are stored in the big data storage system built by Hadoop. This algorithm has achieved good experiment result. Build a model knowledge base and an intrusion feature behavior library, use the decision tree model to automatically match the security control strategy, realize a highly intelligent security control model with self-learning ability, and solve the rapid identification of unknown intrusion behaviors. Experiments show that the algorithm can effectively improve the detection rate.","[Tian, Chongrui; Zhang, Fengbin; Wang, Ruidong; Huang, Xunhua; Xi, Liang] Harbin Univ Sci & Technol, Coll Comp Sci & Technol, Harbin, Peoples R China; [Tian, Chongrui; Li, Zhaoxiang; Zhang, Yi] East Univ Heilongjiang, Coll Informat Engn, Harbin, Heilongjiang, Peoples R China","","Zhang, FB (corresponding author), Harbin Univ Sci & Technol, Coll Comp Sci & Technol, Harbin, Peoples R China.","1910400004@stu.hrbust.edu.cn","","","","","","","","3","4","","","","","","","","","","","JUL 15","2022","2022","","","","","","","","1338392","10.1155/2022/1338392","0","","","","","","","","","hybrid","","","2026-10-01","WOS:000879743000001","0"
"J","Nawaz, M; Ahmed, J","","","","Nawaz, Menaa; Ahmed, Jameel","","","Cloud-based healthcare framework for real-time anomaly detection and classification of 1-D ECG signals","PLOS ONE","","","English","Article","","","","","","","CONVOLUTIONAL NEURAL-NETWORK; SYSTEM; MODEL","Real-time data collection and pre-processing have enabled the recognition, realization, and prediction of diseases by extracting and analysing the important features of physiological data. In this research, an intelligent end-to-end system for anomaly detection and classification of raw, one-dimensional (1D) electrocardiogram (ECG) signals is given to assess cardiovascular activity automatically. The acquired raw ECG data is pre-processed carefully before storing it in the cloud, and then deeply analyzed for anomaly detection. A deep learning-based auto-encoder(AE) algorithm is applied for the anomaly detection of 1D ECG time-series signals. As a next step, the implemented system identifies it by a multi-label classification algorithm. To improve the classification accuracy and model robustness the improved feature-engineered parameters of the large and diverse datasets have been incorporated. The training has been done using the amazon web service (AWS) machine learning services and cloud-based storage for a unified solution. Multi-class classification of raw ECG signals is challenging due to a large number of possible label combinations and noise susceptibility. To overcome this problem, a performance comparison of a large set of machine algorithms in terms of classification accuracy is presented on an improved feature-engineered dataset. The proposed system reduces the raw signal size up to 95% using wavelet time scattering features to make it less compute-intensive. The results show that among several state-of-the-art techniques, the long short-term memory (LSTM) method has shown 100% classification accuracy, and an F1 score on the three-class test dataset. The ECG signal anomaly detection algorithm shows 98% accuracy using deep LSTM auto-encoders with a reconstructed error threshold of 0.02 in terms of absolute error loss. Our approach provides performance and predictive improvement with an average mean absolute error loss of 0.0072 for normal signals and 0.078 for anomalous signals.","[Nawaz, Menaa; Ahmed, Jameel] Riphah Int Univ, Dept Elect Engn, Islamabad, Pakistan","","Nawaz, M (corresponding author), Riphah Int Univ, Dept Elect Engn, Islamabad, Pakistan.","menaa.nawaz@students.riu.edu.pk","","","","","","","","10","13","","","","","","","","","","","DEC 27","2022","17","12","","","","","","","e0279305","10.1371/journal.pone.0279305","0","","","","","","","","","Green Submitted, gold","","","2026-10-01","WOS:000924525200022","0"
"J","Albalooshi, FA; Qader, MR","","","","Albalooshi, Fatema A.; Qader, M. R.","","","Scalable Machine Learning on IoT Edge Devices Through Adaptive Coreset Selection with Differentiable Greedy Sampling","TECHNOLOGIES","","","English","Article","","","","","","IoT data streams; edge intelligence; coreset selection; differentiable optimization; greedy sampling; real-time machine learning; concept drift; resource-constrained computing","DATASET","The rapid growth of Internet of Things (IoT) devices generates high-dimensional, high-velocity data streams that demand real-time machine learning (ML) inference under strict hardware constraints. We propose the Adaptivecoreset Selection Engine (ACS-Engine), a unified framework for adaptive, differentiable, and resource-aware coreset selection on streaming IoT data. ACS-Engine introduces three tightly integrated innovations: (i) Differentiable Greedy Sampling (DGS), which relaxes discrete subset selection via Gumbel-Softmax reparameterization to enable end-to-end gradient-based optimization; (ii) Entropy-Aware Regularization (EAR), which promotes coreset diversity and provides implicit concept drift detection through a self-calibrating entropy threshold; and (iii) Resource-Aware Memory Management (RAMM), which dynamically adjusts the target coreset size based on real-time hardware telemetry-available memory, CPU utilization, remaining energy, and sampling frequency. Evaluated on eight real-world IoT datasets spanning three heterogeneous edge platforms, ACS-Engine achieves 15 & times; memory reduction and a 20% energy efficiency improvement while retaining 98% of full-dataset accuracy, with a per-sample latency of 2 ms that satisfies real-time edge deployment requirements.","[Albalooshi, Fatema A.] Univ Bahrain, Coll Informat Technol, POB 32038, Sakhir, Bahrain; [Qader, M. R.] Univ Bahrain, Coll Engn, POB 32038, Sakhir 32038, Bahrain","","Albalooshi, FA (corresponding author), Univ Bahrain, Coll Informat Technol, POB 32038, Sakhir, Bahrain.","falbalooshi@uob.edu.bh; mredi@uob.edu.bh","","","","","","","","0","0","","","","","","","","","","","AUG 2","2026","14","8","","","","","","","476","10.3390/technologies14080476","0","","AUG 2026","","","","","","","gold","","","2026-10-01","WOS:001860613900001","0"
"J","Alserhani, F","","","","Alserhani, Faeiz","","","Intrusion Detection and Real-Time Adaptive Security in Medical IoT Using a Cyber-Physical System Design","SENSORS","","","English","Article","","","","","","Cyber-Physical System; MIoT; cognitive security; machine learning; feature engineering; cyber threat mitigation","","The increasing reliance on Medical Internet of Things (MIoT) devices introduces critical cybersecurity vulnerabilities, necessitating advanced, adaptive defense mechanisms. Recent cyber incidents-such as compromised critical care systems, modified therapeutic device outputs, and fraudulent clinical data inputs-demonstrate that these threats now directly impact life-critical aspects of patient security. In this paper, we introduce a machine learning-enabled Cognitive Cyber-Physical System (ML-CCPS), which is designed to identify and respond to cyber threats in MIoT environments through a layered cognitive architecture. The system is constructed on a feedback-looped architecture integrating hybrid feature modeling, physical behavioral analysis, and Extreme Learning Machine (ELM)-based classification to provide adaptive access control, continuous monitoring, and reliable intrusion detection. ML-CCPS is capable of outperforming benchmark classifiers with an acceptable computational cost, as evidenced by its macro F1-score of 97.8% and an AUC of 99.1% when evaluated with the ToN-IoT dataset. Alongside classification accuracy, the framework has demonstrated reliable behaviour under noisy telemetry, maintained strong efficiency in resource-constrained settings, and scaled effectively with larger numbers of connected devices. Comparative evaluations, radar-style synthesis, and ablation studies further validate its effectiveness in real-time MIoT environments and its ability to detect novel attack types with high reliability.","[Alserhani, Faeiz] Jouf Univ, Coll Comp & Informat Sci, Dept Comp Engn & Networks, Sakaka 72388, Saudi Arabia","","Alserhani, F (corresponding author), Jouf Univ, Coll Comp & Informat Sci, Dept Comp Engn & Networks, Sakaka 72388, Saudi Arabia.","fmserhani@ju.edu.sa","","","","","","","","12","13","","","","","","","","","","","JUL 31","2025","25","15","","","","","","","4720","10.3390/s25154720","0","","","","","","","","","Green Submitted, gold","","","2026-10-01","WOS:001549679100001","0"
"J","Dinler, ÖB","","","","Dinler, Ozlem Batur","","","UAV Cybersecurity with Mamba-KAN-Liquid Hybrid Model: Deep Learning-Based Real-Time Anomaly Detection","DRONES","","","English","Article","","","","","","UAV security; cyber-attack detection; Mamba architecture; Kolmogorov-Arnold networks; Liquid neural networks; anomaly detection","INTRUSION DETECTION; SECURITY; ATTACKS","Highlights What are the main findings? Novel Mamba-KAN-Liquid hybrid architecture achieves detection rates exceeding 95% across six UAV cyberattack types (GPS spoofing: 97.3%, jamming: 95.8%, MITM: 96.2%, sensor manipulation: 94.7%, DDoS: 98.1%, zero-day: 89.4%) with 47.3 ms inference latency, representing 4-5x speedup over transformer baselines. The model demonstrates exceptional robustness with 89.4% zero-day attack detection and maintains 76.5% accuracy under severe noise conditions (sigma = 0.20), outperforming state-of-the-art methods by 16-22 percentage points in adversarial scenarios. What are the implications of the main findings? Real-time cybersecurity deployment becomes viable on resource-constrained UAV platforms with only 2.5 M parameters requiring 96 MB memory, enabling onboard threat detection without reliance on ground station connectivity. The architectural framework extends beyond UAV applications to other edge computing scenarios requiring real-time anomaly detection under computational constraints, with proven scalability to 50-UAV swarm monitoring while maintaining sub-100 ms latency.Highlights What are the main findings? Novel Mamba-KAN-Liquid hybrid architecture achieves detection rates exceeding 95% across six UAV cyberattack types (GPS spoofing: 97.3%, jamming: 95.8%, MITM: 96.2%, sensor manipulation: 94.7%, DDoS: 98.1%, zero-day: 89.4%) with 47.3 ms inference latency, representing 4-5x speedup over transformer baselines. The model demonstrates exceptional robustness with 89.4% zero-day attack detection and maintains 76.5% accuracy under severe noise conditions (sigma = 0.20), outperforming state-of-the-art methods by 16-22 percentage points in adversarial scenarios. What are the implications of the main findings? Real-time cybersecurity deployment becomes viable on resource-constrained UAV platforms with only 2.5 M parameters requiring 96 MB memory, enabling onboard threat detection without reliance on ground station connectivity. The architectural framework extends beyond UAV applications to other edge computing scenarios requiring real-time anomaly detection under computational constraints, with proven scalability to 50-UAV swarm monitoring while maintaining sub-100 ms latency.Abstract Unmanned Aerial Vehicles (UAVs) are increasingly being used in critical infrastructure, defense, and civilian applications, and face new cybersecurity threats. In this work, we present a novel hybrid deep learning architecture that combines Mamba, Kolmogorov-Arnold Networks (KAN), and Liquid Neural Networks for real-time cyberattack detection in UAV systems. The proposed Mamba-KAN-Liquid (MKL) model integrates Mamba's selective state-space mechanism for temporal dependency modeling, KAN's learnable activation functions for feature representation, and Liquid networks' dynamic adaptation capabilities for real-time anomaly detection. Extensive evaluations on CIC-IDS2017, CSE-CIC-IDS2018, and synthetic UAV telemetry datasets demonstrate that our model achieves detection rates exceeding 95% across six different attack scenarios, including GPS spoofing (97.3%), network jamming (95.8%), man-in-the-middle attacks (96.2%), sensor manipulation (94.7%), DDoS (98.1%), and zero-day attacks (89.4%). The model meets real-time processing requirements with an average inference time of 47.3 ms for a sample batch size of 32, making it suitable for practical deployment on resource-constrained UAV platforms.","[Dinler, Ozlem Batur] Siirt Univ, Fac Engn, TR-56100 Siirt, Turkiye","","Dinler, ÖB (corresponding author), Siirt Univ, Fac Engn, TR-56100 Siirt, Turkiye.","o.b.dinler@siirt.edu.tr","","","","","","","","4","6","","","","","","","","","","","NOV 18","2025","9","11","","","","","","","806","10.3390/drones9110806","0","","","","","","","","","Green Submitted, gold","","","2026-10-01","WOS:001624663900001","0"
"J","Wang, KW; Yang, SB; Qin, YL; Wang, ZP; Jia, LM; Li, MW; Yu, SJ; Chang, YJ; Jin, SM","","","","Wang, Kewen; Yang, Shaobing; Qin, Yalan; Wang, Zhipeng; Jia, Limin; Li, Mengwei; Yu, Shengjia; Chang, Yujie; Jin, Siming","","","UAV-Based Railway Anomaly Detection Algorithm Based on a Twin Network Cascading UNet plus","IEEE ACCESS","","","English","Article","","","","","","Deep learning; intrusion detection; object detection; railway safety; unmanned aerial vehicles","","Unmanned aerial vehicle (UAV) inspection has emerged as a promising technological solution for railway anomaly detection. However, existing methodologies struggle to achieve high-precision anomaly detection in contexts with illumination variations and vegetation occlusion, especially for open-set anomaly categories. To address this, we propose S3-UNet++, an unsupervised railway anomaly detection algorithm designed for open-set railway scenarios, trained solely on normal background images without using any label data. Specifically, S3-UNet++ adopts a twin-encoder architecture cascaded with UNet++, in which nested dense skip connections are employed to achieve progressive refinement and cross-scale alignment of multi-scale features. Moreover, a phased progressive training scheme combined with scale-matching deep supervision is proposed, which effectively reduces computational and memory overhead while maintaining detection performance, thereby making the model suitable for UAV-based edge deployment. Experimental results demonstrate that the proposed method effectively reduces model complexity (34.2 GFLOPS, 17.6 M parameters) and improves detection performance in complex regions, while maintaining efficient inference (0.892 precision, 0.786 recall).","[Wang, Kewen; Yang, Shaobing] Beijing Jiaotong Univ, Sch Elect Engn, Beijing 100044, Peoples R China; [Wang, Kewen] Xinshuo Railway Co Ltd, China Energy Investment Grp Co Ltd, Commun Technol Branch, Ordos 014300, Peoples R China; [Qin, Yalan; Wang, Zhipeng; Jia, Limin; Li, Mengwei; Yu, Shengjia; Chang, Yujie; Jin, Siming] Beijing Jiaotong Univ, Sch Traff & Transportat, Beijing 100044, Peoples R China","","Wang, ZP (corresponding author), Beijing Jiaotong Univ, Sch Traff & Transportat, Beijing 100044, Peoples R China.","zpwang@bjtu.edu.cn","","","","","","","","0","0","","","","","","","","","","","","2026","14","","","","","","98166","98174","","10.1109/ACCESS.2026.3703944","0","","","","","","","","","gold","","","2026-10-01","WOS:001819879600018","0"
"J","Ayyoub, E; Mohammed, M; Mohamed, L","","","","Ayyoub, El Hariri; Mohammed, Mouiti; Mohamed, Lazaar","","","Consistency-Regularized Hybrid Deep Learning with Entropy-Weighted Attention and Branch Dropout for Intrusion Detection in IoT Networks","FUTURE INTERNET","","","English","Article","","","","","","hybrid IDS; deep learning; CNN; DNN; BiLSTM; entropy-weighted attention; consistency regularization; branch-dropout; IoT security; UNSW-NB15","","Securing IoT networks presents fundamental challenges rooted in hardware constraints: firmware is often non-upgradeable and every security boundary is fixed at manufacture. Machine learning-based intrusion detection offers a scalable response, yet nearly all published systems assume clean training data and clean inference conditions. Production IoT environments satisfy neither assumption. Sensors degrade, packets drop, and adversaries deliberately corrupt telemetry streams to evade detection. The framework described here is built around that reality. The proposed framework is distinguished from prior work by four design decisions. First, three encoding branches, a residual DNN, a 1D-CNN, and a BiLSTM, are run in parallel and are fused by concatenation, each capturing structural patterns in tabular traffic data that the others miss. Second, a dual-view consistency loss trains the model under simultaneous feature masking and Gaussian noise, penalizing prediction divergence between two independently corrupted views of the same sample. Third, we introduce entropy-weighted attention: rather than fixed learned weights, per-feature importance is adjusted dynamically from information entropy measured across training batches, giving higher-entropy features stronger influence because they carry more discriminative variation. Fourth, branch-dropout regularization randomly silences entire branches during training, forcing each to develop independently useful representations instead of co-adapting. Class imbalance is handled through severity-aware loss weighting which scales contributions by the operational cost of missing each attack category, not purely by inverse frequency. On UNSW-NB15, the full model achieves 99.99% accuracy, 100% precision, 99.97% recall, and a false-negative rate of 2.65 & times; 10-4-the lowest across all compared architectures.","[Ayyoub, El Hariri; Mohammed, Mouiti; Mohamed, Lazaar] Mohammed V Souissi Univ, ENSIAS, BP 713, Rabat, Morocco","","Ayyoub, E (corresponding author), Mohammed V Souissi Univ, ENSIAS, BP 713, Rabat, Morocco.","ayyoub_elhariri@um5.ac.ma; mohammed_mouiti@um5.ac.ma; mohamed.lazaar@ensias.um5.ac.ma","","","","","","","","0","0","","","","","","","","","","","MAY 15","2026","18","5","","","","","","","262","10.3390/fi18050262","0","","","","","","","","","Green Submitted, gold","","","2026-10-01","WOS:001775171400001","0"
"J","Nkongolo, M; Van Deventer, JP; Kasongo, SM; Zahra, SR; Kipongo, J","","","","Nkongolo, Mike; Van Deventer, Jacobus Philippus; Kasongo, Sydney Mambwe; Zahra, Syeda Rabab; Kipongo, Joseph","","","A Cloud Based Optimization Method for Zero-Day Threats Detection Using Genetic Algorithm and Ensemble Learning","ELECTRONICS","","","English","Article","","","","","","UGRansome1819; zero-day attacks; cloud computing; machine learning","INTRUSION DETECTION SYSTEM; ANOMALY DETECTION","This article presents a cloud-based method to classify 0-day attacks from a novel dataset called UGRansome1819. The primary objective of the research is to classify potential unknown threats using Machine Learning (ML) algorithms and cloud services. Our study contribution uses a novel anomaly detection dataset that carries 0-day attacks to train and test ML algorithms using Amazon Web Services such as S3 bucket and SageMaker. The proposed method used Ensemble Learning with a Genetic Algorithm (GA) optimizer having three ML algorithms such as Naive Bayes (NB), Random Forest (RF), and Support Vector Machine (SVM). These algorithms analyze the dataset by combining each classifier and assessing the classification accuracy of 0-day threats. We have implemented several metrics such as Accuracy, F1-Score, Confusion Matrix, Recall, and Precision to evaluate the performance of the selected algorithms. We have then compared the UGRansome1819 performance complexity with existing datasets using the same optimization settings. The RF implementation (before and after optimization) remains constant on the UGRansome1819 that outperformed the CAIDA and UNSWNB-15 datasets. The optimization technique only improved in Accuracy on the UNSWNB-15 and CAIDA datasets but sufficient performance was achieved in terms of F1-Score with UGRansome1819 using a multi-class classification scheme. The experimental results demonstrate a UGRansome1819 classification ratio of 1% before and after optimization. When compared to the UNSWNB-15 and CAIDA datasets, UGRansome1819 attains the highest accuracy value of 99.6% (prior optimization). The Genetic Algorithm was used as a feature selector and dropped five attributes of the UGRansome1819 causing a decrease in the computational time and over-fitting. The straightforward way to improve the model performance to increase its accuracy after optimization is to add more data samples to the training data. Doing so will add more details to the data and fine-tune the model will result in a more accurate and optimized performance. The experiments demonstrate the instability of single classifiers such as SVM and NB and suggest the proposed optimized validation technique which can aggregate weak classifiers (e.g., SVM and NB) into an ensemble of the genetic optimizer to enhance the classification performance. The UGRansome1819 model's specificity and sensitivity were estimated to be 100% with three predictors of threatening classes (Signature, Synthetic Signature, and Anomaly). Lastly, the test classification accuracy of the SVM model improved by 6% after optimization.","[Nkongolo, Mike; Van Deventer, Jacobus Philippus] Univ Pretoria, Fac Engn Built Environm & Informat Technol, Dept Informat, ZA-0028 Pretoria, South Africa; [Kasongo, Sydney Mambwe] Stellenbosch Univ, Sch Data Sci & Computat Thinking, Dept Ind Engn, ZA-7600 Stellenbosch, South Africa; [Zahra, Syeda Rabab] Natl Coll Ireland, Sch Comp, Dublin D01 K6W2, Ireland; [Kipongo, Joseph] Univ Johannesburg, Fac Engn & Built Environm, Dept Elect & Elect Engn Sci, 5 Kingsway Ave, ZA-2092 Johannesburg, South Africa","","Nkongolo, M; Van Deventer, JP (corresponding author), Univ Pretoria, Fac Engn Built Environm & Informat Technol, Dept Informat, ZA-0028 Pretoria, South Africa.;Kasongo, SM (corresponding author), Stellenbosch Univ, Sch Data Sci & Computat Thinking, Dept Ind Engn, ZA-7600 Stellenbosch, South Africa.","u21629545@tuks.co.za; phil.vandeventer@up.ac.za; sydneybleuops@gmail.com; syedarababzahra0@gmail.com; josephkips01@gmail.com","","","","","","","","15","16","","","","","","","","","","","JUN","2022","11","11","","","","","","","1749","10.3390/electronics11111749","0","","","","","","","","","Green Submitted, gold","","","2026-10-01","WOS:000808821500001","0"
"J","Kumar, A; Ahmad, W; Pal, O; Sunil","","","","Kumar, Amit; Ahmad, Wakar; Pal, Om; Sunil","","","A Hybrid Multi-Model Framework for Personalized User-Level Anomaly Detection with Data-Driven Threshold Optimization","COMPUTATION","","","English","Article","","","","","","user authentication; anomaly detection; hybrid anomaly detection; cybersecurity; multi-factor authentication (MFA)","","Modern user authentication systems increasingly need user and device-behavior-aware adaptive mechanisms to detect evolving threats beyond the traditional authentication framework of static credential verification. This paper proposes a hybrid multi-model framework for personalized user-level anomaly detection using a data-driven Hybrid Anomaly Score (HAS). The primary contribution lies in deriving the HAS using the joint integration of three adaptive attributes: dynamically computed per-user deviation thresholds conditioned on individual behavioral history, profile-age-aware baseline weights reflecting user cohort maturity, and criticality-scaled aggregation with the security impact of each detection methodology. The framework is evaluated on a large-scale real-world dataset and demonstrates strong detection performance, while achieving low inference latency suitable for real-time enterprise deployment. The ablation analysis of the framework confirms that dynamic weighting and personalized threshold substantially improve detection stability and convergence with an effective and deployable solution for large-scale authentication environments.","[Kumar, Amit; Ahmad, Wakar] Indian Inst Informat Technol, Dept Comp Sci & Engn, Sonepat 131021, India; [Pal, Om] Univ Delhi, Dept Comp Sci, Delhi 110007, India; [Sunil] Jamia Millia Islamia, Univ Polytech, Dept, New Delhi 110025, India","","Pal, O (corresponding author), Univ Delhi, Dept Comp Sci, Delhi 110007, India.","amitphd2302cs02@iiitsonepat.ac.in; w.ahmad@iiitsonepat.ac.in; opal@cs.du.ac.in; sunil@jmi.ac.in","","","","","","","","0","0","","","","","","","","","","","APR 30","2026","14","5","","","","","","","102","10.3390/computation14050102","0","","APR 2026","","","","","","","Green Submitted, gold","","","2026-10-01","WOS:001774268700001","0"
"J","Alkhamis, SA; Alhalangy, A; Eltayeb, GEA; Abouelkheir, E","","","","Alkhamis, Saleh Abdulrahman; Alhalangy, Abdalilah; Eltayeb, Galal Eldin Abbas; Abouelkheir, Eman","","","Fed-CGIDS-UAV: Federated Causal Graph Learning for Cross-Domain Intrusion Detection in Cyber-Physical Drone Networks","SYMMETRY-BASEL","","","English","Article","","","","","","UAV security; drone intrusion detection; cyber-physical systems; explainable AI; cross-domain generalization; graph neural networks; edge computing","CHALLENGES; INTERNET","Unmanned aerial vehicles (UAVs) have become essential cyber-physical platforms for applications such as surveillance, infrastructure inspection, emergency response, and intelligent transportation. However, their tight coupling among sensing, communication, control, actuation, and swarm coordination also exposes them to sophisticated cyber-physical attacks that are difficult to detect using conventional intrusion detection systems. Existing machine learning, deep learning, graph-based, and federated intrusion detection approaches generally rely on statistical feature representations or temporal patterns, providing limited capability to model causal dependencies among interacting UAV subsystems and to generalize across heterogeneous operating environments. To address these limitations, this paper proposes Fed-CGIDS-UAV, a federated causal graph learning framework for cross-domain intrusion detection in cyber-physical UAV networks. The proposed framework models each telemetry window as a typed causal graph in which nodes represent navigation, sensing, communication, control, actuation, and swarm states, while directed edges capture stable operational dependencies. Intrusions are detected by identifying violations of these learned causal relationships, and the framework provides interpretable node-edge explanations to support root-cause analysis. Furthermore, federated learning enables collaborative model training across distributed UAV clients without sharing raw telemetry, thereby preserving data privacy while improving robustness under heterogeneous operating conditions. The proposed framework was implemented and experimentally evaluated in a controlled simulation environment covering four UAV operating domains and six representative attack classes. All experiments were repeated over five independent runs using different random seeds, and the reported results correspond to the measured average performance. The proposed framework was implemented using Python 3.12 (Python Software Foundation, Wilmington, DE, USA) and PyTorch 2.3 (Meta Platforms, Menlo Park, CA, USA). UAV flight data were generated using Microsoft AirSim 1.9.1 (Microsoft Corporation, Redmond, WA, USA), integrated with PX4 Autopilot v1.14 (Dronecode Foundation, San Francisco, CA, USA) and Gazebo Sim 11 (Open Source Robotics Foundation, Mountain View, CA, USA). Within this simulation-based evaluation, Fed-CGIDS-UAV achieved an accuracy of 0.968, an F1-score of 0.956, and an internal-external stability gap (IESG) of 0.028, outperforming conventional machine learning, deep learning, graph-based, and centralized causal baselines while maintaining competitive computational latency. Although these results demonstrate the effectiveness of the proposed framework under controlled simulation conditions, validation using real-flight UAV telemetry remains an important direction for future research. These results demonstrate that integrating causal graph learning with federated optimization provides an effective and interpretable solution for privacy-preserving intrusion detection in heterogeneous cyber-physical UAV environments.","[Alkhamis, Saleh Abdulrahman] Qassim Univ, Coll Comp, Dept Cybersecur, Buraydah 52361, Saudi Arabia; [Alhalangy, Abdalilah; Abouelkheir, Eman] Qassim Univ, Coll Comp, Dept Comp Engn, Buraydah 52361, Saudi Arabia; [Eltayeb, Galal Eldin Abbas] Qassim Univ, Coll Business & Econ, Dept Management Informat Syst, Buraydah 52571, Saudi Arabia","","Abouelkheir, E (corresponding author), Qassim Univ, Coll Comp, Dept Comp Engn, Buraydah 52361, Saudi Arabia.","khmiess@qu.edu.sa; a.alhalangy@qu.edu.sa; g.eltayeb@qu.edu.sa; e.abouelkheir@qu.edu.sa","","","","","","","","0","0","","","","","","","","","","","JUL 29","2026","18","8","","","","","","","1292","10.3390/sym18081292","0","","JUL 2026","","","","","","","gold","","","2026-10-01","WOS:001860074700001","0"
"J","Nader, A; Dubois, MA; Kundur, D","","","","Nader, Andrew; Dubois, Marc-Andre; Kundur, Deepa","","","Exploring quantum learning in the smart grid through the evolution of noisy finite fourier series","FRONTIERS IN ENERGY RESEARCH","","","English","Article","","","","","","smart grids; cyber-physical systems; cybersecurity; anomaly detection; machine learning; quantum machine learning; quantum computing","SYSTEM","The decentralization and softwarization of modern industrial control systems such as the electric grid has resulted in greater efficiency, stability and reliability but these advantages come at a price of higher likelihood of cyberattacks due to the resulting increase in cyberattack surface. Traditional cyberattack detection techniques such as rule-based anomaly detection have an important role to play in first response. However, given the data-rich environment of the modern electric grid, current research thrusts are focused on integrating data-driven machine learning techniques that automatically learn to detect anomalous modes of operation and predict the presence of new attacks. Quantum machine learning (QML) is a subset of machine learning that aims to leverage quantum computers to obtain a learning advantage by means of a training speed-up, data-efficiency, or other form of performance benefit. Questions remain regarding the practical advantages of QML, with the vast majority of existing literature pointing to its greater utility when applied to quantum data rather than classical data, which within a smart grid environment include TCP/IP packets or telemetry measurements. In this paper, we explore a scenario where quantum data may arise in the smart grid, and exploit a quantum algorithmic primitive previously proposed in the literature to demonstrate that in the best-case, QML can provide accuracy advantages of > 25 percentage points when predicting anomalies.","[Nader, Andrew; Kundur, Deepa] Univ Toronto, Edward S Rogers Sr Dept Elect & Comp Engn, Toronto, ON, Canada; [Dubois, Marc-Andre] Hydroquebec Res Inst IREQ, Varennes, PQ, Canada","","Nader, A (corresponding author), Univ Toronto, Edward S Rogers Sr Dept Elect & Comp Engn, Toronto, ON, Canada.","andrew.nader@mail.utoronto.ca","","","","","","","","3","3","","","","","","","","","","","OCT 16","2023","11","","","","","","","","1061602","10.3389/fenrg.2023.1061602","0","","","","","","","","","Green Submitted, gold","","","2026-10-01","WOS:001099291800001","0"
"J","Siddharthan, H; Deepa, T; Chandhar, P","","","","Siddharthan, Hariprasad; Deepa, T.; Chandhar, Prabhu","","","SENMQTT-SET: An Intelligent Intrusion Detection in IoT-MQTT Networks Using Ensemble Multi Cascade Features","IEEE ACCESS","","","English","Article","","","","","","Protocols; Quality of service; Sensors; Internet of Things; Wireless sensor networks; Logic gates; Telemetry; IoT-MQTT networks; DoS; multi-cascade features; machine learning","NEW-GENERATION; IMPLEMENTATION; PROTOCOL; SECURITY","Recently, the number of Internet of Things (IoT) networks has been grown exponentially, which results in more data sharing between devices without appropriate security mechanisms. Since huge data management is involved, maintaining the time constraints between the devices in IoT networks is another significant issue. To address these issues, an intelligent intrusion detection system has been adapted to recognize or predict a cyber-attack using Elite Machine Learning algorithms (EML), and a lightweight protocol is used to manage the time-constrained issue. The experimental analysis of work is done on a testbed setup with the hardware and sensors connected using a lightweight Message Queue Telemetry Transport (MQTT) protocol. This comprises three parts: (i) collection of data with the help of a sensor for three different scenarios called SEN-MQTTSET; (ii) multi-context feature generation using an ensemble statistical multi-view cascade feature generation algorithm from the SEN-MQTTSET dataset; and (iii) evaluating the dataset using ML algorithms. The SEN-MQTTSET dataset has been created from the three scenarios, such as normal, attack on a subscriber, and attack on a broker. The multi-context feature is generated from the raw dataset using an ensemble statistical multi-view cascade feature generation algorithm. The EML is proposed to select the best model for intrusion detection among ML algorithms such as Logistic Regression, K-Nearest Neighbour, Random Forest, Naive Bias, Support Vector Machine, Gradient Boosting, and Decision Tree by the performance metrics such as accuracy, prediction time, F1-score, and others. The proposed dataset is validated and the accuracy is found to be above 99% for the considered system model. Different quality parameters have been carried out for legitimate and attack traffic features to calculate the delay between the IoT-MQTT network.","[Siddharthan, Hariprasad; Deepa, T.] SRM Inst Sci & Technol, Chennai 603203, Tamil Nadu, India; [Chandhar, Prabhu] Chandhar Res Labs, Chennai 600030, Tamil Nadu, India","","Deepa, T (corresponding author), SRM Inst Sci & Technol, Chennai 603203, Tamil Nadu, India.","deepat@srmist.edu.in","","","","","","","","41","50","","","","","","","","","","","","2022","10","","","","","","33095","33110","","10.1109/ACCESS.2022.3161566","0","","","","","","","","","Green Submitted, gold","","","2026-10-01","WOS:000776031500001","0"
"J","Elwhishi, A; Younis, AA; Akhunzada, A","","","","Elwhishi, Ahmed; Younis, Awad A.; Akhunzada, Adnan","","","Attention-Enhanced Hybrid Architecture for Efficient Intrusion Detection in Industrial IoT","IEEE OPEN JOURNAL OF THE COMMUNICATIONS SOCIETY","","","English","Article","","","","","","Industrial Internet of Things; Intrusion detection; Computational modeling; Feature extraction; Computer architecture; Security; Accuracy; Bidirectional long short term memory; Image edge detection; Real-time systems; Industrial Internet of Things (IIoT); Internet of Things (IoT); intrusion detection system (IDS); deep learning (DL); Kolmogorov-Arnold network (KAN); bidirectional long short-term memory (BiLSTM); attention mechanism; artificial intelligence (AI); cyber threat intelligence (CTI); network security","NEURAL-NETWORK; LSTM","The rapid convergence of the Internet of Things (IoT) and the Industrial Internet of Things (IIoT) has increased exposure to advanced and coordinated cyber threats. Existing deep learning-based intrusion detection system (IDS) designs often suffer from high computational cost, limited interpretability, and poor handling of temporal dependencies in IIoT traffic. To address these challenges, we propose CKAN-BiLSTM, a hybrid architecture that integrates 1D convolutional Kolmogorov-Arnold networks (CKAN) for compact and interpretable spatial feature extraction with a bidirectional long short-term memory (BiLSTM) module for temporal modeling and a dot-product attention mechanism for dynamic feature prioritization. The design preserves the parameter efficiency of Kolmogorov-Arnold networks (KANs) while capturing the long-range dependencies essential for IIoT traffic analysis. The proposed framework is evaluated on the publicly available TON-IoT dataset, which includes telemetry and network traffic from diverse IoT and IIoT devices, spanning seven device types and multiple attack families. The model is extensively validated under a 10-fold cross-validation setup using both conventional and advanced performance metrics. Device-wise analysis shows consistently low off-diagonal errors despite class imbalance, and benchmark comparisons situate our results within a broad range of IoT/IIoT IDS studies, indicating competitive performance without relying on parameter-heavy architectures. These results establish CKAN-BiLSTM as an effective and lightweight IDS for real-time IIoT intrusion detection, paving the way for future extensions to streaming adaptation and privacy-preserving federated learning.","[Elwhishi, Ahmed] Univ Doha Sci & Technol, Coll Comp & IT, Dept Data Sci & Artificial Intelligence, Doha, Qatar; [Younis, Awad A.; Akhunzada, Adnan] Univ Doha Sci & Technol, Coll Comp & IT, Dept Data & Cybersecur, Doha, Qatar","","Younis, AA; Akhunzada, A (corresponding author), Univ Doha Sci & Technol, Coll Comp & IT, Dept Data & Cybersecur, Doha, Qatar.","awad.mussa@udst.edu.qa; adnan.adnan@udst.edu.qa","","","","","","","","3","3","","","","","","","","","","","","2026","7","","","","","","1330","1347","","10.1109/OJCOMS.2026.3661768","0","","","","","","","","","gold","","","2026-10-01","WOS:001691024800003","0"
"J","Janabi, AH; Kanakis, T; Johnson, M","","","","Janabi, Ahmed H.; Kanakis, Triantafyllos; Johnson, Mark","","","Overhead Reduction Technique for Software-Defined Network Based Intrusion Detection Systems","IEEE ACCESS","","","English","Article","","","","","","Control systems; Security; Process control; Feature extraction; Intrusion detection; Data models; Cancer; Naive Bayes-protection system based distribution process (NB-PSDP); Naive Bayes (NB); software-defined network (SDN); intrusion detection system (IDS); machine learning (ML); distribution process; CSE-CIC-IDS2018 dataset","","In Software-Defined Networks, the Intrusion Detection System is receiving growing attention, due to the expansion of the internet and cloud storage. This system is vital for institutions that use cloud services and have many users. Although the Intrusion Detection System offers several security features, its performance is lagging behind in large enterprise networks. Existing approaches are based on centralised processing and use many features to implement a protection system. Therefore, system overload and poor performance occur on the controller and OpenFlow switches. As a result, the current solutions create issues that must be considered, especially when they are implemented on large networks. Furthermore, enhancements in security applications improve the reliability of networks. Following a literature review of the existing Intrusion Detection Systems, this paper presents a new model that offers decentralised processing and exchanges data over an independent channel, in order to solve issues relating to system overload and poor performance. Our model utilises an appropriate feature selection method to reduce the number of extracted features and minimise the data transmitted over the channels. Additionally, the Naive Bayes algorithm has been employed for flow classification purposes, since it is a fast classifier. We successfully implemented our framework, using the Mininet emulator, which provides a suitable networking environment. Evaluations indicate that our proposed system can detect various attacks with an accuracy of 98.46% and nominal decreasing rates of 1.5% in throughput and 0.7% in latency analyses, when the model is implemented in wide range networks.","[Janabi, Ahmed H.; Kanakis, Triantafyllos; Johnson, Mark] Univ Northampton, Dept Comp, Northampton NN1 5PH, England; [Janabi, Ahmed H.] Al Mustaqbal Univ Coll, Dept Air Conditioning & Refrigerat, Babylon 51001, Iraq","","Janabi, AH (corresponding author), Univ Northampton, Dept Comp, Northampton NN1 5PH, England.;Janabi, AH (corresponding author), Al Mustaqbal Univ Coll, Dept Air Conditioning & Refrigerat, Babylon 51001, Iraq.","ahmed.janabi@northampton.ac.uk","","","","","","","","15","15","","","","","","","","","","","","2022","10","","","","","","66481","66491","","10.1109/ACCESS.2022.3184722","0","","","","","","","","","Green Accepted, Green Submitted, gold","","","2026-10-01","WOS:000818806500001","0"
"J","Nagavel, V; Bhuvaneswari, PTV; Ramesh, P; Tamaraiselvi, K","","","","Nagavel, Vidhya; Bhuvaneswari, P. T. V.; Ramesh, Parameswaran; Tamaraiselvi, K.","","","Secured framework for IoT based healthcare application","SCIENTIFIC REPORTS","","","English","Article","","","","","","Internet of Things (IoT); Smart Healthcare; Blockchain; Machine learning; Data security; Diabetes prediction","","The Internet of Things (IoT) allows continuous health monitoring through the interconnection of wearable and medical devices with computing and storage infrastructures. As cyber threats grow and the sensitivity of healthcare information increases, data integrity, privacy, and access control become critical concerns in digital healthcare environments. This paper proposes a secure IoT-based healthcare framework that integrates machine learning and blockchain techniques for data protection and intelligent health risk assessment.The proposed framework uses cryptographic hashing, Merkle tree construction, digital signatures, and a threshold-based blockchain validation mechanism to enhance the integrity and secure handling of healthcare data in a permissioned simulation environment. The blockchain validation mechanism is evaluated through simulated tampering, replay, and high-load scenarios to assess the integrity verification capability of the proposed framework.Various machine learning models are trained and evaluated on medical datasets to predict disease risk, and their performance is measured using accuracy, precision, recall, and F1-score metrics. The framework is implemented in Python and deployed in a scalable cloud-based environment. Experimental results demonstrate that the proposed framework improves healthcare data integrity verification and supports reliable predictive performance for secure digital healthcare applications.","[Nagavel, Vidhya; Bhuvaneswari, P. T. V.; Ramesh, Parameswaran; Tamaraiselvi, K.] Anna Univ, Madras Inst Technol, Dept Elect Engn, Chennai, Tamil Nadu, India","","Nagavel, V (corresponding author), Anna Univ, Madras Inst Technol, Dept Elect Engn, Chennai, Tamil Nadu, India.","vin.vidhya612@gmail.com","","","","","","","","0","0","","","","","","","","","","","MAY 2","2026","16","1","","","","","","","20386","10.1038/s41598-026-51036-6","0","","MAY 2026","","","","","","","Green Submitted, gold","","","2026-10-01","WOS:001811563200012","0"
"J","Freeman, R; Bagui, SS; Bagui, SC; Mink, D; Cameron, S; De Carvalho, GCS","","","","Freeman, Raymond; Bagui, Sikha S.; Bagui, Subhash C.; Mink, Dustin; Cameron, Sarah; De Carvalho, Germano Correa Silva","","","A Hybrid Time Series Forecasting Model Combining ARIMA and Decision Trees to Detect Attacks in MITRE ATT&CK Labeled Zeek Log Data","ELECTRONICS","","","English","Article","","","","","","ARIMA; Decision Tree classifier; Intrusion Detection Systems; MITRE ATT&CK framework; Zeek Log Data; time series forecasting; anomaly detection; hybrid machine learning model","","Intrusion detection systems face challenges in processing high-volume network traffic while maintaining accuracy across diverse low volume attack types. This study presents a hybrid approach combining ARIMA time series forecasting with Decision Tree classification to detect attacks in Zeek network flow data labeled with MITRE ATT&CK tactics, leveraging PySpark for scalability. ARIMA identifies temporal anomalies which Decision Trees then classify by attack type. The ARIMA model was evaluated across 13 MITRE ATT&CK tactics, though only 7 maintained sufficient class balance for valid assessment. Results are reported at three evaluation levels: Baseline (Decision Tree only), ARIMA-DT (Decision Tree tested on ARIMA-filtered anomalies), and End-to-End (pipeline performance measured against the original test population). The hybrid model demonstrated two distinct benefits: performance improvement for detectable attacks and detection enablement for previously undetectable attacks. For high-volume attacks with existing baseline detection, ARIMA preprocessing substantially improved performance, for example, Reconnaissance achieved an ARIMA-DT F1 score of 99.71% (from a baseline of 80.88%) with End-to-End metrics confirming this improvement at 97.59% F1-score. Credential Access reached a perfect 100% precision and recall on the ARIMA-filtered subset (from a baseline recall of 7.48%); however, End-to-End evaluation revealed that ARIMA filtering removed the vast majority of Credential Access attacks, resulting in a 1.28% End-to-End F1-score-worse than the baseline F1-score of 7.41%-demonstrating that the hybrid pipeline is counterproductive for attack types whose flow characteristics closely resemble legitimate traffic. More significantly, ARIMA preprocessing enabled detection where traditional Decision Trees completely failed (0% recall) for four stealthy attack types: Defense Evasion (ARIMA-DT recall of 93.22%, End-to-End 67.83%), Discovery (ARIMA-DT recall of 100%, End-to-End 63.43%), Persistence (ARIMA-DT recall of 86.92%, End-to-End 73.38%), and Privilege Escalation (ARIMA-DT recall of 89.93%, End-to-End 64.68%). These results demonstrate that ARIMA-based statistical anomaly detection is particularly effective for attacks involving subtle, low-volume activities that blend with legitimate operations, while also improving classification accuracy for high-volume reconnaissance activities.","[Freeman, Raymond; Bagui, Sikha S.; Cameron, Sarah; De Carvalho, Germano Correa Silva] Univ West Florida, Dept Comp Sci, Pensacola, FL 32514 USA; [Bagui, Subhash C.] Univ West Florida, Dept Math & Stat, Pensacola, FL 32514 USA; [Mink, Dustin] Univ West Florida, Dept Cybersecur, Pensacola, FL 32514 USA","","Bagui, SS (corresponding author), Univ West Florida, Dept Comp Sci, Pensacola, FL 32514 USA.","bagui@uwf.edu; sec80@students.uwf.edu; gc100@students.uwf.edu","","","","","","","","1","2","","","","","","","","","","","FEB 19","2026","15","4","","","","","","","871","10.3390/electronics15040871","0","","","","","","","","","gold","","","2026-10-01","WOS:001700998200001","0"
"J","Alasmari, R; Alhogail, A","","","","Alasmari, Rana; Alhogail, Areej","","","Protecting Smart-Home IoT Devices From MQTT Attacks: An Empirical Study of ML-Based IDS","IEEE ACCESS","","","English","Article","","","","","","IoT security; intrusion detection; machine learning; MQTT; smart homes; automatic feature engineering; resampling techniques","INTRUSION DETECTION; SYSTEM","Smart homes are becoming increasingly popular worldwide, and they are mainly based on Internet of Things (IoT) technologies to enable their functionality. However, because IoT devices have limited computing power and resources, implementing strong security measures is difficult, making the use of intrusion detection systems (IDS) an appropriate option. In this study, we propose an optimized model with high performance for intrusion detection in Message Queue Telemetry Transport protocol (MQTT)-based IoT networks for smart homes. This is done by studying 22 Machine Learning (ML) algorithms based on an extended two-stage evaluation approach that includes several aspects for optimizing and validating the performance to find the ideal model. Based on the empirical evaluation, the Generalized Linear Model (GLM) classifier with the random over-sampling technique produced the best detection performance with 100% accuracy and an f-score of 100%, outperforming previous studies. This study also investigated the influence of automatic feature engineering techniques on the performance of algorithms. With the automatic feature engineering technique, the performance increased by up to 38.9%, and the time required to classify the attacks decreased by up to 67.7%. This shows that automatic feature engineering can improve performance and reduce detection time.","[Alasmari, Rana] King Saud Univ, Coll Comp & Informat Sci, Riyadh 11362, Saudi Arabia; [Alhogail, Areej] King Saud Univ, Coll Comp & Informat Sci, STCs Artificial Intelligence Chair, Dept Informat Syst, Riyadh 11362, Saudi Arabia","","Alhogail, A (corresponding author), King Saud Univ, Coll Comp & Informat Sci, STCs Artificial Intelligence Chair, Dept Informat Syst, Riyadh 11362, Saudi Arabia.","aalhogail@ksu.edu.sa","","","","","","","","18","19","","","","","","","","","","","","2024","12","","","","","","25993","26004","","10.1109/ACCESS.2024.3367113","0","","","","","","","","","Green Submitted, gold","","","2026-10-01","WOS:001169927700001","0"
"J","Haxhismajli, B; Marinova, G; Hajrizi, E; Qehaja, B","","","","Haxhismajli, Behar; Marinova, Galia; Hajrizi, Edmond; Qehaja, Besnik","","","Unsupervised Deep Learning-Based Network Traffic Anomaly Detection for DDoS Mitigation in Smart Microgrid Communication Infrastructure","TELECOM","","","English","Article","","","","","","microgrid cybersecurity; DDoS detection; unsupervised anomaly detection; CNN-LSTM; OT protocols; Modbus TCP; MQTT; DNP3; network traffic analysis; isolation forest; autoencoder","","Smart microgrids depend on continuous communication between controllers, sensors, and actuators over industrial protocols like Modbus TCP, message queuing telemetry transport (MQTT), and distributed network protocol 3 (DNP3), which were designed without built-in security mechanisms. The gateway that aggregates this traffic represents a single point of failure and is vulnerable to distributed denial-of-service (DDoS) attacks. Most existing detection methods require labeled attack data for training, a condition rarely met in operational technology (OT) environments. This paper presents an unsupervised convolutional neural network-long short-term memory (CNN-LSTM) model trained exclusively on normal microgrid gateway traffic to predict the next traffic window; anomalies are flagged when the prediction error exceeds a threshold derived from the training distribution. A dual-branch architecture processes metric time-series through LSTM layers and flow aggregate features through CNN layers, fusing both representations for prediction. The model is evaluated against three protocol-specific DDoS attack scenarios-Modbus supervisory control and data acquisition (SCADA) flooding, MQTT publish storm, and DNP3 response flooding-none of which are seen during training. Compared against an isolation forest baseline and an autoencoder baseline under identical unsupervised conditions, the CNN-LSTM achieves higher precision and recall on all attack types. The framework is deployed within a web-based monitoring platform that supports real-time detection and anomaly logging.","[Haxhismajli, Behar; Marinova, Galia; Hajrizi, Edmond; Qehaja, Besnik] Tech Univ Sofia, Fac Telecommun, Sofia 1756, Bulgaria","","Haxhismajli, B; Marinova, G (corresponding author), Tech Univ Sofia, Fac Telecommun, Sofia 1756, Bulgaria.","behar.haxhismajli@ubt-uni.net; gim@tu-sofia.bg; ehajrizi@ubt-uni.net; besnik.qehaja@ubt-uni.net","","","","","","","","1","1","","","","","","","","","","","MAY 25","2026","7","3","","","","","","","58","10.3390/telecom7030058","0","","MAY 2026","","","","","","","gold","","","2026-10-01","WOS:001802033700001","0"
"J","Bilal, MA; Ul Islam, I; Khan, MJ; Nisar, S; Farooq, M; Khan, H","","","","Bilal, Muhammad Ahmad; Ul Islam, Ihtesham; Khan, Muhammad Junaid; Nisar, Shibli; Farooq, Maemoona; Khan, Hassan","","","Secure and Explainable Federated Learning for IoT Intrusion Detection: A Comprehensive Survey","IEEE OPEN JOURNAL OF THE COMMUNICATIONS SOCIETY","","","English","Article","","","","","","Telemetry; Aerospace and electronic systems; Payloads; Sonar; Military aircraft; Space technology; Feeds; Frequency modulation; Radio broadcasting; System-on-chip; Adversarial robustness; DP; XAI; IoT intrusion detection; non-IID client heterogeneity; secure aggregation; secure FL; SOC decision support and auditability","ARTIFICIAL-INTELLIGENCE; TRAFFIC CLASSIFICATION; CHALLENGES; ATTACKS; SYSTEMS; AI; MODELS; OPPORTUNITIES; TECHNOLOGY; VALIDATION","Federated learning (FL) is increasingly used for internet of things (IoT) intrusion detection to avoid centralizing sensitive telemetry, but decentralization alone does not guarantee privacy: model updates can leak data, and FL introduces new integrity risks (poisoning, backdoors, sybils, partial participation). At the same time, explainable artificial intelligence (XAI) is being added to improve analyst trust, yet in FL settings, explanations can drift across non-independent and identically distributed (IID) clients even when accuracy appears stable, and privacy mechanisms such as secure aggregation and differential privacy (DP) can distort the signals that attribution methods rely on. This survey synthesizes secure and explainable FL-intrusion detection system (IDS) through an artifact-centric lens (data, updates, and explanations), unifying threat models, heterogeneity, explanation primitives, and evaluation practice. Unlike prior surveys that discuss FL-IDS, privacy, and explainability largely as separate themes, this article systematizes them within a single artifact-centric framework that jointly analyzes data artifacts, model-update artifacts, and explanation artifacts under explicit confidentiality and integrity threat models. We provide: 1) a structured threat and risk view spanning confidentiality and integrity; 2) an evaluation and reporting discipline that treats attack success, privacy leakage, calibration, and explanation faithfulness as first-class metrics; 3) a synthesis mapping recurring gaps into concrete, testable contributions; and 4) a minimal standardization checklist and reference architecture with deployable design patterns that enforce traceability, governance, and comparability across studies. The goal is to shift the literature from isolated demonstrations to defensible, reproducible evidence under explicit threat models and operational constraints.","[Bilal, Muhammad Ahmad; Ul Islam, Ihtesham; Farooq, Maemoona] Natl Univ Sci & Technol, Mil Coll Signals, Dept Comp Software Engn, Islamabad 46000, Pakistan; [Khan, Muhammad Junaid; Nisar, Shibli] Natl Univ Sci & Technol, Mil Coll Signals, Dept Elect Engn, Islamabad 46000, Pakistan; [Khan, Hassan] Univ Galway, Data Sci Inst, Galway H91 TK33, Ireland","","Khan, H (corresponding author), Univ Galway, Data Sci Inst, Galway H91 TK33, Ireland.","h.khan5@universityofgalway.ie","","","","","","","","2","2","","","","","","","","","","","","2026","7","","","","","","3650","3679","","10.1109/OJCOMS.2026.3681580","0","","","","","","","","","Green Submitted, gold","","","2026-10-01","WOS:001740762800005","0"
"J","Mishra, LN; Senapati, B","","","","Mishra, Lalit Narayan; Senapati, Biswaranjan","","","FraudFusion: A Multi-Modal Ensemble Framework for Anomaly-Based Fraud Detection in Retail POS Systems","IEEE ACCESS","","","English","Article","","","","","","Fraud; Real-time systems; Image edge detection; Anomaly detection; Telemetry; Machine learning; Artificial intelligence; Robustness; Ensemble learning; Finance; Fraud detection; multi-modal learning; point-of-sale systems; anomaly detection; ensemble learning; context-aware systems; edge computing; explainable artificial intelligence (XAI); adversarial robustness; out-of-distribution detection; retail cybersecurity; real-time analytics","ARTIFICIAL-INTELLIGENCE","Fraudulent activities targeting retail Point-of-Sale (POS) systems are becoming increasingly sophisticated and surpassing the capabilities of predominant rule-based or single-modal machine learning model-based defense mechanisms, as they struggle to capture the complex and evolving fraudulent activity patterns. As a result, the digital economy is experiencing a growing concern originating from increasing financial losses based on fraudulent activities at retail POS systems. This paper presents FraudFusion, a novel multi-modal ensemble learning explainable framework designed to enhance fraud detection in retail POS environments. It fuses transactional, device telemetry, and behavioral context into a unified vector that ensures defense against a wide range of fraudulent attempts. A novel Context-Aware Dynamic Modality Weighting (CADMW) mechanism has been introduced in this framework that dynamically adjusts learner contributions per transaction based on real-time modality relevance. Besides, a unique combination of context-aware pruning and quantization further optimizes the system response and resource utilization for edge devices, making it an appropriate solution for resource-constrained environments. The application of the FraudFusion framework on real-world retail transactions demonstrates an impressive fraudulent activity detection accuracy of 94.9%. The precision, recall, and F1-score values are 94.2%, 94.8%, and 94.5%, respectively. With 41.9% CPU resources and 148 MB RAM, it responds in real-time with only 72.6 ms latency. Moreover, it demonstrates resilience to a wide range of adversarial attacks through Out-of-Distribution (OOD) samples. Most importantly, it is an explainable system, which is essential for the application of Artificial Intelligence (AI) in the financial sector. In a nutshell, the FraudFusion framework is an interpretable, scalable, and optimized solution equipped with advanced capabilities to detect next-generation fraudulent activities at retail POS systems.","[Mishra, Lalit Narayan] Lowes, Mooresville, NC 28117 USA; [Senapati, Biswaranjan] UALR, Dept Comp Sci, Little Rock, AR 72204 USA","","Mishra, LN (corresponding author), Lowes, Mooresville, NC 28117 USA.","Lnm8910@gmail.com","","","","","","","","5","5","","","","","","","","","","","","2026","14","","","","","","10436","10456","","10.1109/ACCESS.2026.3655398","0","","","","","","","","","gold","","","2026-10-01","WOS:001669231000038","0"
"J","Aljumah, A; Ahanger, TA; Ullah, I","","","","Aljumah, Abdullah; Ahanger, Tariq Ahamed; Ullah, Imdad","","","Unmanned Aerial Vehicles-based blockchain-inspired Intelligent framework for collaborative intrusion detection","ICT EXPRESS","","","English","Article","","","","","","Internet of Things; Security; Blockchain; Intrusion detection; UAV","OF-THE-ART; NETWORKS; IOT","Unmanned Aerial Vehicles (UAVs) are increasingly deployed across diverse domains such as surveillance, logistics, and disaster management. However, ensuring the safety, security, and trustworthiness of UAV operations remains a significant challenge, primarily due to vulnerabilities in centralized data processing architectures. Traditional UAV systems rely on remote cloud servers to perform machine learning (ML)-based analytics, which introduces issues such as data exposure, latency, scalability bottlenecks, and susceptibility to cyberattacks during data transmission and storage. These challenges underscore the urgent need for a decentralized, verifiable, and privacy-preser ving learning mechanism that can support collaborative UAV intelligence without centralized control. To address these limitations, this study proposes a blockchain-enabled distributed ML framework that facilitates secure, peer-to-peer collaboration among UAV nodes. The framework integrates blockchain's immutable ledger and smart contracts with decentralized ML models, enabling UAVs to share and validate trained models rather than raw data. This ensures data confidentiality, integrity, and transparency throughout the learning process. A stacking-based ensemble mechanism is employed to enhance predictive performance through collaborative knowledge aggregation. The proposed system is experimentally validated using a collaborative intrusion detection (ID) scenario using the KDD99 network attack data set and real-world implementation. The results demonstrate significant improvements in detection accuracy, latency and F1-score compared to conventional centralized ML methods, achieving an average accuracy of 97.9%, latency 198ms, and F1-score exceeding 97%. These outcomes confirm that the integration of blockchain and decentralized ML effectively mitigates cybersecurity risks while enabling scalable, trustworthy UAV intelligence.","[Aljumah, Abdullah; Ahanger, Tariq Ahamed] Prince Sattam Bin Abdulaziz Univ, Coll Comp Engn & Sci, Al Kharj 11942, Saudi Arabia; [Ullah, Imdad] Univ Sydney, Sch Comp Sci, Fac Engn, Sydney, NSW 2006, Australia","","Aljumah, A; Ahanger, TA (corresponding author), Prince Sattam Bin Abdulaziz Univ, Coll Comp Engn & Sci, Al Kharj 11942, Saudi Arabia.","aljumah@psau.edu.sa; t.ahanger@psau.edu.sa; imdad.ullah@sydney.edu.au","","","","","","","","1","1","","","","","","","","","","","APR","2026","12","2","","","","","336","352","","10.1016/j.icte.2025.12.008","0","","","","","","","","","Green Submitted, gold","","","2026-10-01","WOS:001717292700001","0"
"J","Ioannou, I; Georgiades, M","","","","Ioannou, Iacovos; Georgiades, Michael","","","Quantum-Assisted Cross-Layer Intrusion Detection and Distributed-AI-Driven (QSec-DAI) Active Attribution of Insider and Man-in-the-Middle Attacks in Cooperative Sensing","ELECTRONICS","","","English","Article","","","","","","intrusion detection; attack attribution; insider threat; man-in-the-middle; cross-layer security; post-quantum cryptography; Byzantine attacks; quantum key distribution; distributed artificial intelligence; cooperative sensing","CONSENSUS; LOCALIZATION","Cooperative sensing systems that exchange state estimates are exposed to two types of adversaries, namely, insiders who transmit correctly authenticated falsified content and outsiders who modify messages in transit after compromising a symmetric link key, each requiring a distinct mitigation strategy. These attacks are observationally identical to a detector that examines only message content, although an insider must be revoked and an outsider must be countered through key rotation and link hardening. To distinguish between insider falsification and outsider in-transit message modification, a cross-layer intrusion detection and attack-attribution framework named QSec-DAI is proposed. Per-message anomaly scores are supplied by a recurrent detector, and a hybrid-symmetric, post-quantum and quantum authentication stack is arbitrated by belief-desire-intention agents under a finite-key budget. Authentication is used as an active probe because a suspicious link is hardened, and the persistence or disappearance of the anomaly is then observed. On real cooperative-localization data, an area under the receiver operating characteristic curve of 0.981 is achieved. Benign, insider and outsider classes are attributed with a macro-averaged accuracy of 0.794 and a man-in-the-middle recall of 0.719. Under the explicitly defined attribution mapping, outsider recall is zero for the evaluated baselines that remain in fixed-symmetric mode after key exposure. In the real-data evaluation, malicious influence on fusion is limited to 0.10 percent. The no-cooperation control indicates that several classical defenses suppress attacks mainly by discarding cooperative information rather than by preserving useful cooperation. Protocol-level fault injection shows that replay is rejected while monotonic freshness state is intact, whereas compromise of the verifier or of all independent strong credentials removes defensible outsider identifiability. The quantum component is therefore presented as one resource-constrained strong-authentication option rather than as a source of quantum-enhanced anomaly detection.","[Ioannou, Iacovos; Georgiades, Michael] Neapolis Univ Pafos, Dept Comp Sci, CY-8042 Paphos, Cyprus","","Ioannou, I (corresponding author), Neapolis Univ Pafos, Dept Comp Sci, CY-8042 Paphos, Cyprus.","ioannou.iakovos@ucy.ac.cy; m.georgiades@nup.ac.cy","","","","","","","","0","0","","","","","","","","","","","AUG 14","2026","15","16","","","","","","","3620","10.3390/electronics15163620","0","","AUG 2026","","","","","","","gold","","","2026-10-01","WOS:001858828700001","0"
"J","Sahu, A; Mao, ZY; Wlazlo, P; Huang, H; Davis, K; Goulart, A; Zonouz, S","","","","Sahu, Abhijeet; Mao, Zeyu; Wlazlo, Patrick; Huang, Hao; Davis, Katherine; Goulart, Ana; Zonouz, Saman","","","Multi-Source Multi-Domain Data Fusion for Cyberattack Detection in Power Systems","IEEE ACCESS","","","English","Article","","","","","","Data integration; Power systems; Cyberattack; Sensors; Sensor fusion; Intrusion detection; Feature extraction; Multi-sensor data fusion; intrusion detection system; co-training; supervised learning; unsupervised learning; cyber-physical systems; power systems","NETWORK INTRUSION DETECTION","Modern power systems equipped with advanced communication infrastructure are cyber-physical in nature. The traditional approach of leveraging physical measurements for detecting cyber-induced physical contingencies is insufficient to reflect the accurate cyber-physical states. Moreover, deploying conventional rule-based and anomaly-based intrusion detection systems for cyberattack detection results in higher false positives. Hence, independent usage of detection tools of cyberattacks in cyber and physical sides has a limited capability. In this work, a mechanism to fuse real-time data from cyber and physical domains, to improve situational awareness of the whole system is developed. It is demonstrated how improved situational awareness can help reduce false positives in intrusion detection. This cyber and physical data fusion results in cyber-physical state space explosion which is addressed using different feature transformation and selection techniques. Our fusion engine is further integrated into a cyber-physical power system testbed as an application that collects cyber and power system telemetry from multiple sensors emulating real-world data sources found in a utility. These are synthesized into features for algorithms to detect cyber intrusions. Results are presented using the proposed data fusion application to infer False Data and Command Injection (FDI and FCI)-based Man-in-The-Middle attacks. Post collection, the data fusion application uses time-synchronized merge and extracts features. This is followed by pre-processing such as imputation, categorical encoding, and feature reduction, before training supervised, semi-supervised, and unsupervised learning models to evaluate the performance of the intrusion detection system. A major finding is the improvement of detection accuracy by fusion of features from cyber, security, and physical domains. Additionally, it is observed that the semi-supervised co-training technique performs at par with supervised learning methods with the proposed feature vector. The approach and toolset, as well as the dataset that is generated can be utilized to prevent threats such as false data or command injection attacks from being carried out by identifying cyber intrusions accurately.","[Sahu, Abhijeet; Mao, Zeyu; Huang, Hao; Davis, Katherine] Texas A&M Univ, Dept Elect & Comp Engn, College Stn, TX 77843 USA; [Wlazlo, Patrick; Goulart, Ana] Texas A&M Univ, Elect Syst Engn Technol Program, College Stn, TX 77843 USA; [Zonouz, Saman] Rutgers State Univ, Dept Elect & Comp Engn, New Brunswick, NJ 08854 USA","","Sahu, A (corresponding author), Texas A&M Univ, Dept Elect & Comp Engn, College Stn, TX 77843 USA.","abhijeet_ntpc@tamu.edu","","","","","","","","2","11","","","","","","","","","","","","2021","9","","","","","","119118","119138","","10.1109/ACCESS.2021.3106873","0","","","","","","","","","Green Submitted, gold","","","2026-10-01","WOS:000692175600001","0"
"J","Hassan, F; Yu, JG; Syed, ZS; Magsi, AH; Ahmed, N","","","","Hassan, Fayaz; Yu, Jianguo; Syed, Zafi Sherhan; Magsi, Arif Hussain; Ahmed, Nadeem","","","Developing Transparent IDS for VANETs Using LIME and SHAP: An Empirical Study br","CMC-COMPUTERS MATERIALS & CONTINUA","","","English","Article","","","","","","Intrusion detection system; machine learning; security; vehicular networks","OBJECT DETECTION; SHIP DETECTION; CLASSIFICATION","Vehicular Ad-hoc Networks (VANETs) are mobile ad-hoc networks that use vehicles as nodes to create a wireless network. Whereas VANETs offer many advantages over traditional transportation networks, ensuring security in VANETs remains a significant challenge due to the potential for malicious attacks. This study addresses the critical issue of security in VANETs by introducing an intelligent Intrusion Detection System (IDS) that merges Machine Learning (ML)-based attack detection with Explainable AI (XAI) explanations. This study ML pipeline involves utilizing correlation-based feature selection followed by a Random Forest (RF) classifier that achieves a classification accuracy of 100% for the binary classification task of identifying normal and malicious traffic. An innovative aspect of this study is the incorporation of XAI methodologies, specifically the Local Interpretable Model-agnostic Explanations (LIME) and SHapley Additive exPlanations (SHAP). In addition, this research also considered key features identified by mutual information-based feature selection for the task at hand. The major findings from this study reveal that the XAI-based intrusion detection methods offer distinct insights into feature importance. Key features identified by mutual information, LIME, and SHAP predominantly relate to Transmission Control Protocol (TCP), Hypertext Transfer Protocol (HTTP), Domain Name System (DNS), and Message Queuing Telemetry Transport (MQTT) protocols, highlighting their significance in distinguishing normal and malicious network activity. This XAI approach equips cybersecurity experts with a robust means of identifying and understanding VANET malicious activities, forming a foundation for more effective security countermeasures.","[Hassan, Fayaz; Yu, Jianguo] Beijing Univ Post & Telecommun, Sch Elect Engn, Beijing Key Lab Work Safety Intelligent Monitorin, Beijing 100876, Peoples R China; [Syed, Zafi Sherhan] Mehran Univ Engn & Technol, Dept Telecommun Engn, Jamshoro 76062, Pakistan; [Magsi, Arif Hussain] Beijing Univ Post & Telecommun, State Key Lab Networking & Switching Technol, Beijing 100876, Peoples R China; [Ahmed, Nadeem] Beijing Univ Post & Telecommun, Sch Elect Sci, Beijing 100876, Peoples R China","","Hassan, F (corresponding author), Beijing Univ Post & Telecommun, Sch Elect Engn, Beijing Key Lab Work Safety Intelligent Monitorin, Beijing 100876, Peoples R China.","fayaz.hassan@bupt.edu.cn","","","","","","","","10","11","","","","","","","","","","","","2023","77","3","","","","","3185","3208","","10.32604/cmc.2023.044650","0","","","","","","","","","gold","","","2026-10-01","WOS:001156830100025","0"
"J","Anistoroaei, A; Iosif, P; Burlacu, C; Berdich, A; Groza, B","","","","Anistoroaei, Alfred; Iosif, Patricia; Burlacu, Camelia; Berdich, Adriana; Groza, Bogdan","","","AudioUnlock: Device-to-Device Authentication via Acoustic Signatures and One-Class Classifiers","SENSORS","","","English","Article","","","","","","smartphone fingerprinting; microphone; loudspeaker; machine learning; acoustic signature","IDENTIFICATION","Acoustic fingerprints can be used for device-to-device authentication due to manufacturing-induced variations in microphones and speakers. However, previous works have focused mostly on recognizing single devices from a set of multiple devices, which may not be sufficiently realistic since in practice, a single device has to be recognized from a very large pool of devices that are not available for training machine learning classifiers. Therefore, in this work, we focus on one-class classification algorithms, namely one-class Support Vector Machine and the local outlier factor. As such, learning the fingerprint of a single device is sufficient to recognize the legitimate device and reject all other attempts to impersonate it. The proposed application can also rely on cloud-based deployment to free the smartphone from intensive computational tasks or data storage. For the experimental part, we rely both on smartphones and an automotive-grade Android headunit, exploring in-vehicle environments as the main area of application. We create a dataset consisting of more than 5000 measurements and achieve a recognition rate ranging from 50% to 100% for different devices under various environmental conditions such as distance, altitude, and component aging. These conditions also serve as our limitations, however, we propose different solutions for overcoming them, which are part of our threat model.","[Anistoroaei, Alfred; Iosif, Patricia; Burlacu, Camelia; Berdich, Adriana; Groza, Bogdan] Politehn Univ Timisoara, Fac Automat & Comp, Timisoara 300223, Romania","","Groza, B (corresponding author), Politehn Univ Timisoara, Fac Automat & Comp, Timisoara 300223, Romania.","alfred.anistoroaei@aut.upt.ro; patricia.iosif@student.upt.ro; camelia.burlacu@student.upt.ro; adriana.berdich@aut.upt.ro; bogdan.groza@aut.upt.ro","","","","","","","","0","0","","","","","","","","","","","OCT 22","2025","25","21","","","","","","","6510","10.3390/s25216510","0","","","","","","","","","Green Submitted, gold","","","2026-10-01","WOS:001612961100001","0"
"J","Skidmore, J; Xu, L; Chao, XH; Riggs, WJ; Pellittieri, A; Vaughan, C; Ning, X; Wang, RJ; Luo, JF; He, SM","","","","Skidmore, Jeffrey; Xu, Lei; Chao, Xiuhua; Riggs, William J.; Pellittieri, Angela; Vaughan, Chloe; Ning, Xia; Wang, Ruijie; Luo, Jianfen; He, Shuman","","","Prediction of the Functional Status of the Cochlear Nerve in Individual Cochlear Implant Users Using Machine Learning and Electrophysiological Measures","EAR AND HEARING","","","English","Article","","","","","","Auditory nerve; Cochlear implant; Electrically evoked auditory compound action potentials; Supervised machine learning","NEURAL RESPONSE TELEMETRY; ACROSS-SITE PATTERNS; SPEECH RECOGNITION; ACTION-POTENTIALS; RECOVERY FUNCTION; HEARING-LOSS; CHILDREN; STIMULATION; NEUROPATHY; DURATION","Objectives: This study aimed to create an objective predictive model for assessing the functional status of the cochlear nerve (CN) in individual cochlear implant (CI) users. Design: Study participants included 23 children with cochlear nerve deficiency (CND), 29 children with normal-sized CNs (NSCNs), and 20 adults with various etiologies of hearing loss. Eight participants were bilateral CI users and were tested in both ears. As a result, a total of 80 ears were tested in this study. All participants used Cochlear Nucleus CIs in their test ears. For each participant, the CN refractory recovery function and input/output (I/O) function were measured using electrophysiological measures of the electrically evoked compound action potential (eCAP) at three electrode sites across the electrode array. Refractory recovery time constants were estimated using statistical modeling with an exponential decay function. Slopes of I/O functions were estimated using linear regression. The eCAP parameters used as input variables in the predictive model were absolute refractory recovery time estimated based on the refractory recovery function, eCAP threshold, slope of the eCAP I/O function, and negative-peak (i.e., N1) latency. The output variable of the predictive model was CN index, an indicator for the functional status of the CN. Predictive models were created by performing linear regression, support vector machine regression, and logistic regression with eCAP parameters from children with CND and the children with NSCNs. One-way analysis of variance with post hoc analysis with Tukey's honest significant difference criterion was used to compare study variables among study groups. Results: All three machine learning algorithms created two distinct distributions of CN indices for children with CND and children with NSCNs. Variations in CN index when calculated using different machine learning techniques were observed for adult CI users. Regardless of these variations, CN indices calculated using all three techniques in adult CI users were significantly correlated with Consonant-Nucleus-Consonant word and AzBio sentence scores measured in quiet. The five oldest CI users had smaller CN indices than the five youngest CI users in this study. Conclusions: The functional status of the CN for individual CI users was estimated by our newly developed analytical models. Model predictions of CN function for individual adult CI users were positively and significantly correlated with speech perception performance. The models presented in this study may be useful for understanding and/or predicting CI outcomes for individual patients.","[Skidmore, Jeffrey; Riggs, William J.; Vaughan, Chloe; He, Shuman] Ohio State Univ, Dept Otolaryngol Head & Neck Surg, 915 Olentangy River Rd, Columbus, OH 43212 USA; [Xu, Lei; Chao, Xiuhua; Wang, Ruijie; Luo, Jianfen] Shandong Univ, Shandong Prov ENT Hosp, Dept Otolaryngol Head & Neck Surg, Jinan, Shandong, Peoples R China; [Xu, Lei; Chao, Xiuhua; Wang, Ruijie; Luo, Jianfen] Shandong ENT Hosp, Dept Auditory Implantat, Jinan, Shandong, Peoples R China; [Riggs, William J.; He, Shuman] Nationwide Childrens Hosp, Dept Audiol, Columbus, OH USA; [Pellittieri, Angela] Cleveland Clin, Cleveland, OH 44106 USA; [Ning, Xia] Ohio State Univ, Dept Biomed Informat, Columbus, OH 43210 USA","","He, SM (corresponding author), Ohio State Univ, Dept Otolaryngol Head & Neck Surg, 915 Olentangy River Rd, Columbus, OH 43212 USA.","Shuman.He@osumc.edu","","","","","","","","21","26","","","","","","","","","","","JAN-FEB","2021","42","1","","","","","180","192","","10.1097/AUD.0000000000000916","0","","","","","","","","","Green Submitted","","","2026-10-01","WOS:000663808800016","0"
"J","Liu, M; Xia, Q; Qiu, S","","","","Liu, Ming; Xia, Qing; Qiu, Shi","","","A new data-driven framework for progressive anomaly event alerts in spacecraft based on reconstruction discrepancy","ADVANCES IN SPACE RESEARCH","","","English","Article","","","","","","Anomaly detection; Spacecraft telemetry data; Temporal dependency extraction enhanced autoencoder","","In the use of deep learning for spacecraft anomaly detection, a key issue arises from the insufficient extraction of temporal dependencies in telemetry data. This can lead to an inability to accurately discern whether distribution changes in the data are caused by substantive anomalies or merely a consequence of model underfitting. To address this issue, we design a Temporal Dependency Extraction Enhanced Autoencoder model for multi-scale learning of telemetry data. Firstly, this model incorporates Multi-Scale Temporal Dependency Extraction blocks, which integrate self-attention, autoregressive, and feed-forward networks, aimed at systematically dissecting the long-term dependencies, historical information, and complex patterns in telemetry data. Building on these blocks, our model can efficiently and accurately reconstruct telemetry data while maintaining computational efficiency. Furthermore, we utilize an anomaly quantification metric based on the smoothed Manhattan distance, combined with the Drift Streaming Peaks-over-Threshold strategy for setting anomaly thresholds, thus establishing a comprehensive and precise anomaly alerts framework. Finally, we validate our approach using a dataset from the Attitude Control System of a Geostationary Earth Orbit satellite. The experimental results show that our method not only detects anomalies earlier than traditional methods but also provides an in-depth quantitative analysis of anomaly characteristics. (c) 2024 Published by Elsevier B.V. on behalf of COSPAR.","[Liu, Ming; Xia, Qing; Qiu, Shi] Harbin Inst Technol, Sch Astronaut, Harbin 150001, Peoples R China","","Liu, M (corresponding author), Harbin Inst Technol, Sch Astronaut, Harbin 150001, Peoples R China.","mingliu23@hit.edu.cn","","","","","","","","5","5","","","","","","","","","","","DEC 1","2024","74","11","","","","","5890","5905","","10.1016/j.asr.2024.08.054","0","","NOV 2024","","","","","","","hybrid","","","2026-10-01","WOS:001359164700001","0"
"J","Thilagam, K; Beno, A; Lakshmi, MV; Wilfred, CB; George, SM; Karthikeyan, M; Peroumal, V; Ramesh, C; Karunakaran, P","","","","Thilagam, K.; Beno, A.; Lakshmi, M. Vanitha; Wilfred, C. Bazil; George, Santhi M.; Karthikeyan, M.; Peroumal, Vijayakumar; Ramesh, C.; Karunakaran, Prabakaran","","","Secure IoT Healthcare Architecture with Deep Learning-Based Access Control System","JOURNAL OF NANOMATERIALS","","","English","Article","","","","","","","PRIVACY; LIGHTWEIGHT","The existing healthcare system based on traditional management involves the storage and processing of large quantities of medical data. The incorporation of the Internet of Things (IoT) and its gradual maturation has led to the evolution of IoT-enabled healthcare with extraordinary data processing capability and massive data storage. Due to the advancement in the Industrial Internet of Things (IIoT), the resulting system is aimed at building an intelligent healthcare system that can monitor the medical health of the patient by means of a wearable device that is monitored remotely. The data that is gathered by the wearable IoT module is stored in the cloud server which is subject to privacy leakage and attacks by unauthorized users and attackers. To address this security issue, an IoT-based deep learning-based privacy preservation and data analytics system is proposed in this work. Data is collected from the user, and the sensitive information is segregated and separated. Using a convolutional neural network (CNN), the health-related information is analyzed in the cloud, devoid of users' privacy information. Thus, a secure access control module is introduced that works based on the user attributes for the IoT-Healthcare system. A relationship between the users' trust and attributes is discovered using the proposed work. The precision, recall, and F1 score of the proposed CNN classifier are achieved at 95%. With the increase in the size of the training set, higher performance is attained. When data augmentation is added, the system performs better without data augmentation. Further, the accuracy of around 98% is achieved with an increased user count. Experimental analysis indicates the robustness and effectiveness of the proposed system with respect to low privacy leakage and high data integrity.","[Thilagam, K.] Velammal Engn Coll, Dept ECE, Chennai, India; [Beno, A.] Dr Sivanthi Aditanar Coll Engn, Dept Elect & Commun Engn, Tiruchendur, India; [Lakshmi, M. Vanitha] SIMATS, Saveetha Sch Engn, Dept ECE, Chennai, India; [Wilfred, C. Bazil] Karunya Inst Technol & Sci, Dept Math, Coimbatore, India; [George, Santhi M.] RMK Engn Coll, Dept ECE, Thiruvallur, India; [Karthikeyan, M.] SRM IST, Dept Comp Technol, Kattankulathur, India; [Peroumal, Vijayakumar] Vellore Inst Technol, Sch Elect Engn, Chennai, India; [Ramesh, C.] MKumarasamy Coll Engn, Dept Mech Engn, Karur, India; [Karunakaran, Prabakaran] Mettu Univ, Dept Math, Metu 318, Ethiopia","","Karunakaran, P (corresponding author), Mettu Univ, Dept Math, Metu 318, Ethiopia.","thilagam@velammal.edu.in; beno@drsacoe.com; vanithalakshmim.sse@saveetha.com; wilfbaz@karunya.edu; smg.ece@rmkec.ac.in; karthikm1@srmist.edu.in; vijayrgcet@gmail.com; mkceramesh@gmail.com; prabakaran@meu.edu.et","","","","","","","","31","36","","","","","","","","","","","MAY 19","2022","2022","","","","","","","","2638613","10.1155/2022/2638613","0","","","","","","","","","Green Submitted, hybrid","","","2026-10-01","WOS:000806018800003","0"
"J","Kolli, SR; Rahman, MZU","","","","Kolli, Sirisha Rani; Rahman, Md. Zia Ur","","","An AI-Enabled Federated Edge-Cloud Communication Framework for Dynamic Task Offloading and Network Anomaly Detection in IoT System","IEEE OPEN JOURNAL OF THE COMMUNICATIONS SOCIETY","","","English","Article","","","","","","Telemetry; Biomedical telemetry; Aerospace and electronic systems; Central Processing Unit; Feedback; Circuits; Electronic circuits; Internet of Things; Communication systems; Internet; Anomaly detection; convolutional neural network; deep learning neural network; dynamic offloading; IoT system","","The rapid explosion of Internet of Things (IoT) devices is primarily reshaping modern communication networks. However, they introduce unique challenges in resource management, latency control, and secure data exchange across large-scale edge-cloud infrastructures. Conventional task offloading mechanisms fail to adapt effectively to highly dynamic network conditions and suffer significant communication overhead. This paper presents a task-aware federated learning framework for efficient computation offloading and anomaly detection in Internet of Things based mobile edge computing (MEC) environments. It integrates a hybrid deep learning architecture with adaptive federated learning to jointly optimize task execution decisions and network security. In contrast to the conventional approaches which treat offloading and intrusion detection as isolated entities, the proposed framework provides coordinated decision-making across edge and cloud resources and also reduces communication overhead. The model is evaluated to validate its performance and results demonstrate that the proposed method achieves up to 38-42% reduction in latency, 22-27% improvement in throughput, and nearly 30% reduction in federated learning communication overhead compared to state-of-the-art approaches. Moreover, the anomaly detection module achieves an accuracy of 99.61%, with very low false positive and false negative rates. This indicates that the model is superior in identifying malicious activity in IoT networks. These results highlight the efficiency of combining task-aware federated learning with intelligent offloading strategies for scalable, efficient, and secure edge computing systems.","[Kolli, Sirisha Rani; Rahman, Md. Zia Ur] K L Deemed Univ, Koneru Lakshmaiah Educ Fdn, Dept Elect & Commun Engn, Guntur 522502, Andhra Prades, India","","Rahman, MZU (corresponding author), K L Deemed Univ, Koneru Lakshmaiah Educ Fdn, Dept Elect & Commun Engn, Guntur 522502, Andhra Prades, India.","mdzr55@gmail.com","","","","","","","","0","0","","","","","","","","","","","","2026","7","","","","","","4376","4388","","10.1109/OJCOMS.2026.3686051","0","","","","","","","","","Green Submitted, gold","","","2026-10-01","WOS:001757975300007","0"
"J","Kumar, YSP; Mishra, S; Singh, RK","","","","Pavan Kumar, Yayathi S.; Mishra, Sudeepta; Singh, Raushan Kumar","","","TrustEdge: SAINT-Driven Intrusion Detection for Resource-Constrained IoT Devices","IEEE ACCESS","","","English","Article","","","","","","Payloads; Military aircraft; Space technology; Feeds; Microcontrollers; Microprocessors; Communication systems; Internet of Things; Telecommunication traffic; Internet; Network traffic classification; embedded systems; SAINT; dimensionality reduction; real-time deployment","","With the rapid proliferation of IoT and AI-enabled smart devices across consumer and industrial domains, embedded IoT infrastructures centered around modem-enabled devices face rising security threats-particularly from internal actors. In such scenarios, conventional firewall-based solutions often fail to detect threats already present inside the network. Furthermore, most state-of-the-art machine learning models for network traffic classification derive conclusions only from offline experiments, lacking validation under real-time or embedded constraints. This article presents the Stacked Autoencoder-Integrated Network Traffic (SAINT) classifier, a layered learning framework that integrates autoencoders for feature compression and XGBoost for accurate anomaly classification. SAINT addresses key research gaps in dimensionality reduction, memory efficiency, and embedded deployability for IoT security. Designed for ESP32-S3 devices with SIM7670G modems, it applies unsupervised feature compression to reduce dependence on high-dimensional labeled data, achieving up to 50% input reduction for binary classification and 33.33% feature dimensionality reduction for multi-class classification. In deployment-oriented binary intrusion detection, SAINT achieves an attack-class recall of 95.08% with a false positive rate of 6.97%, outperforming existing approaches evaluated under the same experimental conditions and demonstrating effective real-time anomaly detection on resource-constrained IoT platforms.","[Pavan Kumar, Yayathi S.; Mishra, Sudeepta] Indian Inst Technol Ropar, Comp Sci & Engn, Rupnagar 140001, Punjab, India; [Singh, Raushan Kumar] SRM Univ AP, Dept Comp Sci & Engn, Guntur 522240, Andhra Pradesh, India","","Singh, RK (corresponding author), SRM Univ AP, Dept Comp Sci & Engn, Guntur 522240, Andhra Pradesh, India.","raushankumar.s@srmap.edu.in","","","","","","","","0","0","","","","","","","","","","","","2026","14","","","","","","84187","84195","","10.1109/ACCESS.2026.3686083","0","","","","","","","","","Green Submitted, gold","","","2026-10-01","WOS:001788857600035","0"
"J","Kavitha, MS; Devi, KG","","","","Kavitha, M. S.; Devi, K. Gayathri","","","A Secure Access Framework for IoT-Cloud Integration With Blockchain and Bi-GCN","IET INFORMATION SECURITY","","","English","Article","","","","","","bidirectional graph convolutional network; blockchain; cloud platforms; Internet of Things; self-adaptive security","SCHEME","Digital advancements have made cloud computing and IoT essential for innovative environments such as healthcare and industry. Cloud platforms offer scalable compute and storage capabilities, whereas IoT devices generate real-time data. However, there are significant challenges faced while integrating the IoT with cloud to achieve robust, scalable, and secure access control. Traditional centralized models, such as static rule-based mechanisms and public key infrastructure (PKI), are prone to single points of failure and suffer from limited scalability and poor adaptability. To address these issues, this paper proposes a decentralized access control architecture that combines blockchain with a hybrid bidirectional graph convolutional network (Bi-GCN). The framework integrates ciphertext policy-attribute based encryption (CP-ABE) with trusted platform module (TPM)-based pseudonymous identities and the blockchain smart contracts for fine- and hardware-assisted access control. A generative adversarial network (GAN)-assisted prevalidation layer filters sybil, tampering, and spoofing attempts before block inclusion, enhancing integrity and reducing overhead. Bi-GCN supports real-time anomaly detection, trust adaptation, and behavior profiling, while smart contracts enforce adaptive role-attribute policies. Experimental results show that the proposed model outperforms existing methods across key metrics, including 0.97 accuracy, 0.98 F-measure, and minimal security overhead of 0.7%. Although it introduces slight latency due to advanced processing, the benefits of secure and intelligent access management outweigh the trade-off. The integration of blockchain ensures decentralized and immutable policy enforcement, while Bi-GCN facilitates self-adaptive security, making the architecture suitable for dynamic IoT-cloud ecosystems.","[Kavitha, M. S.] Pollachi Inst Engn & Technol, Dept Comp Sci & Engn, Pollachi, India; [Devi, K. Gayathri] Dr NGP Inst Technol, Dept Elect & Commun Engn, Coimbatore, India","","Kavitha, MS (corresponding author), Pollachi Inst Engn & Technol, Dept Comp Sci & Engn, Pollachi, India.","kavithams1503@gmail.com","","","","","","","","0","0","","","","","","","","","","","","2025","2025","1","","","","","","","6512865","10.1049/ise2/6512865","0","","","","","","","","","gold","","","2026-10-01","WOS:001630077800001","0"
"J","Cuadra, AG","","","","Cuadra, Andrei Garcia","","","Lightweight autoencoder-based anomaly detection for CAN bus in competition motorcycles designed for ARM Cortex-M7","JOURNAL OF INFORMATION SECURITY AND APPLICATIONS","","","English","Article","","","","","","CAN bus security; Intrusion detection system; Autoencoder; Motorcycle; Embedded systems; Anomaly detection","","Controller Area Network (CAN) bus security has been studied almost exclusively for passenger cars with 50-100 electronic control units (ECUs). Competition motorcycles present a fundamentally different attack surface: few nodes (5-15), highly deterministic traffic, and safety-critical consequences where a single spoofed message can injure a rider at speeds exceeding 200 kmh-1. We present, to our knowledge, the first intrusion detection study for CAN networks in competition motorcycles. We first establish an honest negative result: a single lightweight autoencoder quantized to INT8, although deployable on an ARM Cortex-M7 microcontroller, is insufficient-it is outperformed by a trivial threshold baseline (F1 0.738 vs. 0.814), most acutely because denial-of-service (DoS) flooding (frequency overload) is essentially invisible to any value-based method (single-autoencoder F1 0.102), while battery-management-system (BMS) node disappearance (message absence) is only partially detected (F1 0.481). We therefore propose a hybrid multi-layer IDS that fuses a deterministic rule layer (per-node heartbeat monitoring and per-identifier frequency counting) with the learned INT8 autoencoder. The hybrid attains an overall F1-score of 0.892, exceeding the threshold (0.814) and one-class SVM (0.711) baselines; the rule layer is decisive for DoS (A6 F1 0.102-0.702, detection latency 2007 ms-111 ms) and further improves BMS disappearance (A3 0.481-0.647). We report an exact static footprint, a genuine integer-only realisation, and an inference latency measured on a physical STM32H7A3 Cortex-M7 (DWT cycle counting over 1000 inferences): an end-to-end 141137 cycles, i.e. approximate to 0.50 ms at the 280 MHz deployment clock, within the 5 ms budget. Evaluation uses an offline preliminary benchmark, reconstructed from decoded competition motorcycle telemetry and released to foster reproducibility, alongside a six-category motorcycle-specific attack taxonomy.","[Cuadra, Andrei Garcia] Univ Politecn Madrid, Escuela Tecn Super Ingn & Diseno Ind, Ronda Valencia 3, Madrid 28012, Spain","","Cuadra, AG (corresponding author), Univ Politecn Madrid, Escuela Tecn Super Ingn & Diseno Ind, Ronda Valencia 3, Madrid 28012, Spain.","andrei.garcia.cuadra@alumnos.upm.es","","","","","","","","0","0","","","","","","","","","","","DEC","2026","103","","","","","","","","104628","10.1016/j.jisa.2026.104628","0","","","","","","","","","hybrid","","","2026-10-01","WOS:001874886900001","0"
"J","Singh, P; Pandey, P; Kumar, M","","","","Singh, Purushottam; Pandey, Pankaj; Kumar, Mohit","","","Physical Layer Immutability as an Adversarial Anchor: A Realizability Constrained Robustness Analysis of Satellite Terrestrial Network Intrusion Detection","IEEE ACCESS","","","English","Article","","","","","","Satellites; Modeling; Robustness; Glass box; Physical layer; Training; Detectors; Cleaning; Fluid flow; Intrusion detection; Adversarial machine learning; adversarial training; intrusion detection; physical-layer features; problem-space evasion; satellite network security; satellite-terrestrial integrated networks","","Machine-learning intrusion detection for satellite-terrestrial integrated networks (STINs) is routinely reported at near-perfect accuracy, yet such figures are obtained against a passive adversary that does not adapt to the detector. We re-examine this claim under a realizability-constrained threat model in which a network-layer attacker may perturb only the traffic features it can physically write, while the physical-layer signal-to-interference-plus-noise ratio (SINR) measured at the receiver and the server-set DNS answer time-to-live remain immutable. On the public STIN benchmark of He et al. (2.12 million flows, eight classes), gradient-boosted and neural detectors both exceed 0.99 macro-F-1 in the clean setting, but a targeted L-infinity evasion that respects feature immutability drives overall mis-detection to 91.9% at & varepsilon;=0.3 (white box) and 23.2% under black-box transfer. The only class that resists signal disruption (43.5% evasion, and <= 1.3% for & varepsilon;<= 0.25) is precisely the attack that physically collapses SINR to a value separated from the benign distribution. A feature-restricted ablation shows that the immutable information needed to detect every satellite-domain attack exists (a SINR-only detector attains unit recall on all three) yet is not relied upon robustly by full-feature models, while terrestrial attacks possess no immutable discriminative feature at all. Constrained adversarial training recovers substantial robustness (overall evasion 91.9%-> 29.4%; signal disruption -> 0.1%) at a modest clean-accuracy cost (0.991 -> 0.973), yet cannot defend jamming, whose SINR overlaps the benign distribution. We distil a design principle for space-network IDS: a detector is adversarially robust against an attack iff that attack induces an immutable feature whose value is separated from benign traffic; otherwise authenticated or provenance-bearing telemetry, not feature-space defenses, is required.","[Singh, Purushottam; Kumar, Mohit] Amity Univ Jharkhand, Dept Comp Sci & Engn, Ranchi 834004, India; [Pandey, Pankaj] Manipal Univ Jaipur, Dept Data Sci & Engn, Jaipur 303007, Rajasthan, India","","Pandey, P (corresponding author), Manipal Univ Jaipur, Dept Data Sci & Engn, Jaipur 303007, Rajasthan, India.","pankaj.pandey@jaipur.manipal.edu","","","","","","","","0","0","","","","","","","","","","","","2026","14","","","","","","123631","123639","","10.1109/ACCESS.2026.3722676","0","","","","","","","","","gold","","","2026-10-01","WOS:001853233700009","0"
"J","Sowmiya, B; Poovammal, E; Ramana, K; Singh, S; Yoon, B","","","","Sowmiya, B.; Poovammal, E.; Ramana, Kadiyala; Singh, Saurabh; Yoon, Byungun","","","Linear Elliptical Curve Digital Signature (LECDS) With Blockchain Approach for Enhanced Security on Cloud Server","IEEE ACCESS","","","English","Article","","","","","","Blockchains; Distributed ledger; Cloud computing; Security; Cryptography; Servers; Fabrics; Hyperledger blockchain; modified spider search; cloud computing","DATA-STORAGE MECHANISM; MANAGEMENT-SYSTEM; SCHEME","Cloud computing is a continuously evolving technology that can enhance agility, availability, collaboration and scalability of data. Blockchain has a secure, immutable ledger which maintains all the transactions along with the timestamp. The blockchain framework and cloud computing technology jointly provides different ways of computational cost reduction. The existing methods help to identify the anonymous documents which are given in the form of requests from the cloud server. If the anonymized document requests are from the authorized users, then cloud provides better security and hence documents are not available for unauthorized users. But the main issue is access rights available for authorized users on sensitive data of the owner. To maintain the privacy the sensitive data are hidden using cryptographic techniques even for authorized users. The method adopted is Linear Elliptical Curve Digital Signature (LECDS) with Hyperledger blockchain, to prevent private data loss. The Linear regression method is used to classify the user information into two classes namely sensitive and non-sensitive. The non-sensitive data is encrypted using RSA and sensitive data is encrypted using LECC method. Modified Spider optimization search Algorithm (MSOA) is used to verify the integrity of outsourced data and search user query information in a cloud server. The hyper ledger blockchain verifies the user policy to create a private network through which the user communicates the cloud. In the analysis of the proposed method, the results are evaluated using various performance metrics such as security, throughput, classification accuracy and error rate.","[Sowmiya, B.; Poovammal, E.] SRM Inst Sci & Technol, Sch Comp, Chennai 603203, Tamil Nadu, India; [Ramana, Kadiyala] Annamacharya Inst Technol & Sci AITS, Dept Artificial Intelligence & Data Sci, Rajampet 516126, India; [Singh, Saurabh; Yoon, Byungun] Dongguk Univ, Dept Ind & Syst Engn, Seoul 10326, South Korea","","Singh, S (corresponding author), Dongguk Univ, Dept Ind & Syst Engn, Seoul 10326, South Korea.","saurabh89@dongguk.edu","","","","","","","","26","30","","","","","","","","","","","","2021","9","","","","","","138245","138253","","10.1109/ACCESS.2021.3115238","0","","","","","","","","","Green Submitted, gold","","","2026-10-01","WOS:000706822400001","0"
"J","Al Hanif, A; Ilyas, M","","","","Al Hanif, Abdulelah; Ilyas, Mohammad","","","Effective Feature Engineering Framework for Securing MQTT Protocol in IoT Environments","SENSORS","","","English","Article","","","","","","Message Queuing Telemetry Transport; Internet of things; security; machine learning; feature selection","","The explosive growth of the domain of the Internet of things (IoT) network devices has resulted in unparalleled ease of productivity, convenience, and automation, with Message Queuing Telemetry Transport (MQTT) protocol being widely recognized as an essential communication standard in IoT environments. MQTT enables fast and lightweight communication between IoT devices to facilitate data exchange, but this flexibility also exposes MQTT to significant security vulnerabilities and challenges that demand highly robust security. This paper aims to enhance the detection efficiency of an MQTT traffic intrusion detection system (IDS). Our proposed approach includes the development of a binary balanced MQTT dataset with an effective feature engineering and machine learning framework to enhance the security of MQTT traffic. Our feature selection analysis and comparison demonstrates that selecting a 10-feature model provides the highest effectiveness, as it shows significant advantages in terms of constant accuracy and superior training and testing times across all models. The results of this study show that the framework has the capability to enhance the efficiency of an IDS for MQTT traffic, with more than 96% accuracy, precision, recall, F1-score, and ROC, and it outperformed the most recent study that used the same dataset.","[Al Hanif, Abdulelah; Ilyas, Mohammad] Florida Atlantic Univ, Dept Elect Engn & Comp Sci, 777 Glades Rd, Boca Raton, FL 33431 USA","","Al Hanif, A (corresponding author), Florida Atlantic Univ, Dept Elect Engn & Comp Sci, 777 Glades Rd, Boca Raton, FL 33431 USA.","aalhanif2022@fau.edu; ilyas@fau.edu","","","","","","","","19","19","","","","","","","","","","","MAR","2024","24","6","","","","","","","1782","10.3390/s24061782","0","","","","","","","","","Green Submitted, gold","","","2026-10-01","WOS:001192588300001","0"
"J","Varadala, S; Xu, H","","","","Varadala, Sridhar; Xu, Hao","","","A Blockchain-Enabled Decentralized Zero-Trust Architecture for Anomaly Detection in Satellite Networks via Post-Quantum Cryptography and Federated Learning","FUTURE INTERNET","","","English","Article","","","","","","anomaly detection; blockchain ledger; continuous authentication; decentralized zero trust model; post-quantum cryptography and federated learning","","The rapid expansion of satellite networks for advanced communication and space exploration has ensured that robust cybersecurity for inter-satellite links has become a critical challenge. Traditional security models rely on centralized trust authorities, and node-specific protections are no longer sufficient, particularly when system failures or attacks affect groups of satellites or agent clusters. To address this problem, we propose a blockchain-enabled decentralized zero-trust model based on post-quantum cryptography (BEDZTM-PQC) to improve the security of satellite communications via continuous authentication and anomaly detection. This model introduces a group-based security framework, where satellite teams operate under a zero-trust architecture (ZTA) enforced by blockchain smart contracts and threshold cryptographic mechanisms. Each group shares the responsibility for local anomaly detection and policy enforcement while maintaining decentralized coordination through hierarchical federated learning, allowing for collaborative model training without centralizing sensitive telemetry data. A post-quantum cryptography (PQC) algorithm is employed for future-proof communication and authentication protocols against quantum computing threats. Furthermore, the system enhances network reliability by incorporating redundant communication channels, consensus-based anomaly validation, and group trust scoring, thus eliminating single points of failure at both the node and team levels. The proposed BEDZTM-PQC is implemented in MATLAB, and its performance is evaluated using key metrics, including accuracy, latency, security robustness, trust management, anomaly detection accuracy, performance scalability, and security rate with respect to different numbers of input satellite users.","[Varadala, Sridhar; Xu, Hao] Univ Nevada, Dept Elect & Biomed Engn, Reno, NV 89557 USA","","Xu, H (corresponding author), Univ Nevada, Dept Elect & Biomed Engn, Reno, NV 89557 USA.","svaradala@unr.edu; haoxu@unr.edu","","","","","","","","3","4","","","","","","","","","","","NOV 12","2025","17","11","","","","","","","516","10.3390/fi17110516","0","","","","","","","","","Green Submitted, gold","","","2026-10-01","WOS:001624452300001","0"
"J","Fahd, K; Parvin, S; Di Serio, A; Venkatraman, S","","","","Fahd, Kiran; Parvin, Sazia; Di Serio, Antony; Venkatraman, Sitalakshmi","","","Secure Fog Computing for Remote Health Monitoring with Data Prioritisation and AI-Based Anomaly Detection","SENSORS","","","English","Article","","","","","","fog computing; edge computing; AI-based anomaly detection; smart remote healthcare monitoring; intelligent data prioritisation","SYSTEM","Smart remote health monitoring requires time-critical medical data of patients from IoT-enabled cyber-physical systems (CPSs) to be securely transmitted and analysed in real time for early interventions and personalised patient care. Existing cloud architectures are insufficient for smart health systems due to their inherent issues with latency, bandwidth, and privacy. Fog architectures using data storage closer to edge devices introduce challenges in data management, security, and privacy for effective monitoring of a patient's sensitive and critical health data. These gaps found in the literature form the main research focus of this study. As an initial modest step to advance research further, we propose an innovative fog-based framework which is the first of its kind to integrate secure communication with intelligent data prioritisation (IDP) integrated into an AI-based enhanced Random Forest anomaly and threat detection model. Our experimental study to validate our model involves a simulated smart healthcare scenario with synthesised health data streams from distributed wearable devices. Features such as heart rate, SpO2, and breathing rate are dynamically prioritised using AI strategies and rule-based thresholds so that urgent health anomalies are transmitted securely in real time to support clinicians and medical experts for personalised early interventions. We establish a successful proof-of-concept implementation of our framework by achieving high predictive performance measures with an initial high score of 93.5% accuracy, 90.8% precision, 88.7% recall, and 89.7% F1-score.","[Fahd, Kiran; Parvin, Sazia; Di Serio, Antony; Venkatraman, Sitalakshmi] Melbourne Polytech, Dept Business & Construction, Preston, Vic 3072, Australia","","Venkatraman, S (corresponding author), Melbourne Polytech, Dept Business & Construction, Preston, Vic 3072, Australia.","kiranfahd@melbournepolytechnic.edu.au; saziaparvin@melbournepolytechnic.edu.au; antonydiserio@melbournepolytechnic.edu.au; sitavenkat@melbournepolytechnic.edu.au","","","","","","","","1","1","","","","","","","","","","","DEC 2","2025","25","23","","","","","","","7329","10.3390/s25237329","0","","","","","","","","","Green Submitted, gold","","","2026-10-01","WOS:001635324000001","0"
"J","Hooven, ND; Williams, KE; Hast, JT; McDermott, JR; Crank, RD; Jenkins, G; Springer, MT; Cox, JJ","","","","Hooven, Nathan D.; Williams, Kathleen E.; Hast, John T.; McDermott, Joseph R.; Crank, R. Daniel; Jenkins, Gabe; Springer, Matthew T.; Cox, John J.","","","Using low-fix rate GPS telemetry to expand estimates of ungulate reproductive success","ANIMAL BIOTELEMETRY","","","English","Article","","","","","","Reproduction; Parturition; Vital rates; GPS telemetry; Ungulates; Movement","VAGINAL-IMPLANT TRANSMITTERS; ELK CALF SURVIVAL; CAUSE-SPECIFIC MORTALITY; POPULATION-DYNAMICS; CERVUS-ELAPHUS; HABITAT SELECTION; MOVEMENT PATTERNS; BODY CONDITION; SPACE-USE; DEER","Background Population parameters such as reproductive success are critical for sustainably managing ungulate populations, however obtaining these data is often difficult, expensive, and invasive. Movement-based methods that leverage Global Positioning System (GPS) relocation data to identify parturition offer an alternative to more invasive techniques such as vaginal implant transmitters, but thus far have only been applied to relocation data with a relatively fine (one fix every < 8 h) temporal resolution. We employed a machine learning method to classify parturition/calf survival in cow elk in southeastern Kentucky, USA, using 13-h GPS relocation data and three simple movement metrics, training a random forest on cows that successfully reared their calf to a week old. Results We developed a decision rule based upon a predicted probability threshold across individual cow time series, accurately classifying 89.5% (51/57) of cows with a known reproductive status. When used to infer status of cows whose reproductive outcome was unknown, we classified 48.6% (21/38) as successful, compared to 85.1% (40/47) of known-status cows. Conclusions While our approach was limited primarily by fix acquisition success, we demonstrated that coarse collar fix rates did not limit inference if appropriate movement metrics are chosen. Movement-based methods for determining parturition in ungulates may allow wildlife managers to extract more vital rate information from GPS collars even if technology and related data quality are constrained by cost.","[Hooven, Nathan D.; Williams, Kathleen E.; Springer, Matthew T.; Cox, John J.] Univ Kentucky, Dept Forestry & Nat Resources, Lexington, KY 40506 USA; [Hast, John T.; McDermott, Joseph R.; Crank, R. Daniel; Jenkins, Gabe] Kentucky Dept Fish & Wildlife Resources, Deer & Elk Program, Frankfort, KY USA","","Hooven, ND (corresponding author), Univ Kentucky, Dept Forestry & Nat Resources, Lexington, KY 40506 USA.","nathan.d.hooven@gmail.com","","","","","","","","7","7","","","","","","","","","","","FEB 7","2022","10","1","","","","","","","5","10.1186/s40317-022-00276-0","0","","","","","","","","","Green Submitted, gold","","","2026-10-01","WOS:000752307400001","0"
"J","Mohammed, H; Burai, M; Ibrahim, R","","","","Mohammed, Hussein; Burai, Mohammed; Ibrahim, Raied","","","Sustainable Smart Facility: A Real-Time Internet of Things-Based Environmental Monitoring and Predictive Control System Using Amazon Web Services Cloud Services","IET WIRELESS SENSOR SYSTEMS","","","English","Article","","","","","","anomaly detection; cloud computing; environmental monitoring; ESP32 microcontroller; Internet of Things (IoT); Message Queuing Telemetry Transport (MQTT); serverless architecture; smart facility; Z-score","IOT","Industrial facilities face critical environmental hazards-including temperature surges, humidity imbalances and combustible gas leaks-that existing monitoring solutions fail to anticipate, responding only after threshold violations occur and leaving a window of risk between hazard onset and system response. This paper presents Sustainable Smart Facility (SSF), a novel Internet of Things (IoT)-cloud architecture combining real-time environmental sensing with a predictive anomaly-detection layer to enable proactive hazard mitigation. An ESP32 microcontroller continuously samples DHT11 temperature/humidity and MQ2 gas sensors, transmitting readings via secure MQTT over transport layer security (TLS) to AWS IoT Core. A serverless AWS Lambda function applies both rule-based threshold logic and a lightweight Z-score anomaly detection algorithm to classify environmental states and issue actuator commands-controlling a ventilation fan and a servo-operated window-before critical thresholds are breached. Sensor data are persisted in Amazon DynamoDB for real-time querying and archived in Amazon S3 in JSON format for longitudinal analysis via AWS Glue and Amazon Athena. Amazon simple notification service (SNS) delivers immediate email alerts to facility managers upon threshold violation or anomaly detection. Comprehensive experiments over a 30-day deployment demonstrate end-to-end latency of ms, MQTT delivery reliability of 99.3%, Lambda execution time of ms, anomaly-detection F1-score of 93.0% and a false-positive rate of 2.1%. Scalability tests confirm sub-linear latency growth to 50 concurrent sensor nodes below 800 ms. Comparative evaluation against five state-of-the-art IoT monitoring systems shows SSF achieves the best balance of responsiveness, reliability, predictive capability and cost efficiency ($0.0023 per 1000 readings).","[Mohammed, Hussein; Burai, Mohammed] Al Neelain Univ, Khartoum, Sudan; [Ibrahim, Raied] Sudan Univ Sci & Technol, Sch Elect Engn, Khartoum, Sudan","","Mohammed, H (corresponding author), Al Neelain Univ, Khartoum, Sudan.","hussin77.hm@gmail.com","","","","","","","","0","0","","","","","","","","","","","AUG 4","2026","16","1","","","","","","","e70035","10.1049/wss2.70035","0","","","","","","","","","gold","","","2026-10-01","WOS:001839331000001","0"
"J","Adil, M; Javeed, D; Kumar, P","","","","Adil, Muhammad; Javeed, Danish; Kumar, Prabhat","","","Federated and Quantized-Based Intrusion Detection for Embedded On-Board Automotive Networks","IEEE TRANSACTIONS ON INTELLIGENT TRANSPORTATION SYSTEMS","","","English","Article; Early Access","","","","","","Safety; Feature extraction; Computational modeling; Adaptation models; Transportation; Telecommunication traffic; Collaboration; Intrusion detection; Federated learning; Detectors; Intrusion detection system; collaborative learning; intra-vehicular network; cloud vehicle","","Intelligent vehicles rely on hybrid On-Board Automotive Networks (OANs), such as Time-Sensitive Networking (TSN) and Controller Area Networks (CAN), to support autonomous driving and ADAS. Securing these networks is challenging due to resource constraints, heterogeneous protocols, and evolving attacks. We propose an embedded-optimized, privacy-preserving collaborative IDS for hybrid OANs. Leveraging Cloud Vehicle Functions (CVFs), the framework enables robust model training across vehicles without sharing raw data. To efficiently process multi-protocol traffic, we introduce the Network Traffic Temporal Encoder (NTTE), which transforms network packets into temporal traffic images for anomaly detection. These NTTE representations are analyzed by TCNnet, a lightweight neural network designed for efficient embedded deployment. To make TCNnet suitable for resource-constrained embedded systems, we propose post-training quantization, significantly reducing its computational and storage demands. Evaluated on real traffic, the quantized TCNnet maintains over 99% detection accuracy, while reducing model size by over 91% and memory footprint by 51%, enabling practical deployment on resource-constrained ECUs. To link IDS outputs to real-world transportation outcomes, we develop the Transportation Impact Modeling Module (TIMM), which maps network-level detection performance to vehicle-level safety metrics (collision likelihood and Safety Message Delivery Ratio, SMDR) and fleet-level traffic indicators (Vehicle Flow Efficiency, VFE). TIMM simulations across Urban, Suburban, and Highway scenarios show the IDS reduces expected collisions by up to 97.9%, while maintaining high traffic flow efficiency (VFE = 0.949-0.995) and message reliability (SMDR = 0.988-0.994). These results demonstrate that the proposed IDS not only excels in network-level detection but also directly enhances vehicular safety and traffic performance, confirming its practical applicability in Intelligent Transportation Systems.","[Adil, Muhammad] Tianjin Univ, Coll Intelligence & Comp, Sch Comp Sci & Technol, Tianjin 300350, Peoples R China; [Javeed, Danish] Dalian Maritime Univ, Coll Artificial Intelligence, Dalian 116026, Peoples R China; [Kumar, Prabhat] LUT Univ, LUT Sch Engn Sci, Dept Software Engn, Lappeenranta 53850, Finland","","Kumar, P (corresponding author), LUT Univ, LUT Sch Engn Sci, Dept Software Engn, Lappeenranta 53850, Finland.","6122000014@tju.edu.cn; prabhat.kumar@lut.fi","","","","","","","","1","1","","","","","","","","","","","2026 JAN 6","2026","","","","","","","","","","10.1109/TITS.2025.3645854","0","","JAN 2026","","","","","","","hybrid","","","2026-10-01","WOS:001658726400001","0"
"J","Krüger, GI; Pardo-Esté, C; Alvarez, J; Pacheco, N; Castro-Severyn, J; Alvarez-Thon, L; Saavedra, CP","","","","Kruger, Gabriel I.; Pardo-Este, Coral; Alvarez, Javiera; Pacheco, Nicolas; Castro-Severyn, Juan; Alvarez-Thon, Luis; Saavedra, Claudia P.","","","Adaptive signatures of emerging Salmonella serotypes in response to stressful conditions in the poultry industry","LWT-FOOD SCIENCE AND TECHNOLOGY","","","English","Article","","","","","","Salmonella; Poultry farm; Genetics; Machine learning; Resistance","RESISTANCE; TYPHIMURIUM; BIOFILM","Salmonella, a zoonotic pathogen, is commonly transmitted through contaminated animal products. This bacterium is emerging in poultry production, often exhibiting multidrug resistance (MDR) and high virulence. Understanding the adaptive mechanisms that allow Salmonella to survive in hostile environments and become virulent is crucial for preventing outbreaks that threaten both the industry and public health. This study uses machine learning to identify adaptive genomic signatures in Salmonella isolates from the poultry industry, focusing on responses to environmental stressors. Significant genomic modifications were found in functions like membrane and cell wall biogenesis, amino acid metabolism, and inorganic ion metabolism, including genes related to antibiotic resistance and virulence. The machine learning model demonstrated high precision (0.980) and accuracy (0.954) in classifying isolates based on their genomic characteristics, with an Area Under the Receiver Operating Characteristic Curve (AUROC) of 0.98. The model identified Salmonella Infantis as one of the most stress-resistant serovars in the poultry industry. The identification of critical genomic sequences underscores the importance of these traits in understanding the bacterium's adaptive mechanisms. These findings underscore the importance of genomic surveillance and advanced bioinformatics to manage emerging pathogens like Salmonella Infantis.","[Kruger, Gabriel I.; Pardo-Este, Coral; Alvarez, Javiera; Pacheco, Nicolas; Saavedra, Claudia P.] Univ Andres Bello, Fac Ciencias Vida, Lab Microbiol Mol, Republ 330, Santiago 8370186, Chile; [Pardo-Este, Coral] Univ Catolica Norte, Fac Ciencias, Dept Ciencias Farmaceut, Lab Ecol Mol & Microbiol Aplicada, Antofagasta 1240000, Chile; [Alvarez, Javiera] Univ Copenhagen, Dept Immunol & Microbiol, DK-2200 Copenhagen, Denmark; [Castro-Severyn, Juan] Univ Catolica Norte, Dept Ingn Quim, Lab Microbiol Aplicada & Extremofilos, Antofagasta 1240000, Chile; [Alvarez-Thon, Luis] Univ Cent Chile, Fac Ingn & Arquitectura, Santa Isabel 1186, Santiago 8330601, Chile","","Saavedra, CP (corresponding author), Univ Andres Bello, Fac Ciencias Vida, Lab Microbiol Mol, Republ 330, Santiago 8370186, Chile.","csaavedra@unab.cl","","","","","","","","5","5","","","","","","","","","","","JAN 1","2025","215","","","","","","","","117188","10.1016/j.lwt.2024.117188","0","","DEC 2024","","","","","","","Green Submitted, gold","","","2026-10-01","WOS:001389662300001","0"
"J","Alajaji, AS","","","","Alajaji, Abdulaziz Saleh","","","A Drift-Aware Human-in-the-Loop Edge AI Agent for Wireless IoMT Sensor-Network Intrusion Detection Under Cross-Corpus Shift","ELECTRONICS","","","English","Article","","","","","","wireless sensor networks; Internet of Medical Things; medical body-area networks; intrusion detection; edge AI agents; human-in-the-loop learning; cross-corpus evaluation; domain adaptation; drift detection; IoT security","","Wireless sensor networks underpin the Internet of Medical Things (IoMT), where connected medical devices and wearable body-area sensors stream patient telemetry across hospital networks, and securing this traffic is safety-critical. Machine learning intrusion-detection systems for the IoMT are usually evaluated within a single public dataset, where they report near-perfect detection scores; whether that accuracy predicts performance in a different hospital has not been measured systematically. We frame the deployed detector as a lightweight human-in-the-loop edge AI agent that observes local traffic, asks an analyst to label a small set of representative flows, trains a tiny model on-premises, and monitors the traffic distribution for drift. Using cross-corpus shift across four public datasets, comprising three sensor-network corpora (WUSTL-EHMS-2020, CIC-IoMT-2024, TON-IoT) and an unrelated enterprise-network corpus, as a reproducible stand-in for cross-hospital deployment, we find the shift is near its theoretical maximum on all twelve transfer directions, that unlabeled domain-adaptation methods collapse on the hardest medical-telemetry targets, and that external pretraining adds no measurable benefit once training schedules are matched, consistent with a domain-adaptation error bound that the measured divergence renders vacuous. The same 1206-parameter network trained from scratch on ten to fifty locally labeled flows matches or exceeds every transfer alternative across all four corpora; on the six sensor-network transfer directions it also outperforms larger and classical local models. A closed-loop evaluation on simulated drifting streams shows the calibrated trigger detects drift within two 500-flow windows at under one false alarm per hundred stationary windows, retraining restores accuracy, and the agent tolerates ten percent analyst error for about five F1 points; we also map the detector's exposure to white-box evasion and targeted label poisoning.","[Alajaji, Abdulaziz Saleh] King Saud Univ, Coll Comp & Informat Sci, Dept Informat Syst, Riyadh 11543, Saudi Arabia","","Alajaji, AS (corresponding author), King Saud Univ, Coll Comp & Informat Sci, Dept Informat Syst, Riyadh 11543, Saudi Arabia.","aalajaji@ksu.edu.sa","","","","","","","","0","0","","","","","","","","","","","JUL 9","2026","15","14","","","","","","","3015","10.3390/electronics15143015","0","","JUL 2026","","","","","","","gold","","","2026-10-01","WOS:001831840700001","0"
"J","Lloret, J; Romero, O; Leon, A","","","","Lloret, Jaime; Romero, Oscar; Leon, Antonio","","","Energy-efficient SDN routing with deep learning for data center networks","SUSTAINABLE COMPUTING-INFORMATICS & SYSTEMS","","","English","Article","","","","","","Energy consumption; OpenFlow; Software Defined Networking; Green networks; Routing algorithms; Deep learning; Network architecture","SCHEME","The exponential growth of cloud storage services has led to a sharp increase in energy consumption across data center networks. To address this challenge, we propose a Software-Defined Networking (SDN)-based architecture focused on energy-efficient routing. The core of the system is a novel routing algorithm that combines Shortest Path First (SPF) principles with a deep learning decision module to dynamically select low-energy paths while maintaining quality of service. Network devices exchange status information using a custom extension of the OpenFlow protocol, allowing the SDN controller to make data-driven routing decisions based on real-time energy and performance metrics. The proposed architecture is validated through simulations and experiments on real network topologies, demonstrating energy savings under both synthetic and production-like traffic conditions. Experimental validation using both simulated and real network topologies shows that the proposed GMPC approach reduces energy consumption compared to standard OSPF routing, achieving energy savings of up to 7% in simulated mesh topologies and approximately 5% in real network environments, while maintaining QoS within acceptable thresholds.","[Lloret, Jaime; Romero, Oscar; Leon, Antonio] Univ Politecn Valencia, Camino Vera S-N, Valencia 46022, Spain","","Lloret, J (corresponding author), Univ Politecn Valencia, Camino Vera S-N, Valencia 46022, Spain.","jlloret@dcom.upv.es","","","","","","","","0","0","","","","","","","","","","","SEP","2026","51","","","","","","","","101368","10.1016/j.suscom.2026.101368","0","","MAY 2026","","","","","","","Green Published, hybrid","","","2026-10-01","WOS:001766414100001","0"
"J","Kabir, F; Mowla, N; Rosenstatter, T; Doh, I","","","","Kabir, Fahmina; Mowla, Nishat; Rosenstatter, Thomas; Doh, Inshil","","","GIIDS-AR: End-to-end generalized intelligent intrusion detection system with adversarial robustness for heterogeneous UAVs in UAM","COMPUTER NETWORKS","","","English","Article","","","","","","IDS; UAM; Security; AI/ML; Generalizability; Adversarial robustness","","This study presents GIIDS-AR, an enhanced version of the Generalized Intelligent Intrusion Detection System (GIIDS), developed to enhance robustness and secure diverse Unmanned Aerial Vehicles (UAVs) in Urban Air Mobility (UAM) while preserving generalization. As UAVs grow vital in logistics, emergency response, and disaster relief, their reliance on wireless communication increases exposure to cyber threats. GIIDS leverages machine learning for cross-platform detection but remains vulnerable to adversarial machine learning (AML) attacks. To assess this, GIIDS was tested under black-box, white-box, and transfer attacks. Accuracy dropped to 72 % under black-box and recall to 49.9% under white-box settings. Adversarial training restored original performance improving accuracy to 99.0% and F1 to 99.8%, with AUC reaching 1.00. These evaluations were conducted using cross-dataset splits of live and simulated UAV telemetry, ensuring resilience on previously unseen data. GIIDS-AR retains layered modeling, time-aware feature encoding, and ensemble learning, while incorporating adversarial examples to improve resilience. It demonstrates strong detection performance under diverse attacks and generalizes effectively across heterogeneous UAV platforms. Our findings reveal that generalization techniques inherently contribute to adversarial robustness, positioning GIIDS-AR as one of the first unified UAV IDS frameworks capable of securing UAV networks against evolving cyber threats.","[Kabir, Fahmina] Ewha Womans Univ, Div Artificial Intelligence & Software, Seoul, South Korea; [Mowla, Nishat] RISE Res Inst Sweden, Dept Ind Syst, Sundsvall, Sweden; [Rosenstatter, Thomas] Salzburg Univ Appl Sci, Josef Ressel Ctr Intelligent & Secure Ind Automat, Salzburg, Austria; [Doh, Inshil] Ewha Womans Univ, Dept Cyber Secur, Seoul, South Korea","","Doh, I (corresponding author), Ewha Womans Univ, Dept Cyber Secur, Seoul, South Korea.","kabirfahmina@ewhain.net; nishat.mowla@ri.se; thomas.rosenstatter@fh-salzburg.ac.at; isdoh1@ewha.ac.kr","","","","","","","","1","1","","","","","","","","","","","JAN","2026","274","","","","","","","","111821","10.1016/j.comnet.2025.111821","0","","NOV 2025","","","","","","","hybrid","","","2026-10-01","WOS:001628190000003","0"
"J","Kumar, GNK; Unhelkar, B; Vani, KS; Chakrabarti, P; Saikumar, K","","","","Kumar, G. Nanda Kishor; Unhelkar, Bhuvan; Vani, K. Suvarna; Chakrabarti, Prasun; Saikumar, Kayam","","","A Cloud Edge Based Heart Disease Detection Using DenseNet Convoluted Radial Basis Neural Network for Diabetic Patients","TRAITEMENT DU SIGNAL","","","English","Article","","","","","","heart disease; deep learning; IoT-cloud; data; feature extraction; classification","DIAGNOSIS; CLASSIFICATION; PREDICTION; SYSTEM","Heart disease (HD) is a complex medical condition that has the potential to affect a vast number of people globally. The quick and precise identification of HD is crucial in healthcare, particularly in the cardiology field. In the pre-processing stage of the data mining process, a high-dimensional database is employed to classify HD. This unprocessed dataset contains redundant and inconsistent data, which expands the search space as well as data storage. Using deep-learning methods, the suggested research tries to recognize significant cardiac complaint prediction properties. This research proposed novel heart disease detection techniques by feature extraction and classification through the DL (Deep Learning) architectures. Data collection of 1 Lakh samples has carried out from Cleveland, UCI open-source repository, which has 74 features with a balanced instance rate. Here the input heart disease data has been pre-processed and segmented for filtering and edge normalization. The input image has been processed based on contrast-based histogram equalization (CHE) and segmented based on a threshold of the image. Then the segmented image was extracted to obtain the in-depth features and classifying the features using DenseNet with a Convoluted radial basis neural network. Several clinical measures are used to measure the risk contour in patients, which aid in early diagnosis. In the proposed model, various regularization methods are applied to avoid overfitting. On the dataset, the suggested model attains 72% sensitivity, 90% recall, 88% F-measure, 94% throughput, 92% training accuracy, and 95% testing accuracy. This is compared to other deep learning (DL) methods using a variety of performance metrics, demonstrating the effectiveness of the proposed approach.","[Kumar, G. Nanda Kishor] Malla Reddy Univ, Dept Comp Sci & Engn, Hyderabad 500043, India; [Kumar, G. Nanda Kishor; Unhelkar, Bhuvan] Univ S Florida, Muma Coll Business, Tampa, FL 33620 USA; [Vani, K. Suvarna] Siddhartha Acad Higher Educ, CSE Dept, Vijayawada 520007, India; [Chakrabarti, Prasun] Sir Padampat Singhania Univ, Dept Comp Sci & Engn, Udaipur 313601, India; [Saikumar, Kayam] Koneru Lakshmaiah Educ Fdn, Dept Elect & Commun Engn, Hyderabad 500075, India","","Kumar, GNK (corresponding author), Malla Reddy Univ, Dept Comp Sci & Engn, Hyderabad 500043, India.;Kumar, GNK (corresponding author), Univ S Florida, Muma Coll Business, Tampa, FL 33620 USA.","drgnkishor@mallareddyuniversity.ac.in","","","","","","","","0","0","","","","","","","","","","","JUN","2025","42","3","","","","","1481","1492","","10.18280/ts.420321","0","","","","","","","","","hybrid","","","2026-10-01","WOS:001530463200021","0"
"J","Kirchhoff, J; Berns, F; Schieder, C; Schobel, J","","","","Kirchhoff, Jan; Berns, Fabian; Schieder, Christian; Schobel, Johannes","","","A testable framework linking diagnostic AI contribution to outcome measurement in clinical decision support","FRONTIERS IN DIGITAL HEALTH","","","English","Article","","","","","","AI governance; artificial intelligence; clinical decision support systems; diagnostic AI contribution score; health informatics; large language models; learning health systems; outcome-based metrics","AUTOMATION BIAS; MEDICINE; ALERTS; TIME","Artificial intelligence-enabled clinical decision support systems (AI-CDSS) are increasingly embedded in diagnostic and therapeutic workflows, yet evaluation, procurement, and governance often remain anchored in model-centric indicators such as discrimination, calibration, sensitivity, and specificity. These indicators are necessary but insufficient for determining whether a deployed AI-CDSS improves patient-relevant outcomes, clinical workflow, resource use, economic performance, clinician and patient experience, learning, and equity. This article proposes a testable conceptual framework linking the Diagnostic AI Contribution Score (DACS) to outcome-domain prioritization and auditable measurement design. The contribution is theory-building and methodological rather than empirically validating: no new patient-level data were generated or analyzed. We conducted a concept-driven structured narrative synthesis across clinical AI evaluation, clinical decision support, health-services research, value-based care, software measurement, AI governance, and large language model (LLM) deployment. We used the synthesis to derive a DACS-informed framework for selecting outcome domains, specifying exposure-action-outcome linkage, and defining minimum telemetry needed for auditability. The revised framework provides four core outputs: (i) a six-domain taxonomy of outcome metrics for AI-CDSS, separating learning/governance from equity; (ii) a comparison with existing AI evaluation and reporting frameworks to clarify the framework's incremental contribution; (iii) a DACS-to-domain mapping and explicitly illustrative prioritization heuristic, accompanied by a threshold-sensitivity logic; and (iv) a four-step measurement framework with minimum telemetry requirements and clinical implementation guardrails. LLM-specific extensions address provenance and version tracking, human mediation, documentation-quality audits, latency and compute metering, and workflow-mediated effects. We further specify clinical safety considerations including alert fatigue, override patterns by user group, automation bias and diagnostic anchoring, educational effects, de-implementation criteria, fallback workflows, integration with existing quality-management infrastructure, and patient-facing disclosure where appropriate. The proposed framework should be interpreted as a structured, hypothesis-generating model for proportional outcome measurement and governance. Future work should empirically test inter-rater reliability of DACS scoring, validate DACS-to-domain mappings through expert elicitation and prospective deployments, calibrate thresholds across use cases, and evaluate whether standardized telemetry improves attribution, monitoring, and accountability for AI-CDSS.","[Kirchhoff, Jan; Schobel, Johannes] Neu Ulm Univ Appl Sci, DigiHealth Inst, Neu Ulm, Germany; [Kirchhoff, Jan; Berns, Fabian] medicalvalues GmbH, Karlsruhe, Germany; [Schieder, Christian] OTH Amberg Weiden, Weiden Business Sch, Weiden, Germany","","Kirchhoff, J (corresponding author), Neu Ulm Univ Appl Sci, DigiHealth Inst, Neu Ulm, Germany.;Kirchhoff, J (corresponding author), medicalvalues GmbH, Karlsruhe, Germany.","jan.kirchhoff@medicalvalues.de","","","","","","","","0","0","","","","","","","","","","","JUL 7","2026","8","","","","","","","","1871438","10.3389/fdgth.2026.1871438","0","","JUL 2026","","","","","","","Green Submitted, gold","","","2026-10-01","WOS:001825461000001","0"
"J","Francis, GT; Souri, A; Inanç, N","","","","Francis, Georg Thamer; Souri, Alireza; Inanc, Nihat","","","A hybrid intrusion detection approach based on message queuing telemetry transport (MQTT) protocol in industrial internet of things","TRANSACTIONS ON EMERGING TELECOMMUNICATIONS TECHNOLOGIES","","","English","Article","","","","","","","","The number of attacks against Industrial Internet of Things (IIoT) devices has increased over the past years, particularly on widely used communication protocols like Message Queuing Telemetry Transfer (MQTT). The fast increase in IIoT applications brings both critical challenges and technical gaps in cybersecurity. On the other hand, traditional cyber-attack detection approaches scrap to address and support the run-time responsibilities of IIoT environments. This study presents a hybrid Genetic Algorithm and Random Forest (GA_RF) method for detecting cyber-attacks in Industrial Control Machines (ICS) that use MQTT protocol in the IIoT environment. This architecture integrates ICS with edge devices and cloud servers, using a GA_RF algorithm to detect anomalies in data collected by sensors. Normal data is processed locally and then sent to the cloud for storage and return, ensuring continuous monitoring and security. Also, the MQTT-IOT-IDS2020 dataset as a real test case was applied for prediction of the proposed GA_RF method with compare to some other powerful machine and deep learning models. The experimental results show that the proposed GA_RF method has an optimum accuracy of 99.87%-100% for detecting cyber-attacks. This hybrid algorithm also achieved 0-0.0015 in Mean Absolute Error (MAE) and 100% in Precision, Recall, and F-score factors. This result led to the proposed architecture, which connects the ICS to a server while running GA_RF on the IIoT environment. In conclusion, this study indicates the effectiveness of GA_RF and aims to improve security by using the MQTT protocol in IIoT.","[Francis, Georg Thamer; Souri, Alireza] Hal Univ, Fac Engn, Dept Software Engn, TR-34060 Istanbul, Turkiye; [Inanc, Nihat] Hal Univ, Fac Engn, Dept Elect & Elect Engn, Istanbul, Turkiye","","Souri, A (corresponding author), Hal Univ, Fac Engn, Dept Software Engn, TR-34060 Istanbul, Turkiye.","alirezasouri@halic.edu.tr","","","","","","","","10","12","","","","","","","","","","","AUG 20","2024","35","9","","","","","","","e5030","10.1002/ett.5030","0","","","","","","","","","hybrid","","","2026-10-01","WOS:001294031700001","0"
"J","Li, W; Zhou, HZ; Radhakrishnan, S; Kamarthi, S","","","","Li, Wei; Zhou, Haozhou; Radhakrishnan, Srinivasan; Kamarthi, Sagar","","","Explainable time series features for hard disk drive failure prediction","ENGINEERING APPLICATIONS OF ARTIFICIAL INTELLIGENCE","","","English","Article","","","","","","Hard disk drive; Hard drive prognostics; Prognostics and health management; Feature extraction; Explainable artificial intelligence","","Reliable data storage is crucial for industry digitalization and cloud infrastructure. To prevent data loss and improve maintenance efficiency in data centers, timely replacement of Hard Disk Drives (HDDs) is critical. HDDs are equipped with Self-Monitoring, Analysis, and Reporting Technology (SMART) to track key performance indicators with empirically established thresholds. In recent years, various machine learning models have utilized SMART time series data for early HDD failure prediction. However, decision-makers need greater transparency and explainability to trust and implement these data-driven models. In this work, we proposed a framework that extracts explainable features from the SMART time series and visualizes the feature impact on short-term HDD failure prediction using SHapley Additive exPlanations (SHAP) analysis. We trained an eXtreme Gradient Boosting (XGBoost) model with information-rich features and evaluated the failure detection rate and false alarm rate. We demonstrated the effectiveness of the proposed approach on Backblaze data for Quarter 1 and Quarter 2 of 2022. The model provided a 74.7% failure detection rate with only a 0.73% false alarm rate on the test data from Quarter 3 of 2022, outperforming an existing explainable model benchmark of a 54.68% failure detection rate and an 11.85% false alarm rate. In addition, the sensitivity analysis optimizes the signal length and the lead time to improve prediction accuracy and inform predictive maintenance policies. The results demonstrate the potential of the proposed framework for effective HDD failure prediction with explainable features. The proposed framework is also applicable to other sensor-based industrial equipment monitoring applications.","[Li, Wei; Zhou, Haozhou; Radhakrishnan, Srinivasan; Kamarthi, Sagar] Northeastern Univ, Dept Mech & Ind Engn, Boston, MA 02115 USA","","Kamarthi, S (corresponding author), Northeastern Univ, Dept Mech & Ind Engn, Boston, MA 02115 USA.","s.kamarthi@northeastern.edu","","","","","","","","5","5","","","","","","","","","","","JUL 15","2025","152","","","","","","","","110674","10.1016/j.engappai.2025.110674","0","","APR 2025","","","","","","","hybrid","","","2026-10-01","WOS:001470600400001","0"
"J","Wu, Z; He, BZ; Si, ZW; Qiu, C; Liao, XH; Su, CH","","","","Wu, Ziang; He, Buzhen; Si, Zhiwei; Qiu, Chen; Liao, Xiuheng; Su, Chunhua","","","Communication-Efficient Federated Class-Incremental Intrusion Detection for Edge IoT Networks","SENSORS","","","English","Article","","","","","","Internet of Things; federated learning; class-incremental learning; intrusion detection; communication compression; Edge IoT","","The continuous emergence of new attack classes challenges intrusion detection in edge Internet of Things (IoT) networks. Although federated learning enables distributed devices to collaboratively train a shared detector without exchanging raw traffic data, most federated intrusion detection systems assume a fixed label space. Retraining with all historical data incurs substantial storage and computation costs, whereas updating only with newly collected samples can cause catastrophic forgetting. The detector must mitigate catastrophic forgetting of previously observed attack classes while preserving sufficient new-class plasticity to learn emerging attacks under highly non-IID device data, intermittent client availability, constrained local memory, and repeated communication over bandwidth-limited and intermittently connected links. To address these challenges, this paper proposes EdgeFedCIL, a communication-efficient federated class-incremental intrusion detection framework. EdgeFedCIL preserves historical knowledge through client-local replay and knowledge distillation while reducing repeated model transmission through adaptive low-rank compression, quantization, and error feedback. A classifier-head protection strategy further limits compression-induced degradation of class discrimination. Experiments on public intrusion-detection datasets show that EdgeFedCIL achieves competitive or superior detection and historical-knowledge retention performance, particularly under highly heterogeneous client distributions, while reducing cumulative client-to-server model transmission by up to approximately 10.54 times relative to full-precision transmission. These results demonstrate the effectiveness of EdgeFedCIL for continual and communication-efficient intrusion detection in resource-constrained edge IoT networks.","[Wu, Ziang; Si, Zhiwei; Liao, Xiuheng; Su, Chunhua] Univ Aizu, Grad Sch Comp Sci & Engn, Aizu Wakamatsu 9658580, Japan; [He, Buzhen] Lanzhou Univ Technol, Sch Comp Sci & Artificial Intelligence, Lanzhou 730050, Peoples R China; [Qiu, Chen] Iwate Biotechnol Res Ctr, Kitakami 0240003, Japan","","Liao, XH (corresponding author), Univ Aizu, Grad Sch Comp Sci & Engn, Aizu Wakamatsu 9658580, Japan.","d8262105@u-aizu.ac.jp; 231080292006@lut.edu.cn; d8272107@u-aizu.ac.jp; c-qiu@ibrc.or.jp; d8261103@u-aizu.ac.jp; chsu@u-aizu.ac.jp","","","","","","","","0","0","","","","","","","","","","","JUL 21","2026","26","14","","","","","","","4630","10.3390/s26144630","0","","JUL 2026","","","","","","","Green Submitted, gold","","","2026-10-01","WOS:001833342300001","0"
"J","Liu, MY; Dong, LY; Zhuang, QJ; Zhang, C; Tian, ZQ; Liu, YY; Zhong, RY; Yang, XW; Gong, ML; Zhang, QM; Ma, JS; Su, P; Gu, M","","","","Liu, Mingyuan; Dong, Luyao; Zhuang, Qingjun; Zhang, Chun; Tian, Zhanquan; Liu, Yangyang; Zhong, Ruoyu; Yang, Xianwen; Gong, Mali; Zhang, Qiming; Ma, Jianshe; Su, Ping; Gu, Min","","","A deep-learning enhanced computational optical decoding strategy (DECODS) for optical data storage","PHOTONIX","","","English","Article","","","","","","","RESPONSE MAXIMUM-LIKELIHOOD; NEAR-FIELD","Traditional optical data storage (ODS) systems face constraints imposed by the optical diffraction limit. It prevents reliable recognition of closely spaced symbols, forcing heavy reliance on error correction codes (ECC) and capping storage density and efficiency. Here, we introduce a deep-learning enhanced computational decoding strategy (DECODS) that treats optical readout as a data-driven optical read-channel model and performs parallel multi-length (2 T-8 T) learned decisions, extending the effective decoding capability beyond the conventional diffraction-limited threshold at the decision level while retaining the standard Blu-ray optical front end. A high-precision physics-based channel model-including aberrations/defocus/tilt, clock/servo jitter, white noise, intersymbol interference and inter-track crosstalk-generates physically consistent training data. Under the validated experimental conditions of this study, DECODS exhibited 0% raw bit-error rate (BER) on evaluated segments of real readout; this does not represent a universal operating guarantee. DECODS also enabled reliable recognition of symbol spacings approaching one quarter of the conventional diffraction-limited threshold at the decision level. This lowers the raw BER, reduces the redundancy required to achieve a target reliability level, and indicates a potential effective capacity improvement of up to 14.8% while supporting tighter symbol/track spacing. Results show a 5.8 & times; increase in noise tolerance and >= 20% expansion of robust servo margins; combined with ECC-related gains, the theoretical effective-density improvement reaches up to 26.28%. DECODS integrates optical physics, computational modeling, and deep learning to provide a scalable decoding framework with quantified, decision-level strategy to longstanding ODS bottlenecks.","[Liu, Mingyuan; Dong, Luyao; Zhuang, Qingjun; Zhang, Chun; Tian, Zhanquan; Yang, Xianwen; Gong, Mali; Ma, Jianshe; Su, Ping] Tsinghua Univ, Tsinghua Shenzhen Int Grad Sch, Shenzhen 518055, Peoples R China; [Liu, Mingyuan] Duke Univ, Dept Elect & Comp Engn, Durham, NC 27708 USA; [Liu, Yangyang] Yanshan Univ, Sch Sci, Qinhuangdao 066004, Peoples R China; [Zhong, Ruoyu] Duke Univ, Thomas Lord Dept Mech Engn Mat Sci, Durham, NC 27708 USA; [Gong, Mali] Tsinghua Univ, Dept Precis Instrument, Beijing 100084, Peoples R China; [Zhang, Qiming; Gu, Min] Univ Shanghai Sci & Technol, Inst Photon Chips, Sch Artificial Intelligence Sci & Technol, Shanghai, Peoples R China","","Ma, JS; Su, P (corresponding author), Tsinghua Univ, Tsinghua Shenzhen Int Grad Sch, Shenzhen 518055, Peoples R China.;Gu, M (corresponding author), Univ Shanghai Sci & Technol, Inst Photon Chips, Sch Artificial Intelligence Sci & Technol, Shanghai, Peoples R China.","ma.jianshe@mail.sz.tsinghua.edu.cn; su.ping@sz.tsinghua.edu.cn; gumin@usst.edu.cn","","","","","","","","0","0","","","","","","","","","","","MAY 27","2026","7","1","","","","","","","34","10.1186/s43074-026-00251-5","0","","MAY 2026","","","","","","","Green Submitted, gold","","","2026-10-01","WOS:001776694400001","0"
"J","Karmous, N; Bousbia, L; Aoueileyine, MOE; Filali, I; Bouallegue, R","","","","Karmous, Nader; Bousbia, Leila; Aoueileyine, Mohamed Ould-Elhassen; Filali, Imen; Bouallegue, Ridha","","","A Novel Synthetic Dataset for Effective Detection of Replay Attacks in SDN-Enabled IoT Networks","CMC-COMPUTERS MATERIALS & CONTINUA","","","English","Article","","","","","","Replay attacks; man in the middle; cybersecurity; software defined networking; Internet of Things; machine learning; artificial intelligence; deep learning; variational autoencoder; feature selection; principal component analysis; Wilcoxon signed-rank","","This study proposes an intelligent Intrusion Detection and Prevention System (IDPS) integrated into a centralized Ryu Software-Defined Networking (SDN) controller to mitigate replay attacks within Internet of Things (IoT) environments. To address the scarcity of specialized datasets, a comprehensive dataset was generated using a real-time SDN-IoT testbed encompassing Mininet, multiple OpenFlow 1.3 switches, and a single Ryu controller. The experimental setup featured the exchange of legitimate and malicious Message Queuing Telemetry Transport (MQTT) traffic between hosts and IoT devices to simulate realistic network behaviors and attack vectors. Our methodology introduces a novel feature engineering framework by evaluating three distinct configurations, including: (1) preprocessed features, (2) data reduced through Principal Component Analysis (PCA), and (3) latent representations extracted via a Variational Autoencoder (VAE). Four distinct classifiers were rigorously benchmarked, including Random Forest (RF), Support Vector Machine (SVM), Extreme Gradient Boosting (XGBoost), and a Convolutional Neural Network (CNN). Performance metrics were derived from 50 independent runs and validated through paired t-tests and Wilcoxon signed-rank tests. The results demonstrate that VAE-based deep feature extraction significantly improves detection accuracy. Notably, the CNN trained on these features achieved a peak accuracy of 99.91% and a false alarm rate of 0.19%. The framework's real-time effectiveness and scalability were validated through live deployment, offering a robust and reproducible solution for securing SDN-enabled IoT infrastructures. Ultimately, our proposed CNN-VAE approach demonstrates superior performance and higher detection precision compared to existing related works in the field of IoT intrusion detection.","[Karmous, Nader; Bousbia, Leila; Aoueileyine, Mohamed Ould-Elhassen; Bouallegue, Ridha] Univ Carthage, Higher Sch Commun Tunis, Innov COM Lab, Technopk Elghazala, Ariana, Tunisia; [Filali, Imen] Princess Nourah bint Abdulrahman Univ, Coll Comp & Informat Sci, Dept Comp Sci, Riyadh, Saudi Arabia","","Filali, I (corresponding author), Princess Nourah bint Abdulrahman Univ, Coll Comp & Informat Sci, Dept Comp Sci, Riyadh, Saudi Arabia.","imfilali@pnu.edu.sa","","","","","","","","0","0","","","","","","","","","","","","2026","88","1","","","","","","","28","10.32604/cmc.2026.077454","0","","","","","","","","","gold","","","2026-10-01","WOS:001771051000001","0"
"J","Shahzad, M; Saleh, MH; Ujjan, R","","","","Shahzad, Muhammad; Saleh, Muhsin Hassanu; Ujjan, Raja","","","An Autonomous AI-Driven Framework for Adaptive Cyber Deception with Real-Time Threat Detection and Behaviour-Based Attribution","COMPUTERS","","","English","Article","","","","","","cyber deception; intrusion detection; machine learning; reinforcement learning; honeypots; behavioural attribution; autonomous cyber defence; MITRE ATT&CK","","Contemporary cyber threats increasingly employ multi-stage and behaviourally adaptive strategies that challenge static intrusion detection and non-adaptive deception mechanisms. Existing approaches typically treat threat detection, deception deployment, and adversarial attribution as separate functions, limiting timely response and underusing the behavioural evidence generated during attacker interaction. This study develops and evaluates a theory-informed computational and operational framework for autonomous cyber deception. The principal research artefact is a reusable closed-loop architecture rather than a single predictive model: it specifies the interacting components, interfaces, data and control flows, decision rules, and feedback mechanisms that connect detection, deception, telemetry, and attribution. Methodologically, the study follows an engineering design-and-evaluation approach comprising problem and requirement identification from the literature, architectural synthesis, component-level mathematical modelling, prototype implementation, and controlled cyber-range evaluation. In this context, modelling refers to the distinct computational models embedded within the framework: a hybrid detection model combining supervised classification, anomaly detection, and temporal sequence analysis; a Markov Decision Process and reinforcement-learning policy model for selecting and reconfiguring deception actions under engagement, intelligence-gain, resource, and containment objectives; and similarity-based and Bayesian attribution models for estimating MITRE ATT&CK techniques from incomplete behavioural evidence. The component models were developed offline using the NSL-KDD, CICIDS2017, UNSW-NB15, and ToN-IoT datasets, while the integrated prototype was evaluated separately in a controlled enterprise-like cyber range using reconnaissance, brute-force, exploitation, and multi-stage attack scenarios. The reported classification metrics were calculated from the labelled cyber-range evaluation events, not by pooling the four benchmark datasets. On this integrated cyber-range evaluation set, the system achieved 95.4% detection accuracy, 93.6% precision, 94.7% recall, and a 94.1% F1-score, with a mean detection latency of 85 ms. It also achieved 100% honeypot deployment reliability, 92% dynamic reconfiguration success, 88% fingerprinting resistance, and attacker engagement durations of up to 280 s. The attribution component demonstrated end-to-end generation of ATT&CK-aligned technique hypotheses from deception-derived telemetry; however, the present archived evaluation does not support per-technique or baseline-comparative performance claims. These findings show that specialised models and operational services can be coordinated within a unified adaptive defence process, while also identifying the additional class-level and ablation evidence required for rigorous attribution validation.","[Shahzad, Muhammad; Saleh, Muhsin Hassanu; Ujjan, Raja] Univ West Scotland, Dept Comp Engn & Phys Sci, London Campus, London E14 2BA, England","","Saleh, MH (corresponding author), Univ West Scotland, Dept Comp Engn & Phys Sci, London Campus, London E14 2BA, England.","b01798648@studentmail.uws.ac.uk; muhsin.hassanu@uws.ac.uk; raja.ujjan@uws.ac.uk","","","","","","","","0","0","","","","","","","","","","","JUL 21","2026","15","7","","","","","","","462","10.3390/computers15070462","0","","JUL 2026","","","","","","","Green Accepted, Green Published, gold","","","2026-10-01","WOS:001831552700001","0"
"J","Huy, DPM; Nhu, NG; Le, DN","","","","Minh Huy, Dao Phuc; Nhu, Nguyen Gia; Le, Dac-Nhuong","","","Deep learning approaches for predicting cheating from student exam results: a comparative study under imbalanced data conditions","APPLIED COMPUTING AND INFORMATICS","","","English","Article; Early Access","","","","","","Predicting cheating; Educational data mining (EDM); Logistic regression; Decision trees; Random forests; SVM; MLP; RNN; CNN","","PurposeTo detect academic misconduct in students' assessment score trajectories under severe class imbalance. The paper compares tabular learners, gradient-boosting models, and sequence-aware deep networks, and proposes a precision-recall-centric evaluation and deployment protocol (calibration, threshold selection and Recall@Top-k%) tailored to rare-event screening in educational settings.Design/methodology/approachA cohort of 1,527 students (2021-2024) is modeled using ten algorithms: LR, DT, RF, SVM, MLP, XGBoost, CatBoost, LightGBM, GRU-RNN and 1D-CNN. Features encode sequential score dynamics and metadata. Models are tuned via cross-validation; probabilities are calibrated (Platt/Isotonic); operating thresholds are chosen on validation to maximize minority-class F1 or a cost-sensitive utility. Performance is assessed on a hold-out test set with PR-AUC (headline), F1(+), Recall@Top-k%, ROC-AUC, calibration curves, Brier, and bootstrap CIs.FindingsSequence-aware models dominate: GRU-RNN and 1D-CNN achieve ROC-AUC 0.97-0.98 and the highest F1(+) and Recall@Top-5%. Tabular/boosting baselines show 0.90 accuracy yet miss most positives at the default 0.5 threshold, highlighting the necessity of calibration and threshold optimization. With PR-centric selection and tuned operating points, deep temporal models yield strong screening utility for limited human review budgets.Research limitations/implicationsLabels reflect suspected-not adjudicated-cheating, introducing noise. The single-institution cohort may limit external validity; temporal shift across semesters can degrade performance. Future work should include multi-site evaluation, collusion/graph modeling, semi-/weak-supervision for noisy labels and governance topics (fairness audits, drift monitoring and uncertainty reporting).Practical implicationsThis study highlights how educational institutions can leverage machine learning for early detection of academic dishonesty based on historical performance data. CNN and RNN models are promising tools for identifying anomalous learning patterns. However, practical deployment requires preprocessing techniques to manage class imbalance and threshold optimization to reduce false negatives. The findings provide a roadmap for building automated cheating detection systems in both online and traditional assessment environments.Social implicationsBy improving the ability to detect cheating, this research contributes to fairer academic environments, upholding educational integrity and credibility of credentials. However, ethical considerations must be taken into account to avoid false accusations and ensure student rights. Human-in-the-loop systems are crucial for verifying algorithmic predictions before disciplinary action, thereby fostering transparency and accountability in automated decision-making processes.Originality/valueThe study unifies a minority-focused evaluation protocol with a comprehensive comparison of tabular, boosting, and sequence-aware models for cheating detection from score trajectories. It demonstrates the decisive value of temporal representation learning and provides a reproducible pipeline and operational metrics that align model performance with real investigative workflows.","[Minh Huy, Dao Phuc; Nhu, Nguyen Gia] Duy Tan Univ, Sch Comp Sci, Da Nang, Vietnam; [Le, Dac-Nhuong] Hai Phong Univ, Fac Informat Technol, Hai Phong, Vietnam","","Le, DN (corresponding author), Hai Phong Univ, Fac Informat Technol, Hai Phong, Vietnam.","huydao@duytan.edu.vn; nguyengianhu@duytan.edu.vn; nhuongld@dhhp.edu.vn","","","","","","","","2","2","","","","","","","","","","","2026 JAN 12","2026","","","","","","","","","","10.1108/ACI-07-2025-0308","0","","JAN 2026","","","","","","","gold","","","2026-10-01","WOS:001657031000001","0"
"J","Peng, T; Lin, CH; Wei, YC; Chen, BC; Yeh, JY","","","","Peng, Tsui; Lin, Ching-Huang; Wei, Yu-Chih; Chen, Bo-Chang; Yeh, Jen-Yu","","","Low-Overhead Passive Resilience Monitoring for AIoT Gateways: End-to-End Anomaly Detection via eBPF Timing Traces and Autoencoders","IEEE ACCESS","","","English","Article","","","","","","Payloads; Telemetry; Aerospace and electronic systems; Military aircraft; Space technology; Feeds; Central Processing Unit; Filtering; Filters; Electronic circuits; AIoT gateway; anomaly detection; autoencoder; extended Berkeley packet filter (eBPF); operational resilience; passive monitoring","EDGE; NETWORK","Modern AIoT services are vulnerable to complex, cross-domain failures spanning wireless sensor networks, edge AI inference, and cloud reporting. Conventional monitoring typically relies on isolated single-node metrics that lack an integrated end-to-end perspective, or on exhaustive active probing that incurs prohibitive resource overhead. To address this gap, this paper presents a lightweight, gateway-centric resilience-monitoring framework that provides comprehensive end-to-end observability purely at the edge. By hooking into kernel-level TCP state transitions via Linux eBPF, the proposed system decouples network-induced delays from application computational bottlenecks. We reconstruct fine-grained discrete latency segments-including device-to-gateway transmission (T-de), IoT service execution (T-is), AI inference (T-ai ), and cloud reporting ( T-ec)-completely eliminating injected measurement traffic. Based on these non-intrusive metrics, we design a hybrid detection architecture: i) protocol-oriented static thresholds for immediate, interpretable localization of hard outages, and ii) a window-based behavioral layer integrating Autoencoders (AE) and Cumulative Sum (CUSUM) to handle subtle concept drifts and coupled performance degradations. Extensive evaluations on a physical AIoT testbed demonstrate that the framework localizes failures with minimal CPU overhead (less than 1%). Furthermore, the learning-based layer successfully captures the elusive performance fluctuations arising from the dynamic interplay between network conditions and edge computing workloads. Ultimately, this approach facilitates a paradigm shift from reactive failure handling to proactive early warning and autonomous anomaly detection, offering a highly deployable foundation for robust AIoT operations.","[Peng, Tsui; Lin, Ching-Huang; Wei, Yu-Chih] Natl Taipei Univ Technol, Dept Informat & Finance Management, Taipei 10608, Taiwan; [Chen, Bo-Chang; Yeh, Jen-Yu] Natl Taipei Univ Technol, Informat Secur Program, Taipei 10608, Taiwan","","Peng, T (corresponding author), Natl Taipei Univ Technol, Dept Informat & Finance Management, Taipei 10608, Taiwan.","johnpeng@mail.ntut.edu.tw","","","","","","","","0","0","","","","","","","","","","","","2026","14","","","","","","61753","61771","","10.1109/ACCESS.2026.3685156","0","","","","","","","","","Green Submitted, gold","","","2026-10-01","WOS:001756839500034","0"
"J","Hwang, S; Li, HD; Janak, JM; Jung, HYJ; Lu, ZC; Deng, ZD","","","","Hwang, Sungjoo; Li, Huidong; Janak, Jill M.; Jung, Hyunjun; Lu, Zhaocheng; Deng, Zhiqun Daniel","","","From observation to replication: Machine-learning-driven quantification and replication of fine-scale fish kinematics and behavior","ECOLOGICAL INFORMATICS","","","English","Article","","","","","","Fish swimming kinematics; Long-term behavioral monitoring; Spearman-Brown reliability; Observation-duration threshold; Pose estimation; Hardware-in-the-loop simulation","","Long-term quantification of fish behavior is essential for aquatic ecology, wildlife telemetry, and the development of biomechanical monitoring devices and test-platform technologies. However, the observation duration required to obtain reliable behavioral and kinematic metrics remains unclear, and few tools exist to physically reproduce natural swimming motion for controlled experimentation. We address these challenges by developing a generalizable framework that models behavioral reliability (Spearman-Brown reliability index) as a function of observation duration and derives metric-specific monitoring thresholds. Using juvenile white sturgeon as a case study, we demonstrate that the minimum duration needed for reliable estimates varies substantially across kinematic features: to exceed a reliability of 0.8, total distance traveled (mm) requires 12 days, average curvature (mm(-1)) 15 days, tail-beat frequency (Hz) 8 days, and average speed (body length/s) 17 days. We further bridge digital analysis and physical testing by developing a hardware-in-the-loop simulator that reconstructs machinelearning-derived swimming kinematics with high fidelity (correlation coefficient 0.98-0.99, RMSE 1.22-1.27 mm over a 5-min segment). This platform enables realistic, repeatable motion stimuli for evaluating aquatic sensing technologies and bio-integrated devices under controlled conditions. Together, these contributions provide a scalable approach for designing long-term behavioral studies and a data-driven connection between ecological observation and robotic experimentation.","[Hwang, Sungjoo; Li, Huidong; Janak, Jill M.; Jung, Hyunjun; Lu, Zhaocheng; Deng, Zhiqun Daniel] Pacific Northwest Natl Lab, Energy & Environm Directorate, Richland, WA 99354 USA; [Deng, Zhiqun Daniel] Univ Michigan, Dept Naval Architecture & Marine Engn, Ann Arbor, MI 48109 USA","","Deng, ZD (corresponding author), Pacific Northwest Natl Lab, Energy & Environm Directorate, Richland, WA 99354 USA.","Zhiqun.Deng@pnnl.gov","","","","","","","","0","0","","","","","","","","","","","MAY","2026","95","","","","","","","","103760","10.1016/j.ecoinf.2026.103760","0","","","","","","","","","gold","","","2026-10-01","WOS:001750332600001","0"
"J","Sruk, V; Fajt, S; Krhen, M; Olujic, V","","","","Sruk, Vlado; Fajt, Sinisa; Krhen, Miljenko; Olujic, Vladimir","","","Vehicle-as-a-Sensor Approach for Urban Track Anomaly Detection","SENSORS","","","English","Article","","","","","","vibration-based monitoring; anomaly detection; urban tram infrastructure; predictive maintenance; vehicle-as-a-sensor","","This paper presents a Vibration-based Track Anomaly Detection (VTAD) system designed for real-time monitoring of urban tram infrastructure. The novelty of VTAD is that it converts existing public transport vehicles into distributed mobile sensor platforms, eliminating the need for specialized diagnostic trains. The system integrates low-cost micro-electro-mechanical system (MEMS) accelerometers, Global Positioning System (GPS) modules, and Espressif 32-bit microcontrollers (ESP32) with wireless data transmission via Message Queuing Telemetry Transport (MQTT), enabling scalable and continuous condition monitoring. A stringent +/- 6 sigma statistical threshold was applied to vertical vibration signals, minimizing false alarms while preserving sensitivity to critical faults. Field tests conducted on multiple tram routes in Zagreb, Croatia, confirmed that the VTAD system can reliably detect and locate anomalies with meter-level accuracy, validated by repeated measurements. These results show that VTAD provides a cost-effective, scalable, and operationally validated predictive maintenance solution that supports integration into intelligent transportation systems and smart city infrastructure.","[Sruk, Vlado; Fajt, Sinisa; Olujic, Vladimir] Univ Zagreb, Fac Elect Engn & Comp, Unska 3, Zagreb 10000, Croatia; [Krhen, Miljenko] Univ Zagreb, Fac Text Technol, Prilaz Baruna Filipov 28a, Zagreb 10000, Croatia","","Sruk, V (corresponding author), Univ Zagreb, Fac Elect Engn & Comp, Unska 3, Zagreb 10000, Croatia.","vlado.sruk@fer.unizg.hr; sinisa.fajt@fer.unizg.hr; miljenko.krhen@ttf.unizg.hr; vladimir.olujic2@fer.unizg.hr","","","","","","","","1","2","","","","","","","","","","","NOV 1","2025","25","21","","","","","","","6679","10.3390/s25216679","0","","","","","","","","","Green Submitted, gold","","","2026-10-01","WOS:001613068700001","0"
"J","Pawlik, L","","","","Pawlik, Lukasz","","","Evaluating Reconstruction-Based and Proximity-Based Methods: A Four-Way Comparison (AE, LSTM-AE, OCSVM, IF) in SCADA Anomaly Detection Under Inverted Imbalance","FUTURE INTERNET","","","English","Article","","","","","","predictive maintenance; Industrial IoT; unsupervised anomaly detection; Autoencoder; LSTM-Autoencoder; One-Class SVM; Isolation Forest; inverted class imbalance; SCADA data; threshold stability","","This article investigates and compares four unsupervised anomaly detection algorithms: the Autoencoder (AE), LSTM-Autoencoder (LSTM-AE), One-Class SVM (OCSVM), and the Isolation Forest (IF). The analysis focuses on SCADA telemetry data from an urban wind turbine, characterized by a unique case of extreme inverted class imbalance, where operational anomalies constitute 75.7% of the records. The AE model, trained exclusively on the rare normal state, achieved the best overall performance (AUC 0.9667), maintaining balanced and high classification effectiveness for both classes (Recall Normal approximate to 95%, Recall Anomaly approximate to 88.5%; Macro F1-Score 0.8962). In contrast, the IF model, despite a strong discriminative ability (AUC 0.8616), exhibited a complete inability to correctly recognize the normal class (Recall Normal 0.00) when using the optimal F1-score threshold. This performance degradation was a direct consequence of the necessity to apply a classification threshold imposed by the statistical fraction of the anomaly-dominated dataset. These results empirically demonstrate the methodological superiority of the reconstruction-based approach (AE) in constructing a stable decision boundary independent of the statistically dominant class. The study provides quantitative guidelines for the selection and calibration of algorithms in PHM diagnostic systems where states deviating from the operational norm constitute the majority.","[Pawlik, Lukasz] Kielce Univ Technol, Dept Informat Syst, 7 Tysiaclec Panstwa Polskiego Ave, PL-25314 Kielce, Poland","","Pawlik, L (corresponding author), Kielce Univ Technol, Dept Informat Syst, 7 Tysiaclec Panstwa Polskiego Ave, PL-25314 Kielce, Poland.","lpawlik@tu.kielce.pl","","","","","","","","5","5","","","","","","","","","","","FEB 11","2026","18","2","","","","","","","96","10.3390/fi18020096","0","","","","","","","","","gold","","","2026-10-01","WOS:001701169200001","0"
"J","Elzaghmouri, BM; Jbara, YHF; Elaiwat, S; Innab, N; Osman, AAF; Ataelfadiel, MAM; Zawaideh, FH; Alawneh, MF; Al-Khateeb, A; Abu-Zanona, MW","","","","Elzaghmouri, Bassam Mohammad; Jbara, Yosef Hasan Fayez; Elaiwat, Said; Innab, Nisreen; Osman, Ahmed Abdelgader Fadol; Ataelfadiel, Mohammed Awad Mohammed; Zawaideh, Farah H.; Alawneh, Mouiad Fadeil; Al-Khateeb, Asef; Abu-Zanona, Mar wan","","","A Novel Hybrid Architecture for Superior IoT Threat Detection through Real IoT Environments","CMC-COMPUTERS MATERIALS & CONTINUA","","","English","Article","","","","","","A hybrid deep learning model; IoT threat detection; real IoT environments; cybersecurity; attention mechanism","INTRUSION DETECTION; INTERNET","As the Internet of Things (IoT) continues to expand, incorporating a vast array of devices into a digital ecosystem also increases the risk of cyber threats, necessitating robust defense mechanisms. This paper presents an innovative hybrid deep learning architecture that excels at detecting IoT threats in real-world settings. Our proposed model combines Convolutional Neural Networks (CNN), Bidirectional Long Short-Term Memory (BLSTM), Gated Recurrent Units (GRU), and Attention mechanisms into a cohesive framework. This integrated structure aims to enhance the detection and classification of complex cyber threats while accommodating the operational constraints of diverse IoT systems. We evaluated our model using the RT-IoT2022 dataset, which includes various devices, standard operations, and simulated attacks. Our research's significance lies in the comprehensive evaluation metrics, including Cohen Kappa and Matthews Correlation Coefficient (MCC), which underscore the model's reliability and predictive quality. Our model surpassed traditional machine learning algorithms and the state-ofthe-art, achieving over 99.6% precision, recall, F1-score, False Positive Rate (FPR), Detection Time, and accuracy, effectively identifying specific threats such as Message Queuing Telemetry Transport (MQTT) Publish, Denial of Service Synchronize network packet crafting tool (DOS SYN Hping), and Network Mapper Operating System Detection (NMAP OS DETECTION). The experimental analysis reveals a significant improvement over existing detection systems, significantly enhancing IoT security paradigms. Through our experimental analysis, we have demonstrated a remarkable enhancement in comparison to existing detection systems, which significantly strengthens the security standards of IoT. Our model effectively addresses the need for advanced, dependable, and adaptable security solutions, serving as a symbol of the power of deep learning in strengthening IoT ecosystems amidst the constantly evolving cyber threat landscape. This achievement marks a significant stride towards protecting the integrity of IoT infrastructure, ensuring operational resilience, and building privacy in this groundbreaking technology.","[Elzaghmouri, Bassam Mohammad] Yarmouk Univ, Fac Informat Technol & Comp Sci, Dept Comp Sci, Jerash, Jordan; [Jbara, Yosef Hasan Fayez] Buraydah Private Coll, Engn & Informat Technol Coll, Comp Engn Dept, Buraydah 51418, Saudi Arabia; [Elaiwat, Said] Al Zaytoonah Univ Jordan, Fac Architecture & Design, Amman 11733, Jordan; [Innab, Nisreen] AlMaarefa Univ, Coll Appl Sci, Dept Comp Sci & Informat Syst, Riyadh 13713, Saudi Arabia; [Osman, Ahmed Abdelgader Fadol; Ataelfadiel, Mohammed Awad Mohammed] King Faisal Univ, Appl Coll, Al Hasa 31982, Saudi Arabia; [Zawaideh, Farah H.] Irbid Natl Univ, Fac Financial Sci & Business, Dept Business Intelligence & Data Anal, Irbid 21110, Jordan; [Alawneh, Mouiad Fadeil] Ajloun Natl Univ, Fac Informat Technol, Ajloun 26810, Jordan; [Al-Khateeb, Asef; Abu-Zanona, Mar wan] King Faisal Univ, Coll Business Adm, Dept Management Informat Syst, Al Hufuf, Saudi Arabia","","Innab, N (corresponding author), AlMaarefa Univ, Coll Appl Sci, Dept Comp Sci & Informat Syst, Riyadh 13713, Saudi Arabia.","ninnab@um.edu.sa","","","","","","","","9","10","","","","","","","","","","","","2024","81","2","","","","","2299","2316","","10.32604/cmc.2024.054836","0","","","","","","","","","gold","","","2026-10-01","WOS:001362445300001","0"
"J","Hanif, MFA; Sarvghadi, MA","","","","Hanif, Mohamad Fikri Aiman; Sarvghadi, Mohammad Ali","","","An Edge-Cloud Integrated Smart Monitoring System for Sustainable Freshwater Fishpond Management","JURNAL KEJURUTERAAN","","","English","Article","","","","","","Water quality; water monitoring; cloud computing; edge computing","","Water quality is a critical determinant of fish health and productivity in freshwater aquaculture, with parameters such as pH, dissolved oxygen (DO), temperature, and turbidity directly influencing growth, metabolism, and disease susceptibility. Traditional monitoring methods, based on manual sampling and laboratory analysis, are often slow, labor-intensive, and unable to detect rapid environmental changes. This paper presents the design and implementation of a hybrid edge-cloud integrated smart monitoring system for sustainable freshwater fishpond management. The system employs an ESP32-based edge node to collect real-time water quality data, detect threshold violations locally, and trigger immediate responses, including LED/buzzer alarms and actuator activation, while simultaneously sending email alerts via SMTP. Long-term data storage, visualization, and remote access are enabled through a cloud platform integrated with MATT-based data publishing. Experimental evaluation demonstrated a total detection-to-action latency of 3.4 s, local alerts in 1.0 s, email notifications within 7.0 s, and cloud synchronization latency of 150 ms. Sensor measurements achieved high accuracy, with maximum deviations of only +/- 0.11 pH units, 0.3 mg/L DO, 0.21 NTU turbidity, and 0.2 degrees C temperature. The system maintained 100% uptime during stable network conditions, confirming its reliability for continuous aquaculture monitoring. By combining low-latency local decision-making with cloud-based analytics, the proposed solution enhances operational efficiency, supports proactive management, and aligns with SDG 6 (Clean Water and Sanitation) and SDG 14 (Life Below Water). Future work will focus on integrating machine learning models for predictive water quality analysis and expanding the platform to other aquaculture and smart farming applications.","[Hanif, Mohamad Fikri Aiman; Sarvghadi, Mohammad Ali] Univ Sains Malaysia USM, Sch Comp Sci, Gelugor 11800, Penang, Malaysia","","Sarvghadi, MA (corresponding author), Univ Sains Malaysia USM, Sch Comp Sci, Gelugor 11800, Penang, Malaysia.","masarvghadi@usm.my","","","","","","","","0","0","","","","","","","","","","","AUG","2026","38","5","","","","","2395","2410","","10.17576/jkukm-2026-38(5)-24","0","","","","","","","","","gold","","","2026-10-01","WOS:001868649200024","0"
"J","Kanthasamy, D; Kumar, CNSV","","","","Kanthasamy, D.; Vinoth Kumar, C. N. S.","","","Adaptive and scalable protection framework for virtual machines leveraging deep learning and dynamic defense","SCIENTIFIC REPORTS","","","English","Article","","","","","","Virtual machine security; Anomaly detection; Density-aware clustering; Dynamic mitigation controller; Adaptive feature encoder; Transformer-boosting classifier; Adaptive defense; Cloud security","CLOUD; SECURITY","Virtual Machines (VMs) serve as dynamic execution environments that trade-off workload isolation, performance, and elastic scalability in the cloud. However, the flexibility of VMs which allows for efficiency also makes them susceptible to stealthy and adaptive cyber threats such as resource exhaustion, privilege escalation, and lateral movement. In such environments, the traditional signature- and heuristic-based defenses often encounter difficulties, resulting in high false-positive rates and low-rank under changing attack conditions. To mitigate these limitations, we present a flexible defense system which combines feature extraction, anomaly detection, classification and mitigation in a single pipeline. The system consists of an Adaptive Feature Encoder for concise behavior representation, a Density-Aware Clustering for anomaly detection, a Transformer-Boosting Classifier for timely threat identification, and a Dynamic Mitigation Controller for prompt decision making at runtime, and with low overhead. Experiments on benchmark VM telemetry datasets (ToN-IoT and CSE-CIC-IDS2018) indicate that VMShield provides 99.8% accuracy, 99.7% precision, 99.6% F1-score, and reduces false positives by 35% compared to state-of-the-art baselines. Stress testing ensures scalability, keeping detection latency at similar to 240 ms and overhead under 7%. By integrating the accuracy with operational resilience, proposed adaptive and scalable protection framework offers a practical defense to protect the cloud-hosted VMs from the emerging adversarial threats.","[Kanthasamy, D.; Vinoth Kumar, C. N. S.] SRM Inst Sci & Technol, Coll Engn & Technol, Sch Comp, Dept Networking & Commun, Kattankulathur 603203, Tamil Nadu, India","","Kumar, CNSV (corresponding author), SRM Inst Sci & Technol, Coll Engn & Technol, Sch Comp, Dept Networking & Commun, Kattankulathur 603203, Tamil Nadu, India.","kd5754@srmist.edu.in; vinothks1@srmist.edu.in","","","","","","","","0","0","","","","","","","","","","","NOV 26","2025","15","1","","","","","","","42172","10.1038/s41598-025-26221-8","0","","","","","","","","","Green Submitted, gold","","","2026-10-01","WOS:001626820800006","0"
"J","Vinciguerra, E; Siracusano, G; Ascia, G; Palesi, M","","","","Vinciguerra, Elio; Siracusano, Giulio; Ascia, Giuseppe; Palesi, Maurizio","","","SAFER: Self-Attentive Feature Extraction and Reduction","IEEE ACCESS","","","English","Article","","","","","","Modeling; Feature extraction; Accuracy; Timing; Memory; Indexes; Indexing; Conferences; Machine learning; Computer architecture; Feature selection; functional safety; hardware performance counters; RISC-V; anomaly detection","FEATURE-SELECTION","Modern RISC-V automotive systems provide deep microarchitectural observability through Hardware Performance Counters (HPCs). However, leveraging this telemetry for real-time anomaly detection introduces a severe curse of dimensionality, as processing hundreds of raw metrics is computationally unviable for resource-constrained Electronic Control Units (ECUs). This paper presents SAFER (Self-Attentive Feature Extraction and Reduction), a novel multi-stage ensemble framework designed to autonomously distill optimal hardware metrics for safety-critical applications. By jointly combining a custom Attention-LSTM neural architecture with Permutation Importance (PI), Mutual Information (MI), and Bootstrap Stability (BS) analysis, SAFER isolates stable and highly discriminative fault signatures. Experimental evaluations on a RISC-V out-of-order processor running automotive benchmarks demonstrate that SAFER compresses an initial space of 1,450 raw hardware metrics into a robust subset of just 36 features, achieving a 97.4% dimensionality reduction, a global accuracy of 96.1%, and an Area Under the Curve (AUC) of 98.6% across diverse microarchitectural fault injection scenarios, surpassing the full-feature baseline by 3.1% in accuracy. SAFER effectively resolves the conflict between diagnostic observability and embedded memory constraints, enabling the deployment of advanced sequence-aware anomaly detection models in compliance with ISO 26262 requirements.","[Vinciguerra, Elio; Siracusano, Giulio; Ascia, Giuseppe; Palesi, Maurizio] Univ Catania, Dept Elect Elect & Comp Engn, I-95125 Catania, Italy","","Vinciguerra, E (corresponding author), Univ Catania, Dept Elect Elect & Comp Engn, I-95125 Catania, Italy.","elio.vinciguerra@phd.unict.it","","","","","","","","0","0","","","","","","","","","","","","2026","14","","","","","","85695","85708","","10.1109/ACCESS.2026.3700810","0","","","","","","","","","Green Submitted, gold","","","2026-10-01","WOS:001792350000001","0"
"J","El-Sofany, H; El-Seoud, SA; Karam, OH; Bouallegue, B; Ahmed, AM","","","","El-Sofany, Hosam; El-Seoud, Samir A.; Karam, Omar H.; Bouallegue, Belgacem; Ahmed, Abdelmoty M.","","","A proposed secure framework for protecting cloud-based educational systems from hacking","EGYPTIAN INFORMATICS JOURNAL","","","English","Article","","","","","","Cloud computing; E -learning; Cyberattacks; Digital signature; CNN; GLCM; Education system","COMPUTING ADOPTION","Educational institutions and users involved in the whole learning process frequently have concerns about the storage and processing of sensitive data and essential apps in the cloud. Security and privacy issues have emerged as a major challenge, limiting cloud computing's implementation in educational environments. Several users have yet to meet this security challenge, which is linked to the system's multi-tenancy nature and the outsourcing of resources and data. This study proposes a secure framework for protecting cloud-based educational systems from hacking using a unique encryption technique, as well as a deep learning-based classification for cloud attack detection. Initially, we preprocess the data and extract features using a gray-level covariance matrix (GLCM). Next, we propose a classification based on multiple convolutional neural networks (M-CNN) to detect attacks in the cloud environment. Finally, we propose a modified digital signature algorithm (MDSA) for data encryption and decryption. The proposed technique achieved high security rates, with an accuracy of 97.7%, sensitivity of 96%, specificity of 94.3%, precision of 99.6%, and recall of 97%. Comparative evaluations showed that the proposed mechanism outperformed other encryption techniques. This novel model enhances the security of cloud-based educational systems and promotes users' confidence in such platforms.","[El-Sofany, Hosam; Bouallegue, Belgacem] King Khalid Univ, Coll Comp Sci, Abha, Saudi Arabia; [El-Sofany, Hosam] Cairo Higher Inst Engn Comp Sci & Management, Cairo, Egypt; [El-Seoud, Samir A.; Karam, Omar H.] British Univ Egypt BUE, Fac Informat & Comp Sci, Cairo, Egypt; [Bouallegue, Belgacem] Univ Monastir, Fac Sci Monastir, Elect & Microelect Lab, Monastir, Tunisia; [Ahmed, Abdelmoty M.] Nahda Univ Beni Suef, Comp Sci Collage, Bani Suwayf, Egypt; [Ahmed, Abdelmoty M.] Al Azhar Univ, Fac Engn, Dept Syst & Comp Engn, Cairo, Egypt","","El-Sofany, H (corresponding author), King Khalid Univ, Coll Comp Sci, Abha, Saudi Arabia.;El-Sofany, H (corresponding author), Cairo Higher Inst Engn Comp Sci & Management, Cairo, Egypt.","helsofany@kku.edu.sa","","","","","","","","2","3","","","","","","","","","","","SEP","2024","27","","","","","","","","100505","10.1016/j.eij.2024.100505","0","","JUL 2024","","","","","","","gold","","","2026-10-01","WOS:001270317800001","0"
"J","Durga, R; Poovammal, E","","","","Durga, R.; Poovammal, E.","","","FLED-Block: Federated Learning Ensembled Deep Learning Blockchain Model for COVID-19 Prediction","FRONTIERS IN PUBLIC HEALTH","","","English","Article","","","","","","image processing; artificial intelligence; extreme learning machine; privacy preservation; capsule learning model","FRAMEWORK; MACHINE; SPREAD","With the SARS-CoV-2's exponential growth, intelligent and constructive practice is required to diagnose the COVID-19. The rapid spread of the virus and the shortage of reliable testing models are considered major issues in detecting COVID-19. This problem remains the peak burden for clinicians. With the advent of artificial intelligence (AI) in image processing, the burden of diagnosing the COVID-19 cases has been reduced to acceptable thresholds. But traditional AI techniques often require centralized data storage and training for the predictive model development which increases the computational complexity. The real-world challenge is to exchange data globally across hospitals while also taking into account of the organizations' privacy concerns. Collaborative model development and privacy protection are critical considerations while training a global deep learning model. To address these challenges, this paper proposes a novel framework based on blockchain and the federated learning model. The federated learning model takes care of reduced complexity, and blockchain helps in distributed data with privacy maintained. More precisely, the proposed federated learning ensembled deep five learning blockchain model (FLED-Block) framework collects the data from the different medical healthcare centers, develops the model with the hybrid capsule learning network, and performs the prediction accurately, while preserving the privacy and shares among authorized persons. Extensive experimentation has been carried out using the lung CT images and compared the performance of the proposed model with the existing VGG-16 and 19, Alexnets, Resnets-50 and 100, Inception V3, Densenets-121, 119, and 150, Mobilenets, SegCaps in terms of accuracy (98.2%), precision (97.3%), recall (96.5%), specificity (33.5%), and F1-score (97%) in predicting the COVID-19 with effectively preserving the privacy of the data among the heterogeneous users.","[Durga, R.; Poovammal, E.] SRM Inst Sci & Technol, Sch Comp, Dept Comp Technol, Chennai, India","","Durga, R (corresponding author), SRM Inst Sci & Technol, Sch Comp, Dept Comp Technol, Chennai, India.","dr8529@srmist.edu.in","","","","","","","","44","49","","","","","","","","","","","JUN 17","2022","10","","","","","","","","892499","10.3389/fpubh.2022.892499","0","","","","","","","","","Green Submitted, gold","","","2026-10-01","WOS:000820027000001","0"
"J","Deepika, R; Kumar, TSP","","","","Deepika, R.; Kumar, T. S. Pradeep","","","Dual level dengue diagnosis using lightweight multilayer perceptron with XAI in fog computing environment and rule based inference","SCIENTIFIC REPORTS","","","English","Article","","","","","","","","Over the last fifty years, arboviral infections have made an unparalleled contribution to worldwide disability and morbidity. Globalization, population growth, and unplanned urbanization are the main causes. Dengue is regarded as the most significant arboviral illness among them due to its prior dominance in growth. The dengue virus is mostly transmitted to humans by Aedes mosquitoes. The human body infected with dengue virus (DenV) will experience certain adverse impacts. To keep the disease under control, some of the preventative measures implemented by different countries need to be updated. Manual diagnosis is typically employed, and the accuracy of the diagnosis is assessed based on the experience of the healthcare professionals. Because there are so many patients during an outbreak, incompetence also happens. Remote monitoring and massive data storage are required. Though cloud computing is one of the solutions, it has a significant latency, despite its potential for remote monitoring and storage. Also, the diagnosis should be made as quickly as possible. The aforementioned issue has been resolved with fog computing, which significantly lowers latency and facilitates remote diagnosis. This study especially focuses on incorporating machine learning and deep learning techniques in the fog computing environment to leverage the overall diagnostic efficiency of dengue by promoting remote diagnosis and speedy treatment. A dual-level dengue diagnosis framework has been proposed in this study. Level-1 diagnosis is based on the symptoms of the patients, which are sent from the edge layer to the fog. Level-1 diagnosis is done in the fog to manage the storage and computation issues. An optimized and normalized lightweight MLP has been proposed along with preprocessing and feature reduction techniques in this study for the Level-1 Diagnosis in the fog computing environment. Pearson Correlation coefficient has been calculated between independent and target features to aid in feature reduction. Techniques like K-fold cross-validation, batch normalization, and grid search optimization have been used for increasing the efficiency. A variety of metrics have been computed to assess the effectiveness of the model. Since the suggested model is a black box, explainable artificial intelligence (XAI) tools such as SHAP and LIME have been used to help explain its predictions. An exceptional accuracy of 92% is attained with the small dataset using the proposed model. The fog layer sends the list of probable cases to the edge layer. Also, a precision of 100% and an F1 score of 90% have been attained using the proposed model. The list of probable cases is sent from the fog layer to the edge layer, where Level-2 Diagnosis is carried out. Level-2 diagnosis is based on the serological test report of the suspected patients of the Level-1 diagnosis. Level-2 diagnosis is done at the edge using the rule-based inference method. This study incorporates dual-level diagnosis, which is not seen in recent studies. The majority of investigations end at Level 1. However, this study minimizes incorrect treatment and fatality rates by using dual-level diagnosis and assisting in confirmation of the disease.","[Deepika, R.; Kumar, T. S. Pradeep] Vellore Inst Technol, Sch Comp Sci & Engn, Chennai 600127, India","","Kumar, TSP (corresponding author), Vellore Inst Technol, Sch Comp Sci & Engn, Chennai 600127, India.","tspradeepkumar@vit.ac.in","","","","","","","","2","2","","","","","","","","","","","MAY 13","2025","15","1","","","","","","","16548","10.1038/s41598-025-98365-6","0","","","","","","","","","Green Submitted, gold","","","2026-10-01","WOS:001487816800010","0"
"J","Alashwal, M; Waheed, U; Algarni, M; Jamshed, H; Zwawi, M; Mansoor, Y; Hussain, A","","","","Alashwal, May; Waheed, Urooj; Algarni, Mohammed; Jamshed, Huma; Zwawi, Mohammed; Mansoor, Yusra; Hussain, Ahmad","","","Trust Aware and Explainable Access Control for Internet of Medical Things: A Lightweight Hybrid Blockchain Approach","IEEE INTERNET OF THINGS JOURNAL","","","English","Article","","","","","","Telemetry; Payloads; Aerospace and electronic systems; Military aircraft; Space technology; Circuits; Central Processing Unit; Feedback; MIMICs; Millimeter wave integrated circuits; Blockchain; explainable AI (XAI); Hyperledger Besu; Hyperledger Fabric; smart Internet of Things (IoT) security; trust recalibration; XAI attribute-based access control (ABAC)","MANAGEMENT","The Internet of Medical Things (IoMT) permits continuous patient monitoring, remote diagnosis, and intelligent clinical decision support using networked medical devices. However, IoMT environments are very challenging, given their stringent latency requirements, device diversity, and dynamic clinical workflows, which hinder traditional static access control (AC) approaches from performing effectively. Traditional AC systems, such as role-based AC (RBAC) and fixed attribute-based AC (ABAC), fail to adapt to real-time contextual changes, evolving user behavior, and trust dynamics in medical Internet of Things (IoT) systems. In addition, AI-driven AC solutions often operate as closed box models, limiting transparency and regulatory compliance. This article proposes a trust aware and explainable AC framework specifically designed for IoMT systems, integrating a tree-based ensemble learning model for trust evaluation, explainable artificial intelligence (XAI), and a lightweight hybrid blockchain architecture suitable for real-time IoMT deployments. The framework dynamically evaluates access requests using contextual and behavioral attributes and generates human-interpretable explanations for each access decision using SHAP-based XAI, enabling transparency and compliance with healthcare regulations. To meet IoMT latency and scalability requirements, computationally intensive machine learning (ML) and explainability tasks are executed off-chain, while access decisions and audit logs are immutably recorded using a hybrid blockchain composed of Hyperledger Fabric and Hyperledger Besu. A prototype implementation in a realistic IoMT environment demonstrates that the proposed framework achieves an access decision accuracy of 93.4%, with an average end-to-end latency of 1.8 s, which is suitable for real-time medical workflows. The off-chain AI integration reduces blockchain execution costs by 81% compared to fully on-chain solutions, while preserving security, auditability, and system reliability. These results indicate that trust aware and explainable AC can significantly enhance the security, transparency, and operational robustness of next-generation IoMT systems.","[Alashwal, May] Jeddah Int Coll, Dept Comp Sci & Informat Technol, Jeddah 23831, Saudi Arabia; [Waheed, Urooj; Jamshed, Huma; Mansoor, Yusra] DHA Suffa Univ, Dept Comp Sci, Karachi 75500, Pakistan; [Algarni, Mohammed; Zwawi, Mohammed] King Abdulaziz Univ, Fac Engn, Mech Engn Dept, Jeddah 21589, Saudi Arabia; [Hussain, Ahmad] DHA Suffa Univ, Fac Engn & Appl Sci, Karachi 75500, Pakistan","","Mansoor, Y (corresponding author), DHA Suffa Univ, Dept Comp Sci, Karachi 75500, Pakistan.","m.alashwal@jicollege.edu.sa; urooj.waheed@dsu.edu.pk; malgarni1@kau.edu.sa; huma.jamshed@dsu.edu.pk; mzwawi@kau.edu.sa; yusra.mansoor@dsu.edu.pk; ahmad.hussain@dsu.edu.pk","","","","","","","","0","1","","","","","","","","","","","JUN 15","2026","13","12","","","","","27843","27861","","10.1109/JIOT.2026.3680091","0","","","","","","","","","hybrid","","","2026-10-01","WOS:001788888700013","0"
"J","Javeed, MS; Maua, J; Mridha, MF; Huang, J; Shin, J","","","","Javeed, Mohammed Saad; Maua, Jannatul; Mridha, M. F.; Huang, Jie; Shin, Jungpil","","","NetBurst-X: A Burst-Informed Learning Framework for Detecting Microbursts and Data Exfiltration in NetFlow","IEEE OPEN JOURNAL OF THE COMMUNICATIONS SOCIETY","","","English","Article","","","","","","Telemetry; Aerospace and electronic systems; Radio broadcasting; Filtering; Central Processing Unit; Filters; High-speed networks; Data communication; Communication systems; NetFlow analysis; microburst detection; data exfiltration; network security; deep learning; real-time intrusion detection","","Real-time anomaly detection is a core requirement in high-speed networks, yet most intrusion detection systems struggle with short-lived microbursts and stealthy data exfiltration, especially when attackers hide within bursty traffic. This paper proposes NetBurst-X, a hybrid burst-flow learning framework that combines burst-aware traffic statistics with temporal deep learning for NetFlow-based security analytics. The framework introduces a Burst Severity Index (BSI) and derives ByteRate and PacketRate features inside dynamic sliding windows, which are then fused with gated recurrent unit (GRU) representations of NetFlow sequences. Experiments on the NF-UNSW-NB15-V2 and UNSW-NB15 datasets show that NetBurst-X outperforms Random Forest, SVM, XGBoost, BiLSTM, and CNN-GRU baselines in precision, recall, F1-score, ROC-AUC, and Matthews correlation coefficient for both microburst detection and data exfiltration classification. On a combined microburst-exfiltration traffic mix, NetBurst-X achieves an F1-score of 0.950, a ROC-AUC of 0.973, and an MCC of 0.938, with F1-scores of 0.963 for microburst detection and 0.923 for exfiltration alone. Streaming evaluations further indicate low inference latency (27.4 ms per batch) and high throughput (16 920 flows/s), demonstrating that the framework is suitable for deployment in practical high-speed network environments. These results highlight the benefit of combining burst-aware traffic indicators with temporal flow modeling to improve real-time intrusion detection.","[Javeed, Mohammed Saad] Trine Univ, Dept Informat Sci, Angola, MI 48101 USA; [Maua, Jannatul] Bangladesh Univ Business & Technol, Dept Comp Sci & Engn, Dhaka 1216, Bangladesh; [Mridha, M. F.] Amer Int Univ Bangladesh AIUB, Dhaka 1229, Bangladesh; [Huang, Jie; Shin, Jungpil] Univ Aizu, Sch Comp Sci & Engn, Aizu Wakamatsu 9658580, Japan","","Shin, J (corresponding author), Univ Aizu, Sch Comp Sci & Engn, Aizu Wakamatsu 9658580, Japan.","jpshin@u-aizu.ac.jp","","","","","","","","0","0","","","","","","","","","","","","2026","7","","","","","","4022","4035","","10.1109/OJCOMS.2026.3683927","0","","","","","","","","","Green Submitted, gold","","","2026-10-01","WOS:001748485200008","0"
"J","Aswad, FM; Ahmed, AMS; Alhammadi, NAM; Khalaf, BA; Mostafa, SA","","","","Aswad, Firas Mohammed; Ahmed, Ali Mohammed Saleh; Alhammadi, Nafea Ali Majeed; Khalaf, Bashar Ahmad; Mostafa, Salama A.","","","Deep learning in distributed denial-of-service attacks detection method for Internet of Things networks","JOURNAL OF INTELLIGENT SYSTEMS","","","English","Article","","","","","","distributed denial-of-service attacks; Internet of Things; deep learning; classification; CNN; BiLSTM; RNN; LSTM","INTRUSION DETECTION","With the rapid growth of informatics systems' technology in this modern age, the Internet of Things (IoT) has become more valuable and vital to everyday life in many ways. IoT applications are now more popular than they used to be due to the availability of many gadgets that work as IoT enablers, including smartwatches, smartphones, security cameras, and smart sensors. However, the insecure nature of IoT devices has led to several difficulties, one of which is distributed denial-of-service (DDoS) attacks. IoT systems have several security limitations due to their disreputability characteristics, like dynamic communication between IoT devices. The dynamic communications resulted from the limited resources of these devices, such as their data storage and processing units. Recently, many attempts have been made to develop intelligent models to protect IoT networks against DDoS attacks. The main ongoing research issue is developing a model capable of protecting the network from DDoS attacks that is sensitive to various classes of DDoS and can recognize legitimate traffic to avoid false alarms. Subsequently, this study proposes combining three deep learning algorithms, namely recurrent neural network (RNN), long short-term memory (LSTM)-RNN, and convolutional neural network (CNN), to build a bidirectional CNN-BiLSTM DDoS detection model. The RNN, CNN, LSTM, and CNN-BiLSTM are implemented and tested to determine the most effective model against DDoS attacks that can accurately detect and distinguish DDoS from legitimate traffic. The intrusion detection evaluation dataset (CICIDS2017) is used to provide more realistic detection. The CICIDS2017 dataset includes benign and up-to-date examples of typical attacks, closely matching real-world data of Packet Capture. The four models are tested and assessed using Confusion Metrix against four commonly used criteria: accuracy, precision, recall, and F-measure. The performance of the models is quite effective as they obtain an accuracy rate of around 99.00%, except for the CNN model, which achieves an accuracy of 98.82%. The CNN-BiLSTM achieves the best accuracy of 99.76% and precision of 98.90%.","[Aswad, Firas Mohammed] Univ Diyala, Coll Basic Educ, Comp Dept, Diyala 32001, Iraq; [Ahmed, Ali Mohammed Saleh] Univ Diyala, Coll Educ Pure Sci, Diyala 32001, Iraq; [Alhammadi, Nafea Ali Majeed] Shatt Al Arab Univ Coll, Dept Comp Sci, Basra 61002, Iraq; [Khalaf, Bashar Ahmad] Bilad Alrafidain Univ Coll, Dept Med Instruments Engn Tech, Diyala 32001, Iraq; [Mostafa, Salama A.] Univ Tun Hussein Onn Malaysia, Fac Comp Sci & Informat Technol, Dept Software Engn, Batu Pahat 86400, Johor, Malaysia","","Mostafa, SA (corresponding author), Univ Tun Hussein Onn Malaysia, Fac Comp Sci & Informat Technol, Dept Software Engn, Batu Pahat 86400, Johor, Malaysia.","drfirasaswad@gmail.com; dr.alimahmed@uodiyala.edu.iq; Nafeaalhamadi@yahoo.com; bashar@bauc14.edu.iq; salama@uthm.edu.my","","","","","","","","27","34","","","","","","","","","","","JAN 12","2023","32","1","","","","","","","20220155","10.1515/jisys-2022-0155","0","","","","","","","","","Green Submitted, gold","","","2026-10-01","WOS:000914275300001","0"
"J","Santos, H; Magalhaes, P","","","","Santos, Henrique; Magalhaes, Pedro","","","Longitudinal Behavioural Analysis of Industrial IoT Network Traffic Using Passive Monitoring","JOURNAL OF SENSOR AND ACTUATOR NETWORKS","","","English","Article","","","","","","industrial IoT (IIoT); network intrusion detection; behavioural analysis; Zeek; passive network monitoring; anomaly detection; network traffic analysis; cybersecurity metrics","SECURITY; INTERNET; SYSTEMS","Industrial Internet of Things (IIoT) production environments rely on automated communication between control systems and embedded devices while operating under strict availability constraints that limit the deployment of conventional IT security controls. Despite extensive research on intrusion detection systems, empirical studies based on long-term observations of real industrial networks remain scarce. This paper presents a longitudinal 92-day passive monitoring study of a production-line IIoT network comprising 22 monitored devices. A containerised instance of Zeek was deployed in promiscuous mode to collect flow-level and application-layer telemetry without interfering with operations. The resulting dataset contains more than 41.5 million network flows and 520.5 million packets, represented by 48.48 GB of structured Zeek logs. The results reveal highly deterministic communication patterns dominated by periodic HTTP polling between a central server and distributed devices. In particular, the hourly mean HTTP response size remained highly stable at 132.76 bytes, with a standard deviation of 1.37 bytes and a coefficient of variation of 1.0%. Although no confirmed malicious activity was observed, transient deviations were identified and attributed to planned production stoppages restart periods, which caused temporary traffic reductions and short-lived packet bursts. These findings demonstrate that production-line IIoT networks can exhibit predictable behaviour regimes suitable for statistical anomaly detection. The study contributes a longitudinal empirical characterisation of a real operational IIoT network, a reproducible methodology for behavioural baseline extraction using passive telemetry, and practical insights for safe monitoring deployment.","[Santos, Henrique; Magalhaes, Pedro] Univ Minho, ALGORITMI R&D Ctr, Campus Azurem, P-4800058 Guimaraes, Portugal","","Santos, H (corresponding author), Univ Minho, ALGORITMI R&D Ctr, Campus Azurem, P-4800058 Guimaraes, Portugal.","hsantos@dsi.uminho.pt; pedromagalhaes_2000@hotmail.com","","","","","","","","0","0","","","","","","","","","","","AUG 2","2026","15","4","","","","","","","62","10.3390/jsan15040062","0","","AUG 2026","","","","","","","gold","","","2026-10-01","WOS:001859062500001","0"
"J","Aleran, A; Almukhalfi, H; Noor, A; Alluhaibi, R; Hafez, A; Noor, TH","","","","Aleran, Atheer; Almukhalfi, Hanan; Noor, Ayman; Alluhaibi, Reyadh; Hafez, Abdulrahman; Noor, Talal H.","","","An IoT-Based Predictive Maintenance Framework Using a Hybrid Deep Learning Model for Smart Industrial Systems","CMC-COMPUTERS MATERIALS & CONTINUA","","","English","Article","","","","","","Predictive maintenance; Internet of Things (IoT); smart industrial systems; LSTM-CNN hybrid model; deep learning; remaining useful life (RUL); industrial fault diagnosis","","Modern industrial environments require uninterrupted machinery operation to maintain productivity standards while ensuring safety and minimizing costs. Conventional maintenance methods, such as reactive maintenance (i.e., run to failure) or time-based preventive maintenance (i.e., scheduled servicing), prove ineffective for complex systems with many Internet of Things (IoT) devices and sensors because they fall short in detecting faults at early stages when it is most crucial. This paper presents a predictive maintenance framework based on a hybrid deep learning model that integrates the capabilities of Long Short-Term Memory (LSTM) Networks and Convolutional Neural Networks (CNNs). The framework integrates spatial feature extraction and temporal sequence modeling to accurately classify the health state of industrial equipment into three categories, including Normal, Require Maintenance, and Failed. The framework uses a modular pipeline that includes IoT-enabled data collection along with secure transmission methods to manage cloud storage and provide real-time fault classification. The FD004 subset of the NASA C-MAPSS dataset, containing multivariate sensor readings from aircraft engines, serves as the training and evaluation data for the model. Experimental results show that the LSTM-CNN model outperforms baseline models such as LSTM-SVM and LSTM-RNN, achieving an overall average accuracy of 86.66%, precision of 86.00%, recall of 86.33%, and F1-score of 86.33%. Contrary to the previous LSTM-CNN-based predictive maintenance models that either provide a binary classification or rely on synthetically balanced data, our paper provides a three-class maintenance state (i.e., Normal, Require Maintenance, and Failed) along with threshold-based labeling that retains the true nature of the degradation. In addition, our work also provides an IoT-to-cloud-based modular architecture for deployment. It offers Computerized Maintenance Management System (CMMS) integration, making our proposed solution not only technically sound but also practical and innovative. The solution achieves real-world industrial deployment readiness through its reliable performance alongside its scalable system design.","[Aleran, Atheer; Almukhalfi, Hanan; Noor, Ayman; Noor, Talal H.] Taibah Univ, Coll Comp Sci & Engn, Dept Comp Sci, Madinah 42353, Saudi Arabia; [Alluhaibi, Reyadh] Taibah Univ, Coll Comp Sci & Engn, Dept Artificial Intelligence & Data Sci, Madinah 42353, Saudi Arabia; [Hafez, Abdulrahman] Methodist Univ, Coll Business Technol & Profess Studies, Comp Sci & Comp Informat Technol Dept, Fayetteville, NC 28311 USA","","Noor, TH (corresponding author), Taibah Univ, Coll Comp Sci & Engn, Dept Comp Sci, Madinah 42353, Saudi Arabia.","tnoor@taibahu.edu.sa","","","","","","","","2","3","","","","","","","","","","","","2026","86","3","","","","","","","70741","10.32604/cmc.2025.070741","0","","","","","","","","","gold","","","2026-10-01","WOS:001671545300001","0"
"J","Brito, SD; Azinheira, GJ; Semiao, JF; Sousa, NM; Litrán, SP","","","","Brito, Sergio Duarte; Azinheira, Goncalo Jose; Semiao, Jorge Filipe; Sousa, Nelson Manuel; Litran, Salvador Perez","","","Non-Intrusive Low-Cost IoT-Based Hardware System for Sustainable Predictive Maintenance of Industrial Pump Systems","ELECTRONICS","","","English","Article","","","","","","predictive maintenance; IoT; vibration analysis; wireless sensor networks; machine learning; low-cost sensors; FFT; anomaly detection","","Industrial maintenance has shifted from reactive repairs and calendar-based servicing toward data-driven predictive strategies. This paper presents a non-intrusive, low-cost IoT hardware platform for sustainable predictive maintenance of rotating machinery. The system integrates an ESP32-S3 sensor node that captures vibration (100 kHz) and temperature data, performs local logging, and communicates wirelessly. An automated spectral band segmentation framework is introduced, comparing equal-energy, linear-width, nonlinear, clustering, and peak-valley partitioning methods, followed by a weighted feature scheme that emphasizes high-value bands. Three unsupervised one-class classifiers-transformer autoencoders, GANomaly, and Isolation Forest-are evaluated on these weighted spectral features. Experiments conducted on a custom pump test bench with controlled anomaly severities demonstrate strong anomaly classification performance across multiple configurations, supported by detailed threshold-characterization metrics. Among 150 model-segmentation configurations, 25 achieved perfect classification (100% precision, recall, and F1 score) with ROC-AUC = 1.0, 43 configurations achieved >= 90% accuracy, and the lowest-performing setup maintained 81.8% accuracy. The proposed end-to-end solution reduces the downtime, lowers maintenance costs, and extends the asset life, offering a scalable, predictive maintenance approach for diverse industrial settings.","[Brito, Sergio Duarte; Azinheira, Goncalo Jose; Semiao, Jorge Filipe; Sousa, Nelson Manuel] Univ Algarve, Dept Elect Engn, Inst Super Engn, P-8005139 Faro, Portugal; [Litran, Salvador Perez] Univ Huelva, Escuela Tecn Super Ingn, Dept Ingn Elect & Term Diseno & Proyectos, Huelva 21007, Spain","","Brito, SD (corresponding author), Univ Algarve, Dept Elect Engn, Inst Super Engn, P-8005139 Faro, Portugal.","sdbrito@ualg.pt; gjazinheira@ualg.pt; jsemiao@ualg.pt; nsousa@ualg.pt; salvador@dfaie.uhu.es","","","","","","","","2","3","","","","","","","","","","","JUL 21","2025","14","14","","","","","","","2913","10.3390/electronics14142913","0","","","","","","","","","gold","","","2026-10-01","WOS:001539790300001","0"
"J","Ahmed, S; Anisi, MH; Iqbal, A; Suresh, A; Amoon, M; Agarwal, K","","","","Ahmed, Shafiq; Anisi, Mohammad Hossein; Iqbal, Ayesha; Suresh, Abhirami; Amoon, Mohammed; Agarwal, Kadambri","","","Quantum safe drone security: Authenticated key exchange and privacy preserving intrusion detection for low altitude intelligent transportation systems*,**","COMPUTERS & ELECTRICAL ENGINEERING","","","English","Article","","","","","","Post quantum cryptography; Low altitude intelligent transportation system; ML-KEM; ML-DSA; Authenticated key exchange; Federated learning; Differential privacy; AAV security","AGREEMENT SCHEME; INTERNET","Low altitude intelligent transportation systems (LITS) coordinate Autonomous Aerial Vehicles (AAVs) across shared airspace, but their wireless drone to ground links remain exposed to Global Positioning System (GPS) spoofing, radio frequency (RF) jamming, command injection, and future quantum attacks. Existing Internet of Drones authentication schemes usually rely on elliptic curve or symmetric primitives, while National Institute of Standards and Technology (NIST) transition guidance targets deprecation of quantum vulnerable public key mechanisms beginning after 2030, they also rarely connect authentication with privacy aware intrusion detection. We propose Post Quantum Low Altitude Intelligent Transportation Security (PQ-LITS), a multi layer framework that combines post quantum mutual authentication with federated telemetry anomaly detection. The authentication layer uses the Module Lattice Based Key Encapsulation Mechanism (ML-KEM-768, Federal Information Processing Standards (FIPS) 203) and the Module Lattice Based Digital Signature Algorithm (ML-DSA-65, FIPS 204) to establish a session key in three messages, with 0.82 milliseconds (ms) latency over 1000 runs. The detection layer trains autoencoders across three ground control stations with non independent and identically distributed (non IID) attacks using Federated Averaging (FedAvg) and Gaussian differential privacy (sigma = 0.01). On 15,000 synthetic telemetry records, PQ-LITS reaches F1 = 0.7549, 95.7% of the centralised upper bound, while reducing communication by 58.2%. We give a security proof in the Quantum Random Oracle Model, reducing session security to Module Learning With Errors (Module LWE) and Module Short Integer Solution (Module SIS), and release the dataset, code, and benchmarks.","[Ahmed, Shafiq; Anisi, Mohammad Hossein; Iqbal, Ayesha] Univ Essex, Sch Comp Sci & Elect Engn, Wivenhoe Pk, Colchester CO4 3SQ, England; [Suresh, Abhirami] Univ Hertfordshire, Sch Phys Engn & Comp Sci, Coll Lane, Hatfield AL10 9AB, England; [Amoon, Mohammed] King Saud Univ, Coll Appl Studies, Dept Comp Sci & Engn, POB 28095, Riyadh 11437, Saudi Arabia; [Agarwal, Kadambri] ABES Engn Coll, Dept Comp Sci & Engn, Ghaziabad 201009, India","","Ahmed, S (corresponding author), Univ Essex, Sch Comp Sci & Elect Engn, Wivenhoe Pk, Colchester CO4 3SQ, England.","s.ahmed@essex.ac.uk; m.anisi@essex.ac.uk; ayeshaiqbal0197@gmail.com; abhiramisuresh16@gmail.com; mamoon@ksu.edu.sa; kadambri.agarwal@abes.ac.in","","","","","","","","0","0","","","","","","","","","","","NOV","2026","139","","C","","","","","","111429","10.1016/j.compeleceng.2026.111429","0","","AUG 2026","","","","","","","Green Accepted","","","2026-10-01","WOS:001852181100001","0"
"J","Pang, WJ; Zhou, J; Xu, JW; Zhi, XN","","","","Pang, Weijian; Zhou, Jun; Xu, Jingwen; Zhi, Xinian","","","Information-Theoretic Channel Selection and Spatiotemporal Deep Learning for Early Fault Detection in Microsatellite Thermal Control Systems","ENTROPY","","","English","Article","","","","","","Generalized Maximum Information Coefficient (GMIC); information-theoretic feature selection; fault detection; Seasonal Trend Decomposition using LOESS (STL); Thermal Control System (TCS); Convolutional Neural Network-Long Short-Term Memory (CNN-LSTM); microsatellites","","Early fault detection in microsatellite thermal control systems (TCS) faces fundamental challenges: high-dimensional redundant telemetry channels, overlapping multi-scale periodicities that obscure anomaly signatures, and severely limited daily data downlink (1-2 passes per day) that restricts the temporal window for diagnosis. Existing data-driven approaches either rely on supervised learning, requiring labeled fault data that are scarce in practice, or employ univariate analysis that fails to capture inter-sensor spatial correlations. To address these limitations, this paper introduces a hybrid framework integrating information-theoretic feature selection and spatiotemporal deep learning. The Generalized Maximum Information Coefficient (GMIC) quantifies nonlinear dependencies between temperature channels for key channel selection, reducing dimensionality by 82% while preserving diagnostic information. A dual-level Seasonal Trend Decomposition (STL) method disentangles orbital-periodic dynamics from diurnal cycles, effectively isolating distinct thermal characteristics at multiple timescales. Each decomposed component is modeled using Convolutional Neural Network-Long Short-Term Memory (CNN-LSTM) networks to capture spatiotemporal dependencies for accurate temperature prediction. An adaptive threshold-based weighted error fusion mechanism enables early fault detection within a single day of telemetry data. Experimental validation on real satellite telemetry data demonstrates that the proposed framework achieves high-precision fault detection across multiple fault types using a minimal set of temperature channels, significantly outperforming existing benchmarks in both prediction accuracy and detection reliability.","[Pang, Weijian; Zhi, Xinian] Northwestern Polytech Univ, Ningbo Inst, Ningbo 315103, Peoples R China; [Pang, Weijian; Zhou, Jun; Xu, Jingwen] Northwestern Polytech Univ, Inst Precis Guidance & Control, Sch Astronaut, Xian 710072, Peoples R China","","Pang, WJ (corresponding author), Northwestern Polytech Univ, Ningbo Inst, Ningbo 315103, Peoples R China.;Pang, WJ; Xu, JW (corresponding author), Northwestern Polytech Univ, Inst Precis Guidance & Control, Sch Astronaut, Xian 710072, Peoples R China.","pangwj@mail.nwpu.edu.cn; xjw0324@nwpu.edu.cn","","","","","","","","0","0","","","","","","","","","","","JUN 24","2026","28","7","","","","","","","725","10.3390/e28070725","0","","JUN 2026","","","","","","","Green Submitted, gold","","","2026-10-01","WOS:001831779000001","0"
"J","Dimez, Ö; Cogen, F","","","","Dimez, Ozcan; Cogen, Fatih","","","A Privacy-Conscious and Explainable IDS-Oriented Triage and Response Pipeline for Mobile Network Infrastructure Using Aggregated Cellular Traffic Signatures","COMPUTERS","","","English","Article","","","","","","mobile network security; IDS-oriented decision support; aggregated cellular traffic signatures; threat model; spatial anomaly localization; alert triage; ETA-aware response; privacy-conscious analytics; explainable artificial intelligence; synthetic simulation; reproducibility","AMBULANCE DEMAND; SECURITY; LOCATION; MODEL","Mobile-network operators must interpret spatial anomalies in aggregated cell-level telemetry and decide whether, where, and how to respond. This paper presents a privacy-conscious, intrusion detection system (IDS)-oriented triage and response architecture that consumes cell-level anomaly signatures and couples spatial reconstruction, short-horizon forecasting, origin inference, self-resolution and remaining-time estimation, adaptive gating, ETA-aware team selection, conservative redeployment, explanation, and audit logging. It is a downstream spatial-attribution and response-orchestration layer, not a packet- or flow-level attack detector. The evaluated configuration uses transparent deterministic, heuristic, and optimization-based procedures and synthetic aggregated signatures without subscriber identifiers; aggregation is treated as data minimization, not a formal privacy guarantee. Across 20 paired synthetic scenarios, the full policy reduced conditional mean response time from 37.58 to 22.86 min, total travel from 576.0 to 273.5 min, and coverage ETA from 32.28 to 26.76 min, while on-time service increased from 54.0% to 60.0%. These benefits were accompanied by lower persistent-incident coverage (91.1% to 72.1%) and a higher miss rate (8.9% to 27.9%). The inverse-origin configuration showed no repeated localization-error advantage, and conservative redeployment had only a marginal average effect. The results therefore demonstrate a configurable downstream triage trade-off under controlled synthetic conditions, not attack-classification accuracy, adversarial robustness, formal privacy, or deployment readiness.","[Dimez, Ozcan; Cogen, Fatih] Turkcell Iletisim Hizmetleri AS, Turkcell Kucukyali Plaza, TR-34844 Istanbul, Turkiye","","Cogen, F (corresponding author), Turkcell Iletisim Hizmetleri AS, Turkcell Kucukyali Plaza, TR-34844 Istanbul, Turkiye.","ozcan.dimez@turkcell.com.tr; fatih.cogen@turkcell.com.tr","","","","","","","","0","0","","","","","","","","","","","AUG 16","2026","15","8","","","","","","","531","10.3390/computers15080531","0","","AUG 2026","","","","","","","gold","","","2026-10-01","WOS:001858674100001","0"
"J","Lakshmanna, K; Kavitha, R; Geetha, BT; Nanda, AK; Radhakrishnan, A; Kohar, R","","","","Lakshmanna, Kuruva; Kavitha, R.; Geetha, B. T.; Nanda, Ashok Kumar; Radhakrishnan, Arun; Kohar, Rachna","","","Deep Learning-Based Privacy-Preserving Data Transmission Scheme for Clustered IIoT Environment","COMPUTATIONAL INTELLIGENCE AND NEUROSCIENCE","","","English","Article","","","","","","","","The Industrial Internet of Things (IIoT) has received significant attention from several leading industries like agriculture, mining, transport, energy, and healthcare. IIoT acts as a vital part of Industry 4.0 that mainly employs machine learning (ML) to investigate the interconnection and massive quantity of the IIoT data. As the data are generally saved at the cloud server, security and privacy of the collected data from numerous distributed and heterogeneous devices remain a challenging issue. This article develops a novel multi-agent system (MAS) with deep learning-based privacy preserving data transmission (BDL-PPDT) scheme for clustered IIoT environment. The goal of the BDL-PPDT technique is to accomplish secure data transmission in clustered IIoT environment. The BDL-PPDT technique involves a two-stage process. Initially, an enhanced moth swarm algorithm-based clustering (EMSA-C) technique is derived to choose a proper set of clusters in the IIoT system and construct clusters. Besides, multi-agent system is used to enable secure inter-cluster communication. Moreover, multi-head attention with bidirectional long short-term memory (MHA-BLSTM) model is applied for intrusion detection process. Furthermore, the hyperparameter tuning process of the MHA-BLSTM model can be carried out by the stochastic gradient descent with momentum (SGDM) model to improve the detection rate. For examining the promising performance of the BDL-PPDT technique, an extensive comparison study takes place and the results are assessed under varying measures. A significant amount of capital is required. It goes without saying that one of the most obvious industrial IoT concerns is the high cost of adoption. Secure data storage and management connectivity failures are common among IoT devices due to the massive amount of data they create. The simulation results demonstrate the enhanced outcomes of the BDL-PPDT technique over the recent methods. Despite the fact that the offered BDL-PPDT technique has an accuracy of just 98.15 percent, it produces the best feasible outcome. Because of the data analysis conducted as detailed above, it was determined that the BDL-PPDT technique outperformed the other current techniques on a range of different criteria and was thus recommended.","[Lakshmanna, Kuruva] Vellore Inst Technol, Dept Informat Technol, Vellore, Tamil Nadu, India; [Kavitha, R.] Vel Tech Rangarajan Dr Sagunthala R&D Inst Sci &, Dept CSE, Chennai, Tamil Nadu, India; [Geetha, B. T.] Saveetha Univ, Saveetha Sch Engn, Dept ECE, Chennai, Tamil Nadu, India; [Nanda, Ashok Kumar] BV Raju Inst Technol, CSE Dept, Medak, Telangana, India; [Radhakrishnan, Arun] Jimma Univ, Jimma Inst Technol, Fac Elect & Comp Engn, Jimma, Ethiopia; [Kohar, Rachna] Bennett Univ, Sch Comp Sci Engn & Technol, Greater Noida, India","","Radhakrishnan, A (corresponding author), Jimma Univ, Jimma Inst Technol, Fac Elect & Comp Engn, Jimma, Ethiopia.","arun.radhakriahnan@ju.edu.et","","","","","","","","16","19","","","","","","","","","","","JUN 8","2022","2022","","","","","","","","8927830","10.1155/2022/8927830","0","","","","","","","","","Green Submitted, hybrid","","","2026-10-01","WOS:000815095300030","0"
"J","Hsieh, CC; Chu, SC; Lee, JT; Lin, CH; Kao, CY","","","","Hsieh, Chih-Chia; Chu, Shao-Chung; Lee, Jung-Ting; Lin, Chih-Hao; Kao, Chung-Yao","","","Patient Stratification for Improving Acute Chest Pain Management and Mitigating Emergency Department Crowding: Machine Learning Model Development and Validation","JMIR MEDICAL INFORMATICS","","","English","Article","","","","","","acute chest pain; risk stratification; emergency department crowding; clinical decision support; triage; patient management; AI","MYOCARDIAL-INFARCTION","Background: Acute chest pain (ACP) is one of the most common chief complaints in the emergency department (ED), accounting for approximately 8% of all ED visits. However, among patients presenting with chest pain suggestive of cardiac origin, fewer than 10% are ultimately diagnosed with acute coronary syndrome (ACS). Objective: AI models were developed to support clinical decision-making for triage level-2 ED patients presenting with ACP. These models aim to accurately detect ACS and reliably identify low-risk patients based on a single high-sensitivity cardiac troponin T test result. By integrating this AI-assisted strategy into clinical workflows, we aim to reduce ED length of stay, alleviate crowding, and improve health care efficiency while maintaining high safety standards. Methods: We conducted a retrospective study using single-center data from a tertiary teaching hospital between January 2016 and December 2022. Models based on artificial neural networks (ANNs) were trained to classify patients with ACP at triage level 2 into 3 clinical classes: critical patients with ACS (subgroup GA), critical patients without ACS (subgroup GB1), and low-risk patients (subgroup GB2). The models were trained and internally validated via a 5-fold cross-validation protocol using data from 2016 to 2020. Model performance was then evaluated on the hold-out testing data (2021-2022) using area under the receiver operating characteristic curve, area under the precision-recall curve, and subgroup-specific metrics. Feature selection methods and the Shapley Additive Explanations value analysis were applied to identify features that drive the model's predictive power. The study was approved by the institutional review board of the National Cheng Kung University Hospital, Tainan, Taiwan (A-ER-111-199). Results: After excluding ED visits with missing triage data, incomplete medical histories, or unsuitable dispositions, 17,935 visits were included, with 1209 GA, 3873 GB1, and 12,853 GB2. Rendering prediction based on 24 feature variables (2 demographics, 6 vital signs, 4 blood test results, and 12 medical history), all ANN models demonstrated strong testing AUROC (95% CI) performance of 0.942 (0.920-0.965) for GA classification, 0.824 (0.808-0.841) for GB1, and 0.893 (0.884-0.902) for GB2. Regarding multiclassification, ANN-S3 achieved balanced performance, with ACS sensitivity of 0.941 (95% CI 0.908-0.973) and low-risk positive predictive value and sensitivity of 0.911 (95% CI 0.9-0.921) and 0.837 (95% CI 0.824- 0.85), respectively. A sensitivity-prioritized variant, ANN-S3-L, increased ACS sensitivity to 0.966 (95% CI 0.94-0.991) and negative predictive value to 0.998 (95% CI 0.996-0.999), but at the cost of lower specificity and reduced low-risk sensitivity, indicating a safety-efficiency trade-off. Conclusions: These findings suggest that ANN-based classifiers can effectively support clinical risk stratification and disposition decision-making in ACP care for patients presenting >= 3 hours after symptom onset. However, because even the sensitivity-prioritized ANN-S3-L variant falls short of the stringent sensitivity threshold (>0.99) typically required for a standalone ED rule-out tool, this system should be interpreted as a clinical decision-support aid rather than an independent rule-out strategy.","[Hsieh, Chih-Chia; Chu, Shao-Chung; Lin, Chih-Hao] Natl Cheng Kung Univ Hosp, Dept Emergency Med, Tainan, Taiwan; [Lee, Jung-Ting] Natl Sun Yat Sen Univ, Sch Med, 70 Lien Hai Rd, Kaohsiung 804, Taiwan; [Kao, Chung-Yao] Natl Sun Yat Sen Univ, Dept Elect Engn, Kaohsiung, Taiwan","","Lee, JT (corresponding author), Natl Sun Yat Sen Univ, Sch Med, 70 Lien Hai Rd, Kaohsiung 804, Taiwan.","celeste@g-mail.nsysu.edu.tw","","","","","","","","0","0","","","","","","","","","","","","2026","14","","","","","","","","e83099","10.2196/83099","0","","","","","","","","","Green Submitted, gold","","","2026-10-01","WOS:001857248700001","0"
"J","Fang, X; Saadawi, T","","","","Fang, Xiang; Saadawi, Tarek","","","Artificial Intelligence-Powered Crypto Ransomware Detection","IEEE ACCESS","","","English","Article","","","","","","Ransomware; Modeling; Signal detection; Windows; Random forests; Long short term memory; Training; Trees (botanical); Vegetation; Accuracy; Ransomware detection; hybrid AI model; real-time monitoring; host-based IDS; anomaly detection; behavioral analysis","","Ransomware continues to evolve into one of the most disruptive cyber threats, employing encryption to deny victims access to their own data. This paper presents a Hybrid AI Threat Detection (HAITD) framework that detects ransomware in real time by monitoring host-level behavioural signals-file entropy, cryptographic API call sequences, process-tree anomalies, and registry modifications-rather than relying on static signatures. The framework integrates three complementary detection engines: a Random Forest classifier for rapid, explainable classification of known attack patterns, a deep autoencoder that flags anomalous deviations from benign system behaviour, and a two-layer bidirectional LSTM that captures temporal dependencies across multi-step ransomware kill chains. A decision fusion layer combines the outputs of these engines to produce a final threat score, balancing threat containment against operational disruption. The architecture is designed to operate on streaming host telemetry, extracting 86 behavioural features within 500 ms sliding windows, and is cross-platform by employing OS-native instrumentation (Windows ETW, Linux auditd, macOS EndpointSecurity). Evaluated on the CIC-Ransomware-2017 dataset, which contains host-side logs from ten ransomware families and genuine benign user activity, the HAITD framework achieves 96.3% detection accuracy with a false-positive rate of 3.7%, while maintaining an inference latency below 50 ms. Feature importance analysis confirms that file entropy and cryptographic API burst rates are the dominant discriminators, directly aligning with ransomware's operational behaviour. By unifying supervised, unsupervised, and temporal learning techniques into a single host-centric ensemble, HAITD moves beyond reactive signature matching and provides a resilient, explainable defence against both known and zero-day ransomware variants.","[Fang, Xiang; Saadawi, Tarek] CUNY, City Coll, Dept Elect Engn, New York, NY 10031 USA","","Fang, X (corresponding author), CUNY, City Coll, Dept Elect Engn, New York, NY 10031 USA.","xfang@ccny.cuny.edu","","","","","","","","0","0","","","","","","","","","","","","2026","14","","","","","","114776","114801","","10.1109/ACCESS.2026.3710149","0","","","","","","","","","gold","","","2026-10-01","WOS:001837828200025","0"
"J","Liu, LB; Perez-Concha, O; Nguyen, A; Bennett, V; Blake, V; Gallego, B; Jorm, L","","","","Liu, Leibo; Perez-Concha, Oscar; Nguyen, Anthony; Bennett, Vicki; Blake, Victoria; Gallego, Blanca; Jorm, Louisa","","","Web-Based Application Based on Human-in-the-Loop Deep Learning for Deidentifying Free-Text Data in Electronic Medical Records: Development and Usability Study","INTERACTIVE JOURNAL OF MEDICAL RESEARCH","","","English","Article","","","","","","web-based system; deidentification; electronic medical records; deep learning; narrative free text; human in the loop; free text; unstructured data; electronic health records; machine learning","IDENTIFICATION","Background: The narrative free-text data in electronic medical records (EMRs) contain valuable clinical information for analysis and research to inform better patient care. However, the release of free text for secondary use is hindered by concerns surrounding personally identifiable information (PII), as protecting individuals' privacy is paramount. Therefore, it is necessary to deidentify free text to remove PII. Manual deidentification is a time-consuming and labor-intensive process. Numerous automated deidentification approaches and systems have been attempted to overcome this challenge over the past decade. Objective: We sought to develop an accurate, web-based system deidentifying free text (DEFT), which can be readily and easily adopted in real-world settings for deidentification of free text in EMRs. The system has several key features including a simple and task-focused web user interface, customized PII types, use of a state-of-the-art deep learning model for tagging PII from free text, preannotation by an interactive learning loop, rapid manual annotation with autosave, support for project management and team collaboration, user access control, and central data storage. Methods: DEFT comprises frontend and backend modules and communicates with central data storage through a filesystem path access. The frontend web user interface provides end users with a user-friendly workspace for managing and annotating free text. The backend module processes the requests from the frontend and performs relevant persistence operations. DEFT manages the deidentification workflow as a project, which can contain one or more data sets. Customized PII types and user access control can also be configured. The deep learning model is based on a Bidirectional Long Short-Term Memory-Conditional Random Field (BiLSTM-CRF) with RoBERTa as the word embedding layer. The interactive learning loop is further integrated into DEFT to speed up the deidentification process and increase its performance over time. Results: DEFT has many advantages over existing deidentification systems in terms of its support for project management, user access control, data management, and an interactive learning process. Experimental results from DEFT on the 2014 i2b2 data set obtained the highest performance compared to 5 benchmark models in terms of microaverage strict entity-level recall and F1-scores of 0.9563 and 0.9627, respectively. In a real-world use case of deidentifying clinical notes, extracted from 1 referral hospital in Sydney, New South Wales, Australia, DEFT achieved a high microaverage strict entity-level F1-score of 0.9507 on a corpus of 600 annotated clinical notes. Moreover, the manual annotation process with preannotation demonstrated a 43% increase in work efficiency compared to the process without preannotation. Conclusions: DEFT is designed for health domain researchers and data custodians to easily deidentify free text in EMRs. DEFT supports an interactive learning loop and end users with minimal technical knowledge can perform the deidentification work with only a shallow learning curve.","[Liu, Leibo; Perez-Concha, Oscar; Gallego, Blanca; Jorm, Louisa] Univ New South Wales, Ctr Big Data Res Hlth, Sydney, Australia; [Nguyen, Anthony] Commonwealth Sci & Ind Res Org CSIRO, Australian Ehlth Res Ctr AEHRC, Brisbane, Australia; [Bennett, Vicki] Australian Inst Hlth & Welf, Metadata Informat Management & Classificat Unit MI, Canberra, Australia; [Blake, Victoria] Prince Wales Hosp, Eastern Heart Clin, Randwick, Australia; [Liu, Leibo] Univ New South Wales, Ctr Big Data Res Hlth, Level 2,AGSM Bldg G27,Bot St, Sydney 2052, Australia","","Liu, LB (corresponding author), Univ New South Wales, Ctr Big Data Res Hlth, Level 2,AGSM Bldg G27,Bot St, Sydney 2052, Australia.","z5250377@ad.unsw.edu.au","","","","","","","","7","7","","","","","","","","","","","","2023","12","","","","","","","","e46322","10.2196/46322","0","","","","","","","","","Green Submitted, gold","","","2026-10-01","WOS:001064939200001","0"
"J","Carrasco, FP; García, AF; García, A; Bejerano, VR; Gutiérrez, A; Belmonte-Hernández, A","","","","Carrasco, Francisco Perez; Garcia, Anaida Fernandez; Garcia, Alberto; Bejerano, Veronica Ruiz; Gutierrez, Alvaro; Belmonte-Hernandez, Alberto","","","Cloud-Based Architecture for Hydrophone Data Acquisition and Processing of Surface and Underwater Vehicle Detection","JOURNAL OF MARINE SCIENCE AND ENGINEERING","","","English","Article","","","","","","hydrophones; cloud computing; edge computing; underwater acoustic sensing; vehicle detection; maritime surveillance; AIS integration","","This paper presents a cloud-based architecture for the acquisition, transmission, and processing of acoustic data from hydrophone arrays, designed to enable the detection and monitoring of both surface and underwater vehicles. The proposed system offers a modular and scalable cloud infrastructure that supports real-time and distributed processing of hydrophone data collected in diverse aquatic environments. Acoustic signals captured by heterogeneous hydrophones-featuring varying sensitivity and bandwidth-are streamed to the cloud, where several machine learning algorithms can be deployed to extract distinguishing acoustic signatures from vessel engines and propellers in interaction with water. The architecture leverages cloud-based services for data ingestion, processing, and storage, facilitating robust vehicle detection and localization through propagation modeling and multi-array geometric configurations. Experimental validation demonstrates the system's effectiveness in handling high-volume acoustic data streams while maintaining low-latency processing. The proposed approach highlights the potential of cloud technologies to deliver scalable, resilient, and adaptive acoustic sensing platforms for applications in maritime traffic monitoring, harbor security, and environmental surveillance.","[Carrasco, Francisco Perez; Garcia, Alberto] FAV Innovat & Technol, Valencia 46006, Spain; [Garcia, Anaida Fernandez; Bejerano, Veronica Ruiz; Belmonte-Hernandez, Alberto] Univ Politecn Madrid, Grp Aplicac Telecomunicac Visuales GATV, Madrid 28040, Spain; [Gutierrez, Alvaro] Univ Politecn Madrid, ETSI Telecomun, Madrid 28040, Spain","","Gutiérrez, A (corresponding author), Univ Politecn Madrid, ETSI Telecomun, Madrid 28040, Spain.","a.gutierrez@upm.es","","","","","","","","1","1","","","","","","","","","","","JUL 30","2025","13","8","","","","","","","1455","10.3390/jmse13081455","0","","","","","","","","","Green Submitted, gold","","","2026-10-01","WOS:001557820600001","0"
"J","Mood, SE; Souri, A; Inanç, N; Chen, MY","","","","Ebrahimi Mood, Sepehr; Souri, Alireza; Inanc, Nihat; Chen, Mu-Yen","","","A novel gallop operator for horse herd optimization algorithm: application to feature selection of safety defect prediction in UAV","CLUSTER COMPUTING-THE JOURNAL OF NETWORKS SOFTWARE TOOLS AND APPLICATIONS","","","English","Article","","","","","","Unmanned Aerial Vehicle (UAV); Safety defect prediction; Binary horse herd optimization algorithm; Feature selection; Machine learning","","With the growing integration of Autonomous Vehicles (AVs) in military and civilian environments, ensuring robust security mechanisms, particularly through Intrusion Detection Systems (IDS), has become critical. However, the high dimensionality of UAV telemetry data often includes redundant or irrelevant features, which negatively impact the performance of machine learning algorithms. To address this, we propose an enhanced Binary Horse Herd Optimization Algorithm (BHOA) by incorporating a Gallop operator inspired by natural horse behavior. This operator improves the algorithm's exploratory ability and avoids early convergence without increasing the computational burden. The enhanced BHOA is employed for feature selection, aiming to minimize redundancy and maximize relevance to the classification task. When coupled with the K-Nearest Neighbors (KNN) classifier for detecting spoofing and jamming attacks, the proposed method achieves an average of 8.25% improvement in classification accuracy compared to baseline feature selection algorithms such as minimum-Redundancy-Maximum-Relevance (mRMR) and ReliefF. Despite not converging faster in terms of iteration count, the Gallop-enhanced BHOA reaches higher-quality solutions in the same computational time. This model has potential real-world applications in UAV-based IDS systems, where efficient, lightweight, and accurate detection is essential for deployment under operational constraints. Future work will extend this framework to real telemetry data and explore domain adaptation to bridge the gap between synthetic training environments and real-world scenarios.","[Ebrahimi Mood, Sepehr] Yazd Univ, Dept Comp Sci, Yazd, Iran; [Souri, Alireza] Halic Univ, Fac Engn, Dept Comp Engn, TR-34060 Istanbul, Turkiye; [Inanc, Nihat] Halic Univ, Fac Engn, Dept Elect & Elect Engn, TR-34060 Istanbul, Turkiye; [Chen, Mu-Yen] Natl Cheng Kung Univ, Dept Engn Sci, Tainan 701, Taiwan","","Souri, A (corresponding author), Halic Univ, Fac Engn, Dept Comp Engn, TR-34060 Istanbul, Turkiye.","s.ebrahimi@yazd.ac.ir; alirezasouri@halic.edu.tr; nihatinanc@halic.edu.tr; mychen119@gs.ncku.edu.tw","","","","","","","","1","2","","","","","","","","","","","SEP 19","2025","28","13","","","","","","","820","10.1007/s10586-025-05460-4","0","","","","","","","","","hybrid","","","2026-10-01","WOS:001576153100034","0"
"J","Enriquez, GN; Coello, CAC; Vega-Alvarado, E; Portilla-Flores, EA; Muñoz-Hernandez, GA; Sepúlveda-Cervantes, G","","","","Enriquez, Ginna N.; Coello, Carlos Artemio Coello; Vega-Alvarado, Eduardo; Portilla-Flores, Edgar Alfredo; Munoz-Hernandez, German Ardul; Sepulveda-Cervantes, Gabriel","","","Unsupervised Fault Event Detection in Historical Industrial Telemetry With Temporal Event Structuring","IEEE ACCESS","","","English","Article","","","","","","Telemetry; Aerospace and electronic systems; Radio broadcasting; Frequency modulation; Filtering; Filters; Circuits and systems; Feedback; Circuits; Oscillators; Unsupervised fault event detection; multivariate time series; temporal event structuring; alarm chattering; industrial telemetry; label scarcity; DAMADICS benchmark; interpretability","","In modern industrial process monitoring of multivariate time series, the effectiveness of data-driven event detection is often constrained by scarce labels and the dynamic complexity of real-world telemetry. While unsupervised reconstruction models provide a viable alternative to supervised learning, their direct application to continuous industrial streams frequently yields noisy, fragmented alarms and limited interpretability. This paper presents an unsupervised anomalous event detection framework designed to extract structured anomalous events and interpretable evidence from historical data. Beyond standard residual thresholding, the proposed temporal event-structuring stage integrates a dynamics-aware fault score built from reconstruction-error magnitude and derivatives, together with dual-threshold hysteresis and variable-set continuity rules to stabilize event boundaries and reduce fragmentation. The framework operates without requiring labels for training or event structuring, and is evaluated on DAMADICS Phase III, a representative case study of coupled actuator telemetry with partial annotations, treating detections outside documented windows as unverified rather than false. Experimental results show a mean temporal Coverage of 92.97% across documented windows and a Variable Recall (VarRecall) of 87.04%, with detected events overlapping all 18 documented fault windows. Comparative ablations further confirm the distinct role of derivative terms, hysteresis, and continuity in supporting temporally consistent event structuring, achieving a median fragmentation of 1 segment per window. This event-level consistency enables the retrieval of granular interpretive evidence, including activation chronology and activation-cause attribution, without relying on extensive fault labels.","[Enriquez, Ginna N.; Vega-Alvarado, Eduardo; Portilla-Flores, Edgar Alfredo; Sepulveda-Cervantes, Gabriel] Inst Politecn Nacl IPN, Ctr Innovac & Desarrollo Tecnol Computo CIDETEC, Gustavo A Madero 07738, Mexico; [Coello, Carlos Artemio Coello] Cinvestav, Dept Comp, Mexico City 07360, Mexico; [Munoz-Hernandez, German Ardul] Meritorious Autonomous Univ Puebla BUAP, Dept Elect Sci, Puebla 72592, Mexico","","Coello, CAC (corresponding author), Cinvestav, Dept Comp, Mexico City 07360, Mexico.","carlos.coellocoello@cinvestav.mx","","","","","","","","0","0","","","","","","","","","","","","2026","14","","","","","","64836","64854","","10.1109/ACCESS.2026.3688423","0","","","","","","","","","gold","","","2026-10-01","WOS:001758032200041","0"
"J","Ataei, P; Takhtravan, A; Gheibi, M; Chahkandi, B; Faramarz, MG; Waclawek, S; Fathollahi-Fard, AM; Behzadian, K","","","","Ataei, Parisa; Takhtravan, Amir; Gheibi, Mohammad; Chahkandi, Benyamin; Faramarz, Mahdieh G.; Waclawek, Stanislaw; Fathollahi-Fard, Amir M.; Behzadian, Kourosh","","","An intelligent decision support system for groundwater supply management and electromechanical infrastructure controls","HELIYON","","","English","Article","","","","","","Decision support system; Groundwater management; Machine learning algorithms; Classical Delphi; Petri net modeling; Random forest","ARTIFICIAL NEURAL-NETWORK; MONITORING GROUNDWATER; NITRATE POLLUTION; WATER-CONSUMPTION; PREDICTION; RESOURCES; OPERATION; AQUIFER; STORAGE; ENERGY","This study presents an intelligent Decision Support System (DSS) aimed at bridging the theoretical -practical gap in groundwater management. The ongoing demand for sophisticated systems capable of interpreting extensive data to inform sustainable groundwater decisionmaking underscores the critical nature of this research. To meet this challenge, telemetry data from six randomly selected wells were used to establish a comprehensive database of groundwater pumping parameters, including flow rate, pressure, and current intensity. Statistical analysis of these parameters led to the determination of threshold values for critical factors such as water pressure and electrical current. Additionally, a soft sensor was developed using a Random Forest (RF) machine learning algorithm, enabling real-time forecasting of key variables. This was achieved by continuously comparing live telemetry data to pump design specifications and results from regular field testing. The proposed machine learning model ensures robust empirical monitoring of well and pump health. Furthermore, expert operational knowledge from water management professionals, gathered through a Classical Delphi (CD) technique, was seamlessly integrated. This collective expertise culminated in a data -driven framework for sustainable groundwater facilities monitoring. In conclusion, this innovative DSS not only addresses the theory -application gap but also leverages the power of data analytics and expert knowledge to provide high -precision online insights, thereby optimizing groundwater management practices.","[Ataei, Parisa; Takhtravan, Amir] Birjand Univ Technol, Dept Civil Engn, Birjand, Iran; [Gheibi, Mohammad] Tech Univ Liberec, Inst Nanomat Adv Technol & Innovat, Liberec 46117, Czech Republic; [Gheibi, Mohammad] Tech Univ Liberec, Fac Mechatron Informat & Interdisciplinary Studies, Liberec, Czech Republic; [Chahkandi, Benyamin] Univ Tehran, Sch Civil Engn, Tehran, Iran; [Faramarz, Mahdieh G.] Concordia Univ, Dept Bldg Civil & Environm Engn, Montreal, PQ H3G 1M8, Canada; [Fathollahi-Fard, Amir M.] Univ Quebec Montreal, Succ Ctr ville, BP 8888,Succ Ctr ville, Montreal, PQ H3C 3P8, Canada; [Behzadian, Kourosh] Univ West London, Sch Comp & Engn, London, England; [Fathollahi-Fard, Amir M.] Al Ayen Univ, Sci Res Ctr, New Era & Dev Civil Engn Res Grp, Nasiriyah 64001, Thi Qar, Iraq","","Fathollahi-Fard, AM (corresponding author), Univ Quebec Montreal, Succ Ctr ville, BP 8888,Succ Ctr ville, Montreal, PQ H3C 3P8, Canada.;Fathollahi-Fard, AM (corresponding author), Al Ayen Univ, Sci Res Ctr, New Era & Dev Civil Engn Res Grp, Nasiriyah 64001, Thi Qar, Iraq.","pariataei77@gmail.com; amirtakhtravan@gmail.com; mohamadgheibi@ymail.com; beniaminch@gmail.com; Mahdieh.ghiyasi@gmail.com; stanislaw.waclawek@tul.cz; amirtakhtravan@gmail.com; kourosh.behzadian@uwl.ac.uk","","","","","","","","11","13","","","","","","","","","","","FEB 15","2024","10","3","","","","","","","e25036","10.1016/j.heliyon.2024.e25036","0","","JAN 2024","","","","","","","Green Submitted, gold","","","2026-10-01","WOS:001175784500001","0"
"J","Patton, PT; Cheeseman, T; Abe, K; Yamaguchi, T; Reade, W; Southerland, K; Howard, A; Oleson, EM; Allen, JB; Ashe, E; Athayde, A; Baird, RW; Basran, C; Cabrera, E; Calambokidis, J; Cardoso, J; Carroll, EL; Cesario, A; Cheney, BJ; Corsi, E; Currie, J; Durban, JW; Falcone, EA; Fearnbach, H; Flynn, K; Franklin, T; Franklin, W; Vernazzani, BG; Genov, T; Hill, M; Johnston, DR; Keene, EL; Mahaffy, SD; McGuire, TL; McPherson, L; Meyer, C; Michaud, R; Miliou, A; Orbach, DN; Pearson, HC; Rasmussen, MH; Rayment, WJ; Rinaldi, C; Rinaldi, R; Siciliano, S; Stack, S; Tintore, B; Torres, LG; Towers, JR; Trotter, C; Moore, RT; Weir, CR; Wellard, R; Wells, R; Yano, KM; Zaeschmar, JR; Bejder, L","","","","Patton, Philip T.; Cheeseman, Ted; Abe, Kenshin; Yamaguchi, Taiki; Reade, Walter; Southerland, Ken; Howard, Addison; Oleson, Erin M.; Allen, Jason B.; Ashe, Erin; Athayde, Aline; Baird, Robin W.; Basran, Charla; Cabrera, Elsa; Calambokidis, John; Cardoso, Julio; Carroll, Emma L.; Cesario, Amina; Cheney, Barbara J.; Corsi, Enrico; Currie, Jens; Durban, John W.; Falcone, Erin A.; Fearnbach, Holly; Flynn, Kiirsten; Franklin, Trish; Franklin, Wally; Galletti Vernazzani, Barbara; Genov, Tilen; Hill, Marie; Johnston, David R.; Keene, Erin L.; Mahaffy, Sabre D.; McGuire, Tamara L.; McPherson, Liah; Meyer, Catherine; Michaud, Robert; Miliou, Anastasia; Orbach, Dara N.; Pearson, Heidi C.; Rasmussen, Marianne H.; Rayment, William J.; Rinaldi, Caroline; Rinaldi, Renato; Siciliano, Salvatore; Stack, Stephanie; Tintore, Beatriz; Torres, Leigh G.; Towers, Jared R.; Trotter, Cameron; Tyson Moore, Reny; Weir, Caroline R.; Wellard, Rebecca; Wells, Randall; Yano, Kymberly M.; Zaeschmar, Jochen R.; Bejder, Lars","","","A deep learning approach to photo-identification demonstrates high performance on two dozen cetacean species","METHODS IN ECOLOGY AND EVOLUTION","","","English","Article","","","","","","artificial intelligence; cetacean; computer vision; convolutional neural network; deep learning; dolphin; dorsal; lateral; machine learning; multi-species; photo-identification; whale","CAPTURE-RECAPTURE MODELS; ASSOCIATION PATTERNS","Researchers can investigate many aspects of animal ecology through noninvasive photo-identification. Photo-identification is becoming more efficient as matching individuals between photos is increasingly automated. However, the convolutional neural network models that have facilitated this change need many training images to generalize well. As a result, they have often been developed for individual species that meet this threshold. These single-species methods might underperform, as they ignore potential similarities in identifying characteristics and the photo-identification process among species. In this paper, we introduce a multi-species photo-identification model based on a state-of-the-art method in human facial recognition, the ArcFace classification head. Our model uses two such heads to jointly classify species and identities, allowing species to share information and parameters within the network. As a demonstration, we trained this model with 50,796 images from 39 catalogues of 24 cetacean species, evaluating its predictive performance on 21,192 test images from the same catalogues. We further evaluated its predictive performance with two external catalogues entirely composed of identities that the model did not see during training. The model achieved a mean average precision (MAP) of 0.869 on the test set. Of these, 10 catalogues representing seven species achieved a MAP score over 0.95. For some species, there was notable variation in performance among catalogues, largely explained by variation in photo quality. Finally, the model appeared to generalize well, with the two external catalogues scoring similarly to their species' counterparts in the larger test set. From our cetacean application, we provide a list of recommendations for potential users of this model, focusing on those with cetacean photo-identification catalogues. For example, users with high quality images of animals identified by dorsal nicks and notches should expect near optimal performance. Users can expect decreasing performance for catalogues with higher proportions of indistinct individuals or poor quality photos. Finally, we note that this model is currently freely available as code in a GitHub repository and as a graphical user interface, with additional functionality for collaborative data management, via Happywhale.com.","[Patton, Philip T.; Currie, Jens; McPherson, Liah; Bejder, Lars] Univ Hawaii Manoa, Hawaii Inst Marine Biol, Marine Mammal Res Program, Kaneohe, HI 96822 USA; [Patton, Philip T.; Oleson, Erin M.; Hill, Marie; Yano, Kymberly M.] NOAA Fisheries Pacific Isl Fisheries Sci Ctr, Honolulu, HI 96818 USA; [Cheeseman, Ted; Franklin, Trish; Franklin, Wally] Southern Cross Univ, Marine Ecol Res Ctr, Lismore, NSW, Australia; [Cheeseman, Ted; Southerland, Ken] Happywhale com, Santa Cruz, CA USA; [Abe, Kenshin; Yamaguchi, Taiki] Preferred Networks Inc, Chiyoda Ku, Tokyo, Japan; [Reade, Walter; Howard, Addison] Google, Kaggle, San Francisco, CA USA; [Allen, Jason B.; Tyson Moore, Reny; Wells, Randall] Chicago Zool Soc Sarasota Dolphin Res Program, Mote Marine Lab, Sarasota, FL USA; [Ashe, Erin] Oceans Initiat, Seattle, WA USA; [Athayde, Aline; Cardoso, Julio] Projeto Baleia Vista ProBaV, Ilhabela, Brazil; [Baird, Robin W.; Calambokidis, John; Corsi, Enrico; Flynn, Kiirsten; Mahaffy, Sabre D.] Cascadia Res Collect, Olympia, WA USA; [Basran, Charla; Rasmussen, Marianne H.] Univ Iceland, Res Ctr Husavik, Husavik, Iceland; [Cabrera, Elsa; Galletti Vernazzani, Barbara] Ctr Conservac Cetacea CCC, Santiago, Chile; [Carroll, Emma L.] Univ Auckland Waipapa Taumata Rau, Sch Biol Sci, Auckland, New Zealand; [Cesario, Amina] Tethys Res Inst, Milan, Italy; [Cesario, Amina] Univ Hong Kong, Swire Inst Marine Sci, Hong Kong, Peoples R China; [Cheney, Barbara J.] Univ Aberdeen, Sch Biol Sci, Cromarty, Scotland; [Currie, Jens; Galletti Vernazzani, Barbara] Pacific Whale Fdn, Wailuku, HI USA; [Durban, John W.; Fearnbach, Holly] SR3 SeaLife Response Rehabil & Res, Des Moines, WA USA; [Falcone, Erin A.; Keene, Erin L.] Marine Ecol & Telemetry Res, Seabeck, WA USA; [Franklin, Trish; Franklin, Wally] Oceania Project, Hervey Bay, Qld, Australia; [Genov, Tilen] Morigenos Slovenian Marine Mammal Soc, Piran, Slovenia; [Genov, Tilen] Univ St Andrews, Scottish Oceans Inst, Sea Mammal Res Unit, St Andrews, Scotland; [Hill, Marie] Res Corp Univ Hawaii, Cooperat Inst Marine & Atmospher Res, Honolulu, HI USA; [Johnston, David R.; Yano, Kymberly M.] Univ Otago, Marine Sci Dept, Tari Putaiao Taimoana, Otago, New Zealand; [McGuire, Tamara L.] Cook Inlet Beluga Whale Photoid Project, Anchorage, AK USA; [Meyer, Catherine] Univ Auckland, Sch Biol Sci, Kura Matauranga Koiora, Auckland, New Zealand; [Michaud, Robert] Grp Rech & Educ Mammiferes Marins GREMM, Tadoussac, PQ, Canada; [Miliou, Anastasia; Tintore, Beatriz] Archipelagos Inst Marine Conservat, Samos Isl, Greece; [Orbach, Dara N.] Texas A&M Univ Corpus Christi, Dept Life Sci, Corpus Christi, TX USA; [Pearson, Heidi C.] Univ Alaska Southeast, Dept Nat Sci, Juneau, AK USA; [Rayment, William J.] Univ Otago, Dept Marine Sci, Tari Putaiao Taimoana, Dunedin, New Zealand; [Rinaldi, Caroline; Rinaldi, Renato] Assoc Evas Tropicale, Bouillante, Guadeloupe, France; [Siciliano, Salvatore] Escola Nacl Saude Publ Fiocruz, Dept Ciencias Biol, Rio De Janeiro, Brazil; [Stack, Stephanie] Pacific Whale Fdn Australia, Urangan, Qld, Australia; [Torres, Leigh G.] Oregon State Univ, Marine Mammal Inst, Newport, OR USA; [Towers, Jared R.] Bay Cetol, Alert Bay, BC, Canada; [Trotter, Cameron] Newcastle Univ, Sch Engn, Newcastle Upon Tyne, England; [Weir, Caroline R.] Falklands Conservat, Stanley, Falkland Island; [Wellard, Rebecca] Curtin Univ, Ctr Marine Sci & Technol, Bentley, WA, Australia; [Wellard, Rebecca] Project ORCA, Perth, WA, Australia; [Zaeschmar, Jochen R.] Far Out Ocean Res Collect, Paihia, New Zealand; [Bejder, Lars] Aarhus Univ, Dept Biosci, Zoophysiol, Aarhus, Denmark","","Patton, PT (corresponding author), Univ Hawaii Manoa, Hawaii Inst Marine Biol, Marine Mammal Res Program, Kaneohe, HI 96822 USA.;Patton, PT (corresponding author), NOAA Fisheries Pacific Isl Fisheries Sci Ctr, Honolulu, HI 96818 USA.","pattonp@hawaii.edu","","","","","","","","35","38","","","","","","","","","","","OCT","2023","14","10","","","","","2611","2625","","10.1111/2041-210X.14167","0","","JUL 2023","","","","","","","Green Submitted, gold","","","2026-10-01","WOS:001027333900001","0"
"J","Panindre, P; Acharya, S; Kalidindi, N; Kumar, S","","","","Panindre, Prabodh; Acharya, Shantanu; Kalidindi, Nanda; Kumar, Sunil","","","Artificial-Intelligence-Integrated Autonomous IoT Alert System for Real-Time Remote Fire and Smoke Detection in Live Video Streams","IEEE INTERNET OF THINGS JOURNAL","","","English","Article","","","","","","Artificial intelligence; Real-time systems; Accuracy; Internet of Things; Cameras; Videos; Smoke detectors; Injuries; Computational modeling; Surveillance; Firefighting; Internet of Things (IoT); object detection; surveillance cameras","POSITIVE-PRESSURE VENTILATION; CONVOLUTIONAL NEURAL-NETWORKS; ALGORITHM; WIND","Video surveillance via closed-circuit television (CCTV) is ubiquitous across the world today, with a multiplicity of monitoring objectives. However, Internet of Things (IoT)-enabled real-time automated detection of fire and smoke has not been a part of the CCTV repertoire so far. The present study addresses the feasibility and establishes a methodology for detecting fire and smoke solely from live video streams using a novel IoT-centric framework with minimal latency and higher accuracy, and without the need for additional data, such as from thermal or multispectral imaging streams. In our design, CCTV/IP cameras serve purely as Perception Layer nodes that stream raw video (without on-device inference or preprocessing), transmitting via IoT network protocols (RTSP/real-time messaging protocol (RTMP)/SDP) to a centralized Application Layer for artificial intelligence (AI) inference. It is shown that available AI object detection models (EfficientDet, Faster-RCNN, you only look once (YOLO), and their variants) that have been trained and tested with a comprehensive dataset of fire and smoke images are able to detect fire and smoke from video streams with varied accuracies that make the stand-alone models unreliable for practical applications. By uniquely integrating multiple AI algorithms into an end-to-end IoT architecture (Perception-Network-Application layers), as well as incorporating a novel technique of monitoring and analyzing the area of dynamically assigned bounding boxes around detected fire and smoke regions, the overall accuracy is significantly increased, creating a robust system for detecting all classes of fire within the same system. The dynamic analysis of bounding box areas over consecutive frames allows the system to differentiate between real, live fires, and static images or objects that resemble fire, thereby significantly reducing false positives. The framework leverages IoT camera nodes streaming via RTSP/RTMP/SDP to cloud-hosted ingestion servers on amazon web service (AWS) EC2 (Application Layer), where video frames are continuously extracted and fed to an AI ensemble. Detected events, validated by multimodel consensus, are stored in S3 and trigger alerts in real-time via AWS simple notification service (SNS)/simple email service (SES) based on custom risk thresholds. The mean Average Precision (mAP)@0.5 and detection time of Scaled-YOLOv4 (80.6%, 0.016 s/video frame) and EfficientDet (78.1%, 0.019 s/video frame) are found to be better than that of Faster-RCNN (67.8%, 0.054 s/video frame), highlighting the applicability of Scaled-YOLOv4 and EfficientDet for high-throughput, low-latency real-time detections within IoT-driven surveillance ecosystems.","[Panindre, Prabodh] NYU, Dept Mech Engn, Brooklyn, NY 11201 USA; [Acharya, Shantanu] NYU, Dept Comp Sci, New York, NY 10012 USA; [Kalidindi, Nanda] NYU, Dept Comp Sci & Engn, Brooklyn, NY 11201 USA; [Kumar, Sunil] New York Univ Abu Dhabi, Engn Div, Abu Dhabi, U Arab Emirates","","Panindre, P (corresponding author), NYU, Dept Mech Engn, Brooklyn, NY 11201 USA.","prabodh@nyu.edu","","","","","","","","4","5","","","","","","","","","","","NOV 1","2025","12","21","","","","","45133","45149","","10.1109/JIOT.2025.3598979","0","","","","","","","","","hybrid","","","2026-10-01","WOS:001600768600039","0"
"J","Gupta, V; Jain, N; Anand, A; Jain, D; Yadav, MP; Singh, YP","","","","Gupta, Vinayak; Jain, Nitin; Anand, Aman; Jain, Dipika; Yadav, Mahendra Pratap; Singh, Yadvendra Pratap","","","LogHyper-IB: Spatio-Temporal Hypergraph Representation Learning via Information Bottleneck for Anomaly Detection in Distributed Systems","IEEE ACCESS","","","English","Article","","","","","","Telemetry; Aerospace and electronic systems; Satellite images; Earth Observing System; Feeds; Filtering; Filters; Circuits and systems; Central Processing Unit; Anomaly detection; hypergraph convolutional networks; information bottleneck; software reliability; high-performance computing; BlueGene/L; root cause analysis","","The operational integrity of High-Performance Computing (HPC) architectures like BlueGene/L is increasingly threatened by the redundancy problem, where critical failure signatures are submerged beneath ephemeral telemetry. This study introduces LogHyper-IB, a bifurcated architectural innovation that displaces traditional sequential paradigms by integrating Hypergraph Convolutional Networks (HGCN) with a Variational Information Bottleneck (VIB). By modeling log templates as nodes within a hyper-relational topology, the framework captures higher-order, non-pairwise dependencies often obscured in linear time-series. The VIB objective enforces a rigorous compression constraint, distilling minimal sufficient statistics by filtering out uninformative system heartbeats. Empirical validation on the BGL dataset yields a Matthews Correlation Coefficient (MCC) of 0.9888 and an F1-score of 0.9899, significantly outperforming legacy models. With a sub-50ms inference latency and robust root-cause localization capabilities, LogHyper-IB establishes a new performance ceiling for automated, real-time supercomputing diagnostics.","[Gupta, Vinayak; Anand, Aman] ITS Engn Coll, Dept Comp Sci & Engn, Greater Noida 201310, India; [Jain, Nitin; Jain, Dipika] Bennett Univ, Sch Comp Sci & Engn, Greater Noida 201310, India; [Yadav, Mahendra Pratap] Indian Inst Informat Technol IIIT, Dept Comp Sci & Engn, Pune 411048, India; [Singh, Yadvendra Pratap] Manipal Univ Jaipur, Sch Comp Sci & Engn, Jaipur 303007, India","","Singh, YP (corresponding author), Manipal Univ Jaipur, Sch Comp Sci & Engn, Jaipur 303007, India.","yadvendra.singh@jaipur.manipal.edu","","","","","","","","0","0","","","","","","","","","","","","2026","14","","","","","","60629","60645","","10.1109/ACCESS.2026.3682603","0","","","","","","","","","Green Submitted, gold","","","2026-10-01","WOS:001748521500016","0"
"J","Chen, W; Lin, JY; Zhang, SW; Wu, SL","","","","Chen, Wei; Lin, Jingyi; Zhang, Songwei; Wu, Sailong","","","Dual-domain collaborative pump noise suppression network for measurement while drilling communications","DIGITAL SIGNAL PROCESSING","","","English","Article","","","","","","Measurement while drilling; Mud pulse telemetry; Pump noise suppression; Deep learning","MUD; CANCELLATION","Mud pulse telemetry signals in Measurement While Drilling (MWD) systems suffer from severe, non-stationary pump noise that traditional single-domain filtering struggles to separate. To address this, we propose a dual-domain collaborative pump noise suppression network (DPNSNet). The network first utilizes a Spectral Signature Encoder to extract multi-scale frequency-domain features and generate a prior mask. Subsequently, guided by this mask, a Temporal Dynamics Estimator, which integrates a Local Global Context Block and Spectral Correlation Layers, simultaneously captures short-and long-term temporal dependencies alongside cross-band harmonic coupling to progressively approximate the true noise distribution. Finally, a Mask-Guided Gated Fusion module adaptively integrates the multi-stage recursive estimations. Extensive evaluations on simulated and field drilling data demonstrate that DPNSNet effectively mitigates pump interference under low SNR and diverse conditions, maximizing in-band signal gain and significantly reducing the system BER.","[Chen, Wei; Lin, Jingyi] Univ Elect Sci & Technol China, Sch Informat & Commun Engn, Chengdu 611731, Peoples R China; [Zhang, Songwei; Wu, Sailong] WellTech China Oilfield Serv Ltd, Sanhe 065201, Peoples R China","","Chen, W (corresponding author), Univ Elect Sci & Technol China, Sch Informat & Commun Engn, Chengdu 611731, Peoples R China.","chenweiee@uestc.edu.cn; 202322010123@std.uestc.edu.cn; zhangsw@cnooc.com.cn; wusl5@cnooc.com.cn","","","","","","","","0","0","","","","","","","","","","","SEP 1","2026","180","","","","","","","","106223","10.1016/j.dsp.2026.106223","0","","MAY 2026","","","","","","","hybrid","","","2026-10-01","WOS:001768378900001","0"
"J","Donovan, EB; Blake, S; Deem, SL; Moldowan, PD; Nieto-Claudin, A; Cabrera, F; Peñafiel, C; Bastille-Rousseau, G","","","","Donovan, Emily Buege; Blake, Stephen; Deem, Sharon L.; Moldowan, Patrick D.; Nieto-Claudin, Ainoa; Cabrera, Freddy; Penafiel, Cristian; Bastille-Rousseau, Guillaume","","","Using non-continuous accelerometry to identify cryptic nesting events of Galapagos giant tortoises","ANIMAL BIOTELEMETRY","","","English","Article","","","","","","Remote observation; Machine learning; Behavior classification; Chelonian; Chelonoidis spp.; Reproductive monitoring","ACCELERATION DATA; ANIMAL BEHAVIOR; PATTERNS; STRATEGIES; MIGRATION; MOVEMENT; TURTLES; SIZE","BackgroundTriaxial accelerometers have revolutionized wildlife research by providing an unprecedented understanding of the behavior of free-living animals. Machine learning is often applied to acceleration data to classify diverse animal behaviors across taxa. However, the high frequency, continuous data collection typically favored for behavioral classification studies often generates very large data sets, which may inhibit remote data acquisition and make data storage challenging. Coarse-frequency sampling or non-continuous bursts of acceleration data reduce these problems. To analyze such data, a suite of variables that summarize key features of the behavior of interest can be generated. These variables can then be used in numerous classification approaches, accommodating variation in data collection methods or sampling regimes. We demonstrate the potential for non-continuous accelerometer data to identify long-duration behavior and employ machine learning to classify the nesting behaviors of the critically endangered eastern Santa Cruz giant tortoise (Chelonoidis donfaustoi).ResultsWe field validated 112 nesting events from 21 giant tortoises. We then derived summary statistics based on accelerometry (e.g., overall dynamic body acceleration, metrics comparing acceleration before and after the probable event) and used them as inputs for Random Forest and Boosted Regression Tree classification algorithms. Our models produced a harmonic mean of precision and sensitivity (F1-score) of 0.91. We tested the generality of our model and found that the model performs well when applied to both novel individuals and years. The most important variable in accurately classifying data sequences was the proportion of acceleration data bursts above an activity threshold followed by the average overall dynamic body acceleration value of the bursts.ConclusionsThese results demonstrate the feasibility and efficacy of using non-continuous accelerometer data to identify prolonged, biologically relevant behaviors in free-living wildlife. By using summary variables that do not require continuous sampling, this approach facilitates long-term monitoring of animal behavior. Similar methodology has potential to inform priority questions in ecology and conservation, such as predicting wildlife responses to climate change and identifying critical habitats, with applications across diverse species and behaviors.","[Donovan, Emily Buege; Bastille-Rousseau, Guillaume] Southern Illinois Univ, Cooperat Wildlife Res Lab, Carbondale, IL 62901 USA; [Blake, Stephen] St Louis Univ, Dept Biol, St Louis, MO USA; [Blake, Stephen] Max Planck Inst Anim Behav, Radolfzell am Bodensee, Germany; [Blake, Stephen; Deem, Sharon L.; Nieto-Claudin, Ainoa] St Louis Zoo, St Louis, MO USA; [Blake, Stephen; Deem, Sharon L.; Moldowan, Patrick D.; Nieto-Claudin, Ainoa; Cabrera, Freddy; Penafiel, Cristian] Charles Darwin Fdn, Santa Cruz, Galapagos, Ecuador","","Donovan, EB (corresponding author), Southern Illinois Univ, Cooperat Wildlife Res Lab, Carbondale, IL 62901 USA.","Emily.Donovan@siu.edu","","","","","","","","2","2","","","","","","","","","","","NOV 11","2024","12","1","","","","","","","32","10.1186/s40317-024-00387-w","0","","","","","","","","","Green Submitted, gold","","","2026-10-01","WOS:001352373600001","0"
"J","Fitzgerald, B; Ryan, C; Sullivan, J","","","","Fitzgerald, Barry; Ryan, Conor; Sullivan, Joe","","","An Early-Life NAND Flash Endurance Prediction System","IEEE ACCESS","","","English","Article","","","","","","Logic gates; Ash; Error correction codes; Threshold voltage; Voltage control; Three-dimensional displays; Reliability; NAND flash; solid state drives; endurance; retention; machine learning; gradient boosting; classification; prediction","DATA RETENTION; INTERFERENCE; SCHEME","NAND flash memory - ubiquitous in today's world of smart phones, SSDs (solid state drives), and cloud storage - has a number of well-known reliability problems. NAND data contains bit errors, which require the use of error correcting codes (ECCs). The raw bit error rate (RBER) increases with program-erase (P-E) cycling, and the number of P-E cycles the device can withstand before the RBER exceeds the ECC capability is called its endurance. ECC operates on data stored in a sector of NAND, and there is a large variation in the endurance of sectors within a device and across devices, resulting in excessively conservative endurance specifications. This research shows, for the first time, that a sector's true endurance can be predicted with remarkable accuracy, using a combination of the sector's location within the device, and measurements taken at the very beginning of life. Real-world data is gathered on millions of NAND sectors using a custom-built test platform. Optimised machine learning classification models are built from the raw data to predict if a sector will pass or fail to a fixed ECC threshold, after a target P-E cycling level has been reached. A novel technique is demonstrated that uses different ECC thresholds for model training and testing, which allows the models to be tuned so that they never misclassify samples that would fail. This eliminates ECC failures and data loss, allowing simpler, less expensive ECC schemes to be used for modern NAND devices. It also enables significant endurance extensions to be achieved.","[Fitzgerald, Barry; Sullivan, Joe] Limerick Inst Technol, Dept Elect & Elect Engn, Limerick V94 EC5T, Ireland; [Ryan, Conor] Univ Limerick, Dept Comp Syst, Limerick V94 T9PX, Ireland","","Fitzgerald, B (corresponding author), Limerick Inst Technol, Dept Elect & Elect Engn, Limerick V94 EC5T, Ireland.","barry.fitzgerald@lit.ie","","","","","","","","2","3","","","","","","","","","","","","2021","9","","","","","","148635","148649","","10.1109/ACCESS.2021.3124604","0","","","","","","","","","Green Submitted, gold","","","2026-10-01","WOS:000716671800001","0"
"J","Pimenta, J; Fernandes, JN; Azevedo, A","","","","Pimenta, Joao; Fernandes, Joao Nuno; Azevedo, Alberto","","","Remote Sensing Tool for Reservoir Volume Estimation","REMOTE SENSING","","","English","Article","","","","","","remote sensing; reservoir volume; satellite imagery; machine learning; water resources management","WATER INDEX NDWI","Efficient reservoir management is essential for ensuring water security and flood control, as well as hydroelectric power generation. Accurate volume measurements are key to optimizing these functions, but traditional methods-such as in situ measurements and physical surveys-are often time-consuming, costly, and unfeasible in many regions due to financial or geographical limitations. This study introduces a novel globally accessible remote sensing tool designed to overcome these challenges by providing a more effective approach to reservoir volume estimation. The tool leverages high-resolution satellite imagery from Sentinel-2 and integrates it with official storage capacity data and the GLOBAthy dataset to calculate surface area and reservoir volume across varying water levels over user-defined timeframes. Users can select reservoirs, date ranges, and cloud cover thresholds via an intuitive interface, which then generates time-series data of reservoir volumes. The tool employs machine learning algorithms to improve the precision of water surface delineation and volume calculations, accounting for complex environmental factors like cloud cover and built structures such as bridges. This remote sensing tool was tested on reservoirs of varying sizes and topographies in Portugal and California, USA, demonstrating a high accuracy with a Mean Absolute Percentage Error (MAPE) of 5.35% and a correlation coefficient (R2) of 0.90 when compared to official records. By offering a cost-effective, scalable, totally remote, and timely solution, the tool enables improved reservoir monitoring, particularly in remote or otherwise inaccessible areas. Ultimately, this research contributes to global water resources management, enhancing the sustainability and resilience of reservoir operations around the world.","[Pimenta, Joao; Fernandes, Joao Nuno; Azevedo, Alberto] Natl Lab Civil Engn LNEC, P-1700066 Lisbon, Portugal","","Fernandes, JN (corresponding author), Natl Lab Civil Engn LNEC, P-1700066 Lisbon, Portugal.","jpimenta@lnec.pt; jnfernandes@lnec.pt; aazevedo@lnec.pt","","","","","","","","8","10","","","","","","","","","","","FEB","2025","17","4","","","","","","","619","10.3390/rs17040619","0","","","","","","","","","Green Submitted, gold","","","2026-10-01","WOS:001430795800001","0"
"J","Husain, E; Patel, D; Kore, V; Gupta, M; Sharmiladevi, S","","","","Husain, Emir; Patel, Dev; Kore, Vedang; Gupta, Manik; Sharmiladevi, S.","","","S-Edge: A Multi-Region Edge Computing Framework With Adaptive Data Compression and Dynamic Load Balancing","IEEE ACCESS","","","English","Article","","","","","","Loading; Internet of Things; Edge computing; Modeling; Load management; Hysteresis; Algorithms; Image sensors; Optimization; Writing; adaptive compression; dynamic load balancing; anomaly detection","CLOUD","The growth of Internet of Things (IoT) devices has posed serious problems in terms of bandwidth usage, latency, and data integrity in centralised cloud systems. Edge computing can help resolve these problems by processing data closer to the source, but existing frameworks frequently lack built-in mechanisms for dynamic load distribution and adaptive data optimisation. This paper presents S-Edge, a multi-region edge computing framework that combines real-time anomaly detection, smart load balancing, and dynamic compression to maximise resource utilisation. A smart-switching compression layer is introduced that selects dynamically among ZLIB, BZ2, and LZMA based on data priority and compression efficiency threshold tau = 0.5, achieving significant storage reduction. The system employs a capacity-aware load balancing algorithm that redistributes traffic across regions when utilisation exceeds L-thresh = 1000 bytes (80% capacity), maintaining system stability. Anomaly detection using Isolation Forest achieves a precision, recall, and F1-score of 0.99 under controlled simulation conditions, representing an upper bound specific to the deliberately separated synthetic distributions used; robustness analysis under overlapping distributions yields F1 of 0.39-0.63 depending on overlap severity. Security is provided through AES-256-GCM encryption and SHA-256 integrity checks. The system achieves a primary storage recovery latency of under 1 ms, with asynchronous multi-region replication completing within approximately 153 ms. Experimental results confirm the applicability of the framework to scalable, resource-constrained IoT deployments.","[Husain, Emir; Patel, Dev; Kore, Vedang; Gupta, Manik; Sharmiladevi, S.] Vellore Inst Technol, SCOPE, Chennai 600127, Tamil Nadu, India","","Sharmiladevi, S (corresponding author), Vellore Inst Technol, SCOPE, Chennai 600127, Tamil Nadu, India.","sharmiladevi.s@vit.ac.in","","","","","","","","0","0","","","","","","","","","","","","2026","14","","","","","","81645","81664","","10.1109/ACCESS.2026.3696637","0","","","","","","","","","Green Submitted, gold","","","2026-10-01","WOS:001783786700019","0"
"J","Soni, S; Singh, A","","","","Soni, Shiva; Singh, Abhilasha","","","A hybrid blockchain and smart contract framework for resilient IoT security in smart homes","FRONTIERS IN BLOCKCHAIN","","","English","Article","","","","","","internet of things; blockchain; zero-knowledge proof; elliptic curve cryptography; machine learning; smart contracts; access control policies","","The rapid growth of IoT devices in smart home environments has introduced significant challenges in ensuring secure, scalable, and efficient communication among heterogeneous devices. Centralized architectures suffer from a single point of failure, while blockchain-only solutions face high latency, limiting their use in real-time control. To address these issues, we propose a multi-layered decentralized framework that combines a consortium blockchain, a trusted off-chain coordinator, group-based zero-knowledge proofs (ZKPs), and a two-tiered access control policy (ACP) architecture. The consortium blockchain provides an immutable ledger for device identities and foundational, coarse-grained ACP enforcement through smart contracts, ensuring tamper-proof trust. For privacy-preserving mutual authentication, a group-based ZKP protocol enables collective device authorization without revealing sensitive keys. The off-chain coordinator complements this by enforcing dynamic security mechanisms, including fine-grained ACPv2 checks-such as rate limits, time-of-day restrictions, and device telemetry-in addition to anomaly detection for behavioral risk assessment. This proposed hybrid structure achieves both immutability and high efficiency over traditional methods. A performance evaluation highlighted the framework's efficiency by demonstrating that the core ZKP verification for a 500-device group can be completed in just 190 ms. The framework drastically reduces on-chain costs, with critical access control policy transactions consuming only 82,748 gas-a reduction of over 90% compared to benchmarked on-chain systems. The complete end-to-end workflow, from user request to secure session establishment, has a latency bound of approximately 3s. Formal security verification with the BAN and AVISPA tools validates resilience against common attacks, including man-in-the-middle, replay, and impersonation, while static analysis using the Slither framework confirms the absence of critical vulnerabilities in the smart contract code. By combining an immutable on-chain foundation with intelligent, dynamic off-chain enforcement, our proposed framework provides a uniquely resilient, scalable, and adaptive security solution for modern smart home systems.","[Soni, Shiva; Singh, Abhilasha] SRM Inst Sci & Technol, Dept Comp Sci & Engn, Ghaziabad, Uttar Pradesh, India","","Soni, S (corresponding author), SRM Inst Sci & Technol, Dept Comp Sci & Engn, Ghaziabad, Uttar Pradesh, India.","sonishiva0@gmail.com","","","","","","","","1","1","","","","","","","","","","","DEC 18","2025","8","","","","","","","","1707911","10.3389/fbloc.2025.1707911","0","","","","","","","","","Green Submitted, gold","","","2026-10-01","WOS:001651808000001","0"
"J","Akhmetzhanova, S; Oralbekova, Z; Bayakhmetov, A; Abduvalova, A; Yeshmakhanova, T; Berdygulova, A; Toktarkozha, G","","","","Akhmetzhanova, Shynar; Oralbekova, Zhanar; Bayakhmetov, Anuar; Abduvalova, Ainur; Yeshmakhanova, Tamara; Berdygulova, Ainagul; Toktarkozha, Gulnara","","","IoT-Based Architecture with AI-Ready Analytics for Medical Waste Management: System Design and Pilot Validation","APPLIED SCIENCES-BASEL","","","English","Article","","","","","","internet of things (IoT); medical waste management; real-time monitoring; smart healthcare; Espressif Systems 32 (ESP32); cloud computing; AI-ready data pipeline; edge computing","","Internet-of-Things (IoT) sensing can improve traceability, safety, and efficiency of medical waste handling, yet many deployments remain fragmented, lack an end-to-end system architecture, and do not provide the structured data pipelines needed for artificial intelligence (AI) analytics. This paper presents a layered IoT-based system design for medical waste management that integrates: (i) Espressif Systems 32 (ESP32)-based edge devices for fill-level and Global Positioning System (GPS) telemetry; (ii) secure network communication; (iii) a cloud backend for data ingestion, storage, and analytics; and (iv) operator dashboards with event-driven alerting. The architecture extends our prior GPS-enabled tracking and route optimization by adding sensor-driven state monitoring, threshold-based decision support, and a time-series data pipeline designed for future AI-driven predictive analytics. In a 30-day pilot with five containers, the system collected one reading every 15 min (14,400 total readings). The backend demonstrated efficient processing with an average Application Programming Interface (API) response time of 45 ms, sub-50 ms database write latency, and high uptime; alerts were delivered promptly upon threshold violations. Compared with a fixed-schedule baseline, the system enabled condition-based collection scheduling with zero data loss. The proposed design emphasizes modularity, fault tolerance, and integration readiness for hospital information systems, providing a practical blueprint for scalable smart-healthcare waste logistics and a foundation for machine learning-based predictive waste management.","[Akhmetzhanova, Shynar; Bayakhmetov, Anuar] Astana IT Univ, Sch Software Engn, Astana 010000, Kazakhstan; [Oralbekova, Zhanar] Astana IT Univ, Sch AI & Data Sci, Astana 010000, Kazakhstan; [Abduvalova, Ainur; Yeshmakhanova, Tamara] M Kh Dulaty Taraz Univ, Dept Informat Syst, Taraz 080000, Kazakhstan; [Berdygulova, Ainagul] Kazakh Ablaikhan Univ Int Relat & World Languages, Dept Informat & Commun Technol, Alma Ata 050000, Kazakhstan; [Toktarkozha, Gulnara] Int Educ Corp, Dept Tech & Nat Sci, Alma Ata 050000, Kazakhstan","","Oralbekova, Z (corresponding author), Astana IT Univ, Sch AI & Data Sci, Astana 010000, Kazakhstan.","sh.akhmetzhanova@astanait.edu.kz; zh.oralbekova@astanait.edu.kz; 243066@astanait.edu.kz; azh.abduvalova@dulaty.kz; tk.eshmakhanova@dulaty.kz; berdygulova.a@ablaikhan.kz; g.toktarkozha@kazgasa.kz","","","","","","","","1","1","","","","","","","","","","","MAR 23","2026","16","6","","","","","","","3081","10.3390/app16063081","0","","","","","","","","","Green Submitted, gold","","","2026-10-01","WOS:001725120700001","0"
"J","Yu, HY; Yang, T","","","","Yu, Hai-Yang; Yang, Tao","","","The Application of Robotics and Automation in Smart Agricultural Manufacturing: Achieving Precision Operations and Maximizing Yield","IEEE ACCESS","","","English","Article","","","","","","Modeling; Manufacturing; Optimization; Production; Image sensors; Accuracy; Artificial intelligence; Labeling; Crops; Error analysis; Smart agricultural manufacturing; robotics and automation; precision operations; cyber-physical systems; autonomous agricultural systems; yield maximization","","This paper introduces a novel approach to the application of robotics and automation within Smart Agricultural Manufacturing-an overarching industrial paradigm that elevates traditional precision farming into a fully autonomous, deterministically controlled production ecosystem. Rather than treating automated farming as a collection of isolated mechanical tasks, we introduce a scalable, hybrid multi-modal framework focused on robotic systems to optimize the entire production lifecycle, from automated soil preparation to robotic harvesting and post-processing. By integrating Cyber-Physical System (CPS) data streams-including real-time telemetry from autonomous vehicles, robotic actuator data, environmental sensors, and logistics-our system establishes a high-fidelity digital shadow of both the agricultural environment and the automated machinery operating within it. Tailored for large-scale robotic fleets, the framework utilizes hierarchical feature learning to segment critical autonomous operation phases. We propose a dynamic robotic task allocation algorithm, inspired by Dijkstra's shortest path, to engineer optimal field-to-factory automated workflows, minimizing operational latency and maximizing machine uptime. To handle the high-dimensionality of data from on-board robotic sensors (e.g., LiDAR, hyperspectral cameras), a novel geometric feature selection mechanism eliminates redundancy while preserving latent indicators of crop health and operational efficiency. These refined attributes are projected into a probabilistic state space, allowing individual robotic units or automated zones to exhibit distinct performance signatures. Central to our approach is the construction of an operational similarity graph, which facilitates community detection across the robotic network. These clusters reveal shared optimization strategies, such as superior robotic cultivation protocols and resilient automation configurations. Finally, a ranking-based recommendation engine synergizes local robotic sensor data with global cluster insights to drive prescriptive actions for the autonomous fleet. Validated on an extensive dataset of over 1 million records detailing robotic field operations, our framework achieves a superior average yield forecasting accuracy of 89.2% (a 14% improvement over leading baselines) and a Balanced Error Rate (BER) of 0.5665 for production clustering. These scale-independent metrics prove its efficacy in achieving precision operations and transforming traditional farming into a resilient, high-yield automated manufacturing system.","[Yu, Hai-Yang] Shanghai Lin Gang S&T Sch, Shanghai 201306, Peoples R China; [Yang, Tao] Yili Vocat & Tech Coll, Yining 835000, Peoples R China","","Yu, HY (corresponding author), Shanghai Lin Gang S&T Sch, Shanghai 201306, Peoples R China.;Yang, T (corresponding author), Yili Vocat & Tech Coll, Yining 835000, Peoples R China.","70259@sdju.edu.cn; 20220608139@stu.zuel.edu.cn","","","","","","","","0","1","","","","","","","","","","","","2026","14","","","","","","88418","88437","","10.1109/ACCESS.2026.3697014","0","","","","","","","","","gold","","","2026-10-01","WOS:001795867000050","0"
"J","Shourov, CE; Sarkar, M; Jahangiri, A; Paolini, C","","","","Shourov, Chowdhury Erfan; Sarkar, Mahasweta; Jahangiri, Arash; Paolini, Christopher","","","Deep Learning Architectures for Skateboarder-Pedestrian Surrogate Safety Measures","FUTURE TRANSPORTATION","","","English","Article","","","","","","post encroachment time; deep learning; object detection; Faster R-CNN; Single Shot Multi-box Detector; skateboarder; hazardous region","SHADOW REMOVAL; INJURIES; TIME; ACCIDENTS; ALGORITHM","Skateboarding as a method of transportation has become prevalent, which has increased the occurrence and likelihood of pedestrian-skateboarder collisions and near-collision scenarios in shared-use roadway areas. Collisions between pedestrians and skateboarders can result in significant injury. New approaches are needed to evaluate shared-use areas prone to hazardous pedestrian-skateboarder interactions, and perform real-time, in situ (e.g., on-device) predictions of pedestrian-skateboarder collisions as road conditions vary due to changes in land usage and construction. A mechanism called the Surrogate Safety Measures for skateboarder-pedestrian interaction can be computed to evaluate high-risk conditions on roads and sidewalks using deep learning object detection models. In this paper, we present the first ever skateboarder-pedestrian safety study leveraging deep learning architectures. We view and analyze state of the art deep learning architectures, namely the Faster R-CNN and two variants of the Single Shot Multi-box Detector (SSD) model to select the correct model that best suits two different tasks: automated calculation of Post Encroachment Time (PET) and finding hazardous conflict zones in real-time. We also contribute a new annotated data set that contains skateboarder-pedestrian interactions that has been collected for this study. Both our selected models can detect and classify pedestrians and skateboarders correctly and efficiently. However, due to differences in their architectures and based on the advantages and disadvantages of each model, both models were individually used to perform two different set of tasks. Due to improved accuracy, the Faster R-CNN model was used to automate the calculation of post encroachment time, whereas to determine hazardous regions in real-time, due to its extremely fast inference rate, the Single Shot Multibox MobileNet V1 model was used. An outcome of this work is a model that can be deployed on low-cost, small-footprint mobile and IoT devices at traffic intersections with existing cameras to perform on-device inferencing for in situ Surrogate Safety Measurement (SSM), such as Time-To-Collision (TTC) and Post Encroachment Time (PET). SSM values that exceed a hazard threshold can be published to an Message Queuing Telemetry Transport (MQTT) broker, where messages are received by an intersection traffic signal controller for real-time signal adjustment, thus contributing to state-of-the-art vehicle and pedestrian safety at hazard-prone intersections.","[Shourov, Chowdhury Erfan; Sarkar, Mahasweta; Paolini, Christopher] San Diego State Univ, Dept Elect & Comp Engn, San Diego, CA 92182 USA; [Jahangiri, Arash] San Diego State Univ, Dept Civil Construct & Environm Engn, San Diego, CA 92182 USA","","Paolini, C (corresponding author), San Diego State Univ, Dept Elect & Comp Engn, San Diego, CA 92182 USA.","erfanchowdhury1993@hotmail.com; msarkar2@sdsu.edu; ajahangiri@sdsu.edu; paolini@engineering.sdsu.edu","","","","","","","","3","5","","","","","","","","","","","SEP","2021","1","2","","","","","387","413","","10.3390/futuretransp1020022","0","","","","","","","","","Green Submitted, gold","","","2026-10-01","WOS:001274281400001","0"
"J","Almaiah, MA; Alqutaish, A","","","","Almaiah, Mohammed Amin; Alqutaish, Amer","","","Enhancing organizational security through proactive cybersecurity risk management and continuous threat monitoring systems","TELEMATICS AND INFORMATICS REPORTS","","","English","Article","","","","","","Cybersecurity monitoring; Anomaly detection; Risk-adaptive security management; Threat intelligence analytics; Automated incident response","","The fact that digital infrastructures are growing at a high rate has increased the type and frequency of risk to and occurrence of cybersecurity challenges to modern organizations. The conventional surveillance means will tend to either use the predetermined principles of detection or separate anomaly detection models that limit their ability to effectively prioritize security occurrences and respond to the appeared threats. This leads to the relevance of dynamic monitoring systems which integrate the behavioral detection as well as the situational risk assessment. The proposed research presents a Risk-Adaptive Continuous Threat Monitoring (RA-CTM) model, which includes the integration of anomaly-based behavioral detection and automatic response mechanisms and contextual estimation of risk. The framework has adopted various enterprise security telemetry including network traffic log, system events and cloud monitoring. The identified anomalies are examined with the aid of likelihood-impact risk model to quantify the degree of cybersecurity risk and enable the adaptive responses. Experimental evaluation demonstrates that the proposed framework achieves a detection accuracy of 95.2%, with a precision of 93.8%, recall of 94.5%, and an F1-score of 94.1%. The comparative analysis indicates that the performance is excellent compared to the performance of the conventional intrusion detection systems and baseline anomaly detection models, which are Isolation Forest, Local Outlier Factor, and One-Class Support Vector Machine. Behavioral anomaly detection and contextual risk modeling are useful to a considerable extent in improving the functionality of cybersecurity monitoring and encouraging proper prioritization of security incidents within the enterprise environment.","[Almaiah, Mohammed Amin] Univ Jordan, King Abdullah II IT Sch, Amman 11942, Jordan; [Alqutaish, Amer] King Faisal Univ, Dev & Qual Assurance, Al Ahsa 31982, Saudi Arabia","","Almaiah, MA (corresponding author), Univ Jordan, King Abdullah II IT Sch, Amman 11942, Jordan.","m.almaiah@ju.edu.jo","","","","","","","","0","0","","","","","","","","","","","DEC","2026","24","","","","","","","","100369","10.1016/j.teler.2026.100369","0","","SEP 2026","","","","","","","gold","","","2026-10-01","WOS:001882821900001","0"
"J","Harutyunyan, A; Poghosyan, A; Davtyan, E; Petrosyan, K; Baloian, N","","","","Harutyunyan, Ashot; Poghosyan, Arnak; Davtyan, Edgar; Petrosyan, Karen; Baloian, Nelson","","","Explaining Performance Issues of Cloud Applications From Logs Using Rule Induction and Dempster-Shafer Theory","IEEE ACCESS","","","English","Article","","","","","","Telemetry; Aerospace and electronic systems; Guns; Feeds; Central Processing Unit; Filtering; Filters; Electronic circuits; Circuits and systems; Circuits; Automated RCA; Dempster-Shafer theory; event types; interpretable ML; feature importance; log analytics; rule induction; tree methods; uncertainty","","This study focuses on the explainability of AI operations for diagnosing degradations in cloud applications. Log data can provide essential contextual information on misbehaving applications in monitoring, evaluated against a key performance indicator (KPI). We describe an approach to learning conditions that lead to unacceptable KPI states using tree-based and rule-induction algorithms, including a rule-validation framework based on the Dempster-Shafer theory of evidence. The latter also provides a what-if analysis mechanism to test user or expert hypotheses about the application's performance. These algorithms produce specific rules that explain anomalous behavior as disturbances in log event-type distributions. Event types (clusters of similar log messages) significantly reduce log volume and enable efficient analytics (e.g., anomaly and change detection) on these structures. Our methods infer event types exhibiting frequency imbalances, which can degrade application performance, and then trace those types back to raw log messages for complete interpretation and root-cause analysis (RCA). We present experimental insights from Elastic Sky X Integrated (ESXi) hosts in a private cloud environment that demonstrate the viability of the proposed framework for explainable cloud administration. The framework combines time-series data with unstructured event-log data collected from data-center resources. Experimental validation across three distinct failure scenarios (compute thrashing, network congestion, and storage saturation) demonstrated the model's robustness. The approach achieved a true positive rate of 98% for compute anomalies, 97% for network failures, and 99% for storage bottlenecks. Compared to traditional threshold-based monitoring, the proposed method significantly reduces false positives by distinguishing benign high-latency states from true system failures. In particular, event-log-only models achieved low recall (0.118), while the proposed multimodal fusion substantially improved detection performance and interpretability.","[Harutyunyan, Ashot] Yerevan State Univ, Machine Learning Lab, Yerevan 0025, Armenia; [Poghosyan, Arnak] Natl Acad Sci Armenia, Inst Math, Yerevan 0019, Armenia; [Davtyan, Edgar; Petrosyan, Karen] Amer Univ Armenia, Coll Sci & Engn, Yerevan 0019, Armenia; [Baloian, Nelson] Univ Chile, Dept Comp Sci, Santiago 8330111, Chile","","Harutyunyan, A (corresponding author), Yerevan State Univ, Machine Learning Lab, Yerevan 0025, Armenia.;Poghosyan, A (corresponding author), Natl Acad Sci Armenia, Inst Math, Yerevan 0019, Armenia.","harutyunyan.ashot@ysu.am; arnak@instmath.sci.am","","","","","","","","0","0","","","","","","","","","","","","2026","14","","","","","","64357","64375","","10.1109/ACCESS.2026.3686885","0","","","","","","","","","Green Submitted, gold","","","2026-10-01","WOS:001754886700033","0"
"J","Ngabo, D; Wang, D; Iwendi, C; Anajemba, JH; Ajao, LA; Biamba, C","","","","Ngabo, Desire; Wang, Dong; Iwendi, Celestine; Anajemba, Joseph Henry; Ajao, Lukman Adewale; Biamba, Cresantus","","","Blockchain-Based Security Mechanism for the Medical Data at Fog Computing Architecture of Internet of Things","ELECTRONICS","","","English","Article","","","","","","blockchain; cloud of things; fog layer; medical data; security mechanism; privacy; elliptic curve cryptography; distributed ledger; fog and edge computing","FRAMEWORK; SYSTEM; IOT","The recent developments in fog computing architecture and cloud of things (CoT) technology includes data mining management and artificial intelligence operations. However, one of the major challenges of this model is vulnerability to security threats and cyber-attacks against the fog computing layers. In such a scenario, each of the layers are susceptible to different intimidations, including the sensed data (edge layer), computing and processing of data (fog (layer), and storage and management for public users (cloud). The conventional data storage and security mechanisms that are currently in use appear to not be suitable for such a huge amount of generated data in the fog computing architecture. Thus, the major focus of this research is to provide security countermeasures against medical data mining threats, which are generated from the sensing layer (a human wearable device) and storage of data in the cloud database of internet of things (IoT). Therefore, we propose a public-permissioned blockchain security mechanism using elliptic curve crypto (ECC) digital signature that that supports a distributed ledger database (server) to provide an immutable security solution, transaction transparency and prevent the patient records tampering at the IoTs fog layer. The blockchain technology approach also helps to mitigate these issues of latency, centralization, and scalability in the fog model.","[Ngabo, Desire; Wang, Dong] Hunan Univ, Dept Comp Sci & Elect Engn, Changsha 410082, Hunan, Peoples R China; [Ngabo, Desire] Univ Rwanda, African Ctr Excellence Internet Things, POB 3900, Kigali, Rwanda; [Iwendi, Celestine] Univ Bolton, Sch Creat Technol, Bolton BL3 5AB, England; [Iwendi, Celestine] Coal City Univ Enugu, Dept Math & Comp Sci, Enugu 400231, Nigeria; [Anajemba, Joseph Henry] Hohai Univ, Coll Internet Things, Dept Commun Engn, Changzhou 230001, Peoples R China; [Ajao, Lukman Adewale] Fed Univ Technol, Dept Comp Engn, Minna 92011, Nigeria; [Biamba, Cresantus] Univ Gavle, Fac Educ & Business Studies, S-80176 Gavle, Sweden","","Wang, D (corresponding author), Hunan Univ, Dept Comp Sci & Elect Engn, Changsha 410082, Hunan, Peoples R China.;Biamba, C (corresponding author), Univ Gavle, Fac Educ & Business Studies, S-80176 Gavle, Sweden.","dngabo@hnu.edu.cn; wangd@hnu.edu.cn; celestine.iwendi@ieee.org; herinopallazo@ieee.org; ajao.wale@futminna.edu.ng; cresantus.biamba@hig.se","","","","","","","","55","62","","","","","","","","","","","SEP","2021","10","17","","","","","","","2110","10.3390/electronics10172110","0","","","","","","","","","Green Submitted, gold","","","2026-10-01","WOS:000695557300001","0"
"J","Drazinos, P; Gatos, I; Katsakiori, PF; Tsantis, S; Syrmas, E; Spiliopoulos, S; Karnabatidis, D; Theotokas, I; Zoumpoulis, P; Hazle, JD; Kagadis, GC","","","","Drazinos, Petros; Gatos, Ilias; Katsakiori, Paraskevi F.; Tsantis, Stavros; Syrmas, Efstratios; Spiliopoulos, Stavros; Karnabatidis, Dimitris; Theotokas, Ioannis; Zoumpoulis, Pavlos; Hazle, John D.; Kagadis, George C.","","","Comparison of deep learning schemes in grading non-alcoholic fatty liver disease using B-mode ultrasound hepatorenal window images with liver biopsy as the gold standard","PHYSICA MEDICA-EUROPEAN JOURNAL OF MEDICAL PHYSICS","","","English","Article","","","","","","Chronic liver disease; Hepatic steatosis; B -mode ultrasound; Pre-trained deep learning schemes","CONTROLLED ATTENUATION PARAMETER; NONINVASIVE ASSESSMENT; HEPATIC STEATOSIS; NEURAL-NETWORKS; DIAGNOSIS; INDEX; CAP; ULTRASONOGRAPHY; QUANTIFICATION; RELIABILITY","Background/Introduction: To evaluate the performance of pre-trained deep learning schemes (DLS) in hepatic steatosis (HS) grading of Non-Alcoholic Fatty Liver Disease (NAFLD) patients, using as input B-mode US images containing right kidney (RK) cortex and liver parenchyma (LP) areas indicated by an expert radiologist. Methods: A total of 112 consecutively enrolled, biopsy-validated NAFLD patients underwent a regular abdominal B-mode US examination. For each patient, a radiologist obtained a B-mode US image containing RK cortex and LP and marked a point between the RK and LP, around which a window was automatically cropped. The cropped image dataset was augmented using up-sampling, and the augmented and non-augmented datasets were sorted by HS grade. Each dataset was split into training (70%) and testing (30%), and fed separately as input to InceptionV3, MobileNetV2, ResNet50, DenseNet201, and NASNetMobile pre-trained DLS. A receiver operating characteristic (ROC) analysis of hepatorenal index (HRI) measurements by the radiologist from the same cropped images was used for comparison with the performance of the DLS. Results: With the test data, the DLS reached 89.15 %-93.75 % accuracy when comparing HS grades S0-S1 vs. S2-S3 and 79.69 %-91.21 % accuracy for S0 vs. S1 vs. S2 vs. S3 with augmentation, and 80.45-82.73 % accuracy when comparing S0-S1 vs. S2-S3 and 59.54 %-63.64 % accuracy for S0 vs. S1 vs. S2 vs. S3 without augmentation. The performance of radiologists' HRI measurement after ROC analysis was 82 %, 91.56 %, and 96.19 % for thresholds of S >= S1, S >= S2, and S = S3, respectively. Conclusion: All networks achieved high performance in HS assessment. DenseNet201 with the use of augmented data seems to be the most efficient supplementary tool for NAFLD diagnosis and grading.","[Drazinos, Petros; Gatos, Ilias; Katsakiori, Paraskevi F.; Tsantis, Stavros; Syrmas, Efstratios; Kagadis, George C.] Univ Patras, Sch Med, Dept Med Phys, Res Grp 3DMI, GR-26504 Rion, Greece; [Hazle, John D.; Kagadis, George C.] Univ Texas MD Anderson Canc Ctr, Dept Imaging Phys, Houston, TX 77030 USA; [Drazinos, Petros; Theotokas, Ioannis; Zoumpoulis, Pavlos] Diagnost Echotomog SA, GR-14561 Kifisia, Greece; [Spiliopoulos, Stavros] Univ Athens, Sch Med, Dept Radiol 2, GR-12461 Athens, Greece; [Karnabatidis, Dimitris] Univ Patras, Sch Med, Dept Radiol, GR 26504 Patras, Greece","","Kagadis, GC (corresponding author), Univ Patras, Sch Med, Dept Med Phys, GR-26504 Rion, Greece.","gkagad@gmail.com","","","","","","","","9","10","","","","","","","","","","","JAN","2025","129","","","","","","","","104862","10.1016/j.ejmp.2024.104862","0","","DEC 2024","","","","","","","hybrid","","","2026-10-01","WOS:001372539600001","0"
"J","Albugmi, A","","","","Albugmi, Ahmed","","","Learning-based orchestration for low-latency AI deployment in hybrid cloud-edge platforms","SCIENTIFIC REPORTS","","","English","Article","","","","","","Distributed AI; Deep learning deployment; Resource-aware scheduling; MLPerf benchmark; Inference optimization; Cloud-edge computing; Model placement; Adaptive orchestration","MLPERF","The rapid growth of AI-driven applications in hybrid cloud-edge environments poses substantial challenges to ensuring low latency, high throughput, and effective resource utilization. Conventional deployment models, which are typically fixed or policy-driven, are not sufficiently flexible to respond dynamically to changing workloads and heterogeneous hardware environments. In this work, we introduce and analyze a resource-conscious deep learning-based scheduling system for managing the deployment of AI models on distributed cloud edges. The framework improves inference performance by leveraging real-time system telemetry and model features generated by benchmarks, while maintaining quality of service (QoS) compliance. The proposed system uses a fully connected neural network trained on structured features derived from the MLPerf Inference Benchmark, including compute complexity, memory footprint, and input dimensions. It is guided by real-time data from a hybrid infrastructure (NVIDIA A100/V100 GPUs and Jetson Xavier edge devices) to inform scheduling. Four MLPerf inference workloads - ResNet 50, BERT, SSD ResNet34, and DLRM - were tested and contrasted across various batch sizes and latency thresholds. Generalization experiments with unseen models such as GPT 2 and YOLOv5 yielded > 90% success rates in deployment, with the latency reduction and throughput gain results as presented above. Results of the generalization experiments with unseen models, including GPT 2 and YOLOv5, demonstrated deployment success rates > 90% for the various profiling conditions evaluated, with the latency reduction and throughput improvements as shown above. The results show that learning-based orchestration can be used to deliver space-and resource-aware orchestration solutions that are adaptive for low-latency deployment of AI services in hybrid cloud edge systems, but the effectiveness of the solution will depend on the representativeness of the profiling data and similarity of training and deployment environments.","[Albugmi, Ahmed] King Abdulaziz Univ, Appl Coll, Comp & Informat Technol Dept, Jeddah 80213, Saudi Arabia","","Albugmi, A (corresponding author), King Abdulaziz Univ, Appl Coll, Comp & Informat Technol Dept, Jeddah 80213, Saudi Arabia.","analbogome@kau.edu.sa","","","","","","","","0","0","","","","","","","","","","","JUN 20","2026","16","1","","","","","","","28265","10.1038/s41598-026-58531-w","0","","JUN 2026","","","","","","","Green Submitted, gold","","","2026-10-01","WOS:001871942300006","0"
"J","El-Sayed, A; Ramadan, H; Mohamed, ER; Elkomy, OM","","","","El-Sayed, Ameer; Ramadan, Hagar; Mohamed, Ehab R.; Elkomy, Osama M.","","","SFARP: a multi-layered real-time security framework for hybrid ARP and DDoS attack defense in SD-IoT networks","SCIENTIFIC REPORTS","","","English","Article","","","","","","IoT; SDN; DDoS detection; ARP spoofing; P4 language; Ensemble learning","","The rapid expansion of Software-Defined Internet of Things (SD-IoT) networks has amplified both scalability and vulnerability, exposing them to increasingly sophisticated multi-vector attacks such as flooding-based Distributed Denial-of-Service (DDoS), Address Resolution Protocol (ARP) spoofing, DNS spoofing, and MAC flooding. These threats exploit static control planes and centralized architectures, overwhelming controllers and bypassing threshold-based defenses through adaptive, sequential, and hybrid behaviors. To address these challenges, we propose SFARP, a multi-layered real-time security framework tailored for SD-IoT environments. SFARP integrates three coordinated modules: (1) the Dynamic Flow Analysis Module (DFAM), which leverages P4-programmed switches to extract fine-grained traffic and ARP-level features; (2) the Adaptive Dynamic Flow Detection System (ADFDS), which employs an ensemble of machine learning classifiers to detect anomalies across hybrid and multi-vector attack scenarios; and (3) the Distributed Adaptive Mitigation System (DAMS), which deploys adaptive countermeasures across a multi-controller SDN topology. In addition, we extend the evaluation to multi-vector attacks (ARP + MAC + DDoS), DNS spoofing, and ultra-dense IoT deployments, and introduce a comprehensive hardware feasibility study and ablation analysis. Extensive testing across five real-world IoT datasets (CICIoMT2024, CICIoT2023, IoTID20, Edge-IIoTset, and TON_IoT) and twelve complex attack scenarios-including hybrid, adaptive, mimicry, and sequential attacks-demonstrates SFARP's superior performance. On the CICIoMT2024 dataset, ADFDS achieved 98.3% accuracy, 97.6% precision, 98.9% recall, and a False Alarm Rate (FAR) of just 2.3%. On CICIoT2023, it maintained 96.0% accuracy and a 2.9% FAR, outperforming state-of-the-art models such as XGBoost and LightGBM across all key metrics. SFARP also demonstrated system-level advantages by reducing controller CPU usage by over 70%, minimizing packet loss by 90%, and maintaining end-to-end detection latency under 50 ms, even under high-volume attacks. Hardware evaluations on NetFPGA and Tofino ASIC confirm carrier-grade scalability, sustaining over 250 k concurrent flows with minimal memory overhead. By integrating programmable data-plane telemetry, adaptive ML-driven detection, and distributed mitigation, SFARP provides a scalable and hardware-feasible solution for real-time defense of SD-IoT infrastructures. It represents a practical step toward securing heterogeneous IoT deployments against evolving hybrid and multi-layer attacks.","[El-Sayed, Ameer; Ramadan, Hagar; Mohamed, Ehab R.; Elkomy, Osama M.] Zagazig Univ, Fac Comp & Informat, Dept Informat Technol, Zagazig 44511, Egypt","","El-Sayed, A (corresponding author), Zagazig Univ, Fac Comp & Informat, Dept Informat Technol, Zagazig 44511, Egypt.","aegouda@fci.zu.edu.eg","","","","","","","","3","3","","","","","","","","","","","DEC 9","2025","15","1","","","","","","","43479","10.1038/s41598-025-28830-9","0","","","","","","","","","Green Submitted, gold","","","2026-10-01","WOS:001635693700006","0"
"J","Muthuvel, S; Priya, S; Kumar, KS","","","","Muthuvel, S.; Priya, S.; Sampath Kumar, K.","","","Design of a multi-layered privacy-preserving architecture for secure medical data exchange in cloud environments","SCIENTIFIC REPORTS","","","English","Article","","","","","","Cloud-based e-health systems; Attribute-based encryption; Haze optimization; Graph neural network; SHA-256 verification module","","Cloud-based e-health systems make medical data widely accessible for treatment, teleconsultation, and analytics; however, the moment clinical records are pushed to an external cloud, they are exposed to a combination of threats: curious insiders, colluding storage providers, and silent data tampering. Most existing attribute-based encryption (ABE) or standalone anomaly detection solutions address these threats in isolation. To address this gap, this work presents a unified, lifecycle-oriented security framework that integrates Server-Aided Revocable Attribute-Based Encryption (SR-ABE) to enforce fine-grained, revocable access control without requiring the re-encryption of historical data. The cryptographic layer is further strengthened through haze optimization-guided key generation, which enhances key-space exploration and randomness during the encryption process. Data integrity is ensured using a SHA-256-based verification mechanism applied at both the storage and access stages. In addition, an intelligent monitoring layer based on a heterogeneous Mixed Graph Neural Network (MGNN) model interacts with patterns among users, devices, and resources to enable continuous event-driven anomaly detection within the systems operational latency bounds. Under this integrated design, the proposed model attains 99.1% training accuracy and 96.7% testing accuracy, converges with very low errors (training loss 0.0126, testing loss 0.0357), executes faster than prior approaches with an execution time of 10.4 ms at 50 epochs, sustains a high service throughput of 852-901 kbps even when multiple users are active, operates with reduced energy consumption of 0.214 J, maintains low access latency of 6.6 ms, and raises core security indicators to 99.12% data confidentiality and 98.53% data integrity. This shows that combining SR-ABE, HO-based key generation, cryptographic integrity checks, and MGNN-driven surveillance in a single pipeline delivers both stronger privacy guarantees and better runtime performance than existing cloud e-health security schemes.","[Muthuvel, S.; Priya, S.] AMET Univ, Chennai, Tamilnadu, India; [Sampath Kumar, K.] Saveetha Inst Med & Tech Sci Engn, SIMATS Engn, Chennai, Tamilnadu, India","","Muthuvel, S (corresponding author), AMET Univ, Chennai, Tamilnadu, India.","muthuvelsphd@gmail.com","","","","","","","","0","0","","","","","","","","","","","FEB 27","2026","16","1","","","","","","","11282","10.1038/s41598-026-40122-4","0","","","","","","","","","Green Submitted, gold","","","2026-10-01","WOS:001732933000030","0"
"J","Akhi, M; Eising, C; Dhirani, LL","","","","Akhi, Mirza; Eising, Ciaran; Dhirani, Lubna Luxmi","","","TCN-Based DDoS Detection and Mitigation in 5G Healthcare-IoT: A Frequency Monitoring and Dynamic Threshold Approach","IEEE ACCESS","","","English","Article","","","","","","Healthcare-IoT (H-IoT); DDoS attack; dynamic thresholding; dynamic thresholding; frequency-based detection; frequency-based detection; anomaly detection; anomaly detection; security; security; MQTT protocol; MQTT protocol; UDP protocol; UDP protocol; Cooja simulator; Cooja simulator; ns-3 simulator; ns-3 simulator; 5G; 5G; 5G","NETWORK; INTERNET; THINGS","The Internet of Things (IoT) revolutionizes precision healthcare by enhancing patient care and reducing costs. However, this technology poses challenges in securing Healthcare-IoT (H-IoT) devices, as low-latency packet transmission increases vulnerability to attacks (e.g., Distributed Denial of Service (DDoS)) in 5G networks. This research develops a monitoring frequency-based detection and dynamic threshold mitigation method using Temporal Convolutional Networks (TCNs) in 5G H-IoT environments. A monitoring frequency-based detection method calculates each H-IoT node's message count over the past five seconds as a percentage of total traffic. A dynamic threshold strategy also provides adaptive security by averaging detected malicious behavior messages across all nodes to determine the base threshold. This approach enhances classification accuracy, effectively mitigates actual DDoS attack nodes, and blacklists malicious nodes without false positives in H-IoT environments. Moreover, this research creates DDoS attack models, monitoring parameters using two simulators (Cooja and ns-3) on H-IoT devices. Data is collected over the Message Queuing Telemetry Transport (MQTT) and User Datagram Protocol (UDP) in a realistic 5G-based H-IoT environment, creating two datasets with malicious and benign data. The proposed TCN-based DDoS prediction and mitigation method achieves 99.98% and 95% accuracy on the MQTT dataset. This model also attains a slightly higher prediction accuracy of 99.99% and mitigation of 80% on the UDP dataset. This research evaluates the proposed model against prior methods, including Bidirectional Long Short-Term Memory (BiLSTM) and Convolutional Neural Networks (CNNs), demonstrating improved accuracy. Thus, the proposed TCN model is a versatile and resilient security solution for H-IoT environments.","[Akhi, Mirza] Univ Limerick, Dept Elect & Comp Engn, Limerick V94 T9PX, Ireland; Univ Limerick, SFI CRT Fdn Data Sci, Limerick V94 T9PX, Ireland","","Akhi, M (corresponding author), Univ Limerick, Dept Elect & Comp Engn, Limerick V94 T9PX, Ireland.","Mirza.Akhi@ul.ie","","","","","","","","12","14","","","","","","","","","","","","2025","13","","","","","","12709","12733","","10.1109/ACCESS.2025.3531659","0","","","","","","","","","Green Submitted, gold","","","2026-10-01","WOS:001405883900025","0"
"J","Oppel, S; Beeli, UM; Grüebler, MU; van Bergen, VS; Kolbe, M; Pfeiffer, T; Scherler, P","","","","Oppel, Steffen; Beeli, Ursin M.; Gruebler, Martin U.; van Bergen, Valentijn S.; Kolbe, Martin; Pfeiffer, Thomas; Scherler, Patrick","","","Extracting reproductive parameters from GPS tracking data for a nesting raptor in Europe","JOURNAL OF AVIAN BIOLOGY","","","English","Article","","","","","","Biologging; fecundity; machine learning; telemetry","KITES MILVUS-MILVUS; SATELLITE-TRACKING; RANDOM FORESTS; RED; AGE; POPULATION; CLASSIFICATION; REGRESSION; DOMINANCE; SURVIVAL","Understanding population dynamics requires estimation of demographic parameters like mortality and productivity. Because obtaining the necessary data for such parameters can be labour-intensive in the field, alternative approaches that estimate demographic parameters from existing data can be useful. High-resolution biologging data are frequently available for large-bodied bird species and can be used to estimate survival and productivity. We extend existing approaches and present a freely available tool ('NestTool') that uses GPS tracking data at hourly resolution to estimate important productivity parameters such as home range establishment, breeding initiation, and breeding success. NestTool first extracts 42 movement metrics such as time spent within a user-specified radius, number of revisits, home range size, and distances between most frequently used day and night locations from the raw tracking data for each individual breeding season. These variables are then used in three independent random forest models to predict whether individuals exhibited home range behaviour, initiated a nesting attempt, and successfully raised fledglings. We demonstrate the use of NestTool by training models with data from 258 individual red kites Milvus milvus from Switzerland tracked for up to 7 years, and then applied those models to tracking data from different red kite populations in Germany where detailed observations of nests and their outcomes existed for validation. The models achieved > 90% accurate classification of home range and nesting behaviour in validation data, but slightly lower (80-90%) accuracy in classifying the outcome of nesting attempts, because some individuals frequently returned to nests despite having failed. NestTool provides a graphical user interface that allows users to manually annotate individual seasons for which model predictions exceed a user-defined threshold of uncertainty. NestTool will facilitate the estimation of demographic parameters from tracking data to inform population assessments, and we encourage ornithologists to test NestTool for different species.","[Oppel, Steffen; Beeli, Ursin M.; Gruebler, Martin U.; van Bergen, Valentijn S.; Scherler, Patrick] Schweiz Vogelwarte, Sempach, Switzerland; [Kolbe, Martin] Rotmilanzentrum Museum Heineanum, Halberstadt, Germany; [Pfeiffer, Thomas] Rosenweg 1, Weimar, Germany","","Oppel, S (corresponding author), Schweiz Vogelwarte, Sempach, Switzerland.","steffen.oppel@vogelwarte.ch","","","","","","","","6","7","","","","","","","","","","","MAR","2025","2025","2","","","","","","","e03246","10.1111/jav.03246","0","","OCT 2024","","","","","","","Green Submitted, gold","","","2026-10-01","WOS:001335288900001","0"
"J","Skrivanos, AG; Kouretas, I; Simantiris, N; Malaperdas, G; Peppas, KP","","","","Skrivanos, Anastasios G.; Kouretas, Ioannis; Simantiris, Nikolaos; Malaperdas, George; Peppas, Kostas P.","","","An IoT-Based Real-Time Monitoring and Alert System for Sea Turtle Nest Protection","APPLIED SCIENCES-BASEL","","","English","Article","","","","","","sea turtles; internet of things; environmental monitoring; real-time telemetry; conservation technology; sensor networks","CARETTA-CARETTA; CLIMATE-CHANGE; LOGGERHEAD; TEMPERATURE","This paper presents a low-cost Internet-of-Things (IoT) telemetry and alerting system for monitoring and protecting sea turtle nests. The proposed platform integrates temperature, humidity, vibration, ultrasonic proximity, and ambient light sensors into an autonomous sensing node based on the ESP8266 microcontroller. Measurements are transmitted wirelessly to a cloud backend for real-time visualization and rule-based alert generation. The system is designed to support continuous nest-level monitoring and rapid response to environmental and anthropogenic threats such as overheating, artificial light exposure during hatching, and physical disturbance. In contrast to approaches that require extensive historical datasets or machine-learning models, the proposed solution employs transparent threshold-based rules that provide reliable operation without training data. The platform emphasizes low cost, ease of deployment, and scalability, making it suitable for large-scale conservation deployments across multiple nesting sites. It provides conservation practitioners with actionable situational awareness that complements existing field-based monitoring and protection strategies.","[Skrivanos, Anastasios G.; Peppas, Kostas P.] Univ Peloponnese, Dept Informat & Commun, Tripoli 22100, Greece; [Kouretas, Ioannis] Univ Patras, Dept Elect & Comp Engn, Patras 26504, Greece; [Simantiris, Nikolaos] MEDASSET Mediterranean Assoc Save Sea Turtles, Likavittou 1C, Athens 10672, Greece; [Malaperdas, George] Ionian Univ, Dept Environm, M Minotou Giannopoulou Str Panagoula, Zakynthos 29100, Greece","","Kouretas, I (corresponding author), Univ Patras, Dept Elect & Comp Engn, Patras 26504, Greece.","a.skrivanos@go.uop.gr; kouretas@upatras.gr; n.simantiris@medasset.org; envcart@yahoo.gr; peppas@uop.gr","","","","","","","","0","0","","","","","","","","","","","MAY 13","2026","16","10","","","","","","","4839","10.3390/app16104839","0","","MAY 2026","","","","","","","Green Submitted, gold","","","2026-10-01","WOS:001774213600001","0"
"J","Manju, R; Muthusenthil, B","","","","Manju, R.; Muthusenthil, B.","","","Optimal Generative Adversarial Network-Bidirectional Long Short-Term Memory-Based Byzantine Failure Prediction and Failure Tolerance in Cloud Computing","INTERNATIONAL JOURNAL OF SOFTWARE ENGINEERING AND KNOWLEDGE ENGINEERING","","","English","Article","","","","","","Byzantine failure prediction; Byzantine failure tolerance; cloud computing; min-max normalization; blockchain; homomorphic encryption algorithm; storage security","INTRUSION DETECTION","The research leverages the Optimal Generative Adversarial Network (OGAN)-Bidirectional Long Short-Term Memory (BiLSTM) architecture toward present a novel framework for the prediction and tolerance of Byzantine failures in cloud computing. The input dataset, derived from the KDD dataset, undergoes meticulous preprocessing to eliminate redundant characteristics and outliers, employing the Min-max normalization approach. The preprocessed data can then be integrated into the Byzantine Failure Prediction Framework (BFPF) within the cloud environment. The OGAN-BiLSTM model, enhanced by the Improved Dwarf Mongoose Optimization (IDMO) Algorithm, is utilized to aim at optimal hyperparameter selection, significantly improving classifier performance, Byzantine Failure Prediction, and tolerance. For improved storage security, a two-way encryption scheme, as Modified Homomorphic Encryption Algorithm (MHEA) for secure non-intrusive data, and subsequently stored in a Blockchain (BC) based cloud environment, is implemented. The innovation of the work lies in its unique combination of progressive technologies to improve Cloud Computing (CC). The suggested model's presentation is assessed utilizing a variety of measures, like sensitivity, recall, F-measure, specificity, accuracy, precision and execution time. The projected paradigm will be incorporated into the Java development environment. The accuracy of the suggested model for CC Byzantine failure prediction and tolerance is 98.69%. The suggested approach improves data security in cloud environments and greatly increases the accuracy of failure predictions.","[Manju, R.] Sri Sai Ram Engn Coll, Artificial Intelligence & Data Sci, Chennai, Tamil Nadu, India; [Muthusenthil, B.] SRM Valliammai Engn Coll, Comp Sci & Engn, Chennai, Tamil Nadu, India","","Muthusenthil, B (corresponding author), SRM Valliammai Engn Coll, Comp Sci & Engn, Chennai, Tamil Nadu, India.","manjususila@gmail.com; bmssen@gmail.com","","","","","","","","0","0","","","","","","","","","","","JUN 15","2026","36","7","","","","","983","1001","","10.1142/S0218194025500998","0","","JAN 2026","","","","","","","hybrid","","","2026-10-01","WOS:001667031600001","0"
"J","Zala, K; Thakkar, HK; Jadeja, R; Singh, P; Kotecha, K; Shukla, M","","","","Zala, Kirtirajsinh; Thakkar, Hiren Kumar; Jadeja, Rajendrasinh; Singh, Priyanka; Kotecha, Ketan; Shukla, Madhu","","","PRMS: Design and Development of Patients' E-Healthcare Records Management System for Privacy Preservation in Third Party Cloud Platforms","IEEE ACCESS","","","English","Article","","","","","","Cloud computing; Medical services; Blockchains; Security; Throughput; Electronic medical records; Data privacy; Electronic healthcare; Storage management; Cloud computing; e-health; privacy; information security; blockchain","OPPORTUNITIES; BLOCKCHAIN; RESOURCE","In the current digital era, personal data storage on public platforms is a major cause of concern with severe security and privacy ramifications. This is true especially in e-health data management since patient's health data must be managed following a slew of established standards. The Cloud Service Providers (CSPs) primarily provide computing and storage resources. However, data security in the cloud is still a major concern. In several instances, Blockchain technology rescues the CSPs by providing the robust security to the underlying data by encrypting data using the unique and secret keys. Each network user in Blockchain has its own unique and secret keys linked directly to the transaction keys as a digital signature to protect the data. However, Blockchain technology suffers from the latency and throughput issues in high workload scenarios. To overcome e-healthcare records privacy issues in a third-party cloud, we designed a Patient's E-Healthcare Records Management System (PRMS) that focuses on latency and throughput. A comprehensive performance analysis of PRMS is carried out on different third-party clouds to validate its applicability. Moreover, the proposed PRMS system is compared with Blockchain platforms such as Hyperledger Fabric v0.6 and Etherium 1.5.8 against latency and throughput by adjusting the workload for each platform up to 10,000 transactions per second. The proposed PRMS is compared to the Secure and Robust Healthcare-Based Blockchain (SRHB) approach using Yahoo Cloud Serving Benchmark (YCSB) and small bank datasets. The experimental results indicate that deploying PRMS on Amazon Web Services decreases System Execution Time (SET) and the Average Delay (AD) time by 2.4%, 8.33%, and 25.15%, 15.26%, respectively. Additionally, deploying PRMS on the Google Cloud Platform decreases System Execution Time (SET) and Average Delay (AD) by 2.27%, 2.4%, and 2.72%, 4.73% AD, respectively. The experimental results confirm the superiority of the PRMS under the high workload scenario over SRHB and its applicability in cloud data centers.","[Zala, Kirtirajsinh; Shukla, Madhu] Marwadi Univ, Dept Comp Engn, Rajkot 360003, Gujarat, India; [Thakkar, Hiren Kumar] Pandit Deendayal Energy Univ, Dept Comp Sci & Engn, Sch Technol, Gandhinagar 382007, Gujarat, India; [Jadeja, Rajendrasinh] Marwadi Univ, Dept Elect Engn, Rajkot 360003, Gujarat, India; [Singh, Priyanka] SRM Univ Andhra Pradesh, Dept Comp Sci & Engn, Amaravati 522502, India; [Kotecha, Ketan] Symbosis Int Deemed Univ, Symbiosis Ctr Appl Artificial Intelligence, Pune 412115, Maharashtra, India","","Thakkar, HK (corresponding author), Pandit Deendayal Energy Univ, Dept Comp Sci & Engn, Sch Technol, Gandhinagar 382007, Gujarat, India.;Kotecha, K (corresponding author), Symbosis Int Deemed Univ, Symbiosis Ctr Appl Artificial Intelligence, Pune 412115, Maharashtra, India.","hiren.thakkar@sot.pdpu.ac.in; head@scaai.siu.edu.in","","","","","","","","25","35","","","","","","","","","","","","2022","10","","","","","","85777","85791","","10.1109/ACCESS.2022.3198094","0","","","","","","","","","Green Submitted, gold","","","2026-10-01","WOS:000842048400001","0"
"J","Neupane, S; Goswami, T","","","","Neupane, Samikshya; Goswami, Tarun","","","Prediction of Imminent Battery Depletion in Implantable Cardioverter-Defibrillator","SCI","","","English","Article","","","","","","implantable cardioverter-defibrillator; battery depletion risk prediction; machine learning; synthetic data augmentation; GMM; predictive maintenance; cardiac implantable electronic device","DEVICE LONGEVITY; PACEMAKER; CLASSIFICATION; LEVEL","Implantable Cardioverter-Defibrillators (ICDs) are life-sustaining devices used in the prevention of sudden death in patients suffering from advanced cardiac diseases. Although improvements in ICD technology and monitoring capabilities have been made, existing techniques are still not effective in predicting accelerated battery drain, thereby causing unplanned generator replacement and clinically significant device-related events. In this study, machine learning techniques were employed in the assessment of the early detection of ICD battery depletion risk using the collected device interrogation reports. The dataset used consisted of 32 devices in the training set and nine in the testing set. In order to mitigate the problem of a small sample size, a GMM-based data augmentation technique was applied solely to the training data, and actual devices were used for the testing data. Five supervised models, including Logistic Regression, Random Forest, SVM, CatBoost, and a Neural Network (MLP), have been utilized using a repeated stratified cross-validation and a separate held-out test data set. All the models have been tested for their performance using classification metrics. All models demonstrated variable performance with wide confidence intervals due to limited sample size. Support vector machines showed the highest cross-validation discrimination 0.889 +/- 0.203, though uncertainty remains substantial given the small datasets (n = 41). From the feature analysis, it was found that atrial sensing amplitude, RV/LV capture threshold, output settings, and implant duration were the most important features for the prediction of high battery depletion risk. These findings suggest that changes in device parameters and implant age are associated with elevated battery depletion risk, supporting the feasibility of telemetry-driven risk stratification for device management.","[Neupane, Samikshya; Goswami, Tarun] Wright State Univ, Biomed Ind & Human Factors Engn, 3640 Col Glen Hwy, Dayton, OH 45435 USA","","Goswami, T (corresponding author), Wright State Univ, Biomed Ind & Human Factors Engn, 3640 Col Glen Hwy, Dayton, OH 45435 USA.","neupane.36@wright.edu; tarun.goswami@wright.edu","","","","","","","","1","1","","","","","","","","","","","MAR 31","2026","8","4","","","","","","","72","10.3390/sci8040072","0","","MAR 2026","","","","","","","Green Submitted, gold","","","2026-10-01","WOS:001750234600001","0"
"J","Badr, AM; Fourati, LC; Ayed, S","","","","Badr, Aymen Mudheher; Fourati, Lamia Chaari; Ayed, Samiha","","","A Novel System for Confidential Medical Data Storage Using Chaskey Encryption and Blockchain Technology","BAGHDAD SCIENCE JOURNAL","","","English","Article","","","","","","Blockchain; BFlow; Chaskey; Healthcare; IoT; Security","","Secure storage of confidential medical information is critical to healthcare organizations seeking to protect patient's privacy and comply with regulatory requirements. This paper presents a new scheme for secure storage of medical data using Chaskey cryptography and blockchain technology. The system uses Chaskey encryption to ensure integrity and confidentiality of medical data, blockchain technology to provide a scalable and decentralized storage solution. The system also uses Bflow segmentation and vertical segmentation technologies to enhance scalability and manage the stored data. In addition, the system uses smart contracts to enforce access control policies and other security measures. The description of the system detailing and provide an analysis of its security and performance characteristics. The resulting images were tested against a number of important metrics such as Peak Signal-to-Noise Ratio (PSNR), Mean Squared Error (MSE), bit error rate (BER), Signal to-Noise Ratio (SNR), Normalization Correlation (NC) and Structural Similarity Index (SSIM). Our results showing that the system provides a highly secure and scalable solution for storing confidential medical data, with potential applications in a wide range of healthcare settings.","[Badr, Aymen Mudheher; Fourati, Lamia Chaari] Sfax Univ, Digital Res Ctr Sfax CRNS Lab Signals Syst Artifi, Sfax, Tunisia; [Badr, Aymen Mudheher] Univ Diyala, Dept Polit Sci, Coll Law & Polit Sci, Diyala, Iraq; [Ayed, Samiha] Univ Technol Troyes, Inst Charles Delaunay ERA, Troyes, France","","Badr, AM (corresponding author), Sfax Univ, Digital Res Ctr Sfax CRNS Lab Signals Syst Artifi, Sfax, Tunisia.;Badr, AM (corresponding author), Univ Diyala, Dept Polit Sci, Coll Law & Polit Sci, Diyala, Iraq.","","","","","","","","","2","2","","","","","","","","","","","","2023","20","6","","S","","","2651","2671","","10.21123/bsj.2023.9203","0","","","","","","","","","Green Submitted, gold","","","2026-10-01","WOS:001121717000024","0"
"J","Zala, K; Thakkar, HK; Jadeja, R; Dholakia, NH; Kotecha, K; Jain, DK; Shukla, M","","","","Zala, Kirtirajsinh; Thakkar, Hiren Kumar; Jadeja, Rajendrasinh; Dholakia, Neel H.; Kotecha, Ketan; Jain, Deepak Kumar; Shukla, Madhu","","","RETRACTED: On the Design of Secured and Reliable Dynamic Access Control Scheme of Patient E-Healthcare Records in Cloud Environment (Retracted Article)","COMPUTATIONAL INTELLIGENCE AND NEUROSCIENCE","","","English","Article; Retracted Publication","","","","","","","PRIVACY ISSUES; BIG DATA; STORAGE; DEVICES; SYSTEM; ROBUST; MODEL","Traditional healthcare services have changed into modern ones in which doctors can diagnose patients from a distance. All stakeholders, including patients, ward boy, life insurance agents, physicians, and others, have easy access to patients' medical records due to cloud computing. The cloud's services are very cost-effective and scalable, and provide various mobile access options for a patient's electronic health records (EHRs). EHR privacy and security are critical concerns despite the many benefits of the cloud. Patient health information is extremely sensitive and important, and sending it over an unencrypted wireless media raises a number of security hazards. This study suggests an innovative and secure access system for cloud-based electronic healthcare services storing patient health records in a third-party cloud service provider. The research considers the remote healthcare requirements for maintaining patient information integrity, confidentiality, and security. There will be fewer attacks on e-healthcare records now that stakeholders will have a safe interface and data on the cloud will not be accessible to them. End-to-end encryption is ensured by using multiple keys generated by the key conclusion function (KCF), and access to cloud services is granted based on a person's identity and the relationship between the parties involved, which protects their personal information that is the methodology used in the proposed scheme. The proposed scheme is best suited for cloud-based e-healthcare services because of its simplicity and robustness. Using different Amazon EC2 hosting options, we examine how well our cloud-based web application service works when the number of requests linearly increases. The performance of our web application service that runs in the cloud is based on how many requests it can handle per second while keeping its response time constant. The proposed secure access scheme for cloud-based web applications was compared to the Ethereum blockchain platform, which uses internet of things (IoT) devices in terms of execution time, throughput, and latency.","[Zala, Kirtirajsinh; Dholakia, Neel H.; Shukla, Madhu] Marwadi Univ, Dept Comp Engn, Rajkot 360006, Gujarat, India; [Thakkar, Hiren Kumar] Pandit Deendayal Energy Univ, Sch Technol, Dept Comp Sci & Engn, Gandhinagar 382007, Gujarat, India; [Jadeja, Rajendrasinh] Marwadi Univ, Fac Technol, Rajkot 360006, Gujarat, India; [Kotecha, Ketan] Symbiosis Int Deemed Univ, Symbiosis Ctr Appl Artificial Intelligence, Pune, India; [Jain, Deepak Kumar] Chongqing Univ Posts & Telecommun, Univ Chongqing, Coll Automat, Key Lab Intelligent Air Ground Cooperat Control, Chongqing, Peoples R China","","Thakkar, HK (corresponding author), Pandit Deendayal Energy Univ, Sch Technol, Dept Comp Sci & Engn, Gandhinagar 382007, Gujarat, India.;Kotecha, K (corresponding author), Symbiosis Int Deemed Univ, Symbiosis Ctr Appl Artificial Intelligence, Pune, India.","kirtirajsinh.zala@marwadieducation.edu.in; iamhiren@gmail.com; rajendrasinh.jadeja@marwadieducation.edu.in; neel.dholakia112067@marwadiuniversity.ac.in; head@scaai.siu.edu.in; deepak@cqupt.edu.cn; madhu.shukla@marwadieducation.edu.in","","","","","","","","6","8","","","","","","","","","","","AUG 18","2022","2022","","","","","","","","3804553","10.1155/2022/3804553","0","","","","","","","","","Green Submitted, hybrid","","","2026-10-01","WOS:000848360600003","0"
"J","Almendros, AL","","","","Lopez Almendros, Alfonso","","","Reliability of Edge AI in XR-Based Health Data Capture: An Experimental Study on GPU Offloading and Semantic Stability","IEEE ACCESS","","","English","Article","","","","","","Telemetry; Aerospace and electronic systems; Payloads; Military aircraft; Space technology; Central Processing Unit; Feedback; System-on-chip; Circuits; Electronic circuits; Adaptive systems; edge computing; energy-efficient computing; extended reality; longitudinal data analysis; multimodal artificial intelligence; on-device inference; rehabilitation engineering; rule-based systems; speech recognition","","Edge artificial intelligence (AI) is increasingly required in extended reality (XR) healthcare systems to characterize latency behavior under controlled execution constraints, energy efficiency, and privacy-preserving processing of sensitive patient data. This paper presents an edge-native multimodal XR architecture for structured health data capture, integrating automatic speech recognition, quantized large language model inference, and deterministic adaptation within a fully on-device pipeline. We conduct a controlled experimental evaluation of heterogeneous graphics processing unit (GPU) offloading levels (GPU Layers = 0, 20, 30), with n = 30 runs per configuration, and quantify latency-energy scaling under distinct embedded power modes (7 W and 15 W). Beyond conventional performance metrics, we introduce semantic stability indicators for structured JSON-based clinical extraction, including schema validity, completion rate, and critical-field null rate. Results reveal a systematic latency-semantic trade-off: aggressive GPU offloading reduces end-to-end latency but may induce complete loss of critical structured fields under specific configurations, reaching a 100% null rate in extreme cases. The findings on the evaluated platform demonstrate that edge optimization strategies in XR healthcare pipelines should be assessed not only in terms of computational efficiency but also in terms of semantic reliability. The proposed architecture and evaluation framework provide experimentally reproducible characterization for designing trustworthy edge AI systems in real-time clinical XR environments.","[Lopez Almendros, Alfonso] Inst Tecnol Prod Infantil & Ocio AIJU, Alicante 03440, Spain","","Almendros, AL (corresponding author), Inst Tecnol Prod Infantil & Ocio AIJU, Alicante 03440, Spain.","alfonso@aiju.es","","","","","","","","0","0","","","","","","","","","","","","2026","14","","","","","","68315","68333","","10.1109/ACCESS.2026.3689595","0","","","","","","","","","Green Submitted, Green Published, gold","","","2026-10-01","WOS:001765013400034","0"
"J","Sreejindeth, P; Padmavathy, T","","","","Sreejindeth, P.; Padmavathy, T.","","","Eco-FinOps: a causal-agentic framework for energy-efficient and explainable cloud cost optimization","FRONTIERS IN ARTIFICIAL INTELLIGENCE","","","English","Article","","","","","","AIOps; anomaly detection; causal inference; cloud cost optimization; FinOps; green cloud; LLM safety; RAG","COMPUTING ENVIRONMENTS; AWARE","Two converging crises-uncontrolled operational expenditure and significant environmental hazards-have been aggravated by the exponential scaling of cloud infrastructure. This has led to a greater focus on the efficiency of Financial Operations (FinOps). Current monitoring methods exhibit a major flaw: passive dashboards require constant human monitoring and lead to alert fatigue, whereas deep learning models require substantial Graphics Processing Unit (GPU) resources and operate as opaque black boxes. This lack of interpretability contradicts the sustainability goals these tools promise to support. This study proposes Eco-FinOps, a causal-agentic framework that autonomously and energy-efficiently optimizes cloud costs, designed strictly for commodity Central Processing Unit (CPU) environments without discrete GPU requirements. The system uses Polars-based telemetry ingestion, the Peter-Clark (Algorithm) (PC) algorithm for causal graph construction, and DoWhy for effect estimation to mathematically distinguish genuine workload fluctuations from inefficient resource usage. This study targets the zombie resource pattern-provisioned instances that utilize only 0.2%-5% CPU while maintaining 60%-90% memory consumption. Furthermore, a LangGraph-coordinated Retrieval-Augmented Generation (RAG) pipeline enables Small Language Models to generate auditable, human-verifiable remediation scripts. Evaluated on five fault-injection scenarios from the Alibaba Cluster Trace dataset, the framework achieves a Precision of 0.89, a recall of 0.86, and an F1-score of 0.87. Causal verification successfully eliminates 39% of false positive anomalies, raising Precision by 38 points over static threshold rules and outperforming neural autoencoder baselines by 15 F1 points.","[Sreejindeth, P.; Padmavathy, T.] Vellore Inst Technol, Sch Comp Sci & Engn, Vellore, Tamil Nadu, India","","Padmavathy, T (corresponding author), Vellore Inst Technol, Sch Comp Sci & Engn, Vellore, Tamil Nadu, India.","padmavathy.t@vit.ac.in","","","","","","","","0","0","","","","","","","","","","","JUN 18","2026","9","","","","","","","","1861514","10.3389/frai.2026.1861514","0","","JUN 2026","","","","","","","Green Submitted, gold","","","2026-10-01","WOS:001810828900001","0"
"J","Manivannan, A; Amalanathan, A","","","","Manivannan, Aravindhan; Amalanathan, Anthoniraj","","","GeoGuard-PTI: a geo-temporal predictive threat intelligence framework with spatiotemporal attack forecasting and closed-loop adaptive defense","FRONTIERS IN ARTIFICIAL INTELLIGENCE","","","English","Article","","","","","","attack propagation; closed-loop adaptive defense; cyber epidemiology; deep learning; explainable AI; federated learning; GeoGuard; geo-temporal forecasting","NETWORKS; INTERNET; THINGS","Due to being reactive in nature, most network security frameworks focus on identifying attacks as they take place or reconstructing intrusion sequences once they have already occurred. This paper presents GeoGuard-PTI, an innovative Geo-Temporal Predictive Threat Intelligence framework designed to shift that paradigm by predicting pending cyber attacks before they arrive at monitored infrastructure. GeoGuard-PTI utilizes geo-tagged telemetry from a Real-Time Intrusion Detection Module, an Active Geo-Fencing Prevention Module, and a Forensic Analysis Module, processing it through a Spatiotemporal Graph Attention Network (ST-GAT) combined with a Temporal Diffusion Predictor (TDP). Attack propagation is modeled as epidemiological diffusion over a Dynamic Geographic Graph to produce probabilistic Threat Propagation Maps (TPMs) across five prediction horizons (15 min to 24 h). A Closed-Loop Adaptive Defense Cycle (CLADC) operationalizes these TPMs into IPS pre-arming signals while driving continuous online learning without offline retraining. Evaluated across five publicly available datasets-NSL-KDD, UNSW-NB15, CICIDS2017, TON-IoT, and BOT-IoT-augmented with synthetic geo-propagation traces, GeoGuard-PTI attains a mean 15-min prediction accuracy of 96.4%, a 2-h accuracy of 91.2%, and a false alarm rate below 1.9%. Operational trials show a similar to 34.1% reduction in successful intrusions and a similar to 67.9% drop in mean time-to-block compared with purely reactive baselines, with IPS pre-arming latency held under 3 ms throughout.","[Manivannan, Aravindhan; Amalanathan, Anthoniraj] Vellore Inst Technol, Sch Comp Sci & Engn, Vellore, Tamil Nadu, India","","Amalanathan, A (corresponding author), Vellore Inst Technol, Sch Comp Sci & Engn, Vellore, Tamil Nadu, India.","aanthoniraj@vit.ac.in","","","","","","","","0","0","","","","","","","","","","","JUN 25","2026","9","","","","","","","","1850560","10.3389/frai.2026.1850560","0","","JUN 2026","","","","","","","Green Submitted, gold","","","2026-10-01","WOS:001816451800001","0"
"J","Viswanadham, RVN; Cui, YB; Solanki, P; Redfern, N; Shunk, A; Mastrianni, A; Levine, DL; Mann, DM; Richardson, SI","","","","Viswanadham, Ratnalekha V. N.; Cui, Yuhan Betty; Solanki, Priyanka; Redfern, Nicole; Shunk, Amelia; Mastrianni, Angela; Levine, Defne L.; Mann, Devin M.; Richardson, Safiya I.","","","EHR-derived cognitive load is associated with guideline-concordant statin initiation in primary care","BMC MEDICAL INFORMATICS AND DECISION MAKING","","","English","Article","","","","","","Statin; Clinical decision support; EHR; Process mining; Cognitive load; Audit log data; Machine learning","PREVENTION","Introduction Linking electronic health record (EHR) use to care quality may offer insights into potential interventions improving guideline adherence and closing care gaps. We examine how EHR metadata can measure cognitive load in primary care providers during statin prescribing and identify cognitive load points in EHR workflows associated with guideline-concordant statin initiation. Methods We retrospectively extracted 2024 data from EHR primary care encounters from a large academic health system. We identified adult patients who met the criteria for statin initiation and calculated their atherosclerotic cardiovascular disease (ASCVD) risk scores. Cognitive load metrics were derived from EHR metadata. Logistic regressions evaluate associations between cognitive load and statin initiation, adjusting for patient covariates and provider fixed effects. Gradient-boosted forests and Shapley Additive explanations (SHAP) values were used to identify key EHR events and cognitive load patterns associated with statin initiation. Results Longer encounter duration was associated with increased likelihood of statin initiation, whereas more time spent per EHR event was associated with a decreased likelihood. Nonlinear associations were observed for loop count and distinct event count: predicted initiation probability decreased with increasing loop count to 93.9 loops, then increased beyond this threshold. For distinct events, initiation probability increased up to approximately 18 events and declined at higher counts. In a gradient-boosted decision tree model, average event time was the strongest predictor (72.2% relative contribution). Additional positive predictors included time spent reviewing lab results and on suggested medication order sets. Order list modification and looping back to it were negatively associated with statin initiation. Discussion EHR metadata can associate cognitive load with appropriate clinical behavior, revealing nonlinear associations between cognitive load and statin initiation rates. This work suggests opportunities to optimize EHR systems to reduce cognitive burden and support clinical decision-making. Connecting cognitive load to prescribing behavior generates hypotheses about how workflow adjustments and enhanced decision support might improve guideline adherence and patient care through prospective evaluation.","[Viswanadham, Ratnalekha V. N.; Cui, Yuhan Betty; Redfern, Nicole; Mastrianni, Angela; Levine, Defne L.; Mann, Devin M.; Richardson, Safiya I.] NYU Grossman Sch Med, Dept Populat Hlth, 227 E 30th St,Sixth Floor, New York, NY 10016 USA; [Solanki, Priyanka; Mann, Devin M.; Richardson, Safiya I.] NYU Langone Hlth, Dept Med, New York, NY 10016 USA; [Solanki, Priyanka; Redfern, Nicole; Mann, Devin M.; Richardson, Safiya I.] NYU Langone Hlth, Med Ctr Informat Technol, Dept Hlth Informat, New York, NY 10016 USA; [Shunk, Amelia] Tulane Univ, Sch Med, New Orleans, LA USA","","Richardson, SI (corresponding author), NYU Grossman Sch Med, Dept Populat Hlth, 227 E 30th St,Sixth Floor, New York, NY 10016 USA.;Richardson, SI (corresponding author), NYU Langone Hlth, Dept Med, New York, NY 10016 USA.;Richardson, SI (corresponding author), NYU Langone Hlth, Med Ctr Informat Technol, Dept Hlth Informat, New York, NY 10016 USA.","ratnalekha.viswanadham@insead.edu; yuhan.cui@nyulangone.org; priyanka.solanki@nyulangone.org; nicole.redfern@nyulangone.org; ashunk@tulane.edu; angela.mastrianni@nyulangone.org; defne.levine@nyulangone.org; devin.mann@nyulangone.org; safiya.richardson@nyulangone.org","","","","","","","","0","0","","","","","","","","","","","APR 2","2026","26","1","","","","","","","167","10.1186/s12911-026-03392-6","0","","APR 2026","","","","","","","Green Submitted, gold","","","2026-10-01","WOS:001765251600001","0"
"J","Gómez-Talal, I; Bote-Curiel, L; Lozano-Paredes, D; Feijoo-Martínez, JR; Rojo-Alvarez, JL","","","","Gomez-Talal, Ismael; Bote-Curiel, Luis; Lozano-Paredes, Dafne; Feijoo-Martinez, Juan Ramon; Rojo-Alvarez, Jose Luis","","","Evaluating Manifold Learning Techniques for Dimensionality Reduction on Industrial IoT Cybersecurity Data","IEEE ACCESS","","","English","Article","","","","","","Industrial Internet of Things; Manifold learning; Protocols; Security; Computer security; Measurement; Principal component analysis; Geometry; Encryption; Standards; Anomaly detection; cybersecurity; dimensionality reduction; Industrial Internet of Things (IIoT); manifold learning","FIT","The Industrial Internet of Things (IIoT) generates high-dimensional traffic data that challenge conventional intrusion detection systems. This paper presents a comparative study of ten manifold learning methods evaluated across five heterogeneous IIoT cybersecurity datasets, including trust-based routing, malware traffic, edge-device telemetry, large-scale network flows, and private Spanish Power Grid data. Performance was assessed using bootstrap-aggregated metrics covering neighborhood preservation, global fidelity, and supervised cluster separation. Results showed that nonlinear methods dominated local structure preservation: t-distributed Stochastic Neighbor Embedding (t-SNE) and Uniform Manifold Approximation and Projection (UMAP) consistently achieved the highest Trustworthiness, reaching 0.999 (on Spanish Power Grid data) and 0.998 (on WUSTL-IIoT-2021 dataset). In contrast, multidimensional scaling (MDS) minimized Stress (as low as 0.096 in WUSTL-IIoT-2021), confirming its superiority in global geometry preservation. Principal Component Analysis (PCA) delivered competitive supervised separation, obtaining the best Davies-Bouldin index (0.750) and Silhouette score (0.851) on WUSTL-IIoT-2021, outperforming nonlinear methods in these metrics. Malware traffic in CIMD-2024 proved most challenging, where even the best embeddings yielded Davies-Bouldin scores above 20, highlighting the complexity of polymorphic attack families. Overall, findings demonstrate that no single method is universally optimal: t-SNE and UMAP maximize local fidelity, MDS ensures global consistency, and PCA remained highly competitive for anomaly separation with low computational cost. These results support the design of IIoT security pipelines that strategically combine complementary dimensionality reduction methods for effective and scalable intrusion detection.","[Gomez-Talal, Ismael; Bote-Curiel, Luis; Lozano-Paredes, Dafne; Rojo-Alvarez, Jose Luis] Rey Juan Carlos Univ, Dept Signal Theory & Commun & Telematic Syst & Com, Madrid 28943, Spain; [Feijoo-Martinez, Juan Ramon] Red Elect REDEIA Grp, Madrid, Spain; [Rojo-Alvarez, Jose Luis] Rey Juan Carlos Univ, Data Networks & Cybersecur Res Inst, Madrid 28028, Spain","","Gómez-Talal, I (corresponding author), Rey Juan Carlos Univ, Dept Signal Theory & Commun & Telematic Syst & Com, Madrid 28943, Spain.","ismael.gomez.talal@urjc.es","","","","","","","","0","0","","","","","","","","","","","","2026","14","","","","","","25370","25387","","10.1109/ACCESS.2026.3662155","0","","","","","","","","","gold","","","2026-10-01","WOS:001699557300035","0"
"J","Ponnada, S; Tak, TK; Kshirsagar, PR; Rao, PS; Dayal, A","","","","Ponnada, Sreenu; Kuan Tak, Tan; Kshirsagar, Pravin R.; Srinivasa Rao, P.; Dayal, Abhinav","","","Expanding Applications of TinyML in Versatile Assistive Devices: From Navigation Assistance to Health Monitoring System Using Optimized NASNet-XGBoost Transfer Learning","IEEE ACCESS","","","English","Article","","","","","","Monitoring; Medical services; Human factors; Brain modeling; Tiny machine learning; Diseases; Feature extraction; Computational modeling; Data models; Adaptation models; EWT-SAS; NASNet-XGBoost; TinyML; tyrannosaurus optimization; various disease prediction; wavelet soft threshold denoising","","The healthcare sector receives a considerable amount of unprocessed data from wearable and portable devices. However, traditional cloud-based models used to handle this type of data can pose risks such as exposing sensitive patient data to a network environment and increasing latency due to data storage and time consumption. In response to these issues, an alternative strategy named TinyML was put forth by the scientific community to foster safe and autonomous models capable of gathering and processing data without the need for network exposure. To address these concerns more effectively, we put forward a versatile TinyML model specifically tailored for health monitoring systems. This model uses enhanced NASNet-XGBoost-based transfer learning methodology to adapt to various types of diseases using appropriate healthcare data. The process begins by pre-processing raw health signals collected from patients using a combination of a wavelet soft threshold method and empirical wavelet transform-spectrum adaptive segmentation (EWT-SAS). A Tyrannosaurus-based NASNet model is then used to extract meaningful features from these pre-processed signals. Once the features have been extracted, they are entered into an XGBoost model which can accurately predict various types of diseases based on the given data. This particular approach achieved an impressive 95.4% average accuracy, 93.6% positive predictive value, 94.7% hit rate, and 96.3% selectivity. When compared to traditional models, this TinyML model shows a significant improvement in performance metrics, demonstrating increased effectiveness and accuracy in predicting various diseases.","[Ponnada, Sreenu; Dayal, Abhinav] Vishnu Inst Technol, Bhimavaram 534202, India; [Kuan Tak, Tan] Singapore Inst Technol, Singapore 138683, Singapore; [Kshirsagar, Pravin R.] JD Coll Engn & Management, Nagpur 441501, Maharashtra, India; [Srinivasa Rao, P.] MVGR Coll Engn, Vizianagaram 535005, Andhra Pradesh, India","","Ponnada, S (corresponding author), Vishnu Inst Technol, Bhimavaram 534202, India.","sreenu108@hotmail.com","","","","","","","","4","4","","","","","","","","","","","","2024","12","","","","","","168328","168338","","10.1109/ACCESS.2024.3496791","0","","","","","","","","","Green Submitted, gold","","","2026-10-01","WOS:001366323900005","0"
"J","Knie, TJ; Mink, D; Bagui, S; Bagui, SC","","","","Knie, Trever J.; Mink, Dustin; Bagui, Sikha; Bagui, Subhash C.","","","A Graph-Based Infrastructure for Characterizing Structural Risk and Lateral Movement Patterns in APT Campaigns","IEEE ACCESS","","","English","Article","","","","","","Labeling; Windows; Reconnaissance; Training; Modeling; Machine learning; Testing; Measurement; Timing; Signal detection; Advanced persistent threats; cyber security analytics; FastRP; graph neural networks; lateral movement; MITRE ATT&CK; Neo4j; Polars; Zeek telemetry","","Advanced Persistent Threats (APTs) execute stealthy lateral movement that often evades traditional host-centric detection. This work addresses the triage bottleneck in Security Operations Centers (SOCs) by introducing a graph-based infrastructure for characterizing the structural risk of reconnaissance victims. By coupling the graph database capabilities of Neo4j with the structural learning power of Fast Random Projection (FastRP) graph neural network embeddings, the system maps the structural position of nodes within a massive dataset of 1.8 million Zeek telemetry edges from the UWF-ZeekData24 corpus [Appendix A]. We implement a dual-mode analysis: a label-aware branch leveraging MITRE ATT&CK ground truth and a label-agnostic branch using volume-based heuristics. Results demonstrate that pivot nodes exhibit distinct structural signatures, achieving a Cohen's d of 0.588 and a FastRP similarity AUC-PR of 0.974. Statistical validation via Welch's t-test (p < 1e-271) confirms that structural context significantly differentiates potential pivots from dormant victims. While the high pivot rate in the dataset (similar to 94%) influences these metrics, the work establishes a scalable framework for multi-hop kill chain analytics and provides a foundational characterization of APT movement patterns. This infrastructure enables analysts to prioritize high-risk network segments, shifting the defensive posture toward proactive characterization.","[Knie, Trever J.; Bagui, Sikha] Univ West Florida, Dept Comp Sci, Pensacola, FL 32514 USA; [Mink, Dustin] Univ West Florida, Dept Cybersecur, Pensacola, FL 32514 USA; [Bagui, Subhash C.] Univ West Florida, Dept Math & Stat, Pensacola, FL 32514 USA","","Bagui, S (corresponding author), Univ West Florida, Dept Comp Sci, Pensacola, FL 32514 USA.","bagui@uwf.edu","","","","","","","","0","0","","","","","","","","","","","","2026","14","","","","","","73812","73841","","10.1109/ACCESS.2026.3691599","0","","","","","","","","","Green Submitted, gold","","","2026-10-01","WOS:001771131900032","0"
"J","Senapati, M; Panigrahi, PK; Mohanty, A; Das, SR","","","","Senapati, Mrutyunjay; Panigrahi, Pratap K.; Mohanty, Asit; Das, Soumya Ranjan","","","Hybrid Deep Learning and Kalman Filtering for Reactive Power Fault Diagnosis in Smart Microgrids","IEEE ACCESS","","","English","Article","","","","","","Telemetry; Aerospace and electronic systems; Filtering; Filters; Kalman filters; Power filters; Voltage multipliers; Active filters; Capacitors; Field programmable gate arrays; Kalman filter; EKF; LSTM; microgrid; reactive power","MODELS","The increasing utilization of renewable energy sources, bi directional power flows, and distributed intelligence has made contemporary smart microgrids significantly more complex to operate. This has rendered traditional protection and monitoring systems inadequate. Traditional detection techniques frequently struggle to precisely identify anomalies in highly dynamic operational environments and amidst measurement uncertainty. This research offers a hybrid architecture for anomaly detection and fault classification that integrates Long Short-Term Memory (LSTM) networks with an Extended Kalman Filter (EKF) for monitoring smart microgrid to overcome these challenges. The LSTM portion leverages its ability to learn over time to uncover nonlinear patterns in how reactive power works and to spot early signals of weird things like voltage sags, cyber-induced setpoint shifts, and islanding situations. The EKF, on the other hand, delivers recursive estimates of nonlinear system states in real time.This dynamically rectifies measurement inaccuracies and enhances system visibility. The proposed system employs residual based threshold logic and classification algorithms that analyze variation in voltage,frequency and reactive power to accurately distinguish between various failure states. The concept is implemented in MATLAB utilizing the IEEE 13-bus and IEEE 33-bus distribution test systems in a variety of operational situations. The simulation findings show that the proposed hybrid method works better than LSTM and EKF-based methods on their own because it finds more accurate detections, responds faster, and has less false alarms.","[Senapati, Mrutyunjay; Panigrahi, Pratap K.] GIET Univ, Dept Elect & Elect Engn, Gunupur 765022, India; [Mohanty, Asit] MIET Bhubaneswar, Dept Elect Engn, Bhubaneswar 751054, India; [Mohanty, Asit] Graph Era Deemed Be Univ, Ctr Promot Res, Dehra Dun 248002, India; [Das, Soumya Ranjan] Manipal Inst Technol, Manipal Acad Higher Educ, Manipal 576104, India","","Das, SR (corresponding author), Manipal Inst Technol, Manipal Acad Higher Educ, Manipal 576104, India.","soumya.das@manipal.edu","","","","","","","","0","0","","","","","","","","","","","","2026","14","","","","","","56483","56497","","10.1109/ACCESS.2026.3681913","0","","","","","","","","","Green Submitted, gold","","","2026-10-01","WOS:001747679400013","0"
"J","Tian, P; Chen, ZY; Yu, W; Liao, WX","","","","Tian, Pu; Chen, Zheyi; Yu, Wei; Liao, Weixian","","","Towards asynchronous federated learning based threat detection: A DC-Adam approach","COMPUTERS & SECURITY","","","English","Article","","","","","","Distributed threat detection; Federated learning; Cloud computing security; Edge computing security; Non-IID data","ANOMALY DETECTION; INTRUSION DETECTION; INTERNET; THINGS; ATTACKS; SYSTEM","The increasing popularity and widespread use of Internet of Things (IoT) and Cyber-Physical Systems (CPS) technologies have produced a significant need for the integration of cloud and edge computing with distributed detection solutions to handle the growing volume of distributed security threats. While deep learning-based approaches have been used to detect anomalous behaviors in complex data patterns, the heterogeneity in IoT networks still poses paramount challenges to update synchronization across learning nodes in distributed training. Particularly, the non-independent and identically distributed (non-IID) data patterns over remote nodes significantly affect the performance of model training provisioned on cloud and edge computing servers, and most existing works have assumed a homogeneous setting. The heterogeneity brings the gradient delay problem, causing the gradient inconsistency in the barrier-free asynchronous mode. In this paper, we propose a Delay Compensated Adam (DC-Adam) approach, an asynchronous federated learning-based detection approach, for IoT devices with limited resources. To overcome the notorious gradient delay problem, we develop a Taylor Expansion-based scheme to compensate for the inconsistency caused by asynchronous communication. Moreover, a pre-shared data training strategy for non-IID data is developed to avoid the convergence divergence under the non-IID patterns. After the collaborative model training procedure, we append an additional local training process at each client to fit respective patterns. Via a combination of theoretical analysis of convergence and practical experimental results, we validate the efficacy of our proposed approach compared to the other state-of-the-art approaches. Compared with benchmark approaches, we demonstrate that our proposed method can converge stably, and that it outperforms the barrier-free asynchronous federated learning by 12.8% (accuracy), 14% (precision). 8.71% (recall), and 11.16% (F1 score) on average. (c) 2021 Elsevier Ltd. All rights reserved.","[Tian, Pu; Chen, Zheyi; Yu, Wei; Liao, Weixian] Towson Univ, Dept Comp & Informat Sci, Towson, MD 21252 USA","","Liao, WX (corresponding author), Towson Univ, Dept Comp & Informat Sci, Towson, MD 21252 USA.","wliao@towson.edu","","","","","","","","55","60","","","","","","","","","","","SEP","2021","108","","","","","","","","102344","10.1016/j.cose.2021.102344","0","","JUN 2021","","","","","","","Bronze","","","2026-10-01","WOS:000681264400005","0"
"J","Xu, R; Jin, W; Hong, Y; Kim, D","","","","Xu, Rongxu; Jin, Wenquan; Hong, Yonggeun; Kim, Do-Hyeun","","","Intelligent Optimization Mechanism Based on an Objective Function for Efficient Home Appliances Control in an Embedded Edge Platform","ELECTRONICS","","","English","Article","","","","","","embedded edge system; objective function; EdgeX; microservice; optimization; smart home","INTERNET; PARADIGM","In recent years the ever-expanding internet of things (IoT) is becoming more empowered to revolutionize our world with the advent of cutting-edge features and intelligence in an IoT ecosystem. Thanks to the development of the IoT, researchers have devoted themselves to technologies that convert a conventional home into an intelligent occupants-aware place to manage electric resources with autonomous devices to deal with excess energy consumption and providing a comfortable living environment. There are studies to supplement the innate shortcomings of the IoT and improve intelligence by using cloud computing and machine learning. However, the machine learning-based autonomous control devices lack flexibility, and cloud computing is challenging with latency and security. In this paper, we propose a rule-based optimization mechanism on an embedded edge platform to provide dynamic home appliance control and advanced intelligence in a smart home. To provide actional control ability, we design and developed a rule-based objective function in the EdgeX edge computing platform to control the temperature states of the smart home. Compared to cloud computing, edge computing can provide faster response and higher quality of services. The edge computing paradigm provides better analysis, processing, and storage abilities to the data generated from the IoT sensors to enhance the capability of IoT devices concerning computing, storage, and network resources. In order to satisfy the paradigm of distributed edge computing, all the services are implemented as microservices. The microservices are connected to each other through REST APIs based on the constrained IoT devices to provide all the functionalities that accomplish a trade-off between energy consumption and occupant-desired environment setting for the smart home appliances. We simulated our proposed system to control the temperature of a smart home; through experimental findings, we investigated the application against the delay time and overall memory consumption by the embedded edge system of EdgeX. The result of this research work suggests that the implemented services operated efficiently in the raspberry pi 3 hardware of IoT devices.","[Xu, Rongxu; Kim, Do-Hyeun] Jeju Natl Univ, Dept Comp Engn, Jeju 63243, South Korea; [Jin, Wenquan] Jeju Natl Univ, Big Data Res Ctr, Jeju 63243, South Korea; [Hong, Yonggeun] Daejeon Univ, Dept Artificial Intelligence Convergence, Daejeon 34520, South Korea","","Kim, D (corresponding author), Jeju Natl Univ, Dept Comp Engn, Jeju 63243, South Korea.","rongxu@jejunu.ac.kr; wenquan.jin@jejunu.ac.kr; yghong@dju.kr; kimdh@jejunu.ac.kr","","","","","","","","7","7","","","","","","","","","","","JUN","2021","10","12","","","","","","","1460","10.3390/electronics10121460","0","","","","","","","","","Green Submitted, gold","","","2026-10-01","WOS:000666019900001","0"
"J","Zhang, ZQ; Wu, D; Gao, S","","","","Zhang, Zhaoqian; Wu, Di; Gao, Shang","","","Attribute-Based Access Control With Credible Outsourcing and Collusion-Resistant Revocation Based on Blockchain for Iomt","CONCURRENCY AND COMPUTATION-PRACTICE & EXPERIENCE","","","English","Article","","","","","","attribute revocation; CP-ABE; data sharing; IoMT; outsourced computation","CP-ABE; CONTROL SCHEME; ENCRYPTION; EFFICIENT; PRIVACY; AUTHENTICATION; COMPUTATION","The maturity of cloud computing and the Internet of Things (IoT) has greatly facilitated the growth of the healthcare industry. Nowadays, Personal Health Records (PHRs) collected by the Internet of Medical Things (IoMT) are shared with healthcare institutions through the public cloud. Ciphertext-Policy Attribute-Based Encryption (CP-ABE) can protect PHRs' confidentiality while promoting sharing efficiency. However, current schemes suffer from high computation overhead and data leakage caused by privilege revocation. This paper proposes a CP-ABE scheme with credible outsourcing and collusion-resistant revocation based on blockchain for IoMT. Most encryption and decryption operations are outsourced to the cloud server, and the outsourced computation correctness is verified by the blockchain credibly. The user needs to perform only two exponential operations in encryption and one exponential operation in decryption. Furthermore, we no longer use the cloud server to update the ciphertext in privilege revocation to avoid data leakage. Meanwhile, we add a ciphertext private key SKct$$ S{K}_{ct} $$ bound to the ciphertext to perform decryption together with the attribute private key. Only users whose attributes satisfy the policy can obtain SKct$$ S{K}_{ct} $$, and the smart contract credibly verifies this process. The revoked user cannot decrypt the ciphertext due to the lack of SKct$$ S{K}_{ct} $$. We performed a rigorous security analysis of our scheme, encompassing confidentiality, collusion resistance, revocability, and blockchain, which collectively validate the robustness and security of our approach. What is more, we benchmarked our scheme against state-of-the-art approaches in terms of storage, communication, and computation. The results demonstrate that our scheme maintains competitive performance across all metrics.","[Zhang, Zhaoqian] Three Gorges Corp, Sci & Technol Res Inst, Beijing, Peoples R China; [Wu, Di] Beijing Police Coll, Beijing, Peoples R China; [Gao, Shang] Shandong Womens Univ, Sch Artificial Intelligence, Jinan, Peoples R China","","Wu, D (corresponding author), Beijing Police Coll, Beijing, Peoples R China.","wudi1@bjpc.edu.cn","","","","","","","","0","0","","","","","","","","","","","JUN 25","2025","37","12-14","","","","","","","e70105","10.1002/cpe.70105","0","","","","","","","","","Bronze","","","2026-10-01","WOS:001497532600023","0"
"J","Aich, N; Oubrahim, Z; Talount, HA; Abbou, A","","","","Aich, Nassim; Oubrahim, Zakarya; Ait Talount, Hachem; Abbou, Ahmed","","","Bi-Scale Mahalanobis Detection for Reactive Jamming in UAV OFDM Links","FUTURE INTERNET","","","English","Article","","","","","","unmanned aerial vehicles; reactive jamming detection; fractal dimension; Mahalanobis distance; RMS energy","WIRELESS NETWORKS","Reactive jamming remains a critical threat to low-latency telemetry of Unmanned Aerial Vehicles (UAVs) using Orthogonal Frequency Division Multiplexing (OFDM). In this paper, a Bi-scale Mahalanobis approach is proposed to detect and classify reactive jamming attacks on UAVs; it jointly exploits window-level energy and the Sevcik fractal dimension and employs self-adapting thresholds to detect any drift in additive white Gaussian noise (AWGN), fading effects, or Radio Frequency (RF) gain. The simulations were conducted on 5000 frames of OFDM signals, which were distorted by Rayleigh fading, a +/- 10 kHz frequency drift, and log-normal power shadowing. The simulation results achieved a precision of 99.4%, a recall of 100%, an F1 score of 99.7%, an area under the receiver operating characteristic curve (AUC) of 0.9997, and a mean alarm latency of 80 mu s. The method used reinforces jam resilience in low-power commercial UAVs, yet it needs no extra RF hardware and avoids heavy deep learning computation.","[Aich, Nassim; Oubrahim, Zakarya; Ait Talount, Hachem; Abbou, Ahmed] Mohammed V Univ, Mohammadia Sch Engineers, Dept Elect Engn, EREEC Lab, Rabat 10000, Morocco","","Abbou, A (corresponding author), Mohammed V Univ, Mohammadia Sch Engineers, Dept Elect Engn, EREEC Lab, Rabat 10000, Morocco.","nassim.aich@research.emi.ac.ma; zakarya.oubrahim@emi.um5.ac.ma; hachem.aittalount@research.emi.ac.ma; abbou@emi.ac.ma","","","","","","","","1","2","","","","","","","","","","","OCT 17","2025","17","10","","","","","","","474","10.3390/fi17100474","0","","","","","","","","","Green Submitted, gold","","","2026-10-01","WOS:001602093900001","0"
"J","Li, H; Liu, JX; Han, K; Cai, XB","","","","Li, Hua; Liu, Jixing; Han, Ke; Cai, Xiaobo","","","CAFM-Enhanced YOLOv8: A Two-Stage Optimization for Precise Strawberry Disease Detection in Complex Field Conditions","APPLIED SCIENCES-BASEL","","","English","Article","","","","","","strawberry disease identification; improved YOLOv8 algorithm; target detection; multi-scale detection head; convolutional attention fusion module (CAFM); PyQT5","","Featured Application The system and algorithm proposed in this study are designed for precision agriculture and automated plant protection management. They can be directly deployed on farmland inspection robots, drones, or embedded devices to provide real-time, high-precision strawberry disease monitoring and early warning. This offers farmers a practical, low-threshold tool for intelligent field management, which can significantly reduce labor costs and pesticide misuse, and ultimately improve strawberry yield and quality.Abstract Strawberry, as an important global economic crop, its disease prevention and control directly affects yield and quality. Traditional detection means rely on manual observation or traditional machine learning algorithms, which have defects such as low efficiency, high false detection rate, and insufficient adaptability to tiny disease spots and complex environment. To solve the above problems, this study proposes a strawberry disease recognition method based on improved YOLOv8. By systematically acquiring 3146 image data covering seven types of typical diseases, such as gray mold and powdery mildew, a high-quality dataset containing different disease stages and complex backgrounds was constructed. Aiming at the difficulties in disease detection, the YOLOv8 model is optimized in two stages: on the one hand, the ultra-small scale detection head (32 x 32) is introduced to enhance the model's ability to capture early tiny spots; on the other hand, the convolution and attention fusion module (CAFM) is combined to enhance the feature robustness in complex field scenes through the synergy of local feature extraction and global information focusing. Experiments show that the mAP50 of the improved model reaches 0.96 and outperforms mainstream algorithms such as YOLOv5 and Faster R-CNN in both recall and F1 score. In addition, the interactive system developed based on the PyQT5 framework can process images, videos and camera inputs in real time, and the disease areas are presented intuitively through visualized bounding boxes and category labels, which provides farmers with a lightweight and low-threshold field management tool. This study not only verifies the effectiveness of the improved algorithm but also provides a practical reference for the engineering application of deep learning in agricultural scenarios, which is expected to promote the further implementation of precision agriculture technology.","[Li, Hua; Liu, Jixing; Cai, Xiaobo] Yunnan Agr Univ, Coll Big Data, Kunming 650201, Peoples R China; [Liu, Jixing; Cai, Xiaobo] Key Lab Crop Prod & Smart Agr Yunnan Prov, Kunming 650201, Peoples R China; [Han, Ke] Kunming Met Coll, Coll Elect & Mech, Kunming 650033, Peoples R China","","Cai, XB (corresponding author), Yunnan Agr Univ, Coll Big Data, Kunming 650201, Peoples R China.;Cai, XB (corresponding author), Key Lab Crop Prod & Smart Agr Yunnan Prov, Kunming 650201, Peoples R China.","hanke1016@126.com; 2008037@ynau.edu.cn","","","","","","","","2","2","","","","","","","","","","","SEP 13","2025","15","18","","","","","","","10025","10.3390/app151810025","0","","","","","","","","","Green Submitted, gold","","","2026-10-01","WOS:001579531300001","0"
"J","Choi, SH; Park, KW","","","","Choi, Sang-Hoon; Park, Ki-Woong","","","GENOME: Genetic Encoding for Novel Optimization of Malware Detection and Classification in Edge Computing","CMC-COMPUTERS MATERIALS & CONTINUA","","","English","Article","","","","","","Edge computing; IoT security; malware; machine learning; malware classification; malware detection","RANSOMWARE DETECTION","The proliferation of Internet of Things (IoT) devices has established edge computing as a critical paradigm for real-time data analysis and low-latency processing. Nevertheless, the distributed nature of edge computing presents substantial security challenges, rendering it a prominent target for sophisticated malware attacks. Existing signature- based and behavior-based detection methods are ineffective against the swiftly evolving nature of malware threats and are constrained by the availability of resources. This paper suggests the Genetic Encoding for Novel Optimization of Malware Evaluation (GENOME) framework, a novel solution that is intended to improve the performance of malware detection and classification in peripheral computing environments. GENOME optimizes data storage and computational efficiency by converting malware artifacts into compact, structured sequences through a Deoxyribonucleic Acid (DNA) encoding mechanism. The framework employs two DNA encoding algorithms, standard and compressed, which substantially reduce data size while preserving high detection accuracy. The Edge-IIoTset dataset was used to conduct experiments that showed that GENOME was able to achieve high classification performance using models such as Random Forest and Logistic Regression, resulting in a reduction of data size by up to 42%. Further evaluations with the CIC-IoT-23 dataset and Deep Learning models confirmed GENOME's scalability and adaptability across diverse datasets and algorithms. The potential of GENOME to address critical challenges, such as the rapid mutation of malware, real-time processing demands, and resource limitations, is emphasized in this study. GENOME offers comprehensive protection for peripheral computing environments by offering a security solution that is both efficient and scalable.","[Choi, Sang-Hoon] Sejong Univ, SysCore Lab, Seoul 05006, South Korea; [Park, Ki-Woong] Sejong Univ, Dept Comp & Informat Secur, Seoul 05006, South Korea","","Park, KW (corresponding author), Sejong Univ, Dept Comp & Informat Secur, Seoul 05006, South Korea.","woongbak@sejong.ac.kr","","","","","","","","1","1","","","","","","","","","","","","2025","82","3","","","","","4021","4039","","10.32604/cmc.2025.061267","0","","","","","","","","","gold","","","2026-10-01","WOS:001444268000001","0"
"J","Ravisankar, S; Maheswar, R","","","","Ravisankar, Sivasubramanian; Maheswar, Rajagopal","","","SecureEdge-MedChain: A Post-Quantum Blockchain and Federated Learning Framework for Real-Time Predictive Diagnostics in IoMT","SENSORS","","","English","Article","","","","","","IoMT; blockchain; edge computing; post-quantum cryptography; federated learning; colostomy prediction; latency; throughput","","The burgeoning Internet of Medical Things (IoMT) offers unprecedented opportunities for real-time patient monitoring and predictive diagnostics, yet the current systems struggle with scalability, data confidentiality against quantum threats, and real-time privacy-preserving intelligence. This paper introduces Med-Q Ledger, a novel, multi-layered framework designed to overcome these critical limitations in the Medical IoT domain. Med-Q Ledger integrates a permissioned Hyperledger Fabric for transactional integrity with a scalable Holochain Distributed Hash Table for high-volume telemetry, achieving horizontal scalability and sub-second commit times. To fortify long-term data security, the framework incorporates post-quantum cryptography (PQC), specifically CRYSTALS-Di lithium signatures and Kyber Key Encapsulation Mechanisms. Real-time, privacy-preserving intelligence is delivered through an edge-based federated learning (FL) model, utilizing lightweight autoencoders for anomaly detection on encrypted gradients. We validate Med-Q Ledger's efficacy through a critical application: the prediction of intestinal complications like necrotizing enterocolitis (NEC) in preterm infants, a condition frequently necessitating emergency colostomy. By processing physiological data from maternal wearable sensors and infant intestinal images, our integrated Random Forest model demonstrates superior performance in predicting colostomy necessity. Experimental evaluations reveal a throughput of approximately 3400 transactions per second (TPS) with similar to 180 ms end-to-end latency, a >95% anomaly detection rate with <2% false positives, and an 11% computational overhead for PQC on resource-constrained devices. Furthermore, our results show a 0.90 F1-score for colostomy prediction, a 25% reduction in emergency surgeries, and 31% lower energy consumption compared to MQTT baselines. Med-Q Ledger sets a new benchmark for secure, high-performance, and privacy-preserving IoMT analytics, offering a robust blueprint for next-generation healthcare deployments.","[Ravisankar, Sivasubramanian] Coimbatore Inst Technol, Dept Comp Sci & Engn, Coimbatore 641014, Tamil Nadu, India; [Maheswar, Rajagopal] KPR Inst Engn & Technol, Dept Elect & Commun Engn, Coimbatore 641407, Tamil Nadu, India","","Maheswar, R (corresponding author), KPR Inst Engn & Technol, Dept Elect & Commun Engn, Coimbatore 641407, Tamil Nadu, India.","ravisankar@cit.edu.in; maheswar.r@kpriet.ac.in","","","","","","","","3","4","","","","","","","","","","","SEP 27","2025","25","19","","","","","","","5988","10.3390/s25195988","0","","","","","","","","","Green Submitted, gold","","","2026-10-01","WOS:001595066900001","0"
"J","Umesh, T; Vaibhav, MB; Varier, S; Modawel, K; Kashyap, DS; Madhavan, UP; Jayanthi, PN","","","","Umesh, Tanmay; Vaibhav, M. B.; Varier, Sohan; Modawel, Kritik; Kashyap, Dhruva S.; Madhavan, U. P.; Jayanthi, P. N.","","","Acquisition and processing of vehicle dynamics data for predictive modeling","SYSTEMS SCIENCE & CONTROL ENGINEERING","","","English","Article","","","","","","Vehicle dynamics; data acquisition; predictive modeling; CAN-FD protocol; suspension analysis; machine learning","","This paper presents a modular, low-latency data acquisition and analytics platform for vehicle dynamics modeling. The system integrates a physical front-right suspension prototype with STM32-based CAN-FD-enabled microcontrollers, custom analog front-end circuits, and a Raspberry Pi-based telemetry dashboard. Sensor data-including displacement, steering angle, damper velocity, and temperature-is streamed via a robust CAN-FD protocol and visualized using a Plotly-Dash interface with InfluxDB logging. Rule based and gaussian mixture models analyze damper behavior, classify damping regimes, and estimate tire thermal state using wheel speed, accelerometer, and temperature data. Experimental validation on a custom mechanical test rig demonstrates accurate damper curve generation and traction estimates. The project highlights a cross-domain approach that merges mechanical prototyping, embedded systems, and AI-driven analytics to deliver an extensible platform for real-time automotive subsystem evaluation.","[Umesh, Tanmay; Varier, Sohan] RV Coll Engn, Comp Sci & Engn, Bengaluru, India; [Vaibhav, M. B.; Kashyap, Dhruva S.; Jayanthi, P. N.] RV Coll Engn, Elect & Commun Engn, Bengaluru, India; [Modawel, Kritik; Madhavan, U. P.] RV Coll Engn, Mech Engn, Bengaluru, India","","Kashyap, DS (corresponding author), RV Coll Engn, Elect & Commun Engn, Bengaluru, India.","dhruvaskashyap.ec22@rvce.edu.in","","","","","","","","0","0","","","","","","","","","","","DEC 31","2026","14","1","","","","","","","2634457","10.1080/21642583.2026.2634457","0","","","","","","","","","gold","","","2026-10-01","WOS:001729371000001","0"
"J","Vladov, S; Vysotska, V; Scislo, L; Dymczyk, R; Posashkov, O; Nazarkevych, M; Yunin, O; Bobrishova, L; Pylypenko, Y","","","","Vladov, Serhii; Vysotska, Victoria; Scislo, Lukasz; Dymczyk, Rafal; Posashkov, Oleksandr; Nazarkevych, Mariia; Yunin, Oleksandr; Bobrishova, Liliia; Pylypenko, Yevheniia","","","Neural Network Method for Detecting Low-Intensity DDoS Attacks with Stochastic Fragmentation and Its Adaptation to Law Enforcement Activities in the Cyber Protection of Critical Infrastructure Facilities","COMPUTERS","","","English","Article","","","","","","cybersecurity; anomaly detection; intelligent detection; statistical indicators; network threats; DDoS attacks; hybrid neural network; law enforcement activities; cyber protection of critical infrastructure facilities","","This article develops a method for the early detection of low-intensity DDoS attacks based on a three-factor vector metric and implements an applied hybrid neural network traffic analysis system that combines preprocessing stages, competitive pretraining (SOM), a radial basis layer, and an associative Grossberg output, followed by gradient optimisation. The initial tools used are statistical online estimates (moving or EWMA estimates), CUSUM-like statistics for identifying small stable shifts, and deterministic signature filters. An algorithm has been developed that aggregates the components of fragmentation, reception intensity, and service availability into a single index. Key features include the physically interpretable features, a hybrid neural network architecture with associative stability and low computational complexity, and built-in mechanisms for adaptive threshold calibration and online training. An experimental evaluation of the developed method using real telemetry data demonstrated high recognition performance of the proposed approach (accuracy is 0.945, AUC is 0.965, F1 is 0.945, localisation accuracy is 0.895, with an average detection latency of 55 ms), with these results outperforming the compared CNN-LSTM and Transformer solutions. The scientific contribution of this study lies in the development of a robust, computationally efficient, and application-oriented solution for detecting low-intensity attacks with the ability to integrate into edge and SOC systems. Practical recommendations for reducing false positives and further improvements through low-training methods and hardware acceleration are also proposed.","[Vladov, Serhii] Kharkiv Natl Univ Internal Affairs, Dept Sci Act Org, 27 L Landau Ave, UA-61080 Kharkiv, Ukraine; [Vladov, Serhii; Vysotska, Victoria; Nazarkevych, Mariia] Kharkiv Natl Univ Internal Affairs, Dept Combating Cybercrime, 27 L Landau Ave, UA-61080 Kharkiv, Ukraine; [Vysotska, Victoria] Lviv Polytech Natl Univ, Informat Syst & Networks Dept, 12 Bandera St, UA-79013 Lvov, Ukraine; [Scislo, Lukasz] Cracow Univ Technol, Dept Automat & Comp Engn, 24 Warszawska, PL-31155 Krakow, Poland; [Dymczyk, Rafal] Adam Mickiewicz Univ, Fac Polish & Class Philol, 1 Wieniawskiego St, PL-61712 Poznan, Poland; [Posashkov, Oleksandr] Natl Sci Ctr Hon Prof MS Bokarius Forens Sci Inst, Lab Engn & Transport & Rd Tech Res, 8-A Zolochivska St, UA-61177 Kharkiv, Ukraine; [Yunin, Oleksandr] Dnipro State Univ Internal Affairs, 26 Nauky Ave, UA-49005 Dnipro, Ukraine; [Bobrishova, Liliia] Dnipro State Univ Internal Affairs, Educ Qual Assurance Dept, 26 Nauky Ave, UA-49005 Dnipro, Ukraine; [Pylypenko, Yevheniia] Odesa State Univ Internal Affairs, Educ & Sci Inst Training Specialists Criminal Poli, Res Lab Current Issues Criminal Anal, Natl Police Ukraine, 1 Uspenska St, UA-65014 Odesa, Ukraine","","Vladov, S (corresponding author), Kharkiv Natl Univ Internal Affairs, Dept Sci Act Org, 27 L Landau Ave, UA-61080 Kharkiv, Ukraine.;Vladov, S; Nazarkevych, M (corresponding author), Kharkiv Natl Univ Internal Affairs, Dept Combating Cybercrime, 27 L Landau Ave, UA-61080 Kharkiv, Ukraine.","serhii.vladov@univd.edu.ua; victoria.a.vysotska@lpnu.ua; lscislo@pk.edu.pl; dymczyk@amu.edu.pl; zvukovik@ukr.net; mariia.a.nazarkevych@lpnu.ua; junin@ukr.net; liliya_bobrishova@ukr.net; oduvs2015@ukr.net","","","","","","","","1","1","","","","","","","","","","","FEB 1","2026","15","2","","","","","","","84","10.3390/computers15020084","0","","","","","","","","","gold","","","2026-10-01","WOS:001699932900001","0"
"J","Khapre, SS; Sahoo, SK","","","","Khapre, Sapna S.; Sahoo, Santosh Kumar","","","Design and Analysis of Ethereum Blockchain Enabled IoT Based Model for Secure Data Transmission","TRANSACTIONS ON EMERGING TELECOMMUNICATIONS TECHNOLOGIES","","","English","Article","","","","","","bidirectional long short term memory; Ethereum blockchain; generative adversarial network; healthcare system; internet of things; zero knowledge proof","","Ensuring the security and privacy of sensitive health data in Internet of Things (IoT)-based healthcare systems (HCS) is a critical challenge. This paper proposes a robust security framework by integrating blockchain mechanisms and deep learning (DL) approaches to enhance security and data privacy. The proposed framework leverages the Ethereum blockchain with zero knowledge proof (ZKP) to ensure data integrity and confidentiality, while the interplanetary file system (IPFS) provides secure and efficient data storage. Additionally, a novel At-GAN-BiLSTM model is introduced for intrusion detection by combining the attention mechanism, generative adversarial networks (GAN) and bidirectional long short-term memory (Bi-LSTM) to improve detection accuracy and also help to enhance model robustness. The proposed model is evaluated by two different benchmark datasets, namely CICIDS-2018 (D1) and ToN-IoT (D2), achieving accuracies of 99.9% and 99.1%, respectively. Comparative investigation shows that the proposed approach reduces false alarm rates (FAR) and performs better than current models in identifying impersonation, insider, and man-in-the-middle (MITM) attacks. By integrating blockchain and DL, the proposed framework significantly enhances intrusion detection, data security, and overall system resilience, addressing key vulnerabilities in IoT-based healthcare security.","[Khapre, Sapna S.; Sahoo, Santosh Kumar] VIT Bhopal Univ, Sch Comp Sci & Engn, Sehore, Madhya Pradesh, India","","Khapre, SS (corresponding author), VIT Bhopal Univ, Sch Comp Sci & Engn, Sehore, Madhya Pradesh, India.","sapna.khapre2018@vitbhopal.ac.in","","","","","","","","6","6","","","","","","","","","","","APR 10","2025","36","4","","","","","","","e70126","10.1002/ett.70126","0","","","","","","","","","Bronze","","","2026-10-01","WOS:001463423900001","0"
"J","Spencer, G; Torres, PMB; Pinto, VH; Gonçalves, G","","","","Spencer, Geoffrey; Torres, Pedro M. B.; Pinto, Vitor H.; Goncalves, Gil","","","High Frequency Ultrasonic Condition Monitoring Framework Based on Edge-Computing and Telemetry Stack Approach","MACHINES","","","English","Article","","","","","","Industry 4.0; smart factory; condition monitoring; IEEE 1451; smart transducer","","This paper presents initial developments towards a high-frequency condition monitoring framework designed for Autonomous Mobile Robots (AMRs) in Smart Factory environments. The proposed approach focuses on data acquisition and edge-level processing at the ultrasound range specifically (>20 kHz), using Micro-Electro-Mechanical System (MEMS) sensors. The system integrates real-time data acquisition, embedded fixed-point frequency-domain processing via a 1024-point FFT, and the integration of Industrial Internet-of-Things (IIoT) infrastructure based on the TIG (Telegraf, InfluxDB, and Grafana) stack, for data aggregation and remote visualization. To ensure timing precision at a sampling rate of 160 kHz, a software-based calibration routine is implemented to compensate for microcontroller overhead. Furthermore, the architecture's alignment with IEEE 1451 principles is discussed to support interoperable and scalable sensor integration. Experimental results validate the reliable acquisition and processing of ultrasonic signals up to 80 kHz using controlled acoustic sources. This work provides a foundational infrastructure for condition-based monitoring, enabling future development of automated anomaly detection for mechanical components, such as bearings, which exhibit early-stage fault signatures in the ultrasonic spectrum.","[Spencer, Geoffrey; Torres, Pedro M. B.; Pinto, Vitor H.; Goncalves, Gil] Univ Porto, Fac Engn, Res Ctr Syst & Technol SYSTEC DIGI2, ARISE & ECE Dept, Rua Dr Roberto Frias, P-4200465 Porto, Portugal; [Spencer, Geoffrey; Torres, Pedro M. B.] Polytech Inst Castelo Branco, Av Pedro Alvares Cabral 12, P-6000084 Castelo Branco, Portugal","","Torres, PMB (corresponding author), Univ Porto, Fac Engn, Res Ctr Syst & Technol SYSTEC DIGI2, ARISE & ECE Dept, Rua Dr Roberto Frias, P-4200465 Porto, Portugal.;Torres, PMB (corresponding author), Polytech Inst Castelo Branco, Av Pedro Alvares Cabral 12, P-6000084 Castelo Branco, Portugal.","pedrotorres@ipcb.pt","","","","","","","","0","0","","","","","","","","","","","FEB 28","2026","14","3","","","","","","","270","10.3390/machines14030270","0","","","","","","","","","Green Submitted, gold","","","2026-10-01","WOS:001727098900001","0"
"J","Alkhammash, EH; Ghaleb, FA; Saeed, F; Qasem, SN","","","","Alkhammash, Eman H.; Ghaleb, Fuad A.; Saeed, Faisal; Qasem, Sultan Noman","","","Patient-Specific Spatio-Temporal False Data Injection Attack Detection for IoMT Using a Graph-GRU Digital Twin and Kalman Innovation Features","BIOENGINEERING-BASEL","","","English","Article","","","","","","internet of medical things; IoMT; false data injection attacks; FDIA; digital twin; graph convolutional network; gated recurrent unit; GCN-GRU; Kalman filter; anomaly detection; patient-specific monitoring; edge intelligence","","The Internet of Medical Things (IoMT) is a promising technology for enabling smart and efficient healthcare systems through continuous physiological monitoring, early anomaly detection, and proactive patient management. However, IoMT sensors are vulnerable to False Data Injection Attacks (FDIAs), in which adversaries can manipulate sensor measurements to compromise diagnostic accuracy, mislead clinical decision-making, and threaten patient safety. Existing detection approaches often rely on population-level statistical models that may not fully capture individual physiological variations or residual-based thresholds designed for relatively simple attack scenarios, limiting their ability to exploit the spatio-temporal dependencies of multi-sensor physiological streams and detect stealthy or adversarial FDIAs. This paper proposes a patient-specific FDIA detection framework based on a Graph Convolutional Network-Gated Recurrent Unit (GCN-GRU) digital twin that learns an individual patient's normal physiological behaviour from clean baseline telemetry. The trained digital twin is integrated into a Kalman filter as the state prediction model, and the resulting standardised innovation residuals are used as detection features. To characterise stealthy attack behaviours, four complementary window-based feature groups are extracted from the innovation sequence: innovation statistics, sensor correlation drift, temporal smoothness, and uncertainty mismatch. A CNN-1D classifier is then trained to learn discriminative temporal attack patterns from these features for accurate detection. A structured attack taxonomy comprising five stealthy and adversarial FDIA scenarios is developed, where attacks are injected as smooth gradual or abrupt coordinated modifications to sensor measurements while remaining within plausible physiological ranges. Experiments conducted on the WUSTL-EHMS-2020 benchmark dataset demonstrate that the proposed framework achieves an F1-score of 94.3%, outperforming Isolation Forest and PCA Reconstruction by 34 percentage points. Furthermore, the proposed framework reduces the false alarm rate to 3.6%, compared with 35.1% and 9.2% achieved by Isolation Forest and PCA Reconstruction, respectively. These results demonstrate the effectiveness of the proposed framework for reliable detection of stealthy FDIAs in IoMT-based healthcare systems.","[Alkhammash, Eman H.] Taif Univ, Coll Comp & Informat Technol, Dept Comp Sci, Taif 21944, Saudi Arabia; [Ghaleb, Fuad A.; Saeed, Faisal] Birmingham City Univ, Dept Comp & Data Sci, Birmingham B4 7XG, England; [Qasem, Sultan Noman] Imam Mohammad Ibn Saud Islamic Univ IMSIU, Coll Comp & Informat Sci, Comp Sci Dept, Riyadh 11432, Saudi Arabia","","Qasem, SN (corresponding author), Imam Mohammad Ibn Saud Islamic Univ IMSIU, Coll Comp & Informat Sci, Comp Sci Dept, Riyadh 11432, Saudi Arabia.","eman.kms@tu.edu.sa; fuad.ghaleb@bcu.ac.uk; faisal.saeed@bcu.ac.uk; snmohammed@imamu.edu.sa","","","","","","","","0","0","","","","","","","","","","","AUG 14","2026","13","8","","","","","","","920","10.3390/bioengineering13080920","0","","AUG 2026","","","","","","","Green Accepted, Green Submitted, gold","","","2026-10-01","WOS:001859286400001","0"
"J","Al-Karawi, Y; Alhumaima, RS; Al-Raweshidy, H","","","","Al-Karawi, Yassir; Alhumaima, Raad S.; Al-Raweshidy, Hamed","","","Cybersecurity Driven Quantum Digital Twin for Proactive Threat Reversal in Open RAN","IET QUANTUM COMMUNICATION","","","English","Article","","","","","","entropy; learning (artificial intelligence); quantum communication; quantum entanglement; quantum gates; quantum information; quantum noise; telecommunication security","","A cybersecurity-driven quantum digital twin (CQDT) is introduced to protect networked control chains against adversarial completely positive trace preserving perturbations. The design maps O-RAN telemetry to amplitude-encoded registers, forms multipartite entanglement through GHZ and one-dimensional cluster states and injects bit flip, phase flip and amplitude damping channels tied to measurable indicators. System integrity is tracked using fidelity , von Neumann entropy and trace distance . A lightweight REINFORCE policy acts on these observables to preserve entanglement and limit decoherence within tight cycle-time budgets. Qiskit simulations maintain average fidelity above 0.91, entropy near 0.35 and trace distance below 0.18 under composite noise. Attack classification exceeds 87% with a software-loop latency of about 19.1 ms covering state preparation, entanglement, CPTP injection, measurement and policy inference. Compared with classical intrusion detection and thresholding over quantum observables, the framework improves detection while reducing false alarms and exposes quantum-state degradation in real time. The result is a reproducible and scalable basis for learning-based quantum-aware protection in disaggregated radio access networks and related systems.","[Al-Karawi, Yassir] Univ Diyala, Dept Commun Engn, Baquba, Iraq; [Alhumaima, Raad S.] Imam Jaafar Al Sadiq Univ, Dept Cyber Secur Tech, Diyala, Iraq; [Al-Raweshidy, Hamed] Brunel Univ London, Sch Engn & Design, Uxbridge, England","","Al-Raweshidy, H (corresponding author), Brunel Univ London, Sch Engn & Design, Uxbridge, England.","hamed.al-raweshidy@brunel.ac.uk","","","","","","","","0","0","","","","","","","","","","","FEB 18","2026","7","1","","","","","","","e70027","10.1049/qtc2.70027","0","","","","","","","","","Green Submitted, gold","","","2026-10-01","WOS:001870776500001","0"
"J","Li, ZP; Liu, SB; Liu, GL","","","","Li, Zhipeng; Liu, Shaobo; Liu, Guoliang","","","Improving Power Grid Disaster Resilience Through Predictive Analytics Based on Data-Driven Photovoltaic Power Plant and Distribution Network Power Forecasting","IEEE ACCESS","","","English","Article","","","","","","Forecasting; Predictive models; Resilience; Load modeling; Disasters; Power grids; Real-time systems; Adaptation models; Distribution networks; Predictive analytics; Power grid resilience; predictive analytics; photovoltaic power plants; distribution network; machine learning","TERM-MEMORY NETWORKS; SERIES; MODELS","The resilience of power grids in disaster-prone areas is a critical and growing concern for maintaining stable, secure, and reliable electricity distribution. Recent advancements in data-driven forecasting methods, especially in the context of photovoltaic (PV) power plants and distribution networks, offer strong potential to enhance grid operations during extreme weather or seismic events. Traditional power grid forecasting methods often rely on rule-based models and limited historical data. These approaches struggle to capture the complex, nonlinear, and dynamic interactions between renewable energy sources-such as PV systems-and grid behavior under stress or failure. As a result, they frequently face challenges in scalability, accuracy, and real-time adaptability during high-impact disaster events. To overcome these limitations, this paper presents a new predictive analytics framework. It uses advanced machine learning techniques to improve power grid resilience. The framework focuses on accurately forecasting both the power output from distributed PV plants and the variable load of the distribution network. The proposed method integrates real-time data from multiple heterogeneous sources, including weather forecasts, sensor networks, and grid telemetry. It applies algorithms such as decision trees, deep neural networks, and ensemble learning to extract meaningful patterns. By combining extensive historical data with real-time updates, the models produce robust, adaptive, and precise power predictions. Experimental results show that the data-driven approach significantly outperforms traditional forecasting techniques, with reductions in Mean Absolute Error (MAE) by up to 40% and improvements in R(2 )by over 25% across multiple datasets. While these gains may appear modest, they are practically meaningful in the context of disaster-resilient grid forecasting, where even small reductions in prediction error can lead to more efficient resource allocation, better load balancing, and enhanced disaster response. Compared to traditional models like ARIMA and Prophet, which are still widely used in resource-constrained environments, the proposed approach offers higher predictive accuracy, lower latency, and faster adaptation to unforeseen grid failures. These improvements are critical for enhancing disaster preparedness and response capabilities, demonstrating the practical relevance of this method for power grid resilience in extreme conditions.","[Li, Zhipeng; Liu, Shaobo] State Grid Gansu Elect Power Co, Digital Business Div, Lanzhou 730000, Gansu, Peoples R China; [Liu, Guoliang] State Grid Dingxi Power Supply Co, Digital Commun Dept, Lanzhou 730000, Gansu, Peoples R China","","Li, ZP (corresponding author), State Grid Gansu Elect Power Co, Digital Business Div, Lanzhou 730000, Gansu, Peoples R China.","jirarishpuza@hotmail.com","","","","","","","","2","2","","","","","","","","","","","","2025","13","","","","","","176157","176175","","10.1109/ACCESS.2025.3611104","0","","","","","","","","","Green Submitted, gold","","","2026-10-01","WOS:001596864800045","0"
"J","Vydiswaran, VGV; Strayhorn, A; Weber, K; Stevens, H; Mellinger, J; Winder, GS; Fernandez, AC","","","","Vydiswaran, V. G. Vinod; Strayhorn, Asher; Weber, Katherine; Stevens, Haley; Mellinger, Jessica; Winder, G. Scott; Fernandez, Anne C.","","","Automated-detection of risky alcohol use prior to surgery using natural language processing","ALCOHOL-CLINICAL AND EXPERIMENTAL RESEARCH","","","English","Article","","","","","","alcohol drinking; alcohol use disorder; artificial intelligence; natural language processing; surgery","POSTOPERATIVE COMPLICATIONS; CONSUMPTION; INTERVENTION; ASSOCIATION; UNIVERSITY; CARE; MEN","BackgroundPreoperative risky alcohol use is one of the most common surgical risk factors. Accurate and early identification of risky alcohol use could enhance surgical safety. Artificial Intelligence-based approaches, such as natural language processing (NLP), provide an innovative method to identify alcohol-related risks from patients' electronic health records (EHR) before surgery.MethodsClinical notes (n = 53,629) from pre-operative patients in a tertiary care facility were analyzed for evidence of risky alcohol use and alcohol use disorder. One hundred of these records were reviewed by experts and labeled for comparison. A rule-based NLP model was built, and we assessed the clinical notes for the entire population. Additionally, we assessed each record for the presence or absence of alcohol-related International Classification of Diseases (ICD) diagnosis codes as an additional comparator.ResultsNLP correctly identified 87% of the human-labeled patients classified with risky alcohol use. In contrast, diagnosis codes alone correctly identified only 29% of these patients. In terms of specificity, NLP correctly identified 84% of the non-risky cohort, while diagnosis codes correctly identified 90% of this cohort. In the analysis of the full dataset, the NLP-based approach identified three times more patients with risky alcohol use than ICD codes.ConclusionsNLP, an artificial intelligence-based approach, efficiently and accurately identifies alcohol-related risk in patients' EHRs. This approach could supplement other alcohol screening tools to identify patients in need of intervention, treatment, and/or postoperative withdrawal prophylaxis. Alcohol-related ICD diagnosis had limited utility relative to NLP, which extracts richer information within clinical notes to classify patients.","[Vydiswaran, V. G. Vinod; Strayhorn, Asher; Weber, Katherine] Univ Michigan, Dept Learning Hlth Sci, Ann Arbor, MI 48109 USA; [Vydiswaran, V. G. Vinod] Univ Michigan, Sch Informat, Ann Arbor, MI 48109 USA; [Stevens, Haley; Mellinger, Jessica; Winder, G. Scott; Fernandez, Anne C.] Univ Michigan, Dept Psychiat, 2800 Plymouth Ave Bldg 16, Ann Arbor, MI 48109 USA; [Mellinger, Jessica] Univ Michigan, Dept Internal Med, Ann Arbor, MI 48109 USA; [Winder, G. Scott] Univ Michigan, Dept Surg, Ann Arbor, MI 48109 USA; [Winder, G. Scott] Univ Michigan, Dept Neurol, Ann Arbor, MI 48109 USA","","Fernandez, AC (corresponding author), Univ Michigan, Dept Psychiat, 2800 Plymouth Ave Bldg 16, Ann Arbor, MI 48109 USA.","acfernan@umich.edu","","","","","","","","11","12","","","","","","","","","","","JAN","2024","48","1","","","","","153","163","","10.1111/acer.15222","0","","JAN 2024","","","","","","","Green Submitted, hybrid","","","2026-10-01","WOS:001142102000001","0"
"J","Al-Khatib, O; Hellany, A; Nassereddine, M; Nassreddine, G; Famakinwa, T","","","","Al-Khatib, Obada; Hellany, Ali; Nassereddine, Mohamad; Nassreddine, Ghalia; Famakinwa, Tosin","","","Fault-Aware Decision Support for Renewable-Powered EV Charging Stations Using Multi-Source Explainable Learning","ENG","","","English","Article","","","","","","electric vehicle charging stations; fault-aware decision support; anomaly detection; multi-source monitoring; explainable machine learning; renewable-powered charging; grid-interactive operation; battery energy storage systems; maintenance-oriented risk states; EVCS reliability","","Electric vehicle charging stations (EVCSs) are increasingly deployed as grid-interactive energy assets that combine power electronic converters, sensing devices, communication interfaces, photovoltaic (PV) generation, battery energy storage systems (BESS), and multiple charging ports. This complexity creates reliability challenges because abnormal behavior may originate from electrical, thermal, sensing, communication, port-level, or grid-side sources. This paper proposes a fault-aware decision-support framework for renewable-powered EVCSs using multi-source explainable learning. The framework integrates electrical, thermal, session/port, grid/PV/BESS, and communication/data-quality indicators into a unified health-monitoring representation. Supervised models diagnose known fault classes, anomaly-detection models flag unknown or anomalous events, and a source-level explainability layer supports candidate-source interpretation and maintenance-oriented risk mapping. A scenario-controlled EVCS benchmark is developed with PV generation, BESS operation, grid import, charging-port behavior, communication/data-quality indicators, and six injected fault/anomaly categories. An extended 180-day benchmark further assesses longer-horizon operation, seasonal/weather diversity, drift/ageing proxies, and event-level behavior. The strongest closed-set classifier, LightGBM with class weights, achieved 98.45% accuracy and 0.9792 macro-F1, while the Random Forest model used for explainability and decision-layer analysis achieved 97.35% accuracy and 0.9626 macro-F1. Full multi-source monitoring improved Random Forest macro-F1 from 0.6922 under electrical-only monitoring to 0.9626, demonstrating within the controlled benchmark the diagnostic value of heterogeneous EVCS observability. Open-set performance was source dependent: sensor/measurement and communication/data anomalies were more detectable, whereas thermal/cooling and port/session unknowns remained difficult at the selected threshold. Under nominal scenario-based response assumptions, unavailable port hours and unmet charging energy decreased by 49.01% and 38.33%, respectively, relative to reactive operation; sensitivity analysis showed that these outcomes depend on intervention effectiveness and response delay. These findings establish controlled-benchmark feasibility for explainable multi-source EVCS decision support. Field validation using charger telemetry, maintenance-confirmed labels, and operator-calibrated response policies remains necessary.","[Al-Khatib, Obada; Nassereddine, Mohamad] Univ Wollongong Dubai, Sch Engn, Dubai 20183, U Arab Emirates; [Hellany, Ali; Famakinwa, Tosin] Western Sydney Univ, Sch Engn, Sydney, NSW 2751, Australia; [Nassreddine, Ghalia] Rafik Hariri Univ, Comp & Informat Syst Dept, Mechref 2010, Lebanon","","Hellany, A (corresponding author), Western Sydney Univ, Sch Engn, Sydney, NSW 2751, Australia.","obada@uow.edu.au; a.hellany@westernsydney.edu.au; mohamadnassereddine@uowdubai.ac.ae; nassreddinega@rhu.edu.lb; t.famakinwa@westernsydney.edu.au","","","","","","","","0","0","","","","","","","","","","","AUG 6","2026","7","8","","","","","","","391","10.3390/eng7080391","0","","AUG 2026","","","","","","","gold","","","2026-10-01","WOS:001858756200001","0"
"J","Papaioannou, C; Dimara, A; Krinidis, S","","","","Papaioannou, Christoforos; Dimara, Asimina; Krinidis, Stelios","","","Urban AI OS: An LLM-Driven Semantic Orchestration Layer for Distributed Edge Intelligence","ELECTRONICS","","","English","Article","","","","","","edge computing; LLM-based orchestration; semantic systems; urban computing; federated learning; distributed AI; confidence-gated execution; IoT","","Urban Internet-of-Things (IoT) infrastructures increasingly host distributed artificial intelligence workloads across heterogeneous edge environments, supporting applications such as urban monitoring, resource optimization, and large-scale sensing analytics. Despite the rapid adoption of edge AI, current systems lack a unified architectural layer responsible for orchestrating distributed intelligence across dynamic urban infrastructures. Existing orchestration mechanisms are typically rule-based and rely on low-level telemetry signals such as latency, node availability, or network conditions, limiting their ability to interpret the contextual meaning of system behavior and environmental events. This paper introduces Urban AI OS, a trustworthy LLM-based semantic control layer for distributed urban edge intelligence. The proposed architecture transforms heterogeneous telemetry and environmental signals into high-level semantic events through large language model reasoning, enabling context-aware orchestration decisions including adaptive topology management, workload coordination, and node role assignment. To address the reliability risks associated with LLM-assisted control, Urban AI OS employs confidence-gated execution with deterministic fallback policies, post-action monitoring, rollback, and auditable decision logging to constrain the operational impact of uncertain or erroneous LLM recommendations. By decoupling semantic reasoning from the data plane execution of AI workloads, Urban AI OS provides a model-agnostic framework for managing large-scale urban edge intelligence infrastructures. Experimental evaluation on a real-world urban IoT deployment with 50+ edge devices demonstrates that the proposed semantic operating layer improves system responsiveness by 35%, reduces unnecessary topology changes by 42%, and improves communication efficiency compared to conventional rule-based and adaptive threshold baselines, while maintaining confidence calibration through formal fallback mechanisms.","[Papaioannou, Christoforos; Dimara, Asimina; Krinidis, Stelios] Democritus Univ Thrace DUTH, Dept Management Sci & Technol, Kavala 65404, Greece; [Dimara, Asimina] Univ Aegean, Dept Cultural Technol & Commun, Intelligent Syst Lab, Mitilini 81100, Greece","","Papaioannou, C; Dimara, A (corresponding author), Democritus Univ Thrace DUTH, Dept Management Sci & Technol, Kavala 65404, Greece.;Dimara, A (corresponding author), Univ Aegean, Dept Cultural Technol & Commun, Intelligent Syst Lab, Mitilini 81100, Greece.","chpapaioa@mst.duth.gr; adimara@affil.duth.gr; krinidis@mst.duth.gr","","","","","","","","0","0","","","","","","","","","","","AUG 25","2026","15","17","","","","","","","3820","10.3390/electronics15173820","0","","AUG 2026","","","","","","","gold","","","2026-10-01","WOS:001872805100001","0"
"J","Ojehomon, OG; Cichorska, J; Michnik, J","","","","Ojehomon, Odion Gift; Cichorska, Joanna; Michnik, Jerzy","","","Cyber Risk Management of API-Enabled Financial Crime in Open Banking Services","ENTROPY","","","English","Article","","","","","","open banking (OB); risk management; System Dynamics (SD); Agent-Based Modelling (ABM); Monte Carlo (MC) simulation; Application Programming Interface (API) security; Payment Services Directive (PSD2); third-party providers (TPPs); cyber risk; financial sector","BOUNDARY RESOURCES; EVOLUTION","Open banking reshapes the financial sector by enabling regulated third-party providers to access bank data through APIs, fostering innovation but amplifying operational and financial-crime risks due to increased ecosystem interdependence. To address these challenges, this study proposes an integrated risk-management framework combining System Dynamics, Agent-Based Modelling, and Monte Carlo simulation. This hybrid approach captures feedback effects, heterogeneous agent behaviour, and loss uncertainty within a simulated PSD2-style environment. Simulation experiments, particularly those modelling credential-stuffing waves, demonstrate that stricter onboarding thresholds, tighter API rate limits, and enhanced anomaly detection reduce operational tail losses by approximately 20-30% relative to baseline scenarios. Beyond these specific findings, the proposed framework exhibits significant universality; its modular design facilitates adaptation to broader contexts, including cross-border regulatory variations or emerging BigTech interactions. Ultimately, this multi-method approach translates complex open-banking dynamics into actionable risk metrics, providing a robust basis for targeted resource allocation and supervisory stress testing in evolving financial ecosystems.","[Ojehomon, Odion Gift; Michnik, Jerzy] Univ Econ Katowice, Fac Informat & Commun, Dept Operat Res, Ul 1 Maja 50, PL-40287 Katowice, Poland; [Cichorska, Joanna] Univ Econ Katowice, Fac Finance, Dept Banking & Financial Markets, Ul 1 Maja 50, PL-40287 Katowice, Poland","","Michnik, J (corresponding author), Univ Econ Katowice, Fac Informat & Commun, Dept Operat Res, Ul 1 Maja 50, PL-40287 Katowice, Poland.","odion.ojehomon@edu.uekat.pl; joanna.cichorska@uekat.pl; jerzy.michnik@uekat.pl","","","","","","","","0","0","","","","","","","","","","","JAN 31","2026","28","2","","","","","","","163","10.3390/e28020163","0","","","","","","","","","Green Submitted, gold","","","2026-10-01","WOS:001700046600001","0"
"J","Ahanger, TA; Abdibayev, Z; Sagnayeva, S; Zhumadillayeva, A; Dyussekeyev, K","","","","Ahanger, Tariq Ahamed; Abdibayev, Zhanuzak; Sagnayeva, Saule; Zhumadillayeva, Ainur; Dyussekeyev, Kanagat","","","Smart wastewater management in hydro-technical systems using digital twin technology","SCIENTIFIC REPORTS","","","English","Article","","","","","","Internet of things; Digital twin; Waste water management; Hydrotechnical structures","","Operational inefficiencies in wastewater management systems increasingly lead to treatment delays, hydraulic overloads, resource wastage, and contamination events. Digital Twin (DT) technology provides a systematic approach to addressing these challenges through continuous physical-virtual synchronization, predictive analytics, and scenario-based decision support. This study presents a DT-assisted, real-time monitoring and forecasting framework for wastewater infrastructure, integrating IoT-enabled sensing, EPANET-MATLAB based hydraulic simulation, hybrid ANFIS-driven predictive intelligence, and a consortium blockchain for secure state attestation and auditability. The proposed framework was evaluated using two real-world time-series datasets obtained from Kazhydromet and affiliated municipal wastewater facilities, comprising a total of 80,114 samples that capture both internal operational telemetry and external environmental drivers. Experimental results demonstrate stable physical-virtual alignment with bounded synchronization errors and no cumulative drift over extended operation. The control-path end-to-end latency was measured at approximately 9.51 s for operational data and 11.01 s for environmental data, confirming near-real-time responsiveness suitable for supervisory wastewater control. When security-path operations are considered, the worst-case secure latency remains bounded below 18 s, with blockchain consensus executed asynchronously to avoid interference with time-critical decision loops. From a diagnostic perspective, the proposed DT-ANFIS model achieved consistently superior performance compared to generic machine learning baselines and process-rule based simulators. Across operational datasets, the framework attained a precision of 89.3%, sensitivity of 88.1%, specificity of 90.2%, and an F-measure of 88.7%, with statistically significant improvements (p < 0.05) and narrow 95% confidence intervals. Predictive evaluation further confirmed realistic forecasting capability, achieving a Pearson correlation coefficient of up to r(2) = 0.89 with reduced prediction errors relative to recent wastewater modeling studies.","[Ahanger, Tariq Ahamed] Prince Sattam Bin Abdulaziz Univ, Al Kharj 11942, Saudi Arabia; [Abdibayev, Zhanuzak; Sagnayeva, Saule] LN Gumilyov Eurasian Natl Univ, Dept Syst Anal & Management, Astana, Kazakhstan; [Zhumadillayeva, Ainur; Dyussekeyev, Kanagat] LN Gumilyov Eurasian Natl Univ, Dept Comp & Software Engn, Astana, Kazakhstan","","Ahanger, TA (corresponding author), Prince Sattam Bin Abdulaziz Univ, Al Kharj 11942, Saudi Arabia.","t.ahanger@psau.edu.sa","","","","","","","","7","8","","","","","","","","","","","MAR 7","2026","16","1","","","","","","","12497","10.1038/s41598-026-42626-5","0","","MAR 2026","","","","","","","Green Submitted, gold","","","2026-10-01","WOS:001743115700011","0"
"J","Moroke, ND","","","","Moroke, Ntebogang Dinah","","","Eskom-Induced Metabolic Arrest in JSE Financial Hypergraphs: A Physics-Informed Entropy Protocol for Systemic Risk Governance","RISKS","","","English","Article","","","","","","systemic risk; financial hypergraph; Von Neumann entropy; physics-informed machine learning; macroprudential governance; infrastructure risk; SDG 8; SDG 9; SDG 10; SDG 17; Eskom load-shedding; JSE financial networks; metabolic arrest; optimal control","","Physical infrastructure failure induces topological phase transitions in financial networks that existing systemic risk models cannot detect, attribute, or govern. This study introduces CASCADEnt (Cascading Systemic-Entropy-Detecting Network), a physics-informed entropy protocol for infrastructure-coupled financial hypergraphs. The model integrates three components: (i) a Landauer-motivated entropy threshold ( S & lowast;=2.852 nats) that detects imminent metabolic arrest before it manifests as market stress; (ii) Gradient-Boosted Integrated Gradients (GB-IG) metabolic centrality that attributes systemic collapse to the specific apex nodes driving it; and (iii) a Lyapunov-constrained Hamilton-Jacobi-Bellman protocol that governs macroprudential intervention with deterministic stability tendency under a linear control assumption (Theorem 1); stochastic extensions remain future work. The key variables are daily equity returns and hypergraph topology for 19 JSE Top40 securities, integrated with Eskom Energy Availability Factor (EAF) telemetry and CBOE VIX ( T=2838 trading days, January 2015-April 2026). CASCADEnt achieves F1 = 0.643 at a 96 h early-warning lead time, outperforming all advance-warning baselines by 23.6 percentage points, with a false alarm rate of zero across 553 out-of-distribution days. Twelve apex nodes concentrate 85.5% of total system entropy, providing a governance target for macroprudential capital buffer design in infrastructure-dependent emerging economies.","[Moroke, Ntebogang Dinah] North West Univ, Fac Econ & Management Sci, Dept Stat & Operat Res, ZA-2745 Mmabatho, South Africa","","Moroke, ND (corresponding author), North West Univ, Fac Econ & Management Sci, Dept Stat & Operat Res, ZA-2745 Mmabatho, South Africa.","ntebo.moroke@nwu.ac.za","","","","","","","","1","1","","","","","","","","","","","JUL 10","2026","14","7","","","","","","","159","10.3390/risks14070159","0","","JUL 2026","","","","","","","gold","","","2026-10-01","WOS:001833292800001","0"
"J","Nagesh, D; Kumari, K; Tripathi, AK; Raveendran, VC; Dalal, J; Sekar, P","","","","Nagesh, Donkina; Kumari, Kiran; Tripathi, Abhishek Kumar; Chittayil Raveendran, Vanisree; Dalal, Jyoti; Sekar, Prabhakar","","","Intelligent Soil Analytics for Forensic Applications: Emerging Technologies, Trends, and Transformative Paradigms","ENGINEERING REPORTS","","","English","Article","","","","","","digital twin; DNA metagenomics; forensic soil analysis; intelligent soil systems; nanobiosensors","NEUTRON-ACTIVATION ANALYSIS; ELEMENTAL ANALYSIS; HEAVY-METALS; ICP-MS; SPECTROMETRY; SAMPLES; METAGENOMICS; POLLUTION; TIME; TOOL","Soil is important trace evidence in forensic investigations. Its complex makeup varies by location. Traditional soil analysis methods in forensic science have some issues. They can be subjective. They also lack real-time capabilities and do not work well with modern analytical tools. This article summarizes recent advancements in smart soil analysis for forensic uses. It highlights new technologies, research trends, and major developments. Key innovations include the application of nanobiosensors for detecting biochemical soil signatures, DNA metagenomics for microbial fingerprinting, and remote or proximal soil sensing for spatial mapping. The use of these technologies with AI and machine learning has led to better classification models. It also supports digital twin architectures that mimic soil behavior in real time. Recent studies show that using soil sensor data with supervised learning algorithms, such as Random Forest and SVM, can reach classification accuracies above 90%. Cloud-based frameworks improve forensic traceability. They allow for the storage, syncing, and remote analysis of soil evidence. This technological convergence is changing forensic methods. It improves the precision, reproducibility, and legal strength of soil evidence. It also creates connections across agriculture, environmental monitoring, and land-use planning. The review highlights important challenges. These include data standardization, sensor calibration, and legal admissibility. It also suggests a roadmap for future research. Intelligent soil analytics is key to next-gen forensic science. It has wide effects on justice, sustainability, and caring for the environment. In addition to its forensic applications, these technologies benefit agriculture and land management, allowing for more informed decisions on soil conservation and nutrient optimization. Real-time monitoring capabilities enable immediate interventions to address soil health issues, resulting in increased crop yields and reduced environmental impacts. The integration of AI and sensor technology into soil management practices thus holds transformative potential for both forensic science and sustainable agriculture, ensuring long-term soil health and ecological balance.","[Nagesh, Donkina; Kumari, Kiran; Dalal, Jyoti] Lovely Profess Univ, Dept Forens Sci, Phagwara, Punjab, India; [Tripathi, Abhishek Kumar] Aditya Engn Coll, Dept Min Engn, Surampalem, Andhra Pradesh, India; [Chittayil Raveendran, Vanisree] GIET Degree Coll, Forens Sci Dept, Rajahmundry, Andhra Pradesh, India; [Sekar, Prabhakar] Wollo Univ, Sch Mech Engn, Amhara, Ethiopia","","Tripathi, AK (corresponding author), Aditya Engn Coll, Dept Min Engn, Surampalem, Andhra Pradesh, India.;Sekar, P (corresponding author), Wollo Univ, Sch Mech Engn, Amhara, Ethiopia.","abhishekkumar@adityauniversity.in; prabhakar@kiot.edu.et","","","","","","","","0","0","","","","","","","","","","","FEB","2026","8","2","","","","","","","e70538","10.1002/eng2.70538","0","","","","","","","","","Green Submitted, gold","","","2026-10-01","WOS:001701714500035","0"
"J","Waseem, HM; Epiphaniou, G; Maple, C","","","","Waseem, Hafiz Muhammad; Epiphaniou, Gregory; Maple, Carsten","","","Quantum-Assisted Optimization and Security for Trustworthy AI-Driven Healthcare","IEEE TRANSACTIONS ON QUANTUM ENGINEERING","","","English","Article","","","","","","Optimization; Medical services; Artificial intelligence; Electronic healthcare; Security; Decision making; Accuracy; Scalability; Genomics; Complexity theory; Digital health; federated learning (FL); healthcare optimization; hybrid quantum-classical systems; NISQ devices; quantum computing; quantum cryptography","PRIVACY; SYSTEMS","Digital health increasingly relies on artificial intelligence for clinical decision-making, patient management, and distributed learning, yet two persistent challenges remain: the computational complexity of optimization tasks, such as operating-room scheduling and genomic feature selection, and the need for robust security in federated and Internet-of-Medical-Things (IoMT) systems that are vulnerable to poisoning and spoofing attacks. Existing approaches often address these issues separately and struggle with scalability, interpretability, and resilience to advanced adversaries. This article introduces a Hybrid Quantum-Classical Architecture (HQCA) that integrates the Quantum Approximate Optimization Algorithm (QAOA) for constrained healthcare decision-making with Quantum Digital Signatures (QDS) for secure authentication. The layered framework combines classical preprocessing with NISQ-era quantum modules and is validated under calibrated IBM Eagle-class noise models. We evaluate four representative tasks, including operating-room scheduling, genomic feature selection, federated-learning integrity, and IoMT firmware authentication, using short-depth QAOA (p <= 3) and SWAP-test-based QDS verification. HQCA reduces operating-room makespan by approximately 7.5% and halves overtime compared to classical baselines, while maintaining over 99.5% scheduling feasibility. In genomic analysis, it improves classification performance while selecting 32% less features. For security, it reduces successful poisoning in federated learning from 20.7% to 3.8%, and no spoofing events were observed in 30 trials for IoMT telemetry, with practical verification latency. These findings indicate that a unified hybrid stack can improve decision quality while providing information-theoretic authenticity guarantees with operationally feasible verification latency, demonstrating a practical pathway toward secure and efficient digital health as quantum hardware matures.","[Waseem, Hafiz Muhammad; Epiphaniou, Gregory; Maple, Carsten] Univ Warwick, Warwick Mfg Grp, Coventry CV4 7AL, England","","Waseem, HM; Maple, C (corresponding author), Univ Warwick, Warwick Mfg Grp, Coventry CV4 7AL, England.","hm.waseem@warwick.ac.uk; cm@warwick.ac.uk","","","","","","","","1","1","","","","","","","","","","","","2026","7","","","","","","","","2100825","10.1109/TQE.2026.3677420","0","","","","","","","","","Green Submitted, gold","","","2026-10-01","WOS:001754878600001","0"
"J","Farbo, A; Parsons, D; Borgogno-Mondino, E; Oliveira, J","","","","Farbo, A.; Parsons, D.; Borgogno-Mondino, E.; Oliveira, J.","","","DeepGrass: A transformer-based approach for enhanced grassland management through Sentinel-2 time series spectral signature and vegetation indices forecasting","REMOTE SENSING OF ENVIRONMENT","","","English","Article","","","","","","Vegetation indices forecasting; Reflectance forecasting; Irregular time series; Deep learning; Grassland management; Precision agriculture; Transfer learning","PRECISION AGRICULTURE; NDVI; CROP; PERSPECTIVES; CHLOROPHYLL; REFLECTANCE; FRACTION; SEASON","Grasslands are vital ecosystems that offer numerous ecological services, including water regulation, carbon storage, climate mitigation, and pollination. They support diverse flora and fauna, serving as essential habitats for many species, and are fundamental to livestock grazing, thereby contributing to food production and rural economies. Accurate forecasting of grassland productivity aids in setting appropriate stocking rates, ensuring sustainable grazing practices, and assists in planning for forage availability and water resources, enhancing overall management efficiency and environmental sustainability. In this study, we developed DeepGrass, an encoder-decoder transformer model designed to forecast all 10 Sentinel-2 spectral bands (SBs) and 28 vegetation indices (VIs) over the coming 15 days at field-level. The model was trained and validated using data from grasslands across Sweden, spanning three phenological seasons (2020-2022) for a total of 565,614 grassland fields, with additional inference testing on 2023 data (for a total of 87,738 grassland fields in Sweden and 44,764 in Finland) to simulate real-world and generalization applicability. DeepGrass achieved competitive results with respect to other state-of-the-art approaches, focused solely on NDVI forecasting, and demonstrated consistent results across all VIs and SBs, for example: NDVI with RMSE ranging from 0.028 (t + 1) to 0.105 (t + 15); NDMI with RMSE ranging from 0.038 (t + 1) to 0.115 (t + 15); Red band with RMSE ranging from 0.0075 (t + 1) to 0.0205 (t + 15); and NIR band with RMSE ranging from 0.028 (t + 1) to 0.073 (t + 15). Notably, VIs derived from forecasted SBs exhibited performance comparable to that of directly forecasted VIs. This finding implies that, in practice, all desired VIs can be computed a posteriori from the forecasted SBs without necessitating separate model retraining for each specific VI. Additionally, the model trained on field-average time series performed reasonably well on pixel-level data, suggesting computational efficiency without compromising accuracy. The availability of satellite observations in the input time series was crucial, especially for long-term forecasts, emphasizing the need to assess cloud coverage to evaluate model output reliability. This advanced forecasting approach provides a valuable tool for monitoring grassland dynamics. Accurate forecasting of SBs and VIs is vital for effective grassland management, enabling informed decisions for grazing, mowing, and conservation practices.","[Farbo, A.; Borgogno-Mondino, E.] Univ Torino, Dept Agr Forestry & Food Sci DISAFA, I-10095 Grugliasco, TO, Italy; [Parsons, D.; Oliveira, J.] Swedish Univ Agr Sci, Dept Crop Prod Ecol, S-90183 Umea, Sweden","","Farbo, A (corresponding author), Univ Torino, Dept Agr Forestry & Food Sci DISAFA, I-10095 Grugliasco, TO, Italy.","alessandro.farbo@unito.it","","","","","","","","0","0","","","","","","","","","","","OCT","2026","344","","","","","","","","115545","10.1016/j.rse.2026.115545","0","","JUN 2026","","","","","","","hybrid","","","2026-10-01","WOS:001808386700001","0"
"J","Yigit, Y; Canberk, B","","","","Yigit, Yagmur; Canberk, Berk","","","Graph-Based Digital Twin Blueprint for Securing 6G Local Area Networks","IEEE WIRELESS COMMUNICATIONS","","","English","Article","","","","","","6G mobile communication; Security; Local area networks; Real-time systems; Prevention and mitigation; Image edge detection; Digital twins; Adaptation models; Telemetry; Decision making; 6G; local area networks (LANs); explainable AI (XAI); smart cities; security; digital twin; self-healing","","The rise of sixth-generation (6G) wireless technologies is expected to transform local connectivity through ultra-low latency communication, autonomous network management, and massive device integration. Among these, 6G Local Area Networks (LANs) are emerging as key enablers for smart homes and industrial automation, offering decentralised and intelligent control at the network edge. However, it introduces critical security requirements. Traditional intrusion detection methods, based on static rules and signatures, are limited in addressing dynamic device interactions, strict latency constraints, and increasingly stealthy cyberattacks expected in 6G LANs. To overcome these limitations, this work introduces a graph-based security framework using digital twins (DTs) designed for 6G LANs. The proposed solution integrates three core components. First, a graph-based anomaly detection module models the real-time network structure using GraphSAGE and Graph Attention Networks (GAT) to enable efficient and context-aware threat identification. Second, an explainability module based on Shapley Additive Explanations (SHAP) provides transparent decision-making and introduces a confidence-aware mechanism to autonomously or collaboratively handle detected threats. Third, a self-healing module applies mitigation actions dynamically, enabling fast, adaptive, and explainable responses while allowing human oversight when needed. The effectiveness of the framework is validated through extensive experiments on a 6G LAN testbed and an external dataset. Results show that our solution reduces end-to-end detection latency by up to 63%, lowers mitigation reaction time by 55%, and decreases processing overhead by 20%, while improving detection accuracy by up to 25% compared to conventional methods. These results highlight the practical benefits of using DTs for real-time and explainable 6G LAN security. Our work offers a scalable and locally deployable solution that meets the performance and transparency needs of emerging autonomous networks.","[Yigit, Yagmur; Canberk, Berk] Edinburgh Napier Univ, Sch Comp Engn & Built Environm, Edinburgh EH10 5DT, Scotland","","Canberk, B (corresponding author), Edinburgh Napier Univ, Sch Comp Engn & Built Environm, Edinburgh EH10 5DT, Scotland.","","","","","","","","","2","3","","","","","","","","","","","DEC","2025","32","6","","","","","51","58","","10.1109/MWC.2025.3602932","0","","OCT 2025","","","","","","","Green Accepted","","","2026-10-01","WOS:001596949200001","0"
"J","Araújo, SR Jr; Kamienski, CA; Bianchi, RAC","","","","Araujo Jr, Silvio R.; Kamienski, Carlos A.; Bianchi, Reinaldo A. C.","","","SCOPE-5G: A Standards-Aligned Synthetic AMF Observability Dataset for Reproducible 5G Core Benchmarking","IEEE ACCESS","","","English","Article","","","","","","Modeling; 5G mobile communication; Central Processing Unit; Measurement; Labeling; Planing; 3GPP; Loading; Massive machine type communications; Shape; 5G core; AMF observability; synthetic dataset; anomaly detection; network slicing","NETWORKS","Observability of the 5G core control plane is essential for benchmarking, anomaly detection, and validation of network management methods. Public datasets for Access and Mobility Management Function (AMF) analysis remain limited, and few use 3rd Generation Partnership Project (3GPP) measurement semantics. This paper introduces SCOPE-5G (Standards-aligned Control plane Observability for Performance Evaluation for 5G), a configurable framework for standards-aligned synthetic AMF observability data, and its derived SCOPE-5G Dataset. Although the dataset cannot replace real mobile-operator telemetry, it supports reproducible benchmarking and controlled experiments. SCOPE-5G jointly provides AMF-centered procedure semantics, TS 28.552 column-level alignment, multi-slice resource disaggregation, and labeled gradual-onset anomalies. The dataset spans 60 days at 15-minute granularity, covers 21 AMF procedures across three network slices, and exposes 112 columns over 5,760 rows, including 162 labeled rows across eight anomaly types. SCOPE-5G models procedure-level behavior through diurnal patterns, weekday/weekend differentiation, long-range dependence, volatility clustering, M/M/1 per-message queueing, and sigmoid anomaly injection. Validation against eight public references shows statistical consistency: Pearson r = 0.979 against Telecom Italia Call Detail Record (CDR) data and a 97.27% TV-complement score, with all MAPE-applicable validation rows below the 30% acceptance threshold (three of them in the 15-30% band). Replacing sigmoid onset with step anomalies raises AUC from 0.919 to 0.998, showing that gradual onset is necessary for operationally meaningful fault-detection benchmarking. The framework and evaluation scripts are openly released to support reproducible, standards-consistent AMF benchmarking.","[Araujo Jr, Silvio R.; Bianchi, Reinaldo A. C.] Ctr Univ FEI, Dept Elect Engn, BR-09850901 Sao Bernardo Do Campo, Brazil; [Kamienski, Carlos A.] Fed Univ ABC UFABC, Ctr Math Comp & Cognit, BR-09280560 Santo Andre, Brazil","","Bianchi, RAC (corresponding author), Ctr Univ FEI, Dept Elect Engn, BR-09850901 Sao Bernardo Do Campo, Brazil.","rbianchi@fei.edu.br","","","","","","","","0","0","","","","","","","","","","","","2026","14","","","","","","135195","135218","","10.1109/ACCESS.2026.3727225","0","","","","","","","","","gold","","","2026-10-01","WOS:001871098600019","0"
"J","Gao, Z; Oleson, JJ; Gifford, RH; He, SM","","","","Gao, Zi; Oleson, Jacob J.; Gifford, Rene H.; He, Shuman","","","Electrically evoked compound action potentials in adult and pediatric cochlear implant users: I. Cochlear nerve responsiveness and electrode-neuron interface index","HEARING RESEARCH","","","English","Article","","","","","","Cochlear implant; eCAP; Amplitude growth function; Refractory recovery; Electrode-neuron interface","RESPONSE TELEMETRY; RECOVERY FUNCTION; AUDITORY-NERVE; SPEECH-PERCEPTION; CHILDREN; STIMULUS; STIMULATION; SURVIVAL; SURGERY","Adult and pediatric cochlear implant (CI) users differ in age, duration of deafness, and etiology, yet cochlear nerve (CN) response properties have not been systematically compared between these populations. To address this gap, this study examined electrically evoked compound action potentials (eCAPs) in pediatric and postlingually deafened adult CI users. Seven eCAP-derived indices were evaluated, including threshold, amplitude at the maximum comfortable level, overall and maximal slopes of the amplitude growth function (AGF), absolute and relative refractory periods (t0 and tau), and the local electrode-neuron interface (ENI) index. Sixty-four adult and 56 pediatric users of CochlearTM Nucleus (R) CI devices were tested. eCAP AGFs and refractory recovery functions (RRFs) were measured at three to seven electrodes along the array. AGF slopes were quantified using linear regression and the window method, while t0 and tau were derived by fitting RRFs with exponential decay functions. Local ENI index was calculated using a machine-learning model incorporating several eCAP measurements. Linear mixed-effects models revealed both shared and distinct patterns of CN responsiveness between pediatric and adult CI users. Pediatric users demonstrated lower eCAP thresholds than adults when pooled across electrode locations. Adults exhibited shallower AGF slopes at basal electrodes than middle and apical electrodes. RRF-derived indices revealed shorter refractory periods in adults, likely influenced by group differences in maximum comfortable stimulation levels. Across both groups, several eCAP measures showed poorer responses at middle electrode locations relative to apical and/or basal sites. Future studies incorporating additional eCAP metrics may further clarify group differences in CN health and function.","[Gao, Zi; He, Shuman] Ohio State Univ, Dept Otolaryngol Head & Neck Surg, 915 Olentangy River Rd, Columbus, OH 43212 USA; [Oleson, Jacob J.] Univ Iowa, Dept Biostat, Iowa City, IA 52242 USA; [Gifford, Rene H.] Hearts Hearing, Audiol & Res, Oklahoma City, OK 73120 USA","","He, SM (corresponding author), Ohio State Univ, Eye & Ear Inst, Dept Otolaryngol Head & Neck Surg, 915 Olentangy River Rd,Suite 4000, Columbus, OH 43212 USA.","zi.gao@osumc.edu; jacob-oleson@uiowa.edu; rene.gifford@heartsforhearing.org; shuman.he@osumc.edu","","","","","","","","0","0","","","","","","","","","","","OCT","2026","480","","","","","","","","109769","10.1016/j.heares.2026.109769","0","","AUG 2026","","","","","","","Green Submitted, hybrid","","","2026-10-01","WOS:001848762100001","0"
"J","Krishnan, V; Sreeja, CS","","","","Krishnan, Vivin; Sreeja, C. S.","","","Provably Adaptive Trust Dynamics in Context-Aware Zero-Trust Systems: A Formal Framework for Continuous Verification","IEEE ACCESS","","","English","Article","","","","","","Authentication; Modeling; Authorization; Security; Timing; Poles and zeros; Zero Trust; Context; Learning (artificial intelligence); Signal detection; Adaptive authentication; application integrity check; Bayesian online learning; continuous authentication; device authentication; dynamic secret injection; risk-based access control","MULTIFACTOR AUTHENTICATION; ARCHITECTURE","Zero-Trust (ZT) requires continuous, context-aware evaluation of authentication and authorization decisions. This paper introduces Zero-Trust Hybrid Adaptive Authentication (ZeTHAA), a continuous authentication and authorization framework integrating contextual attributes, authentication strength, behavioral evidence, and retry dynamics. ZeTHAA utilizes a probabilistic risk model and dual-policy thresholds to partition outcomes into allow, step-up, and block regions, enabling precise control over security-usability trade-offs. The system introduces a global admissibility predicate to distinguish hard violations from probabilistic soft violations. Attribute importance is dynamically derived from entropy and Beta-posterior distribution, enabling robust cold-start initialization and online recalibration. ZeTHAA presents a unified composite attack surface covering credential compromise, attribute forgery, and post-grant hijacking, modeling retry behavior with exponential risk escalation and temporal decay. A large-scale synthetic dataset capturing realistic authentication flows, adversarial and temporal patterns, was used to evaluate ZeTHAA against heuristic, logistic regression, random forest, XGBoost, and isolation forest baselines. ZeTHAA produced a more expressive risk distribution and significantly higher attack detection and efficiency while minimizing user friction. ZeTHAA outperformed baseline models, with Recall and Area Under the Curve (AUC) exceeding 79% and 15.1%, respectively. F1-Score showed increases of 48%-147%, with efficiency boost of 20-65%, while reducing the cost per attack by up to 39.6%. Benchmarks against frameworks from Dasu et al. and Matiushin et al. showed a 57.5% lead in F1-Score, more than double increase in detection rate, while blocking 70.78% more attacks. Additional analysis shows that ZeTHAA provides a mathematically grounded foundation for Zero-Trust systems, aligns with NIST standards, offering improved security guarantees and adaptive enforcement.","[Krishnan, Vivin] CHRIST, Dept Comp Sci, Bengaluru 560029, Karnataka, India; [Sreeja, C. S.] CHRIST, Ctr Quantum Technol & Complex Syst CQTCS, Bengaluru 560029, Karnataka, India","","Krishnan, V (corresponding author), CHRIST, Dept Comp Sci, Bengaluru 560029, Karnataka, India.","vivin.krishnan@res.christuniversity.in","","","","","","","","0","0","","","","","","","","","","","","2026","14","","","","","","77839","77878","","10.1109/ACCESS.2026.3695458","0","","","","","","","","","Green Submitted, gold","","","2026-10-01","WOS:001779888500008","0"
"J","Lefouili, M; Jaffuel, D; Journet, S; Chauderon, P; Bailly, S; Borel, JC","","","","Lefouili, Messaoud; Jaffuel, Dany; Journet, Sandra; Chauderon, Pascal; Bailly, Sebastien; Borel, Jean-Christian","","","Can Telemonitoring Predict Patient-Reported Leak Perception in Long-Term Home Noninvasive Ventilation for Patients with Chronic Respiratory Failure?","CHEST","","","English","Article","","","","","","noninvasive ventilation; patient-reported outcome measures; respiratory failure; S3-NIV; telemonitoring; unintentional leaks","COPD","BACKGROUND: Home noninvasive ventilation (NIV) improves outcomes in patients with chronic respiratory failure; however, telemonitoring remains challenging due to undefined appropriate alert thresholds. Current leak thresholds lack clinical validation, potentially leading to inefficient care delivery and alert fatigue among health care providers. RESEARCH QUESTION: Can telemonitoring leak data predict patient-reported perceptions of leaks in home NIV for patients with chronic respiratory failure? STUDY DESIGN AND METHODS: Data collected between March 2019 and May 2023 from 571 patients with chronic respiratory failure receiving home NIV were analyzed retrospectively. Inclusion required at least 1 S3-NIV questionnaire and 28 days of preceding telemonitoring leak data. Twenty-seven leak features were extracted across 7-, 14-, 21-, and 28-day windows. Statistical analysis included analyses of variance, effect size calculation (eta squared; eta 2), and comparison of predictive performance using linear mixed-effects regression and K-nearest neighbors algorithms. RESULTS: Only S3-NIV item 8 (I am disturbed by leaks) showed significant associations with leak features. Whereas no demographic or NIV setting differences were found between patients reporting leak disturbances and those who did not, disturbed patients consistently reported more NIV-related issues and respiratory symptoms. Leak features reflecting central tendency and magnitude showed the highest effect sizes (eta 2 = 0.021-0.075). However, predictive models demonstrated limited ability to accurately predict patient-perceived leaks. INTERPRETATION: Telemonitoring leak data alone have limitations in predicting patient perception of leaks, suggesting that individual factors beyond objective measurements play a significant role. A proactive patient-centered management approach integrating telemonitoring data and patient-reported outcomes is thus needed. CLINICAL TRIAL REGISTRATION: Registered on Health Data Hub; No. 23517022; URL: www. health-data-hub.fr","[Lefouili, Messaoud; Bailly, Sebastien] Univ Grenoble Alpes, INSERM U1300, Lab HP2, Grenoble, France; [Lefouili, Messaoud; Journet, Sandra; Chauderon, Pascal] AGIR dom Homecare Char, Meylan, France; [Jaffuel, Dany] Univ Montpellier, Dept Resp Dis, CHU Montpellier, PhyMedExp,INSERM,CNRS,UMR 9214,U1046, Montpellier, France; [Borel, Jean-Christian] Ctr Pneumol Henri Bazire, Isere, France","","Bailly, S (corresponding author), Univ Grenoble Alpes, INSERM U1300, Lab HP2, Grenoble, France.","sbailly@chu-grenoble.fr","","","","","","","","1","1","","","","","","","","","","","SEP","2026","170","3","","","","","822","833","","10.1016/j.chest.2025.11.050","0","","SEP 2026","","","","","","","Green Submitted, hybrid","","","2026-10-01","WOS:001874723400001","0"
"J","Mishra, S; Jena, L; Tripathy, HK; Gaber, T","","","","Mishra, Sushruta; Jena, Lambodar; Tripathy, Hrudaya Kumar; Gaber, Tarek","","","Prioritized and predictive intelligence of things enabled waste management model in smart and sustainable environment","PLOS ONE","","","English","Article","","","","","","","IOT; IMPLEMENTATION; CITIES","Collaborative modelling of the Internet of Things (IoT) with Artificial Intelligence (AI) has merged into the Intelligence of Things concept. This recent trend enables sensors to track required parameters and store accumulated data in cloud storage, which can be further utilized by AI based predictive models for automatic decision making. In a smart and sustainable environment, effective waste management is a concern. Poor regulation of waste in surrounding areas leads to rapid spread of contagious disease risks. Traditional waste object management requires more working staff, increases effort, consumes time and is relatively ineffective. In this research, an Intelligence of Things Enabled Smart Waste Management (IoT-SWM) model with predictive capabilities is developed. Here, local sinks (LS) are deployed in specified locations. At every instant, the current status of smart bins in each LS is notified to users to determine the priority level of LS to be emptied. Based on aggregated sensor values for the three smart bins, LS weight and poison gas value, the priority order of emptying LS is computed, and decision is made whether to notify the users with an alert message or not. It also helps in predicting the LS, which is likely to be filled up at a faster rate based on assigned timestamp. This model is implemented in real time with many LS and it was observed that bins, which were close to more crowded sites filled up faster compared to sparse populated areas. Random forest algorithm was used to predict whether an alert notification is to be sent or not. An average mean of 95.8% accuracy was noted while using 60 decision trees in random forest algorithm. The average mean execution latency recorded for training and testing sets is 13.06 sec and 14.39 sec respectively. Observed accuracy rate, precision, recall and f1-score parameters were 95.8%, 96.5%, 98.5% and 97.2% respectively. Model buildup and the validation time computed were 3.26 sec and 4.25 sec respectively. It is also noted that at a threshold value of 0.93 in LS level, the maximum accuracy rate reached was 95.8%. Thus, based on the prediction of random forest approach, a decision to notify the users is taken. Obtained outcome indicates that the waste level can be efficiently determined, and the overflow of dustbins can be easily checked in time","[Mishra, Sushruta; Tripathy, Hrudaya Kumar] Kalinga Inst Ind Technol Deemed Univ, Sch Comp Engn, Bhubaneswar, India; [Jena, Lambodar] Koneru Lakshmaiah Educ Fdn, Dept Comp Sci & Engn, Vaddeswaram, AP, India; [Gaber, Tarek] Univ Salford, Sch Sci Engn & Environm, Salford, England; [Gaber, Tarek] Suez Canal Univ, Fac Comp & Informat, Ismailia, Egypt","","Gaber, T (corresponding author), Univ Salford, Sch Sci Engn & Environm, Salford, England.;Gaber, T (corresponding author), Suez Canal Univ, Fac Comp & Informat, Ismailia, Egypt.","t.m.a.gaber@salford.ac.uk","","","","","","","","12","16","","","","","","","","","","","AUG 11","2022","17","8","","","","","","","","10.1371/journal.pone.0272383","0","","","","","","","","","Green Submitted, gold","","","2026-10-01","WOS:000947311000086","0"
"J","Pang, WJ; Zhou, J; Xu, JW; Zhi, XN","","","","Pang, Weijian; Zhou, Jun; Xu, Jingwen; Zhi, Xinian","","","A Two-Stage Framework for Microsatellite Thermal Mode Identification and Fault Detection via Clustering and Sequence Prediction","AEROSPACE","","","English","Article","","","","","","fault detection; microsatellites; thermal control system; clustering; Dynamic Time Warping (DTW); anomaly pattern matching","","Microsatellites operate in highly dynamic thermal environments due to severe physical constraints, making temperature telemetry a critical onboard health indicator. Conventional threshold-based monitoring fails to distinguish normal operational mode transitions from genuine faults, causing excessive false alarms. To address this, we propose a two-stage framework integrating unsupervised thermal mode discovery with mode-specific deep learning prediction. Raw temperature telemetry is downsampled and segmented into orbital cycles. Unsupervised clustering identifies two nominal thermal regimes and four canonical fault-type libraries (step, spike, drift, and noise), each corresponding to distinct in-orbit failure mechanisms. For each nominal mode, a Convolutional Neural Network-Long Short-Term Memory (CNN-LSTM) is trained on 7-day historical windows to forecast 3-day temperature evolution. Post-downlink, incoming cycle mode is inferred via nearest-neighbor DTW classification; anomalies are flagged when prediction residuals exceed mode-adaptive thresholds. Validation on Macau Science Satellite-1B (MSS-1B, COSPAR 2023-069-B, NORAD 56732) in-orbit telemetry from a 41 degrees inclination low-Earth orbit-where solar illumination dominates external thermal loading and internal heat from the data-communication module and scientific payload constitutes the primary internal thermal source-shows the method reduces anomaly flags by 96.6% and improves prediction mean absolute error by 51.3% compared to a non-classified global baseline under nominal operating conditions, correctly detecting a known operational transient while suppressing spurious alarms. A synthetic fault injection experiment with four anomaly types and five baseline methods further confirms the framework's detection capability, achieving an overall F1 score of 0.725 vs. 0.258 for the global baseline-a 2.8 & times; improvement driven primarily by a 4 & times; precision gain. Sensitivity analysis reveals that the two-stage advantage is most pronounced for low-magnitude and short-duration faults, where mode-specific context is essential. This work advances microsatellite autonomous health management by providing reliable anomaly detection with quantified fault detection performance.","[Pang, Weijian; Zhi, Xinian] Northwestern Polytech Univ, Ningbo Inst, Ningbo 315103, Peoples R China; [Pang, Weijian; Zhou, Jun; Xu, Jingwen] Northwestern Polytech Univ, Inst Precis Guidance & Control, Sch Astronaut, Xian 710072, Peoples R China","","Pang, WJ (corresponding author), Northwestern Polytech Univ, Ningbo Inst, Ningbo 315103, Peoples R China.;Pang, WJ; Xu, JW (corresponding author), Northwestern Polytech Univ, Inst Precis Guidance & Control, Sch Astronaut, Xian 710072, Peoples R China.","pangwj@mail.nwpu.edu.cn; xjw0324@nwpu.edu.cn","","","","","","","","0","0","","","","","","","","","","","JUN 11","2026","13","6","","","","","","","544","10.3390/aerospace13060544","0","","JUN 2026","","","","","","","gold","","","2026-10-01","WOS:001801736500001","0"
"J","Hristov, AV; Gotseva, D; Trifonov, RI; Petrovic, J","","","","Hristov, Aleksandar Valentinov; Gotseva, Daniela; Trifonov, Roumen Ivanov; Petrovic, Jelena","","","Development of an IoT System for Acquisition of Data and Control Based on External Battery State of Charge","ELECTRONICS","","","English","Article","","","","","","battery-powered systems; Internet of Things; integrated measurement; visualization; single-cell lithium-ion battery; low voltage; State of Charge","","In the context of small, battery-powered systems, a lightweight, reusable architecture is needed for integrated measurement, visualization, and cloud telemetry that minimizes hardware complexity and energy footprint. Existing solutions require high resources. This limits their applicability in Internet of Things (IoT) devices with low power consumption. The present work demonstrates the process of design, implementation and experimental evaluation of a single-cell lithium-ion battery monitoring prototype, intended for standalone operation or integration into other systems. The architecture is compact and energy efficient, with a reduction in complexity and memory usage: modular architecture with clearly distinguished responsibilities, avoidance of unnecessary dynamic memory allocations, centralized error handling, and a low-power policy through the usage of deep sleep mode. The data is stored in a cloud platform, while minimal storage is used locally. The developed system combines the functional requirements for an embedded external battery monitoring system: local voltage and current measurement, approximate estimation of the State of Charge (SoC) using a look-up table (LUT) based on the discharge characteristic, and visualization on a monochrome OLED display. The conducted experiments demonstrate the typical U(t) curve and the triggering of the indicator at low charge levels (LOW - SoC <= 20% and CRITICAL - SoC <= 5%) in real-world conditions and the absence of unwanted switching of the state near the voltage thresholds.","[Hristov, Aleksandar Valentinov; Trifonov, Roumen Ivanov] Tech Univ Sofia, Fac Comp Syst & Technol, Dept Informat Technol Ind, Sofia 1000, Bulgaria; [Gotseva, Daniela; Petrovic, Jelena] Tech Univ Sofia, Fac Comp Syst & Technol, Dept Comp Syst, Sofia 1000, Bulgaria","","Hristov, AV (corresponding author), Tech Univ Sofia, Fac Comp Syst & Technol, Dept Informat Technol Ind, Sofia 1000, Bulgaria.","ahristov@tu-sofia.bg; dgoceva@tu-sofia.bg; r_trifonov@tu-sofia.bg; yelena.petrovich95@gmail.com","","","","","","","","1","2","","","","","","","","","","","JAN 23","2026","15","3","","","","","","","502","10.3390/electronics15030502","0","","","","","","","","","gold","","","2026-10-01","WOS:001687693500001","0"
"J","Kabuye, H; Issac, B; Jeyamohan, N","","","","Kabuye, Henry; Issac, Biju; Jeyamohan, Neera","","","Agentic SABRE: An uncertainty-aware neuro-symbolic multi-agent framework for adaptive ransomware detection","EXPERT SYSTEMS WITH APPLICATIONS","","","English","Article","","","","","","Ransomware detection; Explainable artificial intelligence; Uncertainty estimation; Multi-agent systems; Semantic embeddings; Data augmentation","","Ransomware has evolved into a complex, adaptive, and fast-moving adversary category in which static signatures and monolithic classifiers fail to generalise under concept drift, evasion, and behavioural polymorphism. In this paper we present Agentic SABRE (Semantic-Behavioural Arbitration for Ransomware Evaluation): an uncertainty-aware, neuro-symbolic, multi-agent framework for adaptive ransomware detection. SABRE fuses semantic (representation-based) and behavioural (time-window forensic telemetry) evidence, and employs Monte Carlo Dropout inference to quantify epistemic uncertainty for each agent. We introduce a decision-layer orchestrator that performs risk-and uncertainty-aware triage via two interpretable thresholds: a risk score tau and an uncertainty budget kappa. High-confidence, high-risk samples are automatically contained, while uncertain or borderline cases are escalated to human analysts, establishing a flexible computational contract between autonomous response and analyst oversight. To support auditability and trust, SABRE integrates post-hoc explainability mechanisms including gradient saliency, permutation importance, and counterfactual analysis, enabling both local and global interpretation of agent decisions. Extensive evaluation on RDset and RanSMAP demonstrates that Agentic SABRE preserves perfect discrimination on saturated semantic datasets (AUC = 1.0) while improving robustness under weak behavioural signals, achieving up to a 4.9% relative reduction in false escalations at equal recall and maintaining calibrated predictive uncertainty. Counterfactual analysis further shows that semantic and behavioural decisions can be flipped with bounded perturbation cost, indicating stable and interpretable decision boundaries. Overall, Agentic SABRE is not merely a higher-accuracy detector but an agentic cyber-defence system that combines uncertainty-aware automation, explainable reasoning, and adaptive triage under evolving ransomware threats.","[Kabuye, Henry; Issac, Biju; Jeyamohan, Neera] Northumbria Univ, Sch Comp Sci, Newcastle Upon Tyne, England","","Issac, B (corresponding author), Northumbria Univ, Sch Comp Sci, Newcastle Upon Tyne, England.","bissac@ieee.org","","","","","","","","0","0","","","","","","","","","","","JAN 1","2027","332","","B","","","","","","133558","10.1016/j.eswa.2026.133558","0","","JUL 2026","","","","","","","hybrid","","","2026-10-01","WOS:001824732300001","0"
"J","Zhao, HR; Chou, YT; Yao, Y; Ju, XY; Feng, YB; McCormack, WP; Cochran-Branson, M; Schulte, JF; Liu, MY; Duarte, J; Harris, P; Hsu, SC; Pedro, K; Tran, N","","","","Zhao, Haoran; Chou, Yuan-Tang; Yao, Yao; Ju, Xiangyang; Feng, Yongbin; McCormack, William Patrick; Cochran-Branson, Miles; Schulte, Jan-Frederik; Liu, Miaoyuan; Duarte, Javier; Harris, Philip; Hsu, Shih-Chieh; Pedro, Kevin; Tran, Nhan","","","Track reconstruction as a service for collider physics","JOURNAL OF INSTRUMENTATION","","","English","Article","","","","","","Computing (architecture, farms, GRID for recording, storage, archiving, and distribution of data); Data processing methods; Online farms and online filtering; Software architectures (event data models, frameworks and databases)","","Optimizing charged-particle track reconstruction algorithms is crucial for efficient event reconstruction in Large Hadron Collider (LHC) experiments due to their significant computational demands. Existing track reconstruction algorithms have been adapted to run on massively parallel coprocessors, such as graphics processing units (GPUs), to reduce processing time. Nevertheless, challenges remain in fully harnessing the computational capacity of coprocessors in a scalable and non-disruptive manner. This paper proposes an inference-as-a-ser vice approach for particle tracking in high energy physics experiments. To evaluate the efficacy of this approach, two distinct tracking algorithms are tested: Patatrack, a rule-based algorithm, and Exa.TrkX, a machine learning-based algorithm. The as-a-service implementations show enhanced GPU utilization and can process requests from multiple CPU cores concurrently without increasing per-request latency. The impact of data transfer is minimal and insignificant compared to running on local coprocessors. This approach greatly improves the computational efficiency of charged particle tracking, providing a solution to the computing challenges anticipated in the High-Luminosity LHC era.","[Zhao, Haoran; Chou, Yuan-Tang; Cochran-Branson, Miles; Hsu, Shih-Chieh] Univ Washington, Dept Phys, Seattle, WA 98195 USA; [Yao, Yao; Schulte, Jan-Frederik; Liu, Miaoyuan] Purdue Univ, Dept Phys & Astron, W Lafayette, IN 47907 USA; [Ju, Xiangyang] Lawrence Berkeley Natl Lab, Phys Div, Berkeley, CA 94720 USA; [Feng, Yongbin] Texas Tech Univ, Dept Phys & Astron, Lubbock, TX 79409 USA; [McCormack, William Patrick; Harris, Philip] MIT, Dept Phys, Cambridge, MA 02139 USA; [Duarte, Javier] Univ Calif San Diego, Dept Phys, La Jolla, CA 92093 USA; [Pedro, Kevin; Tran, Nhan] Fermilab Natl Accelerator Lab, Batavia, IL 60510 USA","","Chou, YT (corresponding author), Univ Washington, Dept Phys, Seattle, WA 98195 USA.;Liu, MY (corresponding author), Purdue Univ, Dept Phys & Astron, W Lafayette, IN 47907 USA.","yuan-tang.chou@cern.ch; liu3173@purdue.edu","","","","","","","","2","2","","","","","","","","","","","JUN","2025","20","6","","","","","","","P06002","10.1088/1748-0221/20/06/P06002","0","","","","","","","","","Green Submitted, hybrid","","","2026-10-01","WOS:001506962600002","0"
"J","Xu, DF; Liu, P; Meng, XM; Chen, YZ; Du, L; Zhang, Y; Qiao, LX; Zhang, W; Kuang, JL; Liu, JJ","","","","Xu, Dongfu; Liu, Pu; Meng, Xiangming; Chen, Yizhou; Du, Lei; Zhang, Yan; Qiao, Lixin; Zhang, Wei; Kuang, Jiale; Liu, Jingjing","","","Design of an Electronic Nose System with Automatic End-Tidal Breath Gas Collection for Enhanced Breath Detection Performance","MICROMACHINES","","","English","Article","","","","","","electronic nose; end-tidal breath gases; exhaled breath analysis","CHRONIC KIDNEY-DISEASE; SELF-ASSESSMENT; HEALTH-STATUS; ALVEOLAR AIR; DEAD SPACE; MARKERS; CLASSIFICATION; CHROMATOGRAPHY; BIOMARKERS","End-tidal breath gases originate deep within the lungs, and their composition is an especially accurate reflection of the body's metabolism and health status. Therefore, accurate collection of end-tidal breath gases is crucial to enhance electronic noses' performance in breath detection. Regarding this issue, this study proposes a novel electronic nose system and employs a threshold control method based on exhaled gas flow characteristics to design a gas collection module. The module monitors real-time gas flow with a flow meter and integrates solenoid valves to regulate the gas path, enabling automatic collection of end-tidal breath gas. In this way, the design reduces dead space gas contamination and the impact of individual breathing pattern differences. The sensor array is designed to detect the collected gas, and the response chamber is optimized to improve the detection stability. At the same time, the control module realizes automation of the experiment process, including control of the gas path state, signal transmission, and data storage. Finally, the system is used for breath detection. We employ classical machine learning algorithms to classify breath samples from different health conditions with a classification accuracy of more than 90%, which is better than the accuracy achieved in other studies of this type. This is due to the improved quality of the gas we extracted, demonstrating the superiority of our proposed electronic nose system.","[Xu, Dongfu; Liu, Pu; Meng, Xiangming; Du, Lei; Zhang, Yan; Qiao, Lixin; Zhang, Wei; Kuang, Jiale; Liu, Jingjing] Northeast Elect Power Univ, Coll Automat Engn, Jilin 132012, Peoples R China; [Chen, Yizhou] Carnegie Mellon Univ, Neurosci Inst, Pittsburgh, PA 15213 USA","","Liu, JJ (corresponding author), Northeast Elect Power Univ, Coll Automat Engn, Jilin 132012, Peoples R China.","20162696@neepu.edu.cn; 2202300635@neepu.edu.cn; mxmforgo@gmail.com; yizhoucc@gmail.com; 2202300745@neepu.edu.cn; 2202200607@neepu.edu.cn; 2202300756@neepu.edu.cn; 2202300733@neepu.edu.cn; 2202300748@neepu.edu.cn; jingjing_liu@neepu.edu.cn","","","","","","","","1","1","","","","","","","","","","","APR 14","2025","16","4","","","","","","","463","10.3390/mi16040463","0","","","","","","","","","Green Submitted, gold","","","2026-10-01","WOS:001475538900001","0"
"J","Parmar, M; Khatusuriya, H; Chauhan, D; Rahevar, M; Patel, B; Imoize, AL; Li, CT; Mewada, H","","","","Parmar, Martin; Khatusuriya, Het; Chauhan, Dharmendra; Rahevar, Mrugendra; Patel, Bimal; Imoize, Agbotiname Lucky; Li, Chun-Ta; Mewada, Hiren","","","Lightweight Blockchain-Edge Security Framework for IoT Smart Spaces: Architecture, Threat Mitigation, and Real-World Validation","CMES-COMPUTER MODELING IN ENGINEERING & SCIENCES","","","English","Article; Early Access","","","","","","Blockchain; IoT; edge computing security; hyperledger fabric; lightweight cryptography; smart contract; DID authentication","CHALLENGES; MANAGEMENT; INTERNET; PRIVACY","The rapid growth of Internet of Things (IoT) devices in smart urban areas-health monitoring, urban infrastructure, environmental sensing, and energy management-creates attack surfaces that centralized security architectures cannot adequately safeguard. Traditional approaches impose inadequate latency, introduce a single point of failure, and scale poorly to the distributed, resource-constrained nature of IoT ecosystems. This work proposes a formally modeled, hardware-validated four-tier blockchain-edge security framework that integrates a permissioned Hyperledger Fabric network (Raft ordering), tiered AES-128/256 cryptography, and IoT-specific smart contracts implementing Decentralized Identifier (DID) and OAuth2-based access control. Experimental evaluation on Raspberry Pi 4 and NVIDIA Jetson Orin edge hardware, with baselines re-implemented on the identical testbed where feasible, confirms: 500 +/- 23 transactions per second (TPS) throughput-150% above AEchain's reported figure and 594% above private Ethereum PoA-with 110 +/- 18 ms end-to-end latency (P99 = 167 ms, satisfying the 200 ms industrial real-time threshold), 86.6% latency reduction vs. cloud-only baselines, 15%-20% cryptographic overhead reduction via tiered AES strategy, and 98.6% on-chain storage reduction through hash-only ledger commits. A formal Dolev-Yao adversary model with a 15-vector CIA threat taxonomy and complete design-to-evidence traceability distinguishes this work from prior simulation-based approaches.","[Parmar, Martin; Khatusuriya, Het; Rahevar, Mrugendra] Charotar Univ Sci & Technol, Chandubhai S Patel Inst Technol, Dept Comp Engn, Anand, Gujarat, India; [Chauhan, Dharmendra] Charotar Univ Sci & Technol, Chandubhai S Patel Inst Technol, Dept Elect & Commun Engn, Anand, Gujarat, India; [Patel, Bimal] Charotar Univ Sci & Technol, Chandubhai S Patel Inst Technol, Dept Informat Technol, Anand, Gujarat, India; [Imoize, Agbotiname Lucky] Univ Lagos, Fac Engn, Dept Elect & Elect Engn, Lagos, Nigeria; [Li, Chun-Ta] Fu Jen Catholic Univ, Bachelors Program Artificial Intelligence & Inform, New Taipei, Taiwan; [Mewada, Hiren] Prince Mohammad Bin Fahd Univ, Elect Engn Dept, Al Khobar, Saudi Arabia","","Li, CT (corresponding author), Fu Jen Catholic Univ, Bachelors Program Artificial Intelligence & Inform, New Taipei, Taiwan.","157278@mail.fju.edu.tw","","","","","","","","0","0","","","","","","","","","","","2026 SEP 7","2026","","","","","","","","","","10.32604/cmes.2026.087402","0","","SEP 2026","","","","","","","gold","","","2026-10-01","WOS:001869576800001","0"
"J","Aldossary, SM; Alameen, A","","","","Aldossary, Sultan Mesfer; Alameen, Abdalla","","","Bridging accuracy and interpretability in solar forecasting: A regional ensemble learning approach","ENERGY REPORTS","","","English","Article","","","","","","Solar irradiance forecasting; Explainable artificial intelligence; Arid climates; Ensemble learning","","Accurate solar irradiance forecasting is critical for optimizing photovoltaic systems, enhancing grid stability, and supporting energy storage management, particularly in regions with high climatic variability like Saudi Arabia. However, existing models often lack either the precision to handle dynamic atmospheric conditions or the interpretability needed for operational trust. This study addresses these challenges by developing a modular solar forecasting dashboard that balances accuracy and transparency for five climatically diverse Saudi cities: Riyadh, Jeddah, Abha, Dammam, and Qassim. The proposed framework combines Random Forest regression with physics-informed feature engineering (e.g., hour-cloud interactions) and Shapley Additive Explanations to ensure interpretable predictions. Empirical results demonstrated robust performance, with determination coefficients exceeding 0.90 across all regions and root mean squared errors as low as 92.4 watts per square meter in Dammam. A residual-based alert system flagged significant deviations (+/- 100 watts per square meter), revealing Riyadh's high alert rate (32.2%) due to dust-induced variability. Feature analysis confirmed the dominance of temporal-cloud interactions, accounting for 38%-42% of prediction variance. The study provides a scalable, interpretable solution for solar forecasting, aligning with Saudi Vision 2030's renewable energy goals. Future work will integrate real-time satellite data and adaptive alert thresholds to further enhance operational utility.","[Aldossary, Sultan Mesfer; Alameen, Abdalla] Prince Sattam Bin Abdulaziz Univ, Dept Comp Engn & Informat, Riyadh 11991, Saudi Arabia","","Alameen, A (corresponding author), Prince Sattam Bin Abdulaziz Univ, Dept Comp Engn & Informat, Riyadh 11991, Saudi Arabia.","a.alameen@psau.edu.sa","","","","","","","","0","0","","","","","","","","","","","JUN","2026","15","","","","","","","","109136","10.1016/j.egyr.2026.109136","0","","FEB 2026","","","","","","","gold","","","2026-10-01","WOS:001697473900001","0"
"J","Ioannou, II; Javaid, S; Bezha, M; Tan, YS; Nagaoka, N; Vassiliou, V","","","","Ioannou, Iacovos I.; Javaid, Saher; Bezha, Minella; Tan, Yasuo; Nagaoka, Naoto; Vassiliou, Vasos","","","PhysGTT: A Physics-Guided Self-Supervised Graph Temporal Transformer for Forecasting Electricity Inconsistencies in Mini-Grids","ENERGIES","","","English","Article","","","","","","mini-grid monitoring; electricity inconsistency forecasting; graph neural networks; temporal Transformers; physics-informed learning; self-supervised pretraining","INFORMED NEURAL-NETWORKS; FRAMEWORK; SYSTEMS","Electricity inconsistencies in mini-grids, stemming from meter drift, telemetry faults, topology misconfiguration, non-technical losses, phase imbalance or data manipulation, often emerge as weak, spatially distributed deviations that are difficult to anticipate, yet timely warning is important for future monitoring frameworks in rural electrification and island mini-grids. Existing approaches either apply post hoc threshold-based alarms to individual channels or employ deep learning models that treat metering points independently, ignoring the spatial coupling imposed by the electrical topology and lacking mechanisms to enforce physical feasibility under scarce labeled data. This paper introduces PhysGTT, a Physics-Guided Self-Supervised Graph Temporal Transformer that models the mini-grid as a topology-aware graph and combines a residual Graph Convolutional Network encoder with a temporal Transformer. PhysGTT employs self-supervised pretraining via masked multi-sensor reconstruction and contrastive regime alignment to exploit unlabeled operational data and incorporates gradient-coupled physics regularization through power-balance, voltage-bound and ramp-rate penalties applied to a learned reconstruction head, while producing constraint-level attributions that identify the dominant physical violation pattern for each forecast. PhysGTT is evaluated on a proxy benchmark derived from the UCI Individual Household Electric Power Consumption dataset and on the IEEE 13-node test feeder simulated in OpenDSS and it is compared under identical experimental protocols with eight baselines spanning recurrent, graph-temporal and unsupervised architectures. On the proxy benchmark, PhysGTT achieves an AUC-ROC of 0.8959, an F1-score of 0.8307 and a False Alarm Rate of 0.41%, improving the F1-score by 2.2% relative to the strongest recurrent baseline (GRU) and by up to 15.2% relative to the LSTM baseline, while reducing the False Alarm Rate by approximately 52% relative to the LSTM baseline. On the IEEE 13-node feeder, PhysGTT attains an AUC-ROC of 0.9016 and an F1-score of 0.8361. These results indicate that integrating topology-aware encoding, self-supervised pretraining and physics-guided learning provides a promising and interpretable framework for proactive inconsistency forecasting under synthetic and feeder-simulation benchmarks, although field validation on naturally occurring faults remains necessary.","[Ioannou, Iacovos I.; Vassiliou, Vasos] Philips Univ, Dept Comp Sci, CY-2001 Strovolos, Cyprus; [Ioannou, Iacovos I.] Univ Cyprus, Dept Comp Sci, CY-2109 Nicosia, Cyprus; [Ioannou, Iacovos I.] CYENS Ctr Excellence, Nicosia 1016, Cyprus; [Javaid, Saher] Kanazawa Gakuin Univ, Fac Informat Engn, 10 Suemachi, Ishikawa 9201392, Japan; [Javaid, Saher; Tan, Yasuo] Japan Adv Inst Sci & Technol, Sch Informat Sci, Ishikawa 9231211, Japan; [Bezha, Minella; Nagaoka, Naoto] Doshisha Univ, Int Infrastruct Syst Res Ctr, Kyoto 6020898, Japan","","Ioannou, II (corresponding author), Philips Univ, Dept Comp Sci, CY-2001 Strovolos, Cyprus.;Ioannou, II (corresponding author), Univ Cyprus, Dept Comp Sci, CY-2109 Nicosia, Cyprus.;Ioannou, II (corresponding author), CYENS Ctr Excellence, Nicosia 1016, Cyprus.","ioannou.iakovos@philipsuni.ac.cy; saher@kanazawa-gu.ac.jp; mbezha@mail.doshisha.ac.jp; ytan@jaist.ac.jp; nnagaoka@mail.doshisha.ac.jp; vasosv@ucy.ac.cy","","","","","","","","0","0","","","","","","","","","","","MAY 7","2026","19","10","","","","","","","2262","10.3390/en19102262","0","","MAY 2026","","","","","","","Green Submitted, gold","","","2026-10-01","WOS:001774411000001","0"
"J","Manivannan, A; Amalanathan, A","","","","Manivannan, Aravindhan; Amalanathan, Anthoniraj","","","GeoForensic-AI: A Lightweight and Explainable Forensic AI Framework for Modern Digital Ecosystems","IEEE ACCESS","","","English","Article","","","","","","Telemetry; Aerospace and electronic systems; Filtering; Filters; Recommender systems; Central Processing Unit; Information filtering; Circuits and systems; IP networks; Communication systems; Digital forensics; explainable AI; federated learning; causal inference; network security; cybersecurity; attack chain reconstruction; intrusion detection; privacy preservation; SHAP; log integrity; anomaly detection; temporal graph neural networks","DECISION-MAKING; INTERNET; DATASET; IOT","Modern digital ecosystems are becoming increasingly complex and heterogeneous, necessitating sophisticated forensic frameworks to contend with effective post-incident analytical tasks. This paper presents a new lightweight and explainable framework that combines state-of-the-art Explainable AI (XAI) methods, federated learning, causal inference, and privacy-preserving techniques to improve forensic analysis and computational efficiency with a lightweight, modular, and deployment-ready design. In the present framework, geo-location tagged event traces are utilised to improve detection accuracy, and attack chains are reconstructed by utilising causal graphs. The framework is designed to be scalable and adaptable and is built for hybrid and standalone deployment modes to integrate seamlessly with current Intrusion Detection System (IDS) and Intrusion Prevention System (IPS) infrastructure.The framework achieves a weighted-average detection accuracy of 98.1% (F1: 95.9%) across five benchmark datasets (UNSW-NB15, CICIDS2017, NSL-KDD, TON-IoT, and Bot-IoT), outperforming existing systems including XAI (90%), Log-driven anomalies (87%), and DFIRChain (83%). The framework achieves a per-event detection latency of 2.3-2.8 seconds with an explainability score of 0.91-0.96 and a memory footprint of only 62 MB, compared to 89-210 MB for competing frameworks. The framework integrates federated learning (FedAvg, DP-FedProx) with differential privacy ( epsilon=1.0,delta=10(-5) ) for privacy-preserving collaborative analysis across institutions. The ablation study confirms that all four principal components such as causal graphs, SHAP-based explainability, federated learning, and snapshot integrity contribute materially to overall system performance.","[Manivannan, Aravindhan; Amalanathan, Anthoniraj] Vellore Inst Technol, Sch Comp Sci & Engn, Vellore 632014, India","","Amalanathan, A (corresponding author), Vellore Inst Technol, Sch Comp Sci & Engn, Vellore 632014, India.","aanthoniraj@vit.ac.in","","","","","","","","0","0","","","","","","","","","","","","2026","14","","","","","","96450","96467","","10.1109/ACCESS.2026.3686828","0","","","","","","","","","gold","","","2026-10-01","WOS:001819879600031","0"
"J","Hämäläinen, M; Sormaala, M; Kaseva, T; Salli, E; Savolainen, S; Kangasniemi, M","","","","Hamalainen, Mathias; Sormaala, Markus; Kaseva, Tuomas; Salli, Eero; Savolainen, Sauli; Kangasniemi, Marko","","","Automatic segmentation of extensor carpi ulnaris tendon and detection of tendinosis with convolutional neural networks","ACTA RADIOLOGICA OPEN","","","English","Article","","","","","","segmentation; MR-imaging; tendons; computer applications-detection; diagnosis; wrist","MAGNETIC-RESONANCE","Background: Extensor Carpi Ulnaris (ECU) tendinosis, a frequent cause of chronic wrist pain, requires prompt diagnosis to prevent disability. This study demonstrates the use of convolutional neural networks (CNNs) for automated detection and segmentation of the ECU tendon and tendinosis in 2D axial wrist MRI. Purpose: To develop a CNN for the automated detection of ECU tendon and automatic delineation of tendinosis in 2D wrist MRI. The study serves as a proof-of-concept, demonstrating the feasibility of automating the segmentation of musculoskeletal structures in wrist MRI and offering an efficient solution for detecting tendinosis. Material and Methods: In a retrospective analysis of 1081 patients undergoing wrist MRI imaging, 46 patients exhibited tendinosis. Two deep learning-based methods for segmenting the ECU tendon and T2 hyperintense lesions indicative of tendinosis from 2D axial wrist MRI series were developed and compared in this study. Both methods were trained and evaluated over all 46 patients using Dice score as the main evaluation metric. Results: The mean ECU tendon segmentation Dice score ranged from 0.61 to 0.64 (+/- 0.27 to 0.31). Tendinosis detection yielded a Dice score of 0.38 for both the threshold method (+/- 0.19) and the CNN (+/- 0.22). A Dice score > 0.50 indicated successful detection, with our methods achieving a detection rate of 72-76%. Conclusion: The developed CNN effectively detected and segmented the ECU tendon in 2D MRI series. Tendinosis was detected with comparable accuracy using both signal intensity thresholding and the trained CNN method.","[Hamalainen, Mathias; Sormaala, Markus; Kaseva, Tuomas; Salli, Eero; Kangasniemi, Marko] Univ Helsinki, Helsinki Univ Hosp, HUS Diagnost Ctr, Dept Radiol, Karvasmaentie 8, Espoo 02740, Finland; [Hamalainen, Mathias; Sormaala, Markus; Kaseva, Tuomas; Salli, Eero; Kangasniemi, Marko] Jorvi Hosp, Karvasmaentie 8, Espoo 02740, Finland; [Savolainen, Sauli] Univ Helsinki, Dept Phys, Helsinki, Finland","","Hämäläinen, M (corresponding author), Univ Helsinki, Helsinki Univ Hosp, HUS Diagnost Ctr, Dept Radiol, Karvasmaentie 8, Espoo 02740, Finland.;Hämäläinen, M (corresponding author), Jorvi Hosp, Karvasmaentie 8, Espoo 02740, Finland.","mathias.hamalainen@hus.fi","","","","","","","","0","0","","","","","","","","","","","NOV","2024","13","11","","","","","","","20584601241297528","10.1177/20584601241297530","0","","","","","","","","","Green Submitted, gold","","","2026-10-01","WOS:001367887200001","0"
"J","Cheng, CS; Chang, KC; Chen, HC; Chou, CL","","","","Cheng, Chia-Sheng; Chang, Ko-Chien; Chen, Hsing-Chung; Chou, Chao-Lung","","","Continuous Smartphone Authentication via Multimodal Biometrics and Optimized Ensemble Learning","MATHEMATICS","","","English","Article","","","","","","zero trust; continuous authentication; multimodal biometrics; ensemble learning; smartphone","TOUCHSCREEN INPUT","The ubiquity of smartphones has transformed them into primary repositories of sensitive data; however, traditional one-time authentication mechanisms create a critical trust gap by failing to verify identity post-unlock. Our aim is to mitigate these vulnerabilities and align with the Zero Trust Architecture (ZTA) framework and philosophy of never trust, always verify, as formally defined by the National Institute of Standards and Technology (NIST) in Special Publication 800-207. This study introduces a robust continuous authentication (CA) framework leveraging multimodal behavioral biometrics. A dedicated application was developed to synchronously capture touch, sliding, and inertial sensor telemetry. For feature modeling, a heterogeneous deep learning pipeline was employed to capture modality-specific characteristics, utilizing Convolutional Neural Networks (CNNs) for sensor data, Long Short-Term Memory (LSTM) networks for curvilinear sliding, and Gated Recurrent Units (GRUs) for discrete touch. To resolve performance degradation caused by class imbalance in Zero Trust environments, a Grid Search Optimization (GSO) strategy was applied to optimize a weighted voting ensemble, identifying the global optimum for decision thresholds and modality weights. Empirical validation on a dataset of 35,519 samples from 15 subjects demonstrates that the optimized ensemble achieves a peak accuracy of 99.23%. Sensor kinematics emerged as the primary biometric signature, followed by touch and sliding features. This framework enables high-precision, non-intrusive continuous verification, bridging the critical security gap in contemporary mobile architectures.","[Cheng, Chia-Sheng; Chang, Ko-Chien; Chou, Chao-Lung] Feng Chia Univ, Dept Informat Engn & Comp Sci, Taichung 40724, Taiwan; [Chen, Hsing-Chung] Asia Univ, Dept Comp Sci & Informat Engn, Taichung 41354, Taiwan; [Chen, Hsing-Chung] China Med Univ, China Med Univ Hosp, Taichung, Taiwan; [Chou, Chao-Lung] Feng Chia Univ, Masters Program Informat & Commun Secur, Taichung 40724, Taiwan","","Chou, CL (corresponding author), Feng Chia Univ, Dept Informat Engn & Comp Sci, Taichung 40724, Taiwan.;Chou, CL (corresponding author), Feng Chia Univ, Masters Program Informat & Commun Secur, Taichung 40724, Taiwan.","p1300163@o365.fcu.edu.tw; m1330398@o365.fcu.edu.tw; cdma2000@asia.edu.tw; clchou@o365.fcu.edu.tw","","","","","","","","0","0","","","","","","","","","","","JAN 15","2026","14","2","","","","","","","311","10.3390/math14020311","0","","","","","","","","","Green Submitted, gold","","","2026-10-01","WOS:001670974900001","0"
"J","Luo, LX; Gao, XP; Pang, T; Pang, KF; Wang, TY; Guo, H; Yang, L; Chang, SH","","","","Luo, Lingxue; Gao, Xuping; Pang, Tao; Pang, Kaifang; Wang, Tianyun; Guo, Hui; Yang, Li; Chang, Suhua","","","Decomposing the genetic risk of autism spectrum disorder into discrete molecular subtypes underlie clinical heterogeneity based on transcriptome profile","JOURNAL OF TRANSLATIONAL MEDICINE","","","English","Article","","","","","","ASD; Decomposition; Molecular subtypes; Precision stratification","COEXPRESSION NETWORKS; CANDIDATE GENES; HUMAN BRAIN; PATHWAYS; REVEALS; EXPRESSION; PREDICTION; IMPUTATION; IMPACTS; COMMON","Background Autism spectrum disorder (ASD) is a highly heterogeneous neurodevelopmental condition with a complex genetic architecture. While over a thousand risk genes have been cataloged, a fundamental challenge remains how this vast genetic landscape translates into diverse clinical manifestations. To address this, we propose a many-to-few framework, shifting from traditional many-to-one convergence model toward an intrinsic organizational architecture where disparate ASD risk genes funnel into discrete molecular dimensions.Methods By leveraging similarity network fusion (SNF) to integrate bulk and single-nucleus RNA sequencing data, we decomposed the 311 ASD reliable risk genes into three stable, spatiotemporally distinct molecular subtypes. These subtypes represent coordinated expression programs that integrate functionally diverse genes, such as those involved in synaptic signaling, mRNA stabilization, and histone modification. Mapping de novo variants from the SPARK cohort onto these subtypes enabled stratification of probands into three genetically defined subgroups (S1-S3) with divergent clinical profiles.Results Transcriptomic decomposition partitioned the 311 reliable risk genes into three stable molecular subtypes, Synaptic Signaling (C1), mRNA Stabilization (C2), and Histone Modification (C3), exhibiting divergent spatiotemporal trajectories and cell-type-specific enrichment. Patient subgroups stratified based on these molecular subtypes displayed significant differences in adaptive functioning, core symptoms, and psychiatric comorbidities, while a reference group (S4) lacking de novo variants of these highly reliable ASD risk genes exhibited the most preserved functions. Furthermore, diverging rare and common genetic liability profiles across subgroups, particularly between S1 and S3, provide empirical support for a molecular subtype-based liability threshold model.Conclusions Our study establishes a biologically informed framework that links intrinsic molecular subtypes to multidimensional phenotypic constellation, advancing mechanistic insight and offering translational potential for precision stratification and intervention.","[Luo, Lingxue; Gao, Xuping; Pang, Tao; Yang, Li; Chang, Suhua] Peking Univ, Peking Univ Sixth Hosp, Natl Clin Res Ctr Mental Disorders, NHC Key Lab Mental Hlth,Inst Mental Hlth, 51 Huayuan Bei Rd, Beijing 100191, Peoples R China; [Pang, Kaifang] Anhui Univ, Sch Artificial Intelligence, Hefei 230601, Peoples R China; [Wang, Tianyun] Peking Univ, Ctr Med Genet, Autism Res Ctr, Sch Basic Med Sci,Hlth Sci Ctr,Dept Med Genet, Beijing, Peoples R China; [Wang, Tianyun] Peking Univ, Neurosci Res Inst, Key Lab Neurosci, Minist Educ China & Natl Hlth Commiss China, Beijing, Peoples R China; [Guo, Hui] Cent South Univ, Sch Life Sci, Changsha, Hunan, Peoples R China; [Guo, Hui] Hunan Key Lab Anim Models Human Dis, Changsha, Hunan, Peoples R China","","Yang, L; Chang, SH (corresponding author), Peking Univ, Peking Univ Sixth Hosp, Natl Clin Res Ctr Mental Disorders, NHC Key Lab Mental Hlth,Inst Mental Hlth, 51 Huayuan Bei Rd, Beijing 100191, Peoples R China.","yangli_pkuimh@bjmu.edu.cn; changsh@bjmu.edu.cn","","","","","","","","0","0","","","","","","","","","","","JUN 3","2026","24","1","","","","","","","1009","10.1186/s12967-026-08364-y","0","","JUN 2026","","","","","","","Green Submitted, gold","","","2026-10-01","WOS:001842864300001","0"
"J","Mao, DM; Wang, MZ","","","","Mao, Demei; Wang, Mingzhu","","","Encrypted Search Method for Cloud Computing Data Under Attack Based on TF-IDF and Apriori Algorithm","APPLIED ARTIFICIAL INTELLIGENCE","","","English","Article","","","","","","","STORAGE","This paper designs the MKSE and SEMSS methods. Among them, MKSE uses an improved TF-IDF weight calculation method to extract keywords and applies virtual keywords to construct inverted indexes, making it difficult for malicious attackers to infer the index content easily. SEMSS uses the Apriori algorithm to mine the co-occurrence relationship between words and find the keyword set that meets the minimum support threshold to improve the recall rate of search results. Finally, the security of the scheme is verified from the aspects of semantic security, effici this paper designsency, data integrity, etc. The results showed that the data encryption time of MKSE and TRSE methods increased gradually with the increase in document collection storage. The index build time was increased as the document set grew. The accuracy of the improved TF-IDF method was 63.8%. The running time of Apriori decreased with the increase of minimum support. When the minimum support was 12.0%, the Apriori algorithm ran for 211 seconds. The MKSE method was more efficient than the TRSE method in searching documents by query keywords. When the document set size was 3000, the SEMSS method had a full search rate of 81.09%. This research realizes the semantic security of outsourced data, which can efficiently and comprehensively carry out cryptographic retrieval based on keyword sorting.","[Mao, Demei] West Anhui Univ, Sch Elect & Informat Engn, Luan, Peoples R China; [Wang, Mingzhu] West Anhui Univ, Expt & Training Teaching Management Dept, West Yunlu Bridge, Luan City 237012, Peoples R China","","Wang, MZ (corresponding author), West Anhui Univ, Expt & Training Teaching Management Dept, West Yunlu Bridge, Luan City 237012, Peoples R China.","wangmingz1216@163.com","","","","","","","","0","0","","","","","","","","","","","DEC 31","2025","39","1","","","","","","","2449303","10.1080/08839514.2024.2449303","0","","","","","","","","","Green Submitted, gold","","","2026-10-01","WOS:001406120800001","0"
"J","Garcia-Fernandez, M; Molera, MJ; Gallardo, AC; Aliane, N; Andres, JF","","","","Garcia-Fernandez, Manuel; Molera, Maria Juarez; Gallardo, Adrian Canadas; Aliane, Nourdine; Fernandez Andres, Javier","","","ANAID: Autonomous Naturalistic Obstacle-Avoidance Interaction Dataset","DATA","","","English","Article","","","","","","autonomous driving; naturalistic driving; obstacle avoidance","","This paper presents ANAID (Autonomous Naturalistic obstacle-Avoidance Interaction Dataset), a new multimodal dataset designed to support research on autonomous driving, particularly with regard to obstacle avoidance and naturalistic driver-vehicle interaction. Data were collected using a Hyundai Tucson Hybrid equipped with a Comma-3X autonomous-driving development kit, combining high-resolution front-facing video with detailed CAN-bus telemetry. The dataset comprises four data collection campaigns, each corresponding to a single continuous driving session, yielding a total of 208 videos and 240,014 synchronized frames. In addition to the video data, the dataset provides vehicle state measurements (speed, acceleration, steering, pedal positions, turn signals, etc.) and an additional annotation layer identifying evasive maneuvers derived from steering-related signals. Data were recorded across four driving campaigns on an urban circuit at Universidad Europea de Madrid, capturing diverse real-world scenarios such as roundabouts, intersections, pedestrian areas, and segments requiring obstacle avoidance. A multi-stage processing pipeline aligns telemetry and visual data, extracts frames at 20 FPS, and detects evasive maneuvers using threshold-based time-series analysis. ANAID provides a fully aligned and non-destructive representation of naturalistic driving behavior, enabling research on control prediction, driver modeling, anomaly detection, and human-autonomy interaction in realistic traffic conditions.","[Garcia-Fernandez, Manuel; Molera, Maria Juarez; Gallardo, Adrian Canadas] Univ Europea Madrid, Dept Comp & Technol, Madrid 28670, Spain; [Aliane, Nourdine; Fernandez Andres, Javier] Univ Europea Madrid, Dept Engn, Madrid 28670, Spain","","Garcia-Fernandez, M (corresponding author), Univ Europea Madrid, Dept Comp & Technol, Madrid 28670, Spain.","manuel.garcia2@universidadeuropea.es; 22255602@live.uem.es; adrian.canadas@universidadeuropea.es; nourdine.aliane@universidadeuropea.es; javier.fernandez@universidadeuropea.es","","","","","","","","0","0","","","","","","","","","","","APR 8","2026","11","4","","","","","","","77","10.3390/data11040077","0","","APR 2026","","","","","","","Green Submitted, gold","","","2026-10-01","WOS:001751742800001","0"
"J","Liu, HB; Cao, JN; Cao, YF; Bai, DB; Liang, JW; Li, RD","","","","Liu, Hongbo; Cao, Jiannong; Cao, Yinfeng; Bai, Dongbin; Liang, Jinwen; Li, Ruidong","","","EdenDID: an edge computing and blockchain-based decentralized identity system for Web3 applications and DePIN","CLUSTER COMPUTING-THE JOURNAL OF NETWORKS SOFTWARE TOOLS AND APPLICATIONS","","","English","Article","","","","","","Web3; Decentralized Identity; Edge Computing; Blockchain; DePIN","SIGNATURES; MANAGEMENT; SYBIL","Blockchain wallet manages decentralized identities in Web3, which allows users to identify themselves in a verifiable yet anonymous manner by digital signatures. However, native wallet scheme has been proven vulnerable to Sybil attacks in practice, where adversaries can easily create large numbers of controlled wallets at a low cost to undermine Web3 applications. To this end, many solutions are proposed for mitigating Sybil attacks. Nevertheless, they typically rely on either costly specialized biometric hardware or behavior-based heuristics that can be easily bypassed. In this paper, we introduce EdenDID, the first trinity-bound identity management system that uniquely binds human user, wallet address, and physical device into a unified framework. EdenDID combines edge-based video recognition, on-chain transactional activity analysis, and device computational power verification to establish a decentralized Proof-of-Trustworthiness consensus. The system provides compliant users with a trusted, verifiable credential to prove their unique identity. We prototype low-cost Eden Devices and deploy them on a Layer-2 blockchain network. Our experiments demonstrate the low end-to-end latency and robust resistance performance to Sybil attacks. Moreover, we present a case study to show how EdenDID can mitigate virtual-hardware fraud in DePIN, in which EdenDID successfully binds the user, wallet, and device uniquely, thus preventing users from binding multiple wallets or devices.","[Liu, Hongbo; Cao, Jiannong; Cao, Yinfeng; Bai, Dongbin; Liang, Jinwen] Hong Kong Polytech Univ, Dept Comp, Hong Kong, Peoples R China; [Cao, Yinfeng] Hong Kong Coll Technol, Hong Kong, Peoples R China; [Li, Ruidong] Kanazawa Univ, Inst Sci & Engn, Kanazawa, Japan","","Cao, YF (corresponding author), Hong Kong Polytech Univ, Dept Comp, Hong Kong, Peoples R China.;Cao, YF (corresponding author), Hong Kong Coll Technol, Hong Kong, Peoples R China.","hong-bo.liu@connect.polyu.hk; csjcao@comp.polyu.edu.hk; csyfcao@comp.polyu.edu.hk; dong-bin.bai@connect.polyu.edu.hk; jinwen.liang@polyu.edu.hk; liruidong@ieee.org","","","","","","","","1","1","","","","","","","","","","","OCT 17","2025","28","16","","","","","","","1048","10.1007/s10586-025-05746-7","0","","","","","","","","","Green Published, Green Submitted, hybrid","","","2026-10-01","WOS:001597096900043","0"
"J","Syed, TA; Akarma, A; Alatify, A; Naqash, MT; Alqurashi, A","","","","Syed, Toqeer Ali; Akarma, Ali; Alatify, Ali; Naqash, Muhammad Tayyab; Alqurashi, Abdulaziz","","","Agentic AI-enhanced digital twins for Smart City civil infrastructure: A secure, autonomous and auditable management framework","PLOS ONE","","","English","Article","","","","","","","CITIES; TECHNOLOGY; CHALLENGES","Smart city implementation increasingly relies on sensing and analytics; however, a persistent operational gap remains between anomaly detection and safe, timely, and accountable intervention in civil infrastructure systems. This paper proposes an Agentic AI-supported Digital Twin framework for smart city civil infrastructure management, where monitoring and action are linked and auditability is maintained. The Digital Twin continuously updates asset and network models of bridges, roads, and water infrastructure using multi-stream telemetry, incorporating state estimation, predictive maintenance, and what-if simulation services. At the orchestration layer, an agent-based Perception-Conceptualization-Action workflow implemented with LangChain and LangGraph enables cross-domain reasoning and coordinated mitigation planning through controlled API calls to municipal data. A permissioned blockchain cryptographically binds observations, approvals, and executed interventions, ensuring provenance, governance, and tamper evidence. To evaluate the framework, 18,000 incident simulations were conducted across five architectural configurations and three scenario complexity levels over 30 independent runs. This simulation study characterises framework behaviour under controlled stochastic conditions and does not constitute real-world operational validation. Ablation analysis isolates each component's contribution, demonstrating that latency and mitigation gains are primarily attributable to multi-agent orchestration, while the blockchain layer drives decision auditability. Across all configurations, the fully agentic system substantially outperforms the rule-based baseline: mean detection latency of 3,197 s vs. 39,374 s, mitigation success rate of 66.2% vs. 45.5%, blockchain-anchored decision justification of 71.8% vs. 0%, and operator workload reduction of 91.7% vs. 0%. These results demonstrate that combining simulation-enabled digital twins with governance-aware agentic orchestration measurably improves response efficiency, recommendation quality, and action accountability within the bounds of a synthetic evaluation environment.","[Syed, Toqeer Ali; Akarma, Ali] Islamic Univ Madinah, Fac Comp & Informat Syst, AI Ctr, Madinah, Saudi Arabia; [Akarma, Ali] King Fahd Univ Petr & Minerals, AI V&V Lab, Dhahran, Saudi Arabia; [Alatify, Ali] Prince Sattam Bin Abdulaziz Univ, Dept Civil Engn, Al Kharj, Saudi Arabia; [Naqash, Muhammad Tayyab; Alqurashi, Abdulaziz] Islamic Univ Madinah, Fac Engn, Civil Engn Dept, Madinah, Saudi Arabia","","Syed, TA; Akarma, A (corresponding author), Islamic Univ Madinah, Fac Comp & Informat Syst, AI Ctr, Madinah, Saudi Arabia.;Akarma, A (corresponding author), King Fahd Univ Petr & Minerals, AI V&V Lab, Dhahran, Saudi Arabia.","toqeer@iu.edu.sa; 443059463@stu.iu.edu.sa","","","","","","","","2","2","","","","","","","","","","","JUL 17","2026","21","7","","","","","","","e0353610","10.1371/journal.pone.0353610","0","","JUL 2026","","","","","","","Green Submitted, gold","","","2026-10-01","WOS:001824849100026","0"
"J","Li, Y; Li, HH; Zhang, C; Zhao, YF; Yang, ZL","","","","Li, Yan; Li, Huanhuan; Zhang, Chao; Zhao, Yunfeng; Yang, Zaili","","","Incorporation of adaptive compression into a GPU parallel computing framework for analyzing large-scale vessel trajectories","TRANSPORTATION RESEARCH PART C-EMERGING TECHNOLOGIES","","","English","Article","","","","","","Trajectory compression; Parallel computing; Graphics processing unit (GPU); Unmanned ships; Maritime safety","ALGORITHM","Automatic Identification System (AIS) offers a wealth of vessel navigation data, which underpins research in maritime data mining, situational awareness, and knowledge discovery within the realm of intelligent transportation systems. The flourishing marine industry has prompted AIS satellites and base stations to generate massive amounts of vessel trajectory data, escalating both data storage and calculation costs. The conventional Douglas-Peucker (DP) algorithm used for trajectory compression sets a uniform threshold, which hampers effective compression. Additionally, compressing and accelerating the computation of large datasets poses a significant challenge in real-world applications. To address these limitations, this paper aims to develop a new Graphics Processing Unit (GPU) parallel computing and compression framework that enables the acceleration of the optimal threshold calculation for each trajectory automatically in maritime big data mining. It achieves this by incorporating a new Adaptive DP with Speed and Course (ADPSC) algorithm, which utilizes the dynamic navigation characteristics of different vessels. It can effectively solve the associated computational time cost concern when using the ADPSC algorithm to compress vast trajectory datasets in the real world. Additionally, this paper proposes a novel evaluation metric for assessing compression efficacy based on the Dynamic Time Warping (DTW) method. Comprehensive experiments encompass vessel trajectory datasets from three representative research areas: Tianjin Port, Chengshan Jiao Promontory, and Caofeidian Port. The experimental results demonstrate that 1) the newly developed ADPSC method outperforms in terms of compression, and 2) the designed GPU parallel computing framework can significantly shorten the compression time for extensive datasets. The GPU-accelerated compression methodology not only minimizes storage and transmission costs for data from both manned and unmanned vessels but also enhances data processing speed, supporting real-time decision-making. From a theoretical perspective, it provides the key to the puzzle of realizing the real-time anticollision of manned and unmanned ships, particularly in complex waters. It hence makes significant contributions to maritime safety in the autonomous shipping era.","[Li, Yan; Zhang, Chao] Wuhan Univ, State Key Lab Informat Engn Surveying, Mapping & Remote Sensing, Wuhan, Peoples R China; [Li, Huanhuan; Zhao, Yunfeng; Yang, Zaili] Liverpool John Moores Univ, Offshore & Marine LOOM Res Inst, Liverpool Logist, Liverpool, England","","Li, HH; Yang, ZL (corresponding author), Liverpool John Moores Univ, Offshore & Marine LOOM Res Inst, Liverpool Logist, Liverpool, England.","H.Li2@ljmu.ac.uk; Z.Yang@ljmu.ac.uk","","","","","","","","16","18","","","","","","","","","","","JUN","2024","163","","","","","","","","104648","10.1016/j.trc.2024.104648","0","","MAY 2024","","","","","","","hybrid","","","2026-10-01","WOS:001240424900001","0"
"J","El-Hajj, M; Zeineddine, MA","","","","El-Hajj, Mohammed; Zeineddine, Mohammad Al Jawad","","","Advanced behavioral malware detection: a comprehensive MLOps framework with federated learning and real-time drift detection","FRONTIERS IN ARTIFICIAL INTELLIGENCE","","","English","Article","","","","","","behavioral malware detection; concept drift adaptation; federated learning; LightGBM optimization; LOEO cross-validation; real-time threat detection","CHALLENGES","This paper presents a comprehensive MLOps framework for behavioral malware detection that addresses critical challenges in generalization, collaboration, and operational resilience. We introduce three methodological contributions: (1) a formalized Leave-One-Experiment-Out (LOEO) validation protocol that provides conservative assessment of generalization to novel attack methodologies, revealing a 12.3% accuracy drop compared to conventional evaluation; (2) a domain-optimized feature engineering pipeline that transforms raw process telemetry into hierarchical behavioral signatures while maintaining 99.2% accuracy with 50% reduced inference latency; and (3) a hybrid federated learning architecture enabling privacy-preserving collaboration with 75.1% accuracy while maintaining (epsilon, delta)-differential privacy guarantees (epsilon = 3.2, delta = 10(-5)). A real-time drift detection engine with sub-500 ms latency identifies concept drift using ensemble detection and triggers automated retraining with total recovery time < 5 min (mean 4.2 min). Comprehensive evaluation across 2.74 million behavioral samples from 104 distinct malware experiments validates our approach using up to 104 federated clients, achieving 10,000+ events/s throughput in simulated environments. Architectural projections based on hierarchical aggregation suggest potential scalability to 5,000+ clients, though this remains unvalidated future work. This work bridges the gap between academic research and operational cybersecurity requirements through a production-oriented MLOps implementation.","[El-Hajj, Mohammed] Arab Open Univ AOU, Fac Comp Studies FCS, Beirut, Lebanon; [Zeineddine, Mohammad Al Jawad] Univ St Joseph USJ, Ecole Super Ingn Beyrouth ESIB, Beirut, Lebanon","","El-Hajj, M (corresponding author), Arab Open Univ AOU, Fac Comp Studies FCS, Beirut, Lebanon.","mhajj@aou.edu.lb","","","","","","","","0","0","","","","","","","","","","","MAY 11","2026","9","","","","","","","","1811692","10.3389/frai.2026.1811692","0","","","","","","","","","Green Submitted, gold","","","2026-10-01","WOS:001775196100001","0"
"J","Kim, C; Ko, G; Paeng, DG","","","","Kim, Changsoo; Ko, GuhnHyeok; Paeng, Dong-Guk","","","Beyond approach distance: A drone-hydrophone integrated framework for quantifying vessel noise masking risk to free ranging wild dolphins","ECOLOGICAL INFORMATICS","","","English","Article","","","","","","Indo-Pacific bottlenose dolphin; Vessel noise level; Noise exposure estimation; Multi-sensor data fusion","BOTTLE-NOSED DOLPHINS; WHALE-WATCHING BOATS; TURSIOPS-TRUNCATUS; NONLETHAL DISTURBANCE; MARINE MAMMALS; SARASOTA BAY; ORCINUS-ORCA; BEHAVIOR; COMMUNICATION; IMPACT","Quantifying received noise levels at georeferenced positions of free-ranging marine mammals requires the fusion of heterogeneous, high-resolution data streams from multiple sensor modalities - a challenge that has not been addressed. This study presents an ecological informatics framework that integrates drone-based aerial video, YOLO-based vessel detection, a custom geoconversion algorithm (GeoConvertor) for pixel-to-geographic coordinate transformation using flight telemetry, and concurrent passive acoustic monitoring to estimate vesselspecific acoustic source levels and spatially explicit noise exposure at georeferenced animal positions. The framework was deployed in a coastal dolphin-watching setting off Jeju Island, South Korea, processing 187 vessel passage tracks across four vessel categories and 471 annotated Indo-Pacific bottlenose dolphin (Tursiops aduncus) surfacing events over 11 observation days. The GeoConvertor achieved sub-metric frame-to-frame positional stability (mean error: 0.15 +/- 0.08 m), with velocity estimation RMSE of 1.27-3.11 km/h (0.68-1.68 kt) for landbased targets across speeds of 15-35 km/h and 0.23-0.79 kt for maritime targets across speeds of 3-18 kt at 100 m operational altitude. Linear regression of drone-derived vessel speed against hydrophone-measured source levels revealed strongly vessel-category-dependent relationships, with slope coefficients ranging from 0.17 to 1.77 dB/kt across frequency bands overlapping the dolphin whistle range (5.3-12.5 kHz). Dolphin-centric spatial analysis and threshold exceedance mapping showed that small-sized boats exhibited the highest proportion of encounters exceeding the conservative 3 dB masking criterion (93%). In comparison, large-sized boats showed the high exceedance of the 6 dB threshold (25%) despite maintaining greater standoff distances, with vessel type - rather than proximity - emerging as the dominant predictor of noise exposure. The framework demonstrates how multi-sensor data fusion and deep learning-based object detection can generate ecologically actionable, spatially explicit noise exposure estimates at georeferenced animal surfacing positions that are inaccessible to any single monitoring modality and are potentially transferable to other cetacean tourism settings and vessels noise monitoring contexts.","[Kim, Changsoo] Jeju Natl Univ, Res Inst Basic Sci, Jeju 63243, South Korea; [Ko, GuhnHyeok; Paeng, Dong-Guk] Jeju Natl Univ, Dept Ocean Syst Engn, Jeju 63243, South Korea","","Kim, C (corresponding author), Jeju Natl Univ, Res Inst Basic Sci, Jeju 63243, South Korea.","yustchangjnu@jejunu.ac.kr","","","","","","","","0","0","","","","","","","","","","","SEP","2026","98","","","","","","","","103958","10.1016/j.ecoinf.2026.103958","0","","AUG 2026","","","","","","","gold","","","2026-10-01","WOS:001845100000001","0"
"J","Babu, ES; Rao, MS; Swain, G; Nikhath, AK; Kaluri, R","","","","Babu, Erukala Suresh; Rao, Mekala Srinivasa; Swain, Gandharba; Nikhath, A. Kousar; Kaluri, Rajesh","","","Fog-Sec: Secure end-to-end communication in fog-enabled IoT network using permissioned blockchain system","INTERNATIONAL JOURNAL OF NETWORK MANAGEMENT","","","English","Article","","","","","","attacks; blockchain; fog network; IoT; security","AUTHENTICATION SCHEME; INTERNET; EDGE","The technological integration of the Internet of Things (IoT)-Cloud paradigm has enabled intelligent linkages of things, data, processes, and people for efficient decision making without human intervention. However, it poses various challenges for IoT networks that cannot handle large amounts of operation technology (OT) data due to physical storage shortages, excessive latency, higher transfer costs, a lack of context awareness, impractical resiliency, and so on. As a result, the fog network emerged as a new computing model for providing computing capacity closer to IoT edge devices. The IoT-Fog-Cloud network, on the other hand, is more vulnerable to multiple security flaws, such as missing key management problems, inappropriate access control, inadequate software update mechanism, insecure configuration files and default passwords, missing communication security, and secure key exchange algorithms over unsecured channels. Therefore, these networks cannot make good security decisions, which are significantly easier to hack than to defend the fog-enabled IoT environment. This paper proposes the cooperative flow for securing edge devices in fog-enabled IoT networks using a permissioned blockchain system (pBCS). The proposed fog-enabled IoT network provides efficient security solutions for key management issues, communication security, and secure key exchange mechanism using a blockchain system. To secure the fog-based IoT network, we proposed a mechanism for identification and authentication among fog, gateway, and edge nodes that should register with the blockchain network. The fog nodes maintain the blockchain system and hold a shared smart contract for validating edge devices. The participating fog nodes serve as validators and maintain a distributed ledger/blockchain to authenticate and validate the request of the edge nodes. The network services can only be accessed by nodes that have been authenticated against the blockchain system. We implemented the proposed pBCS network using the private Ethereum 2.0 that enables secure device-to-device communication and demonstrated performance metrics such as throughput, transaction delay, block creation response time, communication, and computation overhead using state-of-the-art techniques. Finally, we conducted a security analysis of the communication network to protect the IoT edge devices from unauthorized malicious nodes without data loss. This paper explores a secure, efficient solution using a blockchain-based fog network for secure communication among IoT-enabled edge devices. The proposed work provides an improved secure IoT architecture that provides secure device-to-device communication using fog nodes and gateway in a fog-based blockchain network in an adversarial environment. Finally, we performed experimental setups and security analysis of the proposed communication network to protect the IoT edges devices and compared it with the state-of-art work.image","[Babu, Erukala Suresh] Natl Inst Technol, Dept Comp Sci & Engn, Warangal, India; [Rao, Mekala Srinivasa] Lakireddy Bali Reddy Coll Engn, Dept CSE, Mylavaram, India; [Swain, Gandharba] Koneru Lakshmaiah Educ Fdn, Dept Artificial Intelligence & Data Sci, Vaddeswaram, India; [Nikhath, A. Kousar] VNR Vignana Jyothi Inst Engn & Technol Hyderabad, Dept CSE AIML & IoT, Hyderabad, India; [Kaluri, Rajesh] VIT, Sch Informat Technol & Engn, Vellore, India","","Babu, ES (corresponding author), Natl Inst Technol, Dept Comp Sci & Engn, Warangal, India.","esbabu@nitw.ac.in","","","","","","","","19","22","","","","","","","","","","","SEP","2023","33","5","","","SI","","","","","10.1002/nem.2248","0","","AUG 2023","","","","","","","Bronze","","","2026-10-01","WOS:001060318900001","0"
"J","Su, ZG; Gao, Q; Hao, JT; Wang, Y; Han, B","","","","Su, Zhigang; Gao, Qian; Hao, Jingtang; Wang, Yue; Han, Bing","","","Neighbor-Relationship-Based Adaptive Density Peak Clustering","IEEE ACCESS","","","English","Article","","","","","","Clustering algorithms; Spatial databases; Nearest neighbor methods; Prediction algorithms; Partitioning algorithms; Optimization; Machine learning algorithms; Kernel; Density measurement; Shape; Spatial clustering; density peak; uneven density; neighbor relationship; automatic clustering","K-NEAREST NEIGHBOR; FAST SEARCH; ALGORITHM; FIND","The Density Peak Clustering (DPC) algorithm encounters challenges such as difficulty in choosing cluster centers and the chain reaction caused by incorrect assignment of data points when clustering spatial datasets containing clusters with significant density differences or multi-peak clusters. To address these problems, in this paper, starting from enhancing the local density definition, optimizing the selection of cluster centers, and improving the assignment strategy of non-cluster center data points, an Adaptive DPC (NRA-DPC) algorithm is proposed based on the neighbor relationship. The NRA-DPC algorithm utilizes the reverse K-nearest neighbors of data points as the basis for defining the local density of data points and divides the spatial dataset into a core point set and a boundary point set based on the number of elements in the reverse K-nearest neighbor set of data points. The idea of iteration is adopted to select cluster centers from the core point set and assign non-cluster center data points, forming the initial clusters. For each initial cluster formed by the core point set, the corresponding minimum spanning tree (MST) is generated, and based on the average edge length of the MST, the assignment threshold of this cluster is set. The boundary point set completes the corresponding data point assignment task based on this assignment threshold and the mutual K-nearest neighbor relationship. Experimental results indicate that, compared with other typical clustering algorithms, the NRA-DPC algorithm can automatically select cluster centers, reduce the probability of incorrect assignment of non-cluster center data points, and effectively suppress the chain reaction triggered by incorrect assignment of non-cluster center data points, demonstrating more stable clustering performance when dealing with different datasets.","[Su, Zhigang; Gao, Qian; Hao, Jingtang; Han, Bing] Civil Aviat Univ China, Sino European Inst Aviat Engn, Tianjin 300300, Peoples R China; [Wang, Yue] Beijing Res Inst Telemetry, Informat Countermeasure Technol Lab, Beijing 100076, Peoples R China","","Su, ZG (corresponding author), Civil Aviat Univ China, Sino European Inst Aviat Engn, Tianjin 300300, Peoples R China.","ssrsu@vip.sina.com","","","","","","","","3","3","","","","","","","","","","","","2024","12","","","","","","192415","192439","","10.1109/ACCESS.2024.3518497","0","","","","","","","","","Green Submitted, gold","","","2026-10-01","WOS:001381332300027","0"
"J","Folhoffer, A; Zsély, B; Krolopp, A; Németh, D; Tóth, T; Lorinczi, C; Hagymási, K; Egresi, A; Bánhidi, C; Halász, J; Csongrády, B; Budai, BK; Stollmayer, R; Jakab, Z; Laki, A; Gyori, G; Rónaszéki, AD; Maurovich-Horvát, P; Szalay, F; Kaposi, PN; Takács, I","","","","Folhoffer, Aniko; Zsely, Boglarka; Krolopp, Anna; Nemeth, Daniel; Toth, Tamas; Lorinczi, Csaba; Hagymasi, Krisztina; Egresi, Anna; Banhidi, Csenge; Halasz, Judit; Csongrady, Barbara; Budai, Bettina Katalin; Stollmayer, Robert; Jakab, Zsuzsanna; Laki, Andras; Gyori, Gabriella; Ronaszeki, Aladar David; Maurovich-Horvat, Pal; Szalay, Ferenc; Kaposi, Pal Novak; Takacs, Istvan","","","Evaluation of Ultrasound-Based Parameters for the Assessment of Hepatic Steatosis and Fibrosis in Hungarian Wilson's Disease Patients","DIAGNOSTICS","","","English","Article","","","","","","Wilson's disease; steatofibrosis; non-invasive diagnosis; elastography; surveillance","TRANSIENT ELASTOGRAPHY; LIVER; CONSENSUS","Background: Wilson's disease (WD) is a genetic disorder of copper metabolism with over 600 disease-causing mutations, leading to variable hepatic and neurological symptoms. Early diagnosis and treatment are crucial. To evaluate hepatic involvement, serum scores and non-invasive imaging techniques complement histology. Methods: This pilot study assessed the utility of ultrasound-based tissue attenuation imaging (TAI), tissue scatter distribution imaging (TSI), and shear-wave elastography (SWE) for quantifying steatosis and fibrosis in WD. Results: Among 131 treated patients, 53 (mean age 40.5 +/- 13.1 years, M/F = 35/18) underwent measurements. Based on literature-validated thresholds, 41 patients did not have significant liver fibrosis, 5 patients had moderate (F2) and 4 advanced (F3) fibrosis, while 3 patients had cirrhosis. The LS (liver stiffness) was in moderate correlation with FIB-4 (r = 0.306, p < 0.03), NAFLD fibrosis index (r = 0.336, p < 0.02), and APRI (r = 0.31, p = 0.0857). Among the WD patients, 37 had no steatosis (S0), 14 had mild steatosis (S1), and 2 had intermediate steatosis (S2); none of them had severe steatosis (S3) based on UEFF calculation. LS correlated positively with calculated free copper and negatively with serum ceruloplasmin. Normal-BMI patients exhibited no significant steatosis (R2 = 0. 0065, p = 0.966) by ultrasound-estimated fat fraction (UEFF), while those with BMI > 25 kg/m(2) had increased UEFF correlating with BMI (R2 = 0.288, p < 0.015). Over a five-year follow-up using liver elastography, the fibrosis score did not progress significantly in adequately treated patients. Conclusions: Ultrasound with artificial intelligence-derived parameters supports the non-invasive evaluation of hepatic steatosis and fibrosis in WD, complementing clinical and laboratory data. However, population-specific liver stiffness thresholds are still needed.","[Folhoffer, Aniko; Krolopp, Anna; Nemeth, Daniel; Toth, Tamas; Banhidi, Csenge; Jakab, Zsuzsanna; Laki, Andras; Szalay, Ferenc; Takacs, Istvan] Semmelweis Univ, Dept Internal Med & Oncol, H-1083 Budapest, Hungary; [Zsely, Boglarka; Csongrady, Barbara; Budai, Bettina Katalin; Stollmayer, Robert; Gyori, Gabriella; Ronaszeki, Aladar David; Maurovich-Horvat, Pal; Kaposi, Pal Novak] Semmelweis Univ, Med Imaging Ctr, Dept Radiol, H-1082 Budapest, Hungary; [Krolopp, Anna] Semmelweis Univ, Dept Family Med, H-1092 Budapest, Hungary; [Lorinczi, Csaba] Natl Inst Oncol, H-1122 Budapest, Hungary; [Hagymasi, Krisztina; Egresi, Anna] Semmelweis Univ, Dept Surg Transplantat & Gastroenterol, H-1082 Budapest, Hungary; [Halasz, Judit] Semmelweis Univ, Dept Pathol Forens & Insurance Med, H-1092 Budapest, Hungary; [Budai, Bettina Katalin; Stollmayer, Robert] Heidelberg Univ Hosp, Clin Diagnost & Intervent Radiol DIR, D-69120 Heidelberg, Germany","","Folhoffer, A (corresponding author), Semmelweis Univ, Dept Internal Med & Oncol, H-1083 Budapest, Hungary.","folhoffer.aniko@semmelweis.hu","","","","","","","","0","0","","","","","","","","","","","MAY 8","2026","16","10","","","","","","","1433","10.3390/diagnostics16101433","0","","MAY 2026","","","","","","","Green Submitted, gold","","","2026-10-01","WOS:001777286300001","0"
"J","Khan, S; Mazhar, T; Shahzad, T; Tariq, MU; Ali, T; Ayaz, M; Jiang, WW; Hamam, H","","","","Khan, Sunawar; Mazhar, Tehseen; Shahzad, Tariq; Tariq, Muhammad Usman; Ali, Tariq; Ayaz, Muhammad; Jiang, Weiwei; Hamam, Habib","","","The evolution of blockchain in smart buildings with IoT integration and future prospects","TELEMATICS AND INFORMATICS REPORTS","","","English","Article","","","","","","Blockchain; IoT; Smart buildings; Data privacy; Interoperability; Scalability; Real-time data processing; Energy management; Network robustness; Smart contracts","DATA-MANAGEMENT; INTERNET; TECHNOLOGIES; CHALLENGES; THINGS; SECURITY; PRIVACY; FRAMEWORK; NETWORK; CITIES","The adoption of Internet of Things (IoT) sensors in smart buildings introduces complex challenges around data privacy, integrity, interoperability, and governance. Blockchain-particularly permissioned and hybrid designs-offers immutability, fine-grained access control, and auditable workflows that can strengthen compliance and trust in building operations. This article synthesizes architectural patterns and operational trade-offs for integrating blockchain with smart-building IoT, focusing on latency-aware data placement (off-chain buffering with on-chain anchoring), identity and consent management, and verifiable telemetry for control loops. Across databases (IEEE Xplore, ScienceDirect, Springer, ACM & Wiley), 553 records were identified; Step 1 excluded 311. After duplicate removal and title/keyword screening (Step 2), 375 papers remained with 178 excluded; abstract screening (Step 3) yielded 336 papers with 39 excluded; introduction/conclusion criteria (Step 4) retained 264 with 72 excluded; full-text review (Step 5) resulted in 131 included studies. Consistently with Table 3, counts progressed from 553 (initial) to 375 (title/keyword), 336 (abstract), and 131 (final full-text). We summarize verified design choices and open issues-cross-chain interoperability, light-node feasibility, and empirical benchmarking for off-chain computing-to guide robust, efficient, and modifiable IoT infrastructures.","[Khan, Sunawar; Mazhar, Tehseen] Natl Coll Business Adm & Econ, Sch Comp Sci, Lahore 54000, Pakistan; [Shahzad, Tariq] COMSATS Univ Islamabad, Dept Comp Engn, Sahiwal Campus, Sahiwal 57000, Pakistan; [Tariq, Muhammad Usman] Abu Dhabi Univ, Coll Business, Dept Mkt Operat & Informat Syst, Abu Dhabi, U Arab Emirates; [Ali, Tariq; Ayaz, Muhammad] Univ Tabuk, Artificial Intelligence & Sensing Technol AIST Res, Tabuk 71491, Saudi Arabia; [Ali, Tariq; Ayaz, Muhammad] Univ Tabuk, Fac Comp & Informat Technol, Tabuk 71491, Saudi Arabia; [Jiang, Weiwei] Beijing Univ Posts & Telecommun, Sch Informat & Commun Engn, Beijing 100876, Peoples R China; [Hamam, Habib] Univ Moncton, Fac Engn, Moncton, NB E1A 3E9, Canada; [Hamam, Habib] Univ Johannesburg, Sch Elect Engn, ZA-2006 Johannesburg, South Africa; [Hamam, Habib] Int Inst Technol & Management IITG, Ave Grandes Ecoles, Libreville, Gabon; [Hamam, Habib] Bridges Acad Excellence Spectrum, Tunis, Centerville, Tunisia; [Mazhar, Tehseen] Govt Punjab, Sch Educ Dept, Dept Comp Sci & Informat Technol, Layyah 31200, Pakistan","","Mazhar, T (corresponding author), Natl Coll Business Adm & Econ, Sch Comp Sci, Lahore 54000, Pakistan.;Ali, T (corresponding author), Univ Tabuk, Artificial Intelligence & Sensing Technol AIST Res, Tabuk 71491, Saudi Arabia.;Ali, T (corresponding author), Univ Tabuk, Fac Comp & Informat Technol, Tabuk 71491, Saudi Arabia.;Mazhar, T (corresponding author), Govt Punjab, Sch Educ Dept, Dept Comp Sci & Informat Technol, Layyah 31200, Pakistan.","tehseenmazhar719@gmail.com; teshaq@ut.edu.sa","","","","","","","","3","3","","","","","","","","","","","MAR","2026","21","","","","","","","","100283","10.1016/j.teler.2025.100283","0","","JAN 2026","","","","","","","Green Submitted, gold","","","2026-10-01","WOS:001662491800001","0"
"J","Tan, CL; Lindner, K; Boschert, T; Meng, Z; Ehrenfried, AR; De Roia, A; Haltenhof, G; Faenza, A; Imperatore, F; Bunse, L; Lindner, JM; Harbottle, RP; Ratliff, M; Offringa, R; Poschke, I; Platten, M; Green, EW","","","","Tan, C. L.; Lindner, K.; Boschert, T.; Meng, Z.; Ehrenfried, A. Rodriguez; De Roia, A.; Haltenhof, G.; Faenza, A.; Imperatore, F.; Bunse, L.; Lindner, J. M.; Harbottle, R. P.; Ratliff, M.; Offringa, R.; Poschke, I.; Platten, M.; Green, E. W.","","","Prediction of tumor-reactive T cell receptors from scRNA-seq data for personalized T cell therapy","NATURE BIOTECHNOLOGY","","","English","Article","","","","","","","ENHANCED ANTITUMOR-ACTIVITY; DIFFERENTIATION; LYMPHOCYTES; SIGNATURE","The identification of patient-derived, tumor-reactive T cell receptors (TCRs) as a basis for personalized transgenic T cell therapies remains a time- and cost-intensive endeavor. Current approaches to identify tumor-reactive TCRs analyze tumor mutations to predict T cell activating (neo)antigens and use these to either enrich tumor infiltrating lymphocyte (TIL) cultures or validate individual TCRs for transgenic autologous therapies. Here we combined high-throughput TCR cloning and reactivity validation to train predicTCR, a machine learning classifier that identifies individual tumor-reactive TILs in an antigen-agnostic manner based on single-TIL RNA sequencing. PredicTCR identifies tumor-reactive TCRs in TILs from diverse cancers better than previous gene set enrichment-based approaches, increasing specificity and sensitivity (geometric mean) from 0.38 to 0.74. By predicting tumor-reactive TCRs in a matter of days, TCR clonotypes can be prioritized to accelerate the manufacture of personalized T cell therapies. Tumor-reactive T cell receptors are rapidly identified from lymphocyte scRNA-seq data.","[Tan, C. L.; Lindner, K.; Boschert, T.; Haltenhof, G.; Bunse, L.; Poschke, I.; Platten, M.; Green, E. W.] German Canc Res Ctr, CCU Neuroimmunol & Brain Tumor Immunol, Heidelberg, Germany; [Tan, C. L.; Lindner, K.; Boschert, T.; Bunse, L.; Poschke, I.; Platten, M.; Green, E. W.] German Canc Consortium, Core Ctr Heidelberg, Heidelberg, Germany; [Tan, C. L.; Lindner, K.; Boschert, T.; Haltenhof, G.; Bunse, L.; Platten, M.; Green, E. W.] Heidelberg Univ, Med Fac Mannheim, Mannheim Ctr Translat Neurosci, Dept Neurol, Mannheim, Germany; [Tan, C. L.; Boschert, T.; Ehrenfried, A. Rodriguez; De Roia, A.] Heidelberg Univ, Fac Biosci, Heidelberg, Germany; [Lindner, K.; Poschke, I.; Platten, M.] Natl Ctr Tumor Dis NCT, Immune Monitoring Unit, Heidelberg, Germany; [Boschert, T.; Ehrenfried, A. Rodriguez; Platten, M.] Helmholtz Inst Translat Oncol, Mainz, Germany; [Meng, Z.; Offringa, R.] Univ Hosp Heidelberg, Dept Gen Visceral & Transplantat Surg, Heidelberg, Germany; [Meng, Z.; Ehrenfried, A. Rodriguez; Offringa, R.] German Canc Res Ctr, Div Mol Oncol Gastrointestinal Tumors, Heidelberg, Germany; [Meng, Z.; Offringa, R.] Huazhong Univ Sci & Technol, Union Hosp, Tongji Med Coll, Sino German Lab Personalized Med Pancreat Canc, Wuhan, Peoples R China; [De Roia, A.; Harbottle, R. P.] German Canc Res Ctr, DNA Vector Lab, Heidelberg, Germany; [Faenza, A.; Imperatore, F.] CellPly Srl, Bologna, Italy; [Lindner, J. M.] BioMed X GmbH, Heidelberg, Germany; [Ratliff, M.] Univ Hosp Mannheim, Dept Neurosurg, Mannheim, Germany; [Platten, M.] Heidelberg Univ, Hector Canc Inst, German Canc Res Ctr, Med Fac Mannheim, Mannheim, Germany","","Platten, M; Green, EW (corresponding author), German Canc Res Ctr, CCU Neuroimmunol & Brain Tumor Immunol, Heidelberg, Germany.;Platten, M; Green, EW (corresponding author), German Canc Consortium, Core Ctr Heidelberg, Heidelberg, Germany.;Platten, M; Green, EW (corresponding author), Heidelberg Univ, Med Fac Mannheim, Mannheim Ctr Translat Neurosci, Dept Neurol, Mannheim, Germany.;Platten, M (corresponding author), Natl Ctr Tumor Dis NCT, Immune Monitoring Unit, Heidelberg, Germany.;Platten, M (corresponding author), Helmholtz Inst Translat Oncol, Mainz, Germany.;Platten, M (corresponding author), Heidelberg Univ, Hector Canc Inst, German Canc Res Ctr, Med Fac Mannheim, Mannheim, Germany.","m.platten@dkfz.de; e.green@dkfz.de","","","","","","","","68","76","","","","","","","","","","","JAN","2025","43","1","","","","","","","","10.1038/s41587-024-02161-y","0","","MAR 2024","","","","","","","Green Submitted, hybrid","","","2026-10-01","WOS:001180475800001","0"
"J","Abdusalomov, A; Zohirov, K; Ochilova, S; Oramov, J; Ruziyev, Z; Rustamova, M; Sherboboyeva, G; Tashev, K; Cho, YI","","","","Abdusalomov, Akmalbek; Zohirov, Kudratjon; Ochilova, Sojida; Oramov, Jakhongir; Ruziyev, Zafar; Rustamova, Malika; Sherboboyeva, Gulrukh; Tashev, Komil; Cho, Young Im","","","Generative AI for Efficient and Secure Authentication in UAV-Enabled Smart City Transportation Systems","CMC-COMPUTERS MATERIALS & CONTINUA","","","English","Article","","","","","","Generative AI; UAV-enabled intelligent transportation systems; risk-adaptive authentication; privacy-preserving security; unlinkability; scalable revocation","","Unmanned aerial vehicles (UAVs) are also increasingly becoming more often in the transportation infrastructure of smart cities, so that they can successfully achieve real-time observation of traffic, emergency coordination, and two-way communication relaying. However, the security and privacy risks arising in open, highly mobile intelligent transportation systems (ITS) enabled by UAVs are critical, as they pose threats of impersonation, replay, Sybil, and tracking attacks. Secondly, standard static authentication mechanisms are unable to support dynamic risk environments and excessive resource consumption on UAV platforms with limited capacity. To address these challenges, this study introduces a Generative-AI-assisted Risk-Adaptive Authentication (GRAA) system that modulates the intensity of the authentication process based on risk levels identified by mobility, contextual awareness, and the environment. The framework contains unlinkable pseudonymous credentials and, unlike the accumulator-based revocation scheme and AI-based trust evaluation, it is impossible to correlate sessions. The coherence with the majority of attacks is demonstrated under the formal analysis model, which is also based on the real-or-random (ROR) session key, alongside the justifications of forward secrecy and unlinkability. The performance analysis shows that GRAA can achieve up to 87.9% reduction in computation cost and 56.7% reduction in communication overhead compared to pairing-and-group signature schemes, while lowering the latency and energy consumption of the UAVs in a congested urban setting. Generally, the suggested architecture provides a scalable, convenient, and privacy-friendly authentication system for next-generation smart transportation systems that use UAVs.","[Abdusalomov, Akmalbek; Cho, Young Im] Gachon Univ, Dept Comp Engn, Seongnam, Gyeonggi Do, South Korea; [Zohirov, Kudratjon; Ochilova, Sojida] Karshi State Tech Univ, Dept Software & Tech Hardware Support Comp Syst, Karshi, Uzbekistan; [Oramov, Jakhongir; Ruziyev, Zafar] Karshi State Tech Univ, Dept Finance & Banking, Karshi, Uzbekistan; [Rustamova, Malika] Karshi State Tech Univ, Dept Opt Commun Syst & Networks, Karshi, Uzbekistan; [Sherboboyeva, Gulrukh] Karshi State Tech Univ, Dept Informat Syst & Technol, Karshi, Uzbekistan; [Tashev, Komil] Tashkent Univ Informat Technol Named Muhammad Al K, Dept Artificial Intelligence, Tashkent, Uzbekistan; [Tashev, Komil] Tashkent State Tech Univ, Dept Informat Proc & Management Syst, Tashkent, Uzbekistan","","Cho, YI (corresponding author), Gachon Univ, Dept Comp Engn, Seongnam, Gyeonggi Do, South Korea.","yicho@gachon.ac.kr","","","","","","","","1","1","","","","","","","","","","","","2026","88","2","","","","","1","17","","10.32604/cmc.2026.081292","0","","","","","","","","","gold","","","2026-10-01","WOS:001807680300001","0"
"J","Wang, JZ; Zhang, ZP; Wang, YK; Qin, CZ; Chen, XY; Zhang, YH; Hu, ZW","","","","Wang, Jingzhe; Zhang, Zipeng; Wang, Yankun; Qin, Cheng-Zhi; Chen, Xiangyue; Zhang, Yinghui; Hu, Zhongwen","","","How to solve small sample size problems in time-series soil organic carbon mapping: New insights from the Third Law of Geography","GEODERMA","","","English","Article","","","","","","Soil organic carbon density (SOCD); Digital soil mapping (DSM); Third Law of Geography; Geo-environmental similarity; Small sample size","DATASET; CHINA; INFORMATION; SIMILARITY","Accurate and up-to-date mapping of soil organic carbon density (SOCD) spatial distribution and temporal dynamics is essential for understanding terrestrial ecosystem carbon fluxes and monitoring global climate change. However, the available historical soil sample data remained insufficient to meet the high-precision spatiotemporal mapping requirements of SOCD across large regions. Therefore, we attempted to apply the Third Law of Geography (also known as the Law of Geographic Similarity) to address the issue of small sample size in modelling. In this study, we proposed a weighted multivariate similarity index and a similarity threshold index, along with the identification of optimal thresholds for measuring geographic similarity, to effectively increase the soil sample size. Based on the different input samples, we designed various modeling schemes for SOCD mapping. Our results suggest that the geographic similarity threshold-driven framework successfully reconciles the trade-off between sample quantity and quality, increasing sample sizes by up to three times while enhancing spatial representativeness and reducing prediction uncertainty. Accuracy evaluation and uncertainty analysis consistently demonstrated that models incorporating similarity-based input samples outperformed those relying solely on limited local samples. In comparison to the model utilizing only a limited data sample, the S1-1980 s model, achieved a coefficient of determination (R2) of 0.04 and a root mean square error (RMSE) of 2.47 Kg C m- 2. Conversely, the S3-1980 s model, based on similarity-expanded samples, demonstrated a significant improvement, achieving an R2 of 0.64 and a RMSE of 1.36 Kg C m- 2. Consequently, the prediction using the improved model achieved accurate detection of regional spatiotemporal patterns of SOCD. This study provides a reference for addressing small sample size issues in time-series soil organic carbon mapping.","[Wang, Jingzhe] Shenzhen Polytech Univ, Sch Artificial Intelligence, Shenzhen 518055, Peoples R China; [Zhang, Zipeng] Xinjiang Univ, Coll Geog & Remote Sensing Sci, Urumqi 830017, Peoples R China; [Zhang, Zipeng] Xinjiang Univ, Xinjiang Key Lab Oasis Ecol, Urumqi 830017, Peoples R China; [Wang, Yankun] Shenzhen Polytech Univ, Internet Things Res Inst, Shenzhen 518055, Peoples R China; [Wang, Jingzhe; Qin, Cheng-Zhi] Chinese Acad Sci, State Key Lab Resources & Environm Informat Syst, Inst Geog Sci & Nat Resources Res, Beijing 100101, Peoples R China; [Chen, Xiangyue] Hunan Univ Sci & Technol, Sch Earth Sci & Spatial Informat Engn, Xiangtan 411201, Peoples R China; [Zhang, Yinghui; Hu, Zhongwen] Shenzhen Univ, MNR Key Lab Geoenvironm Monitoring Great Bay Area, Hong Kong 518060, Peoples R China; [Zhang, Yinghui; Hu, Zhongwen] Shenzhen Univ, Guangdong Key Lab Urban Informat, Hong Kong 518060, Peoples R China; [Zhang, Yinghui; Hu, Zhongwen] Shenzhen Univ, Guangdong Hong Kong Macau Joint Lab Smart Cities, Shenzhen 518060, Peoples R China; [Zhang, Yinghui; Hu, Zhongwen] Shenzhen Univ, Shenzhen Key Lab Spatial Smart Sensing & Serv, Shenzhen 518060, Peoples R China","","Wang, JZ (corresponding author), Shenzhen Polytech Univ, Sch Artificial Intelligence, Shenzhen 518055, Peoples R China.","jzwang@szpu.edu.cn","","","","","","","","13","14","","","","","","","","","","","AUG","2025","460","","","","","","","","117402","10.1016/j.geoderma.2025.117402","0","","JUN 2025","","","","","","","Green Submitted, gold","","","2026-10-01","WOS:001519912200001","0"
"J","Shi, YF; Hu, JX; Wang, LP; Ma, R; Wang, MY; Jia, ZJ","","","","Shi, Yufa; Hu, Jiaxing; Wang, Lipeng; Ma, Rui; Wang, Mengyao; Jia, Zhijuan","","","SecuAudit: Integrity-Preserving Metadata Compliance Auditing for Secure Data Circulation in MCP-Enabled AI","CMC-COMPUTERS MATERIALS & CONTINUA","","","English","Article","","","","","","Privacy enhancing computing; secure data circulation; model context protocol; metadata compliance; decentralized data auditing","PROVABLE DATA POSSESSION; CLOUD","AI agents frequently access external files, databases, and application programming interfaces (APIs) through the Model Context Protocol (MCP). However, these external resources typically lie outside the security boundary of the agent. During data circulation, attackers can not only tamper with the external data but also manipulate critical metadata, such as access permissions, validity periods, and authorization scopes. Even when the underlying data remains intact, such attacks can cause proxies to ingest expired or policy-violating resources, leading to severe privacy breaches and risks of unauthorized execution. To address these challenges, we propose SecuAudit, a privacy-enhancing decentralized data auditing scheme tailored for the MCP architecture. Leveraging Shamir's Secret Sharing mechanism, key management is securely decentralized across multiple servers, effectively mitigating sub-threshold collusion attacks. Furthermore, by introducing a supervised hash mechanism, dynamic access policies and metadata constraints are cryptographically bound to the user's private keys and file tags. Finally, based on a carefully designed randomized challenge-response protocol, third-party auditor (TPA) can efficiently verify both data integrity and metadata compliance without accessing the sensitive raw data. Security analysis demonstrates that SecuAudit can effectively resist data forgery, metadata tampering, and sub-threshold collusion attacks under the defined threat model. Experimental results obtained from our implementation under the evaluated configurations show that: (i) at (t = 30, m = 59), SecuAudit reduces Keygen latency by 54.6% relative to our implementation of the Pedersen-based Threshold Label-Aggregating Remote Data Auditing scheme (Ped-TLARDA), while maintaining comparable online auditing performance; (ii) metadata binding introduces an average additional Signblock overhead of 2.5%; and (iii) the local EVM evaluation requires approximately 770 bytes of on-chain storage per file and 499,021 gas for the evaluated contract-interaction lifecycle; (iv) the theoretical cumulative detection probability for 1% data loss exceeds 99.9% after 23 independent audits, while all six implemented attack cases were detected in the controlled evaluation. These results indicate the feasibility of SecuAudit under the evaluated settings. In conclusion, SecuAudit establishes a feasible framework for secure data circulation under the evaluated deployment assumptions.","[Shi, Yufa; Wang, Lipeng; Ma, Rui; Wang, Mengyao; Jia, Zhijuan] Zhengzhou Univ, Sch Comp & Artificial Intelligence, 100 Sci Ave, Zhengzhou, Peoples R China; [Hu, Jiaxing] Univ Wollongong, Fac Engn & Informat Sci, Wollongong, Australia; [Wang, Lipeng; Ma, Rui; Jia, Zhijuan] Zhengzhou Normal Univ, Sch Informat Sci & Technol, Zhengzhou, Peoples R China","","Wang, LP; Ma, R (corresponding author), Zhengzhou Univ, Sch Comp & Artificial Intelligence, 100 Sci Ave, Zhengzhou, Peoples R China.;Wang, LP; Ma, R (corresponding author), Zhengzhou Normal Univ, Sch Informat Sci & Technol, Zhengzhou, Peoples R China.","wlpscu@zznu.edu.cn; marui@zznu.edu.cn","","","","","","","","0","0","","","","","","","","","","","","2026","89","1","","","","","","","100","10.32604/cmc.2026.085633","0","","","","","","","","","gold","","","2026-10-01","WOS:001855770900001","0"
"J","Liu, JA; Xiong, WY; Bai, LP; Xia, YX; Huang, T; Ouyang, WL; Zhu, B","","","","Liu, Jianan; Xiong, Weiyi; Bai, Liping; Xia, Yuxuan; Huang, Tao; Ouyang, Wanli; Zhu, Bing","","","Deep Instance Segmentation With Automotive Radar Detection Points","IEEE TRANSACTIONS ON INTELLIGENT VEHICLES","","","English","Article","","","","","","Radar detection; Radar; Automotive engineering; Radar cross-sections; Automobiles; Semantics; Point cloud compression; Autonomous driving; automotive radar; clustering; deep learning; environmental perception; instance segmentation; semantic segmentation","","Automotive radar provides reliable environmental perception in all-weather conditions with affordable cost, but it hardly supplies semantic and geometry information due to the sparsity of radar detection points. With the development of automotive radar technologies in recent years, instance segmentation becomes possible by using automotive radar. Its data contain contexts such as radar cross section and micro-Doppler effects, and sometimes can provide detection when the field of view is obscured. The outcome from instance segmentation could be potentially used as the input of trackers for tracking targets. The existing methods often utilize a clustering-based classification framework, which fits the need of real-time processing but has limited performance due to minimum information provided by sparse radar detection points. In this paper, we propose an efficient method based on clustering of estimated semantic information to achieve instance segmentation for the sparse radar detection points. In addition, we show that the performance of the proposed approach can be further enhanced by incorporating the visual multi-layer perceptron. The effectiveness of the proposed method is verified by experimental results on the popular RadarScenes dataset, achieving 89.53% mean coverage and 86.97% mean average precision with the IoU threshold of 0.5, which is superior to other approaches in the literature. More significantly, the consumed memory is around 1MB, and the inference time is less than 40 ms, indicating that our proposed algorithm is storage and time efficient. These two criteria ensure the practicality of the proposed method in real-world systems.","[Liu, Jianan] Vitalent Consulting, S-41761 Gothenburg, Sweden; [Liu, Jianan] Silo AI, S-11164 Stockholm, Sweden; [Xiong, Weiyi; Bai, Liping; Zhu, Bing] Beihang Univ, Sch Automat Sci & Elect Engn, Beijing 100191, Peoples R China; [Xia, Yuxuan] Chalmers Univ Technol, Dept Elect Engn, S-41296 Gothenburg, Sweden; [Huang, Tao] James Cook Univ, ICC Lab Coll Sci & Engn, Smithfield, Qld 4878, Australia; [Ouyang, Wanli] Univ Sydney, SIGMA Lab Sch Elect & Informat Engn, Sydney, NSW 2006, Australia","","Zhu, B (corresponding author), Beihang Univ, Sch Automat Sci & Elect Engn, Beijing 100191, Peoples R China.","jianan.liu@vitalent.se; weiyixiong@buaa.edu.cn; bai_liping@buaa.edu.cn; yuxuan.xia@chalmers.se; tao.huang1@jcu.edu.au; wanli.ouyang@sydney.edu.au; zhubing@buaa.edu.cn","","","","","","","","62","66","","","","","","","","","","","JAN","2023","8","1","","","","","84","94","","10.1109/TIV.2022.3168899","0","","","","","","","","","Green Submitted","","","2026-10-01","WOS:000965482300001","0"
